test_index,predicted_proba,true_label
14123,0.9999992847442627,0
14204,0.9976831674575806,1
2133,0.9975110292434692,1
