true_label,predicted_probability,predicted_label,dataset
0,0.36193040790223846,0,validation
0,0.15949997261357235,0,validation
0,0.08223210916343907,0,validation
0,0.10502820443242335,0,validation
0,0.09860544972905377,0,validation
0,0.39197090214258373,0,validation
0,0.10381874381408555,0,validation
0,0.08292876801869219,0,validation
0,0.11609191464858129,0,validation
0,0.2375488787208525,0,validation
0,0.29887890315450416,0,validation
0,0.2560630656608353,0,validation
0,0.2145755447874068,0,validation
1,0.19120101854686922,0,validation
0,0.12457849907926095,0,validation
0,0.21054422662843567,0,validation
1,0.13476301924529877,0,validation
0,0.2826343360282263,0,validation
0,0.36722854223760565,0,validation
0,0.17573422050873988,0,validation
0,0.11379241968680101,0,validation
0,0.06425735792650568,0,validation
0,0.6057889909005505,1,validation
0,0.15518284599600848,0,validation
0,0.14016361529618832,0,validation
0,0.24157923992409103,0,validation
0,0.21049910243477046,0,validation
0,0.07757924432680265,0,validation
0,0.386346563904418,0,validation
1,0.9999999999922997,1,validation
1,0.15264050989468256,0,validation
0,0.11800821335764938,0,validation
0,0.12544520548357077,0,validation
0,0.16707569460558805,0,validation
0,0.21375690383322374,0,validation
0,0.14191409507629787,0,validation
0,0.22256132494837857,0,validation
0,0.33421358107882027,0,validation
0,0.18071745987998494,0,validation
1,0.999999999953799,1,validation
1,0.9999999999090152,1,validation
0,0.1540879170266786,0,validation
0,0.09699905638192544,0,validation
0,0.09208835864900539,0,validation
1,0.32577625784378555,0,validation
1,0.22807995666818043,0,validation
0,0.22010843647622524,0,validation
0,0.0722169249548382,0,validation
1,0.2111701182639654,0,validation
0,0.264063092926313,0,validation
0,0.1482112532623898,0,validation
0,0.24220346312542904,0,validation
0,0.0941532671602985,0,validation
1,0.33174793109569783,0,validation
0,0.21461413697803675,0,validation
0,0.1766909070910786,0,validation
0,0.314835839360971,0,validation
0,0.09532069896843029,0,validation
0,0.09861781193170788,0,validation
0,0.19253022525185515,0,validation
0,0.1585598312581428,0,validation
0,0.1570392004570271,0,validation
0,0.28510500645243514,0,validation
1,0.06258343268170866,0,validation
1,0.45934395546126094,0,validation
0,0.16380008255161188,0,validation
0,0.19992272740458883,0,validation
0,0.11660371124599989,0,validation
0,0.20371998216518986,0,validation
0,0.22234764441795324,0,validation
0,0.30014982184287353,0,validation
0,0.22214194642098012,0,validation
0,0.29976225728358225,0,validation
1,0.9999999999637517,1,validation
0,0.21570826216785424,0,validation
0,0.06130899654520542,0,validation
0,0.29230119989230763,0,validation
1,0.8401244243882031,1,validation
0,0.22649709258045564,0,validation
0,0.13103082379968348,0,validation
0,0.05167188246195484,0,validation
0,0.0999907211823376,0,validation
0,0.2667526978479066,0,validation
0,0.1526753058175744,0,validation
0,0.18421695935692758,0,validation
0,0.1922040806406257,0,validation
0,0.18881696306231888,0,validation
0,0.3888794397509858,0,validation
1,0.9999999999194986,1,validation
0,0.4134374945401697,0,validation
1,0.999999999995701,1,validation
0,0.14710128195062597,0,validation
0,0.5433070058313552,1,validation
1,0.22820531061136465,0,validation
0,0.13727654156950755,0,validation
0,0.16159691055084768,0,validation
1,0.9999999999557949,1,validation
1,0.0806699467854307,0,validation
1,0.46645023150973325,0,validation
0,0.12585412412694844,0,validation
0,0.1997707586275462,0,validation
0,0.09277559238950792,0,validation
0,0.18016020184053594,0,validation
0,0.03747296248853987,0,validation
0,0.21479659760459469,0,validation
0,0.22362561045835327,0,validation
0,0.3261423552217354,0,validation
0,0.08299638338111846,0,validation
0,0.31035202820601937,0,validation
0,0.37747171178529554,0,validation
0,0.0868108985702974,0,validation
1,0.4060464927790418,0,validation
0,0.7582081110060747,1,validation
0,0.19515655828753906,0,validation
0,0.12449390188932027,0,validation
0,0.4367366058759069,0,validation
0,0.36639146603890965,0,validation
0,0.12790933263920584,0,validation
0,0.11182142968165437,0,validation
0,0.15485213920971563,0,validation
1,0.413094553263737,0,validation
0,0.21905929544798963,0,validation
0,0.13390008405214168,0,validation
0,0.158234565423448,0,validation
0,0.0349053492374282,0,validation
1,0.4435456020783904,0,validation
0,0.09680463487435435,0,validation
0,0.23024126676678247,0,validation
0,0.2814935153841582,0,validation
0,0.15151680584326724,0,validation
0,0.3894672321599936,0,validation
0,0.4976506860834339,0,validation
1,0.9999999999933133,1,validation
1,0.9999999999155116,1,validation
1,0.19218077356238814,0,validation
0,0.058124673739059725,0,validation
0,0.10887798724725138,0,validation
0,0.1202121296602782,0,validation
0,0.1512918427943536,0,validation
1,0.15928380365612393,0,validation
0,0.13083010611995208,0,validation
0,0.15819504811934865,0,validation
0,0.1801159930935666,0,validation
0,0.1392105143311954,0,validation
1,0.3802267698037183,0,validation
0,0.24046561057209404,0,validation
0,0.45463980557297706,0,validation
0,0.12499123095042498,0,validation
0,0.2938393938601452,0,validation
0,0.48925641474437565,0,validation
0,0.2261587905375552,0,validation
1,0.2004879517955165,0,validation
1,0.9999999999846572,1,validation
1,0.2063994945641255,0,validation
0,0.07565219966249592,0,validation
1,0.9999999999257596,1,validation
1,0.9999999999713924,1,validation
1,0.5634117757355278,1,validation
0,0.09570003441821044,0,validation
0,0.08952793146394378,0,validation
1,0.2551324676726512,0,validation
1,0.21148759507391596,0,validation
0,0.1200819223490368,0,validation
0,0.31361899209417093,0,validation
0,0.18593736481980416,0,validation
1,0.9999999999463385,1,validation
0,0.0646590445567146,0,validation
0,0.1672958896945389,0,validation
1,0.2948975390862105,0,validation
0,0.11749047959558598,0,validation
0,0.07130351107042052,0,validation
0,0.16729815124813469,0,validation
0,0.5051607349811357,1,validation
0,0.12050158370692636,0,validation
0,0.25248841708391573,0,validation
0,0.07824174112615503,0,validation
0,0.1893559222504959,0,validation
1,0.9999999999736322,1,validation
0,0.10590099083399963,0,validation
0,0.0745889221436244,0,validation
0,0.392868638828573,0,validation
0,0.15959653600669327,0,validation
0,0.12710142829874077,0,validation
0,0.25822193626549395,0,validation
0,0.06529015978553855,0,validation
1,0.9999999999422025,1,validation
1,0.9999999999673375,1,validation
0,0.12604232862613685,0,validation
0,0.07786618451543426,0,validation
1,0.1283712168481925,0,validation
0,0.18388252783755044,0,validation
1,0.3127479196065177,0,validation
0,0.12557037482312478,0,validation
0,0.31345235357943513,0,validation
0,0.1616142472879809,0,validation
0,0.24613890683614384,0,validation
0,0.1878480279875019,0,validation
0,0.37394108160952855,0,validation
0,0.07911930516140311,0,validation
0,0.47111850163118335,0,validation
0,0.09668831223087222,0,validation
0,0.12236205857699982,0,validation
0,0.2035824203986906,0,validation
1,0.9999999999413567,1,validation
1,0.1510522436332858,0,validation
0,0.22715229164894823,0,validation
1,0.9999999999603006,1,validation
0,0.1715504368895844,0,validation
0,0.18509678700349694,0,validation
0,0.1706543679251019,0,validation
0,0.21387966492056534,0,validation
1,0.14492331945476938,0,validation
0,0.08962533945720794,0,validation
0,0.2618658574619892,0,validation
0,0.2686716776068386,0,validation
1,0.9999999997429121,1,validation
0,0.12653275822097235,0,validation
0,0.096189809686018,0,validation
1,0.19957402973968755,0,validation
0,0.20191155674377817,0,validation
1,0.9999999998836469,1,validation
1,0.257465019546536,0,validation
0,0.0649758311592932,0,validation
0,0.07313934328854788,0,validation
0,0.2190074109302554,0,validation
1,0.2819869898323208,0,validation
0,0.10795712060032135,0,validation
0,0.13168623108094393,0,validation
0,0.173257770366706,0,validation
0,0.11578021538925207,0,validation
0,0.19900031961334064,0,validation
0,0.0951405339996946,0,validation
0,0.03859687669088114,0,validation
1,0.9999999999578184,1,validation
0,0.06046881449332781,0,validation
0,0.3723088821351094,0,validation
0,0.470693635871471,0,validation
0,0.17978173465817823,0,validation
0,0.31111843659821076,0,validation
1,0.17812322289861265,0,validation
1,0.534501108998812,1,validation
0,0.1392096497603208,0,validation
0,0.2757873348932511,0,validation
0,0.3886494625927084,0,validation
0,0.17408816258757664,0,validation
0,0.11753998746407732,0,validation
0,0.07132062507422784,0,validation
0,0.15694055942925525,0,validation
0,0.18168639292048616,0,validation
0,0.08068090782096116,0,validation
0,0.5268194005739117,1,validation
0,0.1350613484201203,0,validation
0,0.07010166229971083,0,validation
0,0.10496139330893921,0,validation
0,0.2041752439822145,0,validation
0,0.1332435612524879,0,validation
1,0.33784724523466325,0,validation
0,0.1284529462106054,0,validation
0,0.2606926054683948,0,validation
1,0.3039078216970482,0,validation
0,0.1333891413734178,0,validation
1,0.9999999999814875,1,validation
0,0.3751220280856626,0,validation
0,0.8023575994930441,1,validation
0,0.09482403084447093,0,validation
0,0.28416116885302317,0,validation
0,0.1505422573592282,0,validation
0,0.7183290074014225,1,validation
1,0.9999999999589773,1,validation
0,0.6085001330742461,1,validation
0,0.25850909565714847,0,validation
0,0.1798360755979319,0,validation
0,0.13283778857781386,0,validation
0,0.40235963966007604,0,validation
0,0.2753369250326736,0,validation
0,0.27648889717595243,0,validation
0,0.35399037178241904,0,validation
1,0.9999999999375309,1,validation
1,0.9058599966227714,1,validation
0,0.14787724287023524,0,validation
0,0.0938235288204789,0,validation
0,0.1421452895986663,0,validation
0,0.07890249858998273,0,validation
1,0.9999999999606055,1,validation
1,0.2417655470467273,0,validation
0,0.22782879864569805,0,validation
0,0.1697477771378059,0,validation
0,0.219657416988468,0,validation
0,0.26462534662363213,0,validation
0,0.23684979201725231,0,validation
0,0.07990935165987678,0,validation
0,0.32291292133538946,0,validation
0,0.15428674581288937,0,validation
0,0.2601391226510654,0,validation
1,0.2073440614316257,0,validation
0,0.10367848099047278,0,validation
0,0.10779694452032178,0,validation
1,0.9999999999091875,1,validation
0,0.13366731896470824,0,validation
0,0.16315771096429713,0,validation
0,0.13283851588783982,0,validation
0,0.12174005986259862,0,validation
1,0.5001539074856106,1,validation
0,0.11991791017183684,0,validation
1,0.9999999998950071,1,validation
1,0.17593006419364343,0,validation
0,0.1875759603890673,0,validation
0,0.3007156290836848,0,validation
0,0.13764841360386257,0,validation
0,0.16148874361844742,0,validation
1,0.30414761537274343,0,validation
0,0.37771730036620366,0,validation
0,0.12234048457021802,0,validation
0,0.08267936179993238,0,validation
1,0.20429744321790835,0,validation
0,0.1448352404042455,0,validation
0,0.08359477918099388,0,validation
0,0.2412187570389779,0,validation
0,0.19148350240633924,0,validation
0,0.09888051185149616,0,validation
1,0.9999999999434879,1,validation
0,0.10063362138305773,0,validation
0,0.2302434494381878,0,validation
0,0.11864574626545699,0,validation
0,0.2939411476266867,0,validation
0,0.27715578562709703,0,validation
0,0.057702099118918326,0,validation
1,0.9999999998780975,1,validation
1,0.1939077973416081,0,validation
0,0.08232282601635464,0,validation
0,0.10078361082600756,0,validation
0,0.14894053787266157,0,validation
1,0.18578333246897996,0,validation
1,0.9999999999186415,1,validation
0,0.28980447057037567,0,validation
0,0.1949128527451006,0,validation
0,0.13015447237046945,0,validation
0,0.22002088251648128,0,validation
0,0.24462454571812356,0,validation
0,0.0857024658409465,0,validation
0,0.1686574625160716,0,validation
1,0.9999999999525733,1,validation
0,0.27011912851666875,0,validation
0,0.1734262688465409,0,validation
0,0.12147269906154244,0,validation
0,0.17008190314431074,0,validation
0,0.08861155052767439,0,validation
0,0.23780061661491603,0,validation
0,0.1703404453731221,0,validation
0,0.13986538522315928,0,validation
0,0.17194673872018545,0,validation
0,0.3299079493654331,0,validation
1,0.5304339760665739,1,validation
0,0.156886794357026,0,validation
1,0.12423304826336151,0,validation
0,0.08405651017489851,0,validation
0,0.23170750517221936,0,validation
0,0.1284484810203417,0,validation
1,0.1948594837576198,0,validation
0,0.11682365566326129,0,validation
0,0.21725079227295324,0,validation
0,0.08747639409456301,0,validation
1,0.9999999999712481,1,validation
0,0.10801568464892292,0,validation
0,0.204532225802954,0,validation
0,0.12998055518777335,0,validation
1,0.10331382936917909,0,validation
1,0.7149552872426885,1,validation
0,0.06964822879691461,0,validation
0,0.10412296779417471,0,validation
0,0.25914066963726295,0,validation
0,0.09161246693357267,0,validation
0,0.11607771598475256,0,validation
0,0.24766143461315354,0,validation
0,0.23183426037528673,0,validation
0,0.08998659736598878,0,validation
0,0.3861243882948153,0,validation
1,0.9999999999580533,1,validation
0,0.4369872595786399,0,validation
0,0.26066443176229404,0,validation
0,0.21922976030407715,0,validation
0,0.08492650301451,0,validation
0,0.19515291119879527,0,validation
0,0.16841236775945115,0,validation
0,0.3548178047175558,0,validation
0,0.21797670180812087,0,validation
0,0.12676600173087293,0,validation
1,0.2152498151398743,0,validation
1,0.24328629154032574,0,validation
0,0.17228828474800045,0,validation
0,0.3140072636527582,0,validation
0,0.16285782496008844,0,validation
0,0.2573426480979883,0,validation
0,0.1454011357008435,0,validation
0,0.1440830719400227,0,validation
0,0.3426020002922253,0,validation
0,0.12836276648676348,0,validation
0,0.33607409991775833,0,validation
0,0.2615697591627119,0,validation
0,0.12153746055357639,0,validation
1,0.9999999999381528,1,validation
0,0.10479235516868879,0,validation
0,0.3711844928886779,0,validation
0,0.22735609921792663,0,validation
0,0.18098736163043158,0,validation
1,0.9999999998800368,1,validation
0,0.08529818071238364,0,validation
0,0.13859794388754532,0,validation
1,0.06356188171291052,0,validation
0,0.09766379942064371,0,validation
0,0.049374722574754865,0,validation
1,0.24864791601100678,0,validation
0,0.19716601050358956,0,validation
0,0.10432427935776088,0,validation
0,0.1629176538662429,0,validation
0,0.2657893243182013,0,validation
1,0.999999999976142,1,validation
0,0.21819513791775724,0,validation
1,0.13097700068979706,0,validation
0,0.36481853932652203,0,validation
1,0.12768264980297928,0,validation
0,0.22451992068962523,0,validation
0,0.34839408111461573,0,validation
0,0.10095526495499949,0,validation
1,0.15404660547289092,0,validation
0,0.08908362370988279,0,validation
0,0.15857413810860896,0,validation
1,0.1702188526564995,0,validation
0,0.30562780882708757,0,validation
0,0.17582459498347766,0,validation
1,0.23590508657296833,0,validation
0,0.20914459457639997,0,validation
0,0.16535829815123723,0,validation
0,0.37225299494355346,0,validation
1,0.4992603984680676,0,validation
1,0.18833385577110742,0,validation
0,0.2554645231436258,0,validation
1,0.9999999999487852,1,validation
0,0.11199011972028731,0,validation
0,0.2962076733833797,0,validation
1,0.20029849908014827,0,validation
0,0.10859173721986824,0,validation
1,0.34282943274313943,0,validation
1,0.9999999998798241,1,validation
0,0.12535030412990997,0,validation
0,0.6536194319328051,1,validation
0,0.16721701262079422,0,validation
1,0.9999999999847411,1,validation
0,0.12740110322278353,0,validation
1,0.04927973319812672,0,validation
0,0.40553434963512797,0,validation
0,0.18357203210431686,0,validation
0,0.10498837503389896,0,validation
1,0.2847235037157962,0,validation
0,0.13004038412425742,0,validation
1,0.2634170601009561,0,validation
0,0.13235503591113879,0,validation
0,0.3162637674405597,0,validation
0,0.074762667147317,0,validation
0,0.33293469351803323,0,validation
0,0.1726480465046092,0,validation
0,0.07267158387735427,0,validation
0,0.0783908269565689,0,validation
0,0.15934441283388137,0,validation
1,0.39191602412994164,0,validation
0,0.1392074804023082,0,validation
1,0.9999999999402258,1,validation
1,0.9999999999852047,1,validation
0,0.1363332673992282,0,validation
0,0.10365015238021126,0,validation
0,0.23037006268860608,0,validation
0,0.16569985848154806,0,validation
0,0.16269455719238074,0,validation
1,0.3579721923315619,0,validation
0,0.12706897505619968,0,validation
0,0.14627446024935514,0,validation
0,0.2445567751354142,0,validation
0,0.09155276657408037,0,validation
0,0.08966530514628544,0,validation
1,0.9999999999958047,1,validation
1,0.8681632844425261,1,validation
1,0.22358999726823522,0,validation
0,0.056726494398976736,0,validation
0,0.12296243901262527,0,validation
0,0.09094666782179157,0,validation
1,0.21162083766080217,0,validation
0,0.17262893372547297,0,validation
0,0.15256219660714865,0,validation
0,0.1863605314095031,0,validation
0,0.23052831177468858,0,validation
0,0.3525122299206074,0,validation
1,0.9999999998768516,1,validation
0,0.07226928056871108,0,validation
0,0.24609226583766217,0,validation
0,0.0795339332673935,0,validation
0,0.17006292951192511,0,validation
0,0.1278226832885038,0,validation
0,0.14254276066414126,0,validation
0,0.14285343169908005,0,validation
0,0.23789022600925228,0,validation
0,0.16908984840625996,0,validation
0,0.15244525859508623,0,validation
0,0.44003799801254806,0,validation
0,0.32887287979987245,0,validation
0,0.1675412968687947,0,validation
0,0.12342669255057967,0,validation
1,0.999999999981473,1,validation
0,0.29444208025268154,0,validation
0,0.178569993697984,0,validation
0,0.087232417254392,0,validation
1,0.9999999998337952,1,validation
0,0.19610823130479016,0,validation
0,0.39015518428446067,0,validation
0,0.07132950379467075,0,validation
0,0.08639033019784828,0,validation
0,0.027686546878523694,0,validation
1,0.9999999999574578,1,validation
0,0.24514136551972765,0,validation
0,0.09640488371839158,0,validation
0,0.2053375808153865,0,validation
1,0.11405105436141656,0,validation
0,0.14818636063142124,0,validation
0,0.25778368436182525,0,validation
0,0.4208934051150042,0,validation
1,0.2984668511011224,0,validation
0,0.201988119380879,0,validation
0,0.13784347575018072,0,validation
0,0.2653627865403074,0,validation
0,0.22499558604780978,0,validation
0,0.09262564279050783,0,validation
1,0.9999999999912639,1,validation
1,0.2634943872597516,0,validation
0,0.25244134756974784,0,validation
0,0.21112159613971268,0,validation
0,0.42888229843895515,0,validation
1,0.38291184244231924,0,validation
0,0.24964947644964855,0,validation
0,0.07897646496205955,0,validation
0,0.07127852081868079,0,validation
0,0.3529759162160124,0,validation
0,0.14452244955325608,0,validation
0,0.2037352960686417,0,validation
0,0.21074744198594741,0,validation
0,0.123520826956898,0,validation
0,0.24771316641640345,0,validation
1,0.9999999999720943,1,validation
1,0.17879946549357184,0,validation
1,0.34597491535341635,0,validation
0,0.16395132229245474,0,validation
0,0.5362281686308742,1,validation
0,0.18642725103604202,0,validation
0,0.15233956419113537,0,validation
0,0.2626999698316291,0,validation
1,0.9999999999624238,1,validation
0,0.12287884406381631,0,validation
0,0.0979522353931137,0,validation
0,0.12786414855779302,0,validation
0,0.21391519100962053,0,validation
0,0.24660493742366746,0,validation
0,0.29152918168417413,0,validation
0,0.18150738405304004,0,validation
0,0.08573479744615815,0,validation
1,0.999999999877631,1,validation
0,0.263867282125615,0,validation
0,0.3029842480823681,0,validation
0,0.0488059024601722,0,validation
0,0.2617665593385312,0,validation
0,0.22808754516981938,0,validation
0,0.2232225081552436,0,validation
0,0.11698163777884811,0,validation
1,0.9999999999940354,1,validation
0,0.13112937658285426,0,validation
0,0.19870888760322294,0,validation
0,0.1296911009349113,0,validation
0,0.1579879662535251,0,validation
0,0.12696145901583017,0,validation
0,0.19653575538329607,0,validation
0,0.08626885631647722,0,validation
1,0.15738212583783162,0,validation
0,0.20580852785664466,0,validation
1,0.17506096207160093,0,validation
0,0.16625481471296108,0,validation
0,0.19951715124640573,0,validation
1,0.4968086671646422,0,validation
0,0.11730053239947312,0,validation
0,0.12522429070646773,0,validation
0,0.09719961928984304,0,validation
0,0.14508745756386454,0,validation
0,0.30687837094525733,0,validation
0,0.21867863209606841,0,validation
0,0.26898033127490784,0,validation
0,0.2558758644937454,0,validation
1,0.2048876343303004,0,validation
0,0.3518515794195911,0,validation
1,0.3860905934423492,0,validation
0,0.16014250705785787,0,validation
1,0.9999999999605973,1,validation
0,0.06701621203527684,0,validation
1,0.373362954498643,0,validation
0,0.145328199544771,0,validation
0,0.11323605309849612,0,validation
1,0.33958720268772025,0,validation
0,0.13919300098486775,0,validation
1,0.27597944583340217,0,validation
0,0.15283469641895198,0,validation
0,0.20555810566265373,0,validation
0,0.14903549582533326,0,validation
0,0.2024777217696922,0,validation
1,0.9999999999963185,1,validation
0,0.06156929760368968,0,validation
1,0.9999999999867155,1,validation
0,0.2219069460318455,0,validation
0,0.18412976404217116,0,validation
1,0.5935614646817832,1,validation
0,0.08246704385058443,0,validation
0,0.13406996311394992,0,validation
1,0.1396885140051319,0,validation
0,0.17485396969296568,0,validation
0,0.10563682520633103,0,validation
0,0.30020353505020736,0,validation
1,0.33652673648905007,0,validation
0,0.05984806748970341,0,validation
0,0.11571006153582596,0,validation
0,0.16647921208473335,0,validation
0,0.11356302122218578,0,validation
0,0.4056322126937322,0,validation
0,0.09405835531458465,0,validation
0,0.2245043500295224,0,validation
1,0.20183604722021115,0,validation
0,0.23144104558151748,0,validation
0,0.13805425383998499,0,validation
0,0.26448798440364213,0,validation
0,0.11954720584771032,0,validation
1,0.5756351426287593,1,validation
0,0.22570484286232298,0,validation
1,0.791437993083544,1,validation
0,0.25070511958814673,0,validation
1,0.9999999999293023,1,validation
1,0.576295581686693,1,validation
0,0.21218202033058906,0,validation
0,0.062330329414726784,0,validation
1,0.13806277105999185,0,validation
0,0.13468761166752644,0,validation
0,0.08915900118633839,0,validation
0,0.29280282118594647,0,validation
0,0.30144193192301305,0,validation
1,0.9999999999614604,1,validation
0,0.21158193402439493,0,validation
1,0.9999999999609732,1,validation
0,0.07030717012319154,0,validation
0,0.08655587803553402,0,validation
1,0.1315122306478661,0,validation
1,0.9999999999817646,1,validation
0,0.2445113513376916,0,validation
0,0.20398746303412021,0,validation
1,0.49408930438622695,0,validation
0,0.3251742591786468,0,validation
0,0.18129193177614497,0,validation
0,0.3526947488378047,0,validation
1,0.6193319989390258,1,validation
1,0.17534194119274937,0,validation
0,0.08894922801868732,0,validation
0,0.2152828220199726,0,validation
0,0.10960928632001515,0,validation
0,0.1599186167636028,0,validation
0,0.26732560916437487,0,validation
1,0.25186092634477975,0,validation
1,0.21973013788741652,0,validation
0,0.434442667614886,0,validation
0,0.0827166905796298,0,validation
0,0.2686736740535416,0,validation
1,0.20169442524770453,0,validation
0,0.2288890011919104,0,validation
0,0.13093064431710152,0,validation
0,0.07261733052001514,0,validation
1,0.2714589538116114,0,validation
0,0.16490525642206566,0,validation
0,0.1329731089273757,0,validation
0,0.15479239188577007,0,validation
0,0.14522753510396572,0,validation
1,0.3968776693777342,0,validation
0,0.08414023888552745,0,validation
0,0.17674709745629602,0,validation
1,0.15090209709277966,0,validation
0,0.08935915834477173,0,validation
0,0.4548879371795537,0,validation
0,0.19394225025959155,0,validation
0,0.31413467144033586,0,validation
0,0.14548653680443827,0,validation
0,0.13475932986861833,0,validation
1,0.9999999999665334,1,validation
0,0.3271248896824349,0,validation
0,0.12303097078963517,0,validation
0,0.17979729260168062,0,validation
0,0.17910546005050107,0,validation
0,0.09214146311371835,0,validation
0,0.28086582103821695,0,validation
0,0.1499190729792945,0,validation
0,0.14901936206517116,0,validation
0,0.20515146625317263,0,validation
0,0.38837975691807974,0,validation
0,0.05618440514128944,0,validation
0,0.41346952362097217,0,validation
0,0.09372656156262112,0,validation
0,0.09402808976263338,0,validation
0,0.07517440853719554,0,validation
1,0.9999999999521791,1,validation
0,0.3862694138590375,0,validation
0,0.2902618171719389,0,validation
0,0.14094369509603252,0,validation
0,0.20061920427641067,0,validation
1,0.5386170112817084,1,validation
0,0.48596093703323,0,validation
0,0.1559936153946609,0,validation
0,0.07519172734313322,0,validation
0,0.16976471029493156,0,validation
0,0.19611162129189727,0,validation
0,0.12350686159003044,0,validation
0,0.19784173457950555,0,validation
1,0.3077183991803546,0,validation
0,0.3176560281824006,0,validation
0,0.06665358010803404,0,validation
0,0.08744302100924518,0,validation
0,0.05642955745611893,0,validation
0,0.13147958864462297,0,validation
0,0.06617137997536518,0,validation
0,0.13349726933535438,0,validation
1,0.9999999998897657,1,validation
0,0.30655789856484783,0,validation
0,0.2627081385516603,0,validation
0,0.11410189307065764,0,validation
1,0.9999999999556191,1,validation
0,0.18328229646941396,0,validation
1,0.14137764532703,0,validation
0,0.11124170105932958,0,validation
0,0.1686670034436186,0,validation
0,0.14345425280877375,0,validation
0,0.23999127977101742,0,validation
0,0.24160780910679974,0,validation
1,0.11089773920512672,0,validation
0,0.21948346436919106,0,validation
0,0.19946497211970404,0,validation
0,0.2806869969402577,0,validation
0,0.0889945654558962,0,validation
1,0.9999999999320541,1,validation
0,0.1581223179353591,0,validation
0,0.6611220662836301,1,validation
0,0.15965032382787192,0,validation
0,0.14299131240409854,0,validation
1,0.29471782353487136,0,validation
0,0.21855975437414676,0,validation
1,0.16959268437165897,0,validation
1,0.9999999999556035,1,validation
0,0.29838185779311205,0,validation
1,0.9999999999736475,1,validation
0,0.09130204582668387,0,validation
0,0.25171999492241026,0,validation
0,0.14721154636738196,0,validation
1,0.9999999999963676,1,validation
0,0.13708125888432032,0,validation
0,0.24544516963005952,0,validation
1,0.8559599927280316,1,validation
1,0.2220317346255334,0,validation
0,0.3803211918972678,0,validation
1,0.9999999999946176,1,validation
1,0.9999999999399831,1,validation
1,0.9999999999706912,1,validation
1,0.36585079487372946,0,validation
0,0.10060027729699604,0,validation
0,0.48528129043273904,0,validation
1,0.9999999999910929,1,validation
1,0.58373874691767,1,validation
0,0.22305898574145913,0,validation
0,0.09225593076265369,0,validation
0,0.1245954453768135,0,validation
0,0.11025221508461118,0,validation
0,0.12265504588875818,0,validation
0,0.048850882529858516,0,validation
0,0.09198826294657494,0,validation
0,0.04161638179018761,0,validation
0,0.08320601138486942,0,validation
0,0.48652437934846793,0,validation
0,0.17415547263238007,0,validation
1,0.9999999998930671,1,validation
0,0.23097193823104728,0,validation
0,0.13687992207728805,0,validation
0,0.21531782838008515,0,validation
0,0.10617658808292411,0,validation
0,0.3897579355178631,0,validation
0,0.11287780497620904,0,validation
1,0.30159083164122097,0,validation
0,0.043551280074721636,0,validation
0,0.07508950959552346,0,validation
0,0.18429008700804841,0,validation
1,0.2828689442915889,0,validation
0,0.14257791774972278,0,validation
1,0.29687849019228263,0,validation
0,0.17590391587743132,0,validation
0,0.08485723536762586,0,validation
0,0.11585854368972204,0,validation
1,0.9999999999434057,1,validation
0,0.1470807244572717,0,validation
0,0.17979740683184092,0,validation
0,0.1660665741465101,0,validation
0,0.1059679657150503,0,validation
0,0.23533256954034235,0,validation
0,0.22539816953272865,0,validation
0,0.2601486330352918,0,validation
0,0.20538859325108869,0,validation
0,0.3810252482172453,0,validation
0,0.44064114208912475,0,validation
0,0.434118740610144,0,validation
0,0.3821691003770086,0,validation
0,0.45131468624856774,0,validation
0,0.09909060250005619,0,validation
1,0.7454236939055061,1,validation
0,0.08513142917622059,0,validation
0,0.11029721350731973,0,validation
1,0.28332098519779286,0,validation
0,0.11233478270515733,0,validation
0,0.1580186295777033,0,validation
0,0.19985725022651984,0,validation
0,0.06724470274304484,0,validation
0,0.3274040771042592,0,validation
1,0.14916040834418975,0,validation
1,0.3111691515396128,0,validation
0,0.39156061999615877,0,validation
0,0.20904610676384522,0,validation
0,0.21229234339949635,0,validation
0,0.23170561987734456,0,validation
1,0.9999999999240528,1,validation
0,0.213353789693751,0,validation
0,0.3550176383778229,0,validation
0,0.19084525501449565,0,validation
0,0.3216227471180269,0,validation
0,0.3809987637783636,0,validation
1,0.9999999999593745,1,validation
0,0.07038138683009784,0,validation
0,0.1906812615238037,0,validation
1,0.9999999999197964,1,validation
0,0.11380218618640021,0,validation
1,0.9999999997701636,1,validation
1,0.25238208811749885,0,validation
0,0.2617119583431153,0,validation
0,0.19991737431027318,0,validation
0,0.1803928700558852,0,validation
0,0.3111250267835963,0,validation
1,0.9999999999723437,1,validation
0,0.31375330831411485,0,validation
0,0.2006513888172676,0,validation
1,0.38738489645813995,0,validation
0,0.3045464684347799,0,validation
0,0.32764425219756205,0,validation
0,0.3348248922921792,0,validation
1,0.2955884878841972,0,validation
0,0.18058482613232052,0,validation
0,0.1069746646607228,0,validation
0,0.16214597605290446,0,validation
1,0.2584889578235153,0,validation
0,0.07647886792999399,0,validation
1,0.26773055634019444,0,validation
0,0.11059098912473628,0,validation
0,0.16650083071384564,0,validation
0,0.1697543560872127,0,validation
0,0.13215427677048291,0,validation
0,0.11178831151695016,0,validation
0,0.20271398358733722,0,validation
0,0.4170638420732957,0,validation
1,0.2942202566288578,0,validation
0,0.11938050720103441,0,validation
0,0.10983165105812515,0,validation
1,0.9999999999616831,1,validation
0,0.20197748818779335,0,validation
0,0.25169839258010857,0,validation
0,0.17798700611569757,0,validation
0,0.11465934092809212,0,validation
0,0.14755066213053084,0,validation
0,0.13503178158254237,0,validation
1,0.9999999999589855,1,validation
0,0.21524338455634973,0,validation
0,0.3931532980357636,0,validation
0,0.3463912776366326,0,validation
0,0.23811731299262603,0,validation
1,0.4948829565632484,0,validation
0,0.27134398993864867,0,validation
0,0.1321793502907802,0,validation
1,0.12962261990991703,0,validation
0,0.1399808407638919,0,validation
0,0.5200437899509559,1,validation
1,0.2445948993358364,0,validation
0,0.14127410359197431,0,validation
1,0.9999999999480502,1,validation
0,0.1703982184426154,0,validation
0,0.06934540362302213,0,validation
0,0.08238185809200983,0,validation
0,0.23216240483225922,0,validation
1,0.9999999999899043,1,validation
0,0.19209573860924212,0,validation
0,0.13273266334422157,0,validation
1,0.7239027924719754,1,validation
1,0.2222838696983062,0,validation
1,0.2044331646929296,0,validation
1,0.9999999999845661,1,validation
0,0.23372190381247968,0,validation
0,0.08115782540956029,0,validation
0,0.12804151034038655,0,validation
1,0.9999999999102365,1,validation
0,0.2137300439357391,0,validation
0,0.300780231755546,0,validation
0,0.11100650761987359,0,validation
1,0.9999999997705891,1,validation
0,0.1553191397504157,0,validation
0,0.13428161291733434,0,validation
0,0.34432159913469773,0,validation
0,0.14518383357112294,0,validation
1,0.18429320624213238,0,validation
0,0.10409197727807767,0,validation
1,0.1494019101254487,0,validation
1,0.09015195447658617,0,validation
0,0.066534383564985,0,validation
0,0.19611886103989526,0,validation
0,0.32140699301599995,0,validation
0,0.19259947377973105,0,validation
0,0.11241328041159525,0,validation
1,0.15686758073535892,0,validation
1,0.8498184888699747,1,validation
0,0.11452826729070532,0,validation
1,0.2797646050452545,0,validation
0,0.09965965997728639,0,validation
0,0.12552927263797847,0,validation
0,0.09356980601792313,0,validation
1,0.9999999999450411,1,validation
0,0.070617841576389,0,validation
1,0.25067735328748103,0,validation
0,0.3166549612670349,0,validation
0,0.16055773544473004,0,validation
0,0.08325733064446428,0,validation
1,0.9999999998620519,1,validation
0,0.06315599405403606,0,validation
0,0.18218538314425559,0,validation
0,0.1714205047801468,0,validation
1,0.9999999999363658,1,validation
1,0.2589964083012951,0,validation
1,0.9999999999969316,1,validation
0,0.07709620884736433,0,validation
0,0.2416454500444048,0,validation
0,0.22271093956705215,0,validation
0,0.1904177511816347,0,validation
0,0.41521375096999064,0,validation
1,0.4857811389348839,0,validation
1,0.2130630471444347,0,validation
0,0.06030832293164018,0,validation
0,0.049679875061509095,0,validation
0,0.15278410171692794,0,validation
0,0.16005409120411582,0,validation
0,0.19653450088532248,0,validation
1,0.9999999998762577,1,validation
0,0.2928984144002501,0,validation
0,0.2002554750021433,0,validation
0,0.13184380221021366,0,validation
0,0.10495011761529068,0,validation
0,0.3459116547657927,0,validation
0,0.6071978534656077,1,validation
0,0.15444135527035355,0,validation
0,0.12153913179643508,0,validation
0,0.31498175513091126,0,validation
0,0.05412502797360446,0,validation
0,0.14765585930398348,0,validation
0,0.07373887913117261,0,validation
1,0.999999999950762,1,validation
1,0.9999999999663549,1,validation
1,0.9999999999377571,1,validation
0,0.0818800155330726,0,validation
0,0.290894416785908,0,validation
0,0.2997607428243447,0,validation
0,0.2043573625033777,0,validation
0,0.10418415424137743,0,validation
0,0.2719452832007741,0,validation
0,0.15022228500720228,0,validation
0,0.0935225917270221,0,validation
1,0.9999999999102684,1,validation
0,0.14545557445044505,0,validation
0,0.42995095202713274,0,validation
1,0.8167417482104311,1,validation
0,0.13155129044566716,0,validation
0,0.29153448673987914,0,validation
0,0.4882018562012476,0,validation
1,0.7390484109149009,1,validation
0,0.1138844777335404,0,validation
0,0.23176820753250713,0,validation
0,0.25191873234564666,0,validation
1,0.12516745016284955,0,validation
0,0.3751387212115745,0,validation
0,0.4056217806927123,0,validation
0,0.32324587006225586,0,validation
0,0.18226880396795794,0,validation
0,0.06419225503874253,0,validation
0,0.12258979837675703,0,validation
0,0.1449460079864112,0,validation
1,0.9999999998822908,1,validation
1,0.30957057761400103,0,validation
1,0.22690882714392563,0,validation
1,0.30151266790144093,0,validation
0,0.18800443840013134,0,validation
0,0.1020453110255589,0,validation
0,0.2505778823273834,0,validation
0,0.4504990165980832,0,validation
0,0.15322090786567166,0,validation
0,0.14542866983051864,0,validation
0,0.07270177636278259,0,validation
0,0.15518955070749357,0,validation
0,0.13509727109409708,0,validation
0,0.2897079830409256,0,validation
0,0.42447860126680775,0,validation
0,0.09289085046663698,0,validation
0,0.18838210320020665,0,validation
0,0.25668638957407924,0,validation
0,0.09143498187023591,0,validation
0,0.1659240975449617,0,validation
1,0.9999999999955225,1,validation
0,0.19143503660274863,0,validation
1,0.7919994743627431,1,validation
0,0.32844810406218133,0,validation
0,0.28038834613749586,0,validation
1,0.9999999999327553,1,validation
0,0.1399391363165329,0,validation
1,0.5266154781548079,1,validation
1,0.06682716614240489,0,validation
0,0.5323327282884357,1,validation
0,0.07801914350153163,0,validation
0,0.25411497066603556,0,validation
0,0.11773888950323748,0,validation
1,0.9999999998759546,1,validation
0,0.12907534304207766,0,validation
0,0.11923333813975169,0,validation
0,0.17883973561860408,0,validation
0,0.16834512054353956,0,validation
1,0.6262523823631957,1,validation
0,0.3139006209417287,0,validation
1,0.9999999999426974,1,validation
0,0.06788950637343852,0,validation
0,0.3367810604668965,0,validation
1,0.2044612522191687,0,validation
0,0.18173779050081373,0,validation
1,0.9999999999805123,1,validation
0,0.2087028552576467,0,validation
0,0.21468300639237373,0,validation
0,0.14122530879502343,0,validation
0,0.21212512613912934,0,validation
0,0.4292245479582,0,validation
0,0.5080031286834107,1,validation
1,0.6237524745456652,1,validation
0,0.5340839770205708,1,validation
1,0.6884221998926977,1,validation
0,0.15095372509870078,0,validation
0,0.17802771779447954,0,validation
0,0.29101280909533167,0,validation
0,0.3269380553634881,0,validation
0,0.16819955886411478,0,validation
0,0.2444632533107113,0,validation
1,0.999999999901295,1,validation
0,0.19089373877497484,0,validation
1,0.9999999999920823,1,validation
1,0.2360034995036422,0,validation
1,0.34679952165672057,0,validation
0,0.16581808135538006,0,validation
0,0.1565150566003601,0,validation
1,0.9999999999795612,1,validation
0,0.13294927671810408,0,validation
0,0.2615560729338664,0,validation
0,0.2519502445222751,0,validation
0,0.18518490702344312,0,validation
1,0.9999999999397569,1,validation
0,0.2766536576593026,0,validation
0,0.12055821177399496,0,validation
0,0.18461389433313835,0,validation
0,0.06582622761730306,0,validation
0,0.11814977597633741,0,validation
0,0.07506423679985173,0,validation
0,0.3943093306188819,0,validation
0,0.16869107136122302,0,validation
0,0.09216185834372616,0,validation
0,0.0764665527234173,0,validation
0,0.25963943155480546,0,validation
0,0.22156674791637776,0,validation
1,0.9999999999661848,1,validation
0,0.18006232351460277,0,validation
1,0.9999999999803055,1,validation
0,0.12790049150696092,0,validation
0,0.11171433181707481,0,validation
0,0.290598472155718,0,validation
0,0.18646922309374603,0,validation
1,0.9999999999399392,1,validation
0,0.0716195007811219,0,validation
0,0.05763882519364396,0,validation
0,0.20367305852578207,0,validation
0,0.27120111823899923,0,validation
1,0.9999999999088434,1,validation
1,0.22097427893234228,0,validation
0,0.15483759438424682,0,validation
0,0.2978965895864644,0,validation
0,0.1790118745498382,0,validation
0,0.12081050605690963,0,validation
0,0.11598619350791672,0,validation
0,0.21988290612052186,0,validation
0,0.17862107595040153,0,validation
0,0.3792087113998926,0,validation
0,0.1642380568544368,0,validation
0,0.08952137932939815,0,validation
0,0.3085721404561406,0,validation
0,0.24349443999579237,0,validation
1,0.9999999999498848,1,validation
0,0.2160887078908963,0,validation
1,0.5644989852065172,1,validation
0,0.08074616566999851,0,validation
0,0.10664768210789188,0,validation
0,0.1663318602379594,0,validation
1,0.9999999999428195,1,validation
1,0.11503883338143628,0,validation
0,0.17833921451882612,0,validation
0,0.19626124697065636,0,validation
0,0.062004479182256135,0,validation
0,0.1646967549461435,0,validation
0,0.22433536837926255,0,validation
0,0.15944084732496333,0,validation
1,0.9999999999967872,1,validation
1,0.2083847754637432,0,validation
0,0.10418984929580027,0,validation
0,0.10127180355520145,0,validation
0,0.16769742969871576,0,validation
0,0.05861896321782287,0,validation
0,0.49467950776785347,0,validation
1,0.1195959382877457,0,validation
0,0.49357790567925103,0,validation
0,0.056890287024245326,0,validation
0,0.34564842514689303,0,validation
0,0.3645492965801002,0,validation
1,0.3036560949314588,0,validation
0,0.19065498451843646,0,validation
0,0.08067610725654693,0,validation
0,0.4111777681151601,0,validation
0,0.16637159855684266,0,validation
1,0.14701632857530886,0,validation
0,0.20242232251249345,0,validation
0,0.1641872403613658,0,validation
0,0.2592597641762025,0,validation
0,0.43539978406220337,0,validation
0,0.25120844612095394,0,validation
0,0.32353621443932884,0,validation
0,0.15924181660843648,0,validation
0,0.4609064615797844,0,validation
0,0.13698925155283714,0,validation
0,0.24506647359283906,0,validation
0,0.088913693108592,0,validation
0,0.10321765532019846,0,validation
0,0.2704311688282077,0,validation
0,0.10844578306729848,0,validation
0,0.20155075612691756,0,validation
1,0.14304376485055886,0,validation
0,0.40988033849523187,0,validation
0,0.19658831534156093,0,validation
0,0.07779143578141909,0,validation
0,0.217880665300628,0,validation
1,0.17693380424596372,0,validation
0,0.24064491416797476,0,validation
0,0.11060738857095978,0,validation
1,0.29783387515171234,0,validation
0,0.09876080559103283,0,validation
0,0.10048613773728432,0,validation
1,0.3487464759878956,0,validation
1,0.9999999999820723,1,validation
0,0.26606686803110396,0,validation
1,0.22464010238098348,0,validation
1,0.99999999994887,1,validation
0,0.13927965262450145,0,validation
0,0.1907492368046318,0,validation
0,0.19932560045341746,0,validation
0,0.13091369871572964,0,validation
1,0.9999999999409197,1,validation
0,0.2534613737067837,0,validation
0,0.1016389182797538,0,validation
0,0.1516774796746668,0,validation
0,0.17144767615131648,0,validation
0,0.33510511321164127,0,validation
0,0.13156129293809696,0,validation
0,0.1157879499822409,0,validation
0,0.12729041325334042,0,validation
0,0.15448199588655173,0,validation
1,0.1750997151763868,0,validation
0,0.2151065036791358,0,validation
0,0.19695625201286368,0,validation
0,0.2731104325492725,0,validation
0,0.39528255477724394,0,validation
0,0.09388571150259845,0,validation
0,0.14802699118159374,0,validation
1,0.14311418157574568,0,validation
0,0.32229697541603425,0,validation
0,0.463076431623787,0,validation
0,0.2076073371038432,0,validation
1,0.2011782174666068,0,validation
0,0.3203809797671562,0,validation
0,0.07181650201471083,0,validation
0,0.20814961476183014,0,validation
0,0.08525271624361075,0,validation
0,0.08212002279815168,0,validation
0,0.24603565543003236,0,validation
1,0.30165026443004295,0,validation
0,0.23303932643242753,0,validation
0,0.23047078169039711,0,validation
1,0.2266543788334127,0,validation
0,0.23514994660995406,0,validation
0,0.14105016593009376,0,validation
0,0.15980027888981846,0,validation
0,0.09474559543816896,0,validation
0,0.3202782541131152,0,validation
1,0.9999999999537512,1,validation
1,0.999999999960193,1,validation
0,0.1585941925424563,0,validation
0,0.15957092320265368,0,validation
0,0.5476121885151362,1,validation
0,0.10934210581053698,0,validation
0,0.2276632051561166,0,validation
0,0.12078497493283405,0,validation
0,0.1917256567795531,0,validation
0,0.2827851320050944,0,validation
0,0.18638018671667922,0,validation
1,0.19554966756057313,0,validation
0,0.21501298042152545,0,validation
1,0.5264013842185518,1,validation
0,0.15394786121597048,0,validation
0,0.04405054441916147,0,validation
0,0.2412906577056223,0,validation
0,0.15167643037091236,0,validation
0,0.19021879128417618,0,validation
0,0.05828040349849787,0,validation
0,0.1412602122466901,0,validation
1,0.9999999999462594,1,validation
0,0.24594817436118085,0,validation
0,0.2787340703290436,0,validation
1,0.9999999999497111,1,validation
0,0.11971407823219186,0,validation
0,0.1445187931487325,0,validation
1,0.9999999999749627,1,validation
1,0.1788627868042298,0,validation
1,0.349045039630082,0,validation
0,0.2226801302874799,0,validation
1,0.9999999999417482,1,validation
0,0.18069305656522208,0,validation
0,0.06519248245466008,0,validation
1,0.2610897845261071,0,validation
0,0.2502610503939996,0,validation
0,0.3162356700762461,0,validation
1,0.31180331170706643,0,validation
0,0.158497177484884,0,validation
0,0.12560030537242198,0,validation
1,0.9999999999819893,1,validation
0,0.325291624163707,0,validation
0,0.21347259827425735,0,validation
0,0.3225985702038111,0,validation
1,0.2706237522540724,0,validation
0,0.2605820415926131,0,validation
0,0.23819715562067115,0,validation
0,0.38932981041129167,0,validation
0,0.1758522998430596,0,validation
0,0.10914233646401553,0,validation
0,0.26535941467738416,0,validation
0,0.09976177731439162,0,validation
0,0.17889981315716785,0,validation
0,0.2884821595433274,0,validation
1,0.9999999999230467,1,validation
0,0.19344621944414236,0,validation
1,0.3427246135929663,0,validation
0,0.12156742644126732,0,validation
0,0.11240166735143019,0,validation
0,0.20908730262829117,0,validation
1,0.12731454867711942,0,validation
0,0.30556847724053987,0,validation
0,0.19139379954936303,0,validation
0,0.2564141245133281,0,validation
0,0.10565510373906116,0,validation
0,0.08059703103468305,0,validation
1,0.5193988546690647,1,validation
1,0.19298429714065254,0,validation
1,0.9999999999602103,1,validation
0,0.21545614412941805,0,validation
0,0.3097336675726493,0,validation
0,0.28463049604157536,0,validation
0,0.09317705882380188,0,validation
1,0.11030387169059301,0,validation
0,0.12167733666483052,0,validation
0,0.07424424927066325,0,validation
1,0.9999999999147042,1,validation
0,0.23236888802884967,0,validation
1,0.8082380855118033,1,validation
0,0.10339184807228163,0,validation
1,0.22598448181012082,0,validation
0,0.3206956184453712,0,validation
0,0.1025107678841477,0,validation
0,0.08638093407106535,0,validation
1,0.9999999999657081,1,validation
0,0.3418984119044484,0,validation
0,0.24366069398271026,0,validation
1,0.15353103243883565,0,validation
0,0.38083642342514695,0,validation
1,0.3244681600336436,0,validation
1,0.3544950613342688,0,validation
0,0.13188726605866893,0,validation
0,0.29002031055259436,0,validation
0,0.2671546506177609,0,validation
0,0.2971002831689983,0,validation
0,0.11179799975498156,0,validation
0,0.1245373991962386,0,validation
0,0.08882618036583449,0,validation
0,0.1250376392109835,0,validation
1,0.9999999999590463,1,validation
0,0.12947205365098013,0,validation
1,0.9999999999427471,1,validation
1,0.5302053480377789,1,validation
0,0.2186256240371058,0,validation
0,0.14410022689456659,0,validation
1,0.20090062569070025,0,validation
0,0.24063491597238748,0,validation
1,0.37673426566457785,0,validation
0,0.24985332620936565,0,validation
0,0.4708328587587605,0,validation
0,0.09342001160566032,0,validation
0,0.5053058165296334,1,validation
1,0.999999999926791,1,validation
1,0.10230331495987452,0,validation
1,0.9999999999494458,1,validation
0,0.3657095357832961,0,validation
1,0.12653867338587713,0,validation
0,0.14712146496122958,0,validation
1,0.9999999999912432,1,validation
0,0.1223111858764211,0,validation
1,0.1518374011349656,0,validation
0,0.3088550555032549,0,validation
0,0.2817369118491091,0,validation
1,0.999999999970743,1,validation
0,0.1209702555700042,0,validation
1,0.12739878469414948,0,validation
1,0.9999999999218139,1,validation
0,0.18387018758833296,0,validation
0,0.1749452395928914,0,validation
0,0.0997594690062152,0,validation
0,0.20531474249057322,0,validation
0,0.07041585471146107,0,validation
0,0.08436395176717336,0,validation
1,0.09420002223223935,0,validation
0,0.3248206982608603,0,validation
0,0.1319755773293703,0,validation
0,0.45129657527919603,0,validation
0,0.35460367464087594,0,validation
0,0.15955806899953473,0,validation
0,0.15357887165609604,0,validation
0,0.2542777129609907,0,validation
1,0.9999999999948483,1,validation
0,0.3580758498469102,0,validation
0,0.09011420517795263,0,validation
1,0.9999999999698765,1,validation
0,0.08966581978852782,0,validation
1,0.4777322985821357,0,validation
0,0.16587878660814884,0,validation
0,0.18265831558785514,0,validation
1,0.1022157115934,0,validation
0,0.24956408577029918,0,validation
0,0.050553538186737065,0,validation
0,0.1876340098464154,0,validation
0,0.17157465951644787,0,validation
1,0.2001793517427972,0,validation
1,0.999999999943106,1,validation
0,0.17671080433123904,0,validation
0,0.06642199277609803,0,validation
0,0.3544712944714253,0,validation
0,0.2343974867772548,0,validation
1,0.3179484206187106,0,validation
0,0.11791914914073885,0,validation
0,0.10402530980780487,0,validation
0,0.09794250674021775,0,validation
1,0.9999999999226596,1,validation
1,0.9999999999900566,1,validation
1,0.9999999999841827,1,validation
1,0.999999999875653,1,validation
0,0.12482579346525396,0,validation
0,0.394549147384967,0,validation
0,0.33966615459599114,0,validation
0,0.20259904168643392,0,validation
0,0.25814979165460405,0,validation
1,0.14952285793843434,0,validation
1,0.8003925339756086,1,validation
0,0.05058950779250694,0,validation
0,0.10064782576644352,0,validation
0,0.09185006457732175,0,validation
0,0.11839523604918403,0,validation
0,0.10051149774260287,0,validation
0,0.1547889442232944,0,validation
0,0.12585944313775382,0,validation
0,0.3584347771321461,0,validation
0,0.0858083489783064,0,validation
0,0.4628631351940393,0,validation
0,0.18731464980901422,0,validation
1,0.11488656300542656,0,validation
1,0.9999999999879912,1,validation
0,0.31695044118653654,0,validation
1,0.2900351384049653,0,validation
0,0.23973416257835944,0,validation
1,0.6191842008011373,1,validation
0,0.0865397768773009,0,validation
0,0.17251079236073064,0,validation
0,0.13368341217073376,0,validation
0,0.13864225672674224,0,validation
0,0.12245937139231425,0,validation
1,0.21024539084050667,0,validation
0,0.2186614376360393,0,validation
1,0.9999999999247824,1,validation
1,0.9999999999603308,1,validation
0,0.23528214773476244,0,validation
0,0.06693067041338009,0,validation
0,0.24971948234871702,0,validation
1,0.18037404632868229,0,validation
1,0.28848956073240006,0,validation
0,0.2886124582794537,0,validation
0,0.20926534359145468,0,validation
0,0.09876832809999389,0,validation
0,0.14839227672733568,0,validation
0,0.2014818413940694,0,validation
1,0.11206277233921733,0,validation
1,0.9999999999415237,1,validation
0,0.48906324319083405,0,validation
0,0.16475794968107474,0,validation
1,0.5019121387394107,1,validation
0,0.14113204521982622,0,validation
0,0.1688886823701843,0,validation
1,0.21504471420461826,0,validation
0,0.18495657397312135,0,validation
0,0.08929275054443142,0,validation
0,0.14820639736752916,0,validation
1,0.1691200033562838,0,validation
1,0.7494385775252411,1,validation
1,0.4872128084787961,0,validation
0,0.11991598727078226,0,validation
1,0.9999999999717812,1,validation
0,0.222049532993584,0,validation
0,0.14122409995517213,0,validation
0,0.41842363318907044,0,validation
0,0.32331219443453546,0,validation
0,0.2106281381281432,0,validation
1,0.9999999999506801,1,validation
1,0.9999999999832048,1,validation
0,0.18260957815846535,0,validation
0,0.20101616199744007,0,validation
0,0.16958837156659712,0,validation
0,0.2162781892634928,0,validation
0,0.10100110708404203,0,validation
0,0.09048433610912773,0,validation
1,0.5091391726037285,1,validation
0,0.045872086823589134,0,validation
1,0.24595031660398484,0,validation
0,0.0960572968289227,0,validation
0,0.040925238159575605,0,validation
0,0.12777767847397575,0,validation
1,0.707082217418536,1,validation
0,0.3531228120920458,0,validation
0,0.1077862715913353,0,validation
0,0.20935910423534285,0,validation
0,0.06477551112644048,0,validation
1,0.9999999999069775,1,validation
0,0.12483103085006507,0,validation
1,0.21800068053688632,0,validation
0,0.12445854483089358,0,validation
0,0.15741840460048606,0,validation
0,0.25842915815695294,0,validation
0,0.15350629125060866,0,validation
0,0.13810759787188853,0,validation
0,0.2773235820509063,0,validation
0,0.28064604821723643,0,validation
0,0.30308533039348756,0,validation
0,0.4050425218650848,0,validation
0,0.2121177703180501,0,validation
0,0.06820082779130016,0,validation
0,0.23393765868907243,0,validation
0,0.09957027177500041,0,validation
0,0.1495502248097977,0,validation
1,0.999999999911795,1,validation
0,0.0783292573358099,0,validation
0,0.10951192034449296,0,validation
0,0.22334695274150496,0,validation
1,0.1972842997399048,0,validation
0,0.20231258405094535,0,validation
0,0.13926065454228792,0,validation
1,0.8695654042044213,1,validation
0,0.2211336491115802,0,validation
0,0.08841584717287654,0,validation
0,0.30589975660574686,0,validation
0,0.21512595035342144,0,validation
1,0.9999999999824203,1,validation
0,0.23083721163841084,0,validation
0,0.17785958332524746,0,validation
0,0.09388095263097397,0,validation
0,0.05486396523988348,0,validation
0,0.16845141058663482,0,validation
0,0.3245302359191548,0,validation
0,0.14382030769727658,0,validation
0,0.12843343441744312,0,validation
1,0.13257132858456508,0,validation
0,0.1383931399809154,0,validation
0,0.23250196788591557,0,validation
0,0.10161810420380117,0,validation
0,0.27010097406042993,0,validation
0,0.1729153886854513,0,validation
0,0.1908984482103486,0,validation
0,0.13115793971115752,0,validation
0,0.17743999644059744,0,validation
1,0.9999999999772804,1,validation
1,0.16872128145293594,0,validation
1,0.9999999999542695,1,validation
0,0.08587358605102162,0,validation
0,0.048071232917279536,0,validation
1,0.40064404771753054,0,validation
0,0.5593360538769877,1,validation
0,0.11920965125444823,0,validation
0,0.06185192749150473,0,validation
0,0.22546574072241116,0,validation
0,0.12182302779479683,0,validation
0,0.527639905233676,1,validation
0,0.23968841530210133,0,validation
1,0.9999999999965672,1,validation
0,0.22666269448354348,0,validation
0,0.19649262276964996,0,validation
0,0.09651513102287093,0,validation
1,0.2005055887761407,0,validation
0,0.2373442673755218,0,validation
0,0.4028947023992325,0,validation
1,0.5111245847099447,1,validation
1,0.9999999999823852,1,validation
0,0.14167331806919478,0,validation
0,0.1536451876997066,0,validation
0,0.1957853787145303,0,validation
0,0.15347213139503685,0,validation
0,0.34967140100234145,0,validation
1,0.32013652343146776,0,validation
0,0.3475864634721939,0,validation
0,0.16773810966549946,0,validation
1,0.9999999998764535,1,validation
0,0.19162818691859113,0,validation
0,0.07826432766828119,0,validation
0,0.12601342294237383,0,validation
0,0.24055857708740436,0,validation
0,0.059715606302076375,0,validation
1,0.2080878829174753,0,validation
0,0.10394535803896676,0,validation
0,0.16286333536495146,0,validation
0,0.09093766396558406,0,validation
0,0.040515618535292716,0,validation
0,0.32629692889900774,0,validation
0,0.2854785298226874,0,validation
0,0.08917465420176442,0,validation
0,0.2411065377483696,0,validation
0,0.3708416833438723,0,validation
0,0.14361839409596788,0,validation
0,0.1591254824471639,0,validation
0,0.1612378922235994,0,validation
0,0.11875754366130742,0,validation
0,0.045993227588801235,0,validation
1,0.9999999999087918,1,validation
0,0.21041901612003436,0,validation
1,0.17699079586013516,0,validation
0,0.07985583788610001,0,validation
0,0.07012962935373263,0,validation
0,0.15130376730206158,0,validation
1,0.9999999999863225,1,validation
1,0.2315322712667179,0,validation
0,0.2493430481887663,0,validation
0,0.06844829284138414,0,validation
1,0.9999999999935809,1,validation
0,0.11736471269793025,0,validation
1,0.9999999999539975,1,validation
0,0.1876309666936175,0,validation
0,0.3565132884873958,0,validation
0,0.2281333318705326,0,validation
0,0.10870781948161459,0,validation
0,0.46801548771186957,0,validation
0,0.4082719576055079,0,validation
0,0.309189201606709,0,validation
1,0.0838573527109513,0,validation
0,0.17845287415668204,0,validation
0,0.26487746245129745,0,validation
0,0.3479491570124233,0,validation
0,0.3076484262873065,0,validation
1,0.25025382919708317,0,validation
0,0.18049561621458673,0,validation
0,0.11783504843137314,0,validation
1,0.2601199490220486,0,validation
1,0.1255426217645793,0,validation
0,0.17965400619726374,0,validation
0,0.10871841930945894,0,validation
0,0.2529254605751483,0,validation
1,0.32906343681202477,0,validation
0,0.26632550653173603,0,validation
0,0.20076443756127393,0,validation
0,0.12334606399740207,0,validation
0,0.09394701766352825,0,validation
1,0.44804363233889444,0,validation
0,0.11050312503277478,0,validation
0,0.1966574533126812,0,validation
0,0.15682074060548437,0,validation
0,0.4398105352053032,0,validation
0,0.21419838288876272,0,validation
0,0.2576520372606262,0,validation
0,0.23648613441476848,0,validation
0,0.42215066257402817,0,validation
0,0.08451592839718663,0,validation
0,0.06831550336856591,0,validation
0,0.4307088822540321,0,validation
1,0.09670232103903285,0,validation
0,0.18636701274351608,0,validation
0,0.07920542939594975,0,validation
0,0.22430345959284906,0,validation
1,0.9999999998793259,1,validation
0,0.14143554841850395,0,validation
1,0.9999999999328786,1,validation
0,0.38687507845361396,0,validation
0,0.2505495110827109,0,validation
0,0.23248741534164494,0,validation
0,0.12242836609945733,0,validation
0,0.21814261799969603,0,validation
0,0.17405382648993678,0,validation
0,0.2511572558055059,0,validation
1,0.9999999999118088,1,validation
0,0.09042082682390541,0,validation
0,0.16304722271511346,0,validation
0,0.09015560169916406,0,validation
0,0.10789183033134278,0,validation
0,0.2962899411900587,0,validation
0,0.21603997523090362,0,validation
0,0.23380803738353548,0,validation
0,0.3414670410275979,0,validation
0,0.1477105284732382,0,validation
1,0.999999999938679,1,validation
1,0.18466214713116313,0,validation
0,0.23690089690735078,0,validation
0,0.20646158218669805,0,validation
1,0.9999999999907796,1,validation
1,0.9999999999478102,1,validation
0,0.2572637784136388,0,validation
1,0.9999999999259572,1,validation
0,0.15360287773531625,0,validation
0,0.19908098528242155,0,validation
0,0.3665511773959147,0,validation
1,0.9999999999642859,1,validation
0,0.28209601754665664,0,validation
1,0.2743227587910416,0,validation
0,0.20924067649631564,0,validation
0,0.11636613080205432,0,validation
0,0.06727970078519567,0,validation
1,0.9999999999807188,1,validation
0,0.6127197801697537,1,validation
1,0.9999999999384153,1,validation
1,0.9999999999520959,1,validation
0,0.1867867371262515,0,validation
1,0.26091979104461743,0,validation
0,0.10367917620935221,0,validation
0,0.11735441229863999,0,validation
0,0.1290588037212839,0,validation
0,0.0689430076912935,0,validation
1,0.09737710800656775,0,validation
0,0.14455152778075456,0,validation
1,0.9999999999605362,1,validation
0,0.19725153479510588,0,validation
0,0.06520300788401087,0,validation
0,0.20596981701983258,0,validation
1,0.9999999999561748,1,validation
0,0.1497345133518378,0,validation
1,0.273911181440521,0,validation
1,0.9999999999775628,1,validation
1,0.1712671814517358,0,validation
0,0.2186298922991734,0,validation
0,0.10912118216515433,0,validation
0,0.14609136450043192,0,validation
0,0.21143708336388004,0,validation
0,0.2591118585217959,0,validation
0,0.1872321589818666,0,validation
0,0.10383425420826035,0,validation
0,0.1460677578228133,0,validation
0,0.06756422006666285,0,validation
1,0.22800347262973425,0,validation
0,0.4010060972192288,0,validation
0,0.4242290631383875,0,validation
0,0.20891963637336752,0,validation
1,0.27526171137863764,0,validation
0,0.1610772718408426,0,validation
0,0.1533193092891947,0,validation
0,0.19235059605056468,0,validation
0,0.18919704778422805,0,validation
1,0.9999999999341165,1,validation
1,0.9999999999931577,1,validation
0,0.05891885772515861,0,validation
0,0.19870905618049753,0,validation
0,0.12578343182424312,0,validation
1,0.2790336544539869,0,validation
0,0.3180074441120445,0,validation
1,0.9999999999875993,1,validation
1,0.9999999999877969,1,validation
0,0.059818073051258726,0,validation
0,0.7877917120812374,1,validation
1,0.5356767124169682,1,validation
0,0.34283050607440224,0,validation
1,0.5424645760258694,1,validation
0,0.3279674862360283,0,validation
1,0.8074429113102183,1,validation
0,0.17295527879154712,0,validation
1,0.435010879399406,0,validation
1,0.5625615889172977,1,validation
0,0.12068687987569271,0,validation
0,0.24527842398726057,0,validation
0,0.17285780997354483,0,validation
0,0.06454823435608384,0,validation
0,0.18734335947236871,0,validation
0,0.14847640575201343,0,validation
1,0.29947821986994466,0,validation
1,0.9999999999303129,1,validation
0,0.18613737180875956,0,validation
0,0.2792564848894017,0,validation
0,0.08039539630442948,0,validation
0,0.27046622241079205,0,validation
0,0.23157691894112542,0,validation
0,0.32499573851228986,0,validation
0,0.23407141692102146,0,validation
0,0.1460986344178443,0,validation
0,0.4018662781991105,0,validation
0,0.14092317290965783,0,validation
0,0.16827892242035802,0,validation
0,0.4073297540391324,0,validation
0,0.25615425563316346,0,validation
1,0.9999999999088065,1,validation
1,0.036772341446992665,0,validation
0,0.1699197507013027,0,validation
0,0.10726663175233778,0,validation
0,0.04840187276491539,0,validation
0,0.21920175671078154,0,validation
0,0.290575957875082,0,validation
0,0.08091006844579426,0,validation
1,0.9999999999435603,1,validation
0,0.23051560879627708,0,validation
0,0.12662237925732106,0,validation
0,0.40239414487510106,0,validation
0,0.28043355922010055,0,validation
0,0.12177210977380098,0,validation
0,0.707763804619958,1,validation
1,0.19693597154935183,0,validation
0,0.3987626961686811,0,validation
0,0.10728114737217857,0,validation
0,0.10024712935165449,0,validation
1,0.999999999952603,1,validation
0,0.23288486781504864,0,validation
0,0.06480998019160518,0,validation
1,0.9999999999486666,1,validation
1,0.9999999999968303,1,validation
0,0.4400569080273324,0,validation
0,0.06582269766989601,0,validation
0,0.11514873295389243,0,validation
0,0.15286325971459042,0,validation
0,0.29164329093520563,0,validation
0,0.1626120335239739,0,validation
0,0.20705170231427866,0,validation
0,0.2672070520010535,0,validation
1,0.9999999999770506,1,validation
0,0.10119383665477763,0,validation
0,0.125943062644651,0,validation
0,0.057128175934467826,0,validation
0,0.2868540242774754,0,validation
0,0.2078699129358385,0,validation
1,0.9999999999261975,1,validation
0,0.47192006397907543,0,validation
0,0.4086503670594612,0,validation
0,0.3123975907919586,0,validation
0,0.32380051560221185,0,validation
0,0.41495738021674555,0,validation
0,0.052317428769029,0,validation
1,0.24559622409672852,0,validation
0,0.242603354428969,0,validation
0,0.24505671685229127,0,validation
0,0.10973125194868653,0,validation
0,0.288910865508359,0,validation
0,0.17223982655858003,0,validation
0,0.12109722122851778,0,validation
0,0.09879488447993527,0,validation
0,0.48471705462886483,0,validation
0,0.07596057113442223,0,validation
0,0.4826743027353347,0,validation
1,0.9999999999798552,1,validation
0,0.33021265747742146,0,validation
1,0.15372133969989812,0,validation
0,0.12564442592294414,0,validation
0,0.5342376662921691,1,validation
0,0.25541271041822955,0,validation
0,0.15307183664304577,0,validation
0,0.26222294391212053,0,validation
0,0.03908071298739961,0,validation
0,0.17812724421155246,0,validation
0,0.06951889761398534,0,validation
1,0.11787648770554097,0,validation
1,0.19453855978024,0,validation
0,0.3334009237774544,0,validation
0,0.1252112710303771,0,validation
0,0.18553100441686352,0,validation
0,0.4425633478771532,0,validation
0,0.30745443976270653,0,validation
0,0.2511285462035605,0,validation
0,0.18086264999486124,0,validation
0,0.07528777812763039,0,validation
1,0.3303320730434495,0,validation
1,0.37739152280411875,0,validation
1,0.999999999969925,1,validation
0,0.23277850804150615,0,validation
0,0.09853324103983957,0,validation
0,0.1581585570640845,0,validation
0,0.05348213428005152,0,validation
0,0.04655623297152659,0,validation
0,0.12585603984528038,0,validation
0,0.1817579327852793,0,validation
1,0.09172290337245072,0,validation
1,0.1842450391295783,0,validation
0,0.11673425536166983,0,validation
0,0.15198927236095908,0,validation
0,0.2955389410758256,0,validation
0,0.33099989386203993,0,validation
0,0.1253676048914257,0,validation
1,0.34328145386902664,0,validation
1,0.9999999999525091,1,validation
1,0.9999999999974203,1,validation
0,0.08833859117341517,0,validation
0,0.20270341293187233,0,validation
0,0.30544119756195054,0,validation
1,0.9999999999418954,1,validation
0,0.11775433676860043,0,validation
0,0.0937555587998692,0,validation
1,0.25606537316287525,0,validation
0,0.31250061981900046,0,validation
0,0.20963243918790572,0,validation
0,0.28982802215652664,0,validation
0,0.23025947080440518,0,validation
0,0.2518201638203188,0,validation
0,0.06902921145523316,0,validation
0,0.210110855355323,0,validation
0,0.038691775483320416,0,validation
0,0.18406835821894413,0,validation
0,0.32675151693182936,0,validation
1,0.9999999998752402,1,validation
0,0.17208808801711625,0,validation
0,0.07464976381783439,0,validation
0,0.40290430749861184,0,validation
1,0.3630181694218189,0,validation
1,0.9999999999442015,1,validation
0,0.09197550749014057,0,validation
0,0.060830885709136674,0,validation
0,0.23446342554195757,0,validation
0,0.07123143537413787,0,validation
0,0.2028246285723315,0,validation
0,0.487407168591707,0,validation
1,0.9999999999635585,1,validation
0,0.24746914528713967,0,validation
0,0.07964588731948506,0,validation
0,0.2507038583468889,0,validation
0,0.05693215846998546,0,validation
0,0.10662944907418011,0,validation
0,0.23277509335973562,0,validation
1,0.5092866926061541,1,validation
0,0.36227015723625106,0,validation
1,0.9999999998789972,1,validation
0,0.030839467258883417,0,validation
0,0.3466983379091903,0,validation
1,0.5344342655299292,1,validation
0,0.3250572964092094,0,validation
0,0.09221730816515349,0,validation
0,0.1399913914009526,0,validation
0,0.41874171156748563,0,validation
0,0.24655221096351038,0,validation
0,0.12427034199808566,0,validation
1,0.999999999977838,1,validation
0,0.32079658177828146,0,validation
0,0.3724553925389396,0,validation
0,0.2049810554861638,0,validation
0,0.06898768237449115,0,validation
0,0.21311317099962515,0,validation
1,0.9999999999492726,1,validation
0,0.15160697470967816,0,validation
1,0.19660442224247082,0,validation
1,0.9999999999594791,1,validation
0,0.23634396390902612,0,validation
0,0.22244111851871223,0,validation
0,0.13420466814748228,0,validation
1,0.44650757769156657,0,validation
0,0.13223170094176534,0,validation
0,0.0680539200534054,0,validation
1,0.9999999999953555,1,validation
0,0.13106833729090353,0,validation
1,0.6323279257547603,1,validation
0,0.18269719746053759,0,validation
0,0.08418057380363357,0,validation
1,0.19592024474853806,0,validation
1,0.12135052326864089,0,validation
1,0.24417683590371492,0,validation
0,0.10017527239902793,0,validation
1,0.2610847134615473,0,validation
1,0.2656029973922509,0,validation
1,0.1683199639447608,0,validation
0,0.15950330227889514,0,validation
0,0.18353149134765723,0,validation
0,0.14949270019054015,0,validation
0,0.23048059827511966,0,validation
0,0.17003275597287443,0,validation
0,0.12393213634308166,0,validation
0,0.09583741568188255,0,validation
0,0.18724626320957377,0,validation
0,0.1712607021114778,0,validation
0,0.04949289567906866,0,validation
0,0.12030267545436596,0,validation
0,0.1245883005597938,0,validation
0,0.1626999502912335,0,validation
0,0.10643569864806453,0,validation
0,0.11044718645866997,0,validation
0,0.2601548033636515,0,validation
0,0.1857505257419684,0,validation
0,0.2896042828829931,0,validation
0,0.16346726460593064,0,validation
0,0.1272643129372284,0,validation
1,0.9999999999391167,1,validation
0,0.06278979488578457,0,validation
0,0.05957615236528757,0,validation
0,0.19401183597366617,0,validation
0,0.18532200357112255,0,validation
0,0.22287175330968248,0,validation
1,0.9999999999613138,1,validation
0,0.2074272078372846,0,validation
0,0.1915725764317165,0,validation
0,0.2966515416002038,0,validation
1,0.23918364609966064,0,validation
0,0.12336196313943024,0,validation
1,0.607093212340198,1,validation
0,0.33769820692808505,0,validation
0,0.22864220722604656,0,validation
0,0.10154850485273505,0,validation
0,0.07701725291350706,0,validation
0,0.08406736480253761,0,validation
0,0.07774418593314854,0,validation
0,0.11135181481376125,0,validation
1,0.9999999999605709,1,validation
1,0.317666521293303,0,validation
0,0.07669514470078585,0,validation
0,0.3379656376430037,0,validation
0,0.39647292074836565,0,validation
0,0.07579628117000958,0,validation
0,0.22591108414980096,0,validation
0,0.21158641312898097,0,validation
0,0.07903027072974712,0,validation
0,0.17396770236072057,0,validation
0,0.35067934161204867,0,validation
0,0.12352522321699817,0,validation
1,0.23984608955979841,0,validation
0,0.2892439444774095,0,validation
0,0.23749101517807378,0,validation
0,0.1896714748122644,0,validation
1,0.99999999992748,1,validation
0,0.13621955007550904,0,validation
0,0.13934754263901244,0,validation
0,0.14409411066049466,0,validation
0,0.25678445607198563,0,validation
1,0.9999999999557367,1,validation
0,0.29873687518911035,0,validation
0,0.04890733560686997,0,validation
0,0.17880694853496226,0,validation
0,0.1026485969473255,0,validation
0,0.2286012999059383,0,validation
0,0.24039640018362216,0,validation
0,0.1902788629079617,0,validation
0,0.14675565134728197,0,validation
1,0.2287333774112007,0,validation
0,0.14009760858544038,0,validation
0,0.09644405338476421,0,validation
0,0.15286530656435032,0,validation
0,0.24497694529161107,0,validation
0,0.3808974846970824,0,validation
1,0.999999999877226,1,validation
1,0.21640084849739208,0,validation
0,0.0877412035349964,0,validation
1,0.3825308664982955,0,validation
0,0.07775964349974503,0,validation
0,0.2583695283375929,0,validation
0,0.10751488804714346,0,validation
0,0.10885023566824267,0,validation
0,0.8029882830368197,1,validation
0,0.21329065001079014,0,validation
1,0.18232641606388236,0,validation
0,0.25125815854135014,0,validation
0,0.08641650122826183,0,validation
0,0.3553248078975042,0,validation
1,0.4794936683214659,0,validation
0,0.5483902142150067,1,validation
1,0.9999999999842457,1,validation
0,0.16155009123428168,0,validation
0,0.2531325502989468,0,validation
0,0.12376086970989578,0,validation
0,0.14552985782744593,0,validation
1,0.4790541857350377,0,validation
1,0.9999999998731735,1,validation
0,0.18044283106867645,0,validation
0,0.10356164360654779,0,validation
0,0.11562594547811766,0,validation
0,0.07699555604022598,0,validation
0,0.1142919038933789,0,validation
0,0.05492008651476413,0,validation
0,0.14397943185570297,0,validation
0,0.28463294629186014,0,validation
0,0.15952316596506896,0,validation
0,0.31524620147916177,0,validation
0,0.2749281479496819,0,validation
0,0.2669564201034323,0,validation
0,0.2653336114561532,0,validation
1,0.9999999999753129,1,validation
0,0.09501625595296197,0,validation
1,0.7452131642744578,1,validation
0,0.12911955403302824,0,validation
0,0.07293158936783233,0,validation
0,0.183522324552582,0,validation
1,0.99999999989311,1,validation
0,0.3388651657468272,0,validation
0,0.14313489713562436,0,validation
0,0.09226310019116092,0,validation
1,0.9999999999467952,1,validation
0,0.10875441397639869,0,validation
0,0.22700522023201414,0,validation
1,0.9999999999427212,1,validation
1,0.38218059567477486,0,validation
0,0.2751286069290249,0,validation
0,0.18805573162682668,0,validation
1,0.18991184077699308,0,validation
1,0.3487789023855356,0,validation
0,0.11795006473344288,0,validation
1,0.9999999998938913,1,validation
1,0.7527616629182412,1,validation
0,0.2538764706152235,0,validation
0,0.05509791754994354,0,validation
0,0.12232558413729518,0,validation
0,0.2131634586816451,0,validation
1,0.13844107979967657,0,validation
0,0.10743334309089675,0,validation
0,0.06613650294923451,0,validation
0,0.2339875802023921,0,validation
0,0.20899518044681914,0,validation
1,0.364972583336803,0,validation
1,0.9999999999913394,1,validation
1,0.746004138834576,1,validation
0,0.06680217600604839,0,validation
0,0.24303473426310235,0,validation
1,0.9999999998490505,1,validation
0,0.355271447291014,0,validation
0,0.07241358390921035,0,validation
0,0.24472480308003677,0,validation
0,0.3227123722708608,0,validation
1,0.09252553010475019,0,validation
0,0.13895274664763255,0,validation
0,0.3903833310536712,0,validation
0,0.32606864118267753,0,validation
0,0.13764592494560932,0,validation
0,0.27354105057342254,0,validation
0,0.13238793246966388,0,validation
0,0.08862562391675459,0,validation
1,0.9999999999657139,1,validation
0,0.1540134021134225,0,validation
0,0.13437170869821002,0,validation
0,0.18854577520103424,0,validation
0,0.2228294422419224,0,validation
0,0.3349406550434099,0,validation
0,0.235102708476665,0,validation
1,0.22088811649511791,0,validation
1,0.18802689744214057,0,validation
0,0.21182602231975198,0,validation
0,0.10022226319636078,0,validation
0,0.04977121314515847,0,validation
1,0.999999999976013,1,validation
0,0.2938932297617069,0,validation
0,0.1489950133794748,0,validation
0,0.2312067251606529,0,validation
0,0.29345958482014384,0,validation
0,0.07001548115167977,0,validation
1,0.18663118902960332,0,validation
0,0.22557030416606622,0,validation
0,0.23789017364884152,0,validation
0,0.43342588527503273,0,validation
1,0.999999999989198,1,validation
1,0.9999999999560258,1,validation
0,0.1629812573655175,0,validation
0,0.2480135219363617,0,validation
0,0.15604816752518827,0,validation
0,0.1769827608263566,0,validation
0,0.2036572412379531,0,validation
0,0.2003326924217904,0,validation
0,0.15472971593487025,0,validation
1,0.31670802707910034,0,validation
0,0.2614724449383703,0,validation
0,0.877456060207737,1,validation
1,0.18287192218212864,0,validation
0,0.17984676388556384,0,validation
0,0.10487442678765924,0,validation
0,0.1997882285018168,0,validation
1,0.999999999950884,1,validation
0,0.07258751761011571,0,validation
0,0.19705807663400537,0,validation
0,0.25320869545248714,0,validation
1,0.6098989961571761,1,validation
0,0.14381190596935378,0,validation
0,0.2053736776596294,0,validation
0,0.4189353745957205,0,validation
0,0.08573029918846263,0,validation
0,0.2898265436279077,0,validation
0,0.1863992018886488,0,validation
0,0.05005633507661498,0,validation
0,0.19116057159158342,0,validation
1,0.9999999999609308,1,validation
0,0.2797610074950168,0,validation
0,0.21552808008807225,0,validation
0,0.0502648443351757,0,validation
1,0.9999999999383822,1,validation
0,0.12127284563886064,0,validation
0,0.18636622842662093,0,validation
1,0.08532146782853844,0,validation
0,0.08246629154556721,0,validation
1,0.4579556329555481,0,validation
1,0.9999999999525973,1,validation
1,0.3224268235053944,0,validation
0,0.2470091806400786,0,validation
0,0.08449125305613081,0,validation
0,0.18010441937677754,0,validation
0,0.21196238112755858,0,validation
1,0.9999999999962441,1,validation
1,0.9999999999448383,1,validation
0,0.14083609880500042,0,validation
0,0.24186833032371557,0,validation
0,0.4557710231698785,0,validation
0,0.1880938087537984,0,validation
0,0.22083675825695998,0,validation
0,0.23641033873416087,0,validation
0,0.044848514355916844,0,validation
0,0.07810917211944776,0,validation
0,0.26836089400652763,0,validation
1,0.2357770143617564,0,validation
0,0.36707711328535647,0,validation
0,0.22218890702040225,0,validation
0,0.3862269552454778,0,validation
0,0.08985769787738511,0,validation
0,0.16279300374802835,0,validation
0,0.27427527993230544,0,validation
0,0.13109769355866974,0,validation
0,0.2172137662571875,0,validation
1,0.9999999998862352,1,validation
0,0.19853839415103589,0,validation
0,0.11659450466405236,0,validation
0,0.09155646780325666,0,validation
1,0.9999999999820068,1,validation
1,0.27736965801650565,0,validation
0,0.04581059742893435,0,validation
1,0.999999999718119,1,validation
0,0.17092927980475295,0,validation
0,0.40081466822596656,0,validation
0,0.07626302410400387,0,validation
0,0.11848719701159148,0,validation
0,0.42258886465921097,0,validation
0,0.14925698179669378,0,validation
0,0.3355593087314143,0,validation
1,0.1032372172999669,0,validation
0,0.26933295179010747,0,validation
0,0.16892213770855063,0,validation
1,0.18775944508374012,0,validation
0,0.2318772208481163,0,validation
0,0.28061926071429155,0,validation
1,0.9999999999933173,1,validation
0,0.23286274889395966,0,validation
0,0.08470758352689502,0,validation
0,0.07698614823848766,0,validation
0,0.4583920675493694,0,validation
0,0.26589894892162264,0,validation
1,0.3053876647870624,0,validation
0,0.1414321255321877,0,validation
0,0.1319688133661559,0,validation
0,0.16965725690185038,0,validation
0,0.1423811345098217,0,validation
1,0.9999999999722056,1,validation
0,0.11225079146110623,0,validation
0,0.21255860087250997,0,validation
0,0.17274185892244265,0,validation
0,0.15115570300663345,0,validation
0,0.20807961463025687,0,validation
0,0.17582181336363792,0,validation
1,0.27122420766788674,0,validation
1,0.3324430714878514,0,validation
0,0.20017738704138321,0,validation
0,0.175995944324443,0,validation
0,0.16726501892022028,0,validation
0,0.15616363339800682,0,validation
0,0.18764831681346447,0,validation
0,0.04233246772499198,0,validation
0,0.1200591791823455,0,validation
0,0.11176630225960597,0,validation
0,0.18675251475124321,0,validation
0,0.08745577841507385,0,validation
0,0.6568978793224368,1,validation
0,0.1105879704057127,0,validation
0,0.21083486933327508,0,validation
0,0.17061726002474623,0,validation
0,0.1795268733779715,0,validation
0,0.1746703953099542,0,validation
1,0.4901122102080838,0,validation
1,0.2241316027283231,0,validation
1,0.9999999999701776,1,validation
0,0.29760613918305046,0,validation
1,0.9999999998743523,1,validation
1,0.9999999998867863,1,validation
0,0.0939213359207488,0,validation
0,0.530795777476682,1,validation
1,0.24891045992531632,0,validation
0,0.3697307157452725,0,validation
0,0.09854974130572888,0,validation
0,0.11606029436175727,0,validation
0,0.1532175618480529,0,validation
1,0.9999999999405111,1,validation
0,0.30738617935887524,0,validation
0,0.14922931225449204,0,validation
0,0.09387029437175434,0,validation
0,0.11461419744253953,0,validation
0,0.2953717327597169,0,validation
1,0.18778438330741787,0,validation
0,0.05910177995691584,0,validation
0,0.17179935812659916,0,validation
0,0.2510250138443378,0,validation
0,0.12867675960255998,0,validation
0,0.27272325120047064,0,validation
0,0.20339270980739216,0,validation
0,0.24369809349513954,0,validation
1,0.9999999999622413,1,validation
0,0.12294428911240828,0,validation
0,0.09380511017065468,0,validation
0,0.18599585339175098,0,validation
0,0.15762842194999588,0,validation
0,0.3328860439691604,0,validation
0,0.1499727245959198,0,validation
0,0.5513490613458356,1,validation
1,0.13046736975119316,0,validation
0,0.1872952314757516,0,validation
0,0.08969462256229381,0,validation
0,0.11828815459627934,0,validation
1,0.9999999999591964,1,validation
0,0.1942434724794166,0,validation
0,0.05432137710738068,0,validation
1,0.9999999999497127,1,validation
1,0.3751980402648431,0,validation
0,0.14689119760224043,0,validation
1,0.5656618316288743,1,validation
1,0.39641088198847196,0,validation
0,0.11569337191831344,0,validation
1,0.9999999999971909,1,validation
0,0.34467895144781857,0,validation
0,0.14657491439451442,0,validation
1,0.20685790194801948,0,validation
0,0.09458088936194871,0,validation
0,0.222436771905142,0,validation
1,0.9999999999863742,1,validation
1,0.8676907068931559,1,validation
0,0.20680042673956264,0,validation
0,0.3223802379044427,0,validation
0,0.09936622862554802,0,validation
0,0.2157325512984934,0,validation
0,0.0937569428171419,0,validation
0,0.050440925815708075,0,validation
1,0.2568378227073608,0,validation
0,0.5727311711918196,1,validation
1,0.42580130430012453,0,validation
0,0.3301218623801507,0,validation
1,0.16956807052476078,0,validation
0,0.1812547648293713,0,validation
0,0.152398441417345,0,validation
0,0.09163839118741554,0,validation
0,0.1478151627948554,0,validation
0,0.17431702194700624,0,validation
0,0.16467415343633138,0,validation
0,0.08986484991886723,0,validation
0,0.11316571160073302,0,validation
1,0.6297243826673863,1,validation
0,0.1745518621853052,0,validation
1,0.2631522089608275,0,validation
0,0.3307954657569248,0,validation
0,0.12072422552373531,0,validation
0,0.24764715753970637,0,validation
0,0.10850508095685432,0,validation
0,0.15522025791942515,0,validation
0,0.11516472001170877,0,validation
1,0.9999999999464761,1,validation
0,0.09556571425343942,0,validation
1,0.9999999999250864,1,validation
0,0.09123310449542338,0,validation
0,0.08136642894361759,0,validation
0,0.2559003534175286,0,validation
1,0.9999999999798757,1,validation
1,0.23633854651425762,0,validation
1,0.27635520303456557,0,validation
0,0.09537534437778239,0,validation
0,0.10735616496541943,0,validation
1,0.9999999998371125,1,validation
0,0.15051321598748235,0,validation
0,0.11318120723383113,0,validation
0,0.17285277567808935,0,validation
0,0.42674843471370855,0,validation
1,0.9999999998805589,1,validation
0,0.12733363191031585,0,validation
0,0.11617972934546783,0,validation
0,0.10926091660942704,0,validation
0,0.187328958012103,0,validation
0,0.08302699335935736,0,validation
0,0.2103706166825041,0,validation
0,0.09047948747210806,0,validation
0,0.20309855928048223,0,validation
1,0.18688878436237663,0,validation
0,0.3063327887785207,0,validation
0,0.33343411373958104,0,validation
0,0.08019922808375385,0,validation
0,0.24709471003095,0,validation
1,0.20793815100562937,0,validation
0,0.4163555352718512,0,validation
0,0.056559715512704674,0,validation
0,0.18037392899204108,0,validation
0,0.14344719485351443,0,validation
1,0.9999999999619293,1,validation
1,0.9999999999769877,1,validation
0,0.24794074076518235,0,validation
0,0.07266886750358384,0,validation
0,0.12057553699116229,0,validation
1,0.9999999999106299,1,validation
0,0.16062280086746347,0,validation
0,0.13840852943927606,0,validation
0,0.28681716767563853,0,validation
0,0.0853997573956762,0,validation
0,0.07139050723851956,0,validation
0,0.12220169148010768,0,validation
0,0.1834622410242324,0,validation
0,0.6907195149079474,1,validation
0,0.19699057783303886,0,validation
0,0.1936538061992262,0,validation
0,0.13573580226606027,0,validation
0,0.17562875184731055,0,validation
0,0.2472022321160226,0,validation
0,0.1766823593739082,0,validation
0,0.311086511779964,0,validation
1,0.27073595479256707,0,validation
0,0.21117610022472397,0,validation
0,0.11856740740346766,0,validation
0,0.21014459726310103,0,validation
0,0.20412893333648724,0,validation
1,0.9999999999414322,1,validation
0,0.13329566951070373,0,validation
1,0.5473268085395602,1,validation
0,0.5868663803974042,1,validation
0,0.11028105336153385,0,validation
0,0.2687101570063309,0,validation
1,0.9999999999843123,1,validation
0,0.097057517026624,0,validation
0,0.16202803209293395,0,validation
1,0.9999999999391931,1,validation
0,0.3402652312561495,0,validation
0,0.07863938820863717,0,validation
0,0.27174018043236897,0,validation
0,0.16746636375007654,0,validation
0,0.11591504285813348,0,validation
1,0.09329193361629054,0,validation
0,0.19294898945939618,0,validation
0,0.04249234901944278,0,validation
0,0.057955404712850114,0,validation
0,0.11640395099960395,0,validation
0,0.33212202329735774,0,validation
0,0.07464498908741984,0,validation
0,0.30251786991482094,0,validation
1,0.9999999999497264,1,validation
1,0.999999999939333,1,validation
0,0.07151611311517868,0,validation
0,0.14820269053617094,0,validation
0,0.11749053183469585,0,validation
0,0.16420165456349764,0,validation
0,0.09407547405361108,0,validation
0,0.1832836343482444,0,validation
0,0.2651625149855942,0,validation
0,0.3120063480770858,0,validation
1,0.4975417293150419,0,validation
0,0.07974750133184262,0,validation
1,0.9999999999487614,1,validation
0,0.09346057308687894,0,validation
0,0.40988677652372457,0,validation
0,0.3161364398598815,0,validation
0,0.08056700917846342,0,validation
1,0.999999999988046,1,validation
1,0.9244156701522315,1,validation
1,0.9999999999239164,1,validation
0,0.12922523631384572,0,validation
0,0.17610072373823363,0,validation
0,0.16248006183983255,0,validation
1,0.3441792763818733,0,validation
0,0.25132041071563554,0,validation
1,0.8652299952692062,1,validation
0,0.0949933697313286,0,validation
0,0.2672342192030769,0,validation
0,0.17336229322631394,0,validation
0,0.22170136208117014,0,validation
0,0.20559129333943998,0,validation
1,0.21506577113495842,0,validation
0,0.08970176774535206,0,validation
1,0.2718983783290202,0,validation
1,0.999999999934265,1,validation
1,0.3669639558166608,0,validation
1,0.3392633234623316,0,validation
0,0.14981639568343413,0,validation
0,0.3579856843622427,0,validation
0,0.05370262020107929,0,validation
1,0.999999999990266,1,validation
0,0.3850951621857406,0,validation
0,0.0702806579938205,0,validation
0,0.0741054342493699,0,validation
0,0.16980424791598978,0,validation
0,0.03418293723953149,0,validation
1,0.3054353949557678,0,validation
1,0.2931327073799012,0,validation
0,0.1735562423555879,0,validation
1,0.9999999999855547,1,validation
0,0.07862502105484862,0,validation
1,0.9999999999824674,1,validation
1,0.9999999999609208,1,validation
0,0.05646136686025424,0,validation
0,0.3695452575378892,0,validation
0,0.05350623950149775,0,validation
1,0.9999999999926088,1,validation
0,0.15627230446688545,0,validation
1,0.9999999999385971,1,validation
0,0.10241546664466006,0,validation
0,0.1687149225780373,0,validation
0,0.07950690334627888,0,validation
0,0.26616795093260226,0,validation
0,0.27135809955245055,0,validation
0,0.054977893453871746,0,validation
1,0.6460910818963184,1,validation
1,0.588890044781437,1,validation
0,0.20174402242751108,0,validation
1,0.9999999999558042,1,validation
0,0.18841778603062678,0,validation
0,0.17612721216817673,0,validation
0,0.13089270373622464,0,validation
0,0.2798378824582852,0,validation
0,0.11345918952827981,0,validation
0,0.1752500551469637,0,validation
0,0.8404931629866345,1,validation
0,0.29788765056841837,0,validation
0,0.29503398586800444,0,validation
0,0.18738875128804344,0,validation
0,0.38321945707512156,0,validation
0,0.20550891591797874,0,validation
0,0.17042545483749286,0,validation
1,0.12183077988667218,0,validation
0,0.09140082556472594,0,validation
1,0.0859944286744047,0,validation
1,0.999999999955224,1,validation
0,0.15885266603727594,0,validation
0,0.05850443176744106,0,validation
1,0.9999999999815319,1,validation
0,0.22573255999311684,0,validation
0,0.1770454698835722,0,validation
0,0.0700905870104207,0,validation
0,0.13373370339816867,0,validation
0,0.20224905429274256,0,validation
0,0.26179414717904076,0,validation
1,0.21595887421395207,0,validation
0,0.10833769623811333,0,validation
1,0.13673215984221868,0,validation
0,0.2208845129646571,0,validation
0,0.21735124756823856,0,validation
0,0.15426436926309553,0,validation
1,0.9999999999198121,1,validation
0,0.29691308399745087,0,validation
1,0.9999999999569211,1,validation
0,0.19893871130292212,0,validation
0,0.08238075718132344,0,validation
0,0.19502023477322633,0,validation
0,0.22547301116110807,0,validation
0,0.18982192916207805,0,validation
0,0.26758551032331707,0,validation
0,0.32006232040681204,0,validation
0,0.2815691865556694,0,validation
0,0.14747389476034845,0,validation
0,0.0883251516553496,0,validation
0,0.1384728652187027,0,validation
0,0.5044525500154813,1,validation
0,0.1347804796485244,0,validation
0,0.1335226503207406,0,validation
0,0.2226267337233402,0,validation
0,0.27162459391156935,0,validation
0,0.21922231218104724,0,validation
0,0.2635633760281595,0,validation
0,0.061466310356162714,0,validation
1,0.9999999999661444,1,validation
1,0.32507463261049896,0,validation
1,0.999999999995858,1,validation
0,0.25028483705484544,0,validation
1,0.8725296722993175,1,validation
0,0.052492226995065325,0,validation
0,0.17157828568120806,0,validation
1,0.435068797916579,0,validation
0,0.3178559507020355,0,validation
0,0.13317071596477584,0,validation
0,0.13853885099813623,0,validation
0,0.243307376687929,0,validation
1,0.7623511465070937,1,validation
0,0.2678941160575274,0,validation
0,0.06394235395965293,0,validation
0,0.207315919491243,0,validation
0,0.22027560973876978,0,validation
0,0.25690712388225356,0,validation
0,0.322607697504089,0,validation
1,0.9999999999574272,1,validation
0,0.07864867351362867,0,validation
1,0.3074354734642787,0,validation
1,0.10805372956995024,0,validation
0,0.07036897065071082,0,validation
0,0.23950555006662338,0,validation
0,0.08183393912027763,0,validation
0,0.07902969938811559,0,validation
1,0.9999999997393971,1,validation
0,0.07267896442140684,0,validation
0,0.1870202737856604,0,validation
1,0.9999999999703619,1,validation
1,0.17255990093587822,0,validation
1,0.7248282846681585,1,validation
0,0.26211336871325536,0,validation
0,0.4698879500577906,0,validation
0,0.16522175174261283,0,validation
0,0.1550649562918921,0,validation
0,0.15563063628566143,0,validation
0,0.13316985758040537,0,validation
0,0.21302267976597514,0,validation
0,0.11200436320269085,0,validation
0,0.23158442618754085,0,validation
0,0.1703096979733365,0,validation
0,0.14442953907313352,0,validation
0,0.26772794404684314,0,validation
0,0.1835245941933796,0,validation
0,0.20553957928349653,0,validation
0,0.2639750066439659,0,validation
1,0.21632907701455487,0,validation
0,0.09177300078937092,0,validation
0,0.387379941761356,0,validation
1,0.48285819133598606,0,validation
0,0.31937051062898086,0,validation
1,0.9999999999178564,1,validation
1,0.8599469439332167,1,validation
0,0.20876005080774537,0,validation
0,0.13779870975640302,0,validation
0,0.18537674398105866,0,validation
0,0.08608739900707067,0,validation
0,0.14486148046415642,0,validation
0,0.06495929507146506,0,validation
0,0.09357432619448965,0,validation
0,0.4004942455826524,0,validation
0,0.11620080470274427,0,validation
0,0.18045130274115728,0,validation
0,0.6766854625746712,1,validation
0,0.1607029680922943,0,validation
0,0.08622173882456391,0,validation
0,0.2264761294547135,0,validation
1,0.30928946120609624,0,validation
1,0.2611791974472296,0,validation
0,0.16318309951931434,0,validation
0,0.2748563841033234,0,validation
1,0.9999999999665639,1,validation
0,0.2043485555917434,0,validation
1,0.12913311787927917,0,validation
0,0.09518206185611329,0,validation
0,0.1333282384709641,0,validation
0,0.22124435846362436,0,validation
0,0.2336844178147103,0,validation
0,0.2765387106479172,0,validation
0,0.26999441891275516,0,validation
0,0.42934345704822247,0,validation
0,0.16112835018401248,0,validation
0,0.36610361027595534,0,validation
0,0.24017465905773494,0,validation
0,0.10751473907618238,0,validation
0,0.3493680072200051,0,validation
1,0.16763683669846824,0,validation
0,0.19560512267915017,0,validation
0,0.16554968188443966,0,validation
0,0.14649713742216133,0,validation
0,0.22079457546875284,0,validation
0,0.2759934708738365,0,validation
0,0.26853287951634786,0,validation
0,0.3390383431564615,0,validation
0,0.16524072337908657,0,validation
0,0.15710058164274227,0,validation
1,0.9999999998353593,1,validation
0,0.23483911423651233,0,validation
1,0.9999999999406641,1,validation
0,0.1569000510904529,0,validation
0,0.10005023509589742,0,validation
0,0.15237107130854788,0,validation
0,0.30589089122803875,0,validation
1,0.9999999999390039,1,validation
0,0.07820085499164163,0,validation
0,0.4549717698542424,0,validation
0,0.17371258781456195,0,validation
0,0.06951822724548011,0,validation
0,0.14302648936706763,0,validation
0,0.25375657280443364,0,validation
0,0.012122232403490304,0,validation
0,0.0969728812177591,0,validation
0,0.5020331890929302,1,validation
0,0.5069455297678737,1,validation
0,0.08638951024366001,0,validation
0,0.10598109997228432,0,validation
0,0.14875220429746816,0,validation
0,0.08325449125585595,0,validation
0,0.153534002711267,0,validation
0,0.24729853694459006,0,validation
0,0.3013850195906636,0,validation
0,0.28015774567034923,0,validation
0,0.20173421817065024,0,validation
0,0.26454772065014814,0,validation
1,0.16267442985457578,0,validation
0,0.4386558542285772,0,validation
0,0.0963721061866322,0,validation
0,0.14836419780539295,0,validation
1,0.9999999999648448,1,validation
1,0.17632539572703654,0,validation
1,0.1897962839714357,0,validation
1,0.2026216500497194,0,validation
0,0.25879305263989405,0,validation
0,0.30761158551177553,0,validation
0,0.13234462355428378,0,validation
0,0.10175496989144109,0,validation
0,0.3263435057788856,0,validation
1,0.1323121400914212,0,validation
1,0.9999999999975988,1,validation
0,0.2576083688775351,0,validation
0,0.22413333394324392,0,validation
1,0.44496587718002156,0,validation
0,0.1002843457933553,0,validation
0,0.09479001079183061,0,validation
1,0.9999999999406537,1,validation
1,0.47224831936052697,0,validation
0,0.220743163204282,0,validation
0,0.1977811745066186,0,validation
0,0.20216610120822168,0,validation
1,0.9999999999561475,1,validation
1,0.3224501627919754,0,validation
0,0.6126652410473838,1,validation
1,0.9999999999745566,1,validation
0,0.15713099950825793,0,validation
0,0.32914846608042164,0,validation
0,0.09496972212900387,0,validation
0,0.16259515372206437,0,validation
0,0.09253717068918721,0,validation
0,0.375403741420978,0,validation
1,0.9999999999859188,1,validation
0,0.11340194201782677,0,validation
0,0.510546681250504,1,validation
1,0.9999999999803917,1,validation
1,0.33273645683754377,0,validation
0,0.33971697705393555,0,validation
0,0.1720906218698871,0,validation
0,0.17521580451701557,0,validation
1,0.9999999999920968,1,validation
0,0.27156048220828133,0,validation
0,0.16171648373189695,0,validation
1,0.9999999999974143,1,validation
1,0.32420392957313954,0,validation
1,0.16176558408212952,0,validation
0,0.3520216829731687,0,validation
0,0.24698223843260447,0,validation
0,0.2565410271182505,0,validation
0,0.08208961601518111,0,validation
1,0.9999999999718192,1,validation
0,0.23203375321860514,0,validation
0,0.15395047748617927,0,validation
0,0.33245532448535997,0,validation
0,0.13435882370660576,0,validation
1,0.9999999999420772,1,validation
1,0.3177047439341377,0,validation
0,0.5105121465875174,1,validation
1,0.9999999999536271,1,validation
0,0.10131072754879021,0,validation
1,0.4244344291668425,0,validation
1,0.9999999999455498,1,validation
0,0.09595842469741428,0,validation
0,0.08885593152849114,0,validation
1,0.999999999943598,1,validation
0,0.4067128737033228,0,validation
1,0.18968736155753776,0,validation
1,0.9999999999593059,1,validation
0,0.1418395647108736,0,validation
0,0.09088877707584965,0,validation
1,0.15662909301898972,0,validation
0,0.17578403487266167,0,validation
0,0.08671411412591823,0,validation
0,0.18611499579262925,0,validation
0,0.17252287988370416,0,validation
0,0.18265206271445286,0,validation
0,0.10287837691408691,0,validation
0,0.08491969143497623,0,validation
1,0.2620011871949968,0,validation
0,0.06824537676303878,0,validation
0,0.1134893246610348,0,validation
0,0.10770492611769088,0,validation
1,0.9999999999661227,1,validation
0,0.1568354975155292,0,validation
0,0.07965128660424632,0,validation
0,0.19093257230779634,0,validation
0,0.2766749609531393,0,validation
0,0.13252111563479146,0,validation
0,0.06498958054240941,0,validation
0,0.26399923188235297,0,validation
0,0.16075052064274148,0,validation
0,0.057444446780754506,0,validation
0,0.19635947537306747,0,validation
0,0.3029491853045171,0,validation
0,0.14289452960033802,0,validation
0,0.2688307743647589,0,validation
0,0.1078515391476727,0,validation
1,0.9999999999637972,1,validation
0,0.35443046606965534,0,validation
0,0.07538920077924308,0,validation
0,0.24219118052083988,0,validation
0,0.12227571254233585,0,validation
1,0.3425475155135944,0,validation
0,0.1401065808486746,0,validation
1,0.3322845563637283,0,validation
0,0.12360091899056908,0,validation
0,0.4544145487987895,0,validation
0,0.10021029330526918,0,validation
0,0.1393057502214887,0,validation
0,0.23136990681041633,0,validation
0,0.15919728884209375,0,validation
1,0.9999999999417313,1,validation
0,0.17934250331757315,0,validation
0,0.2052898091819404,0,validation
0,0.046583901418396224,0,validation
0,0.16831555501947076,0,validation
1,0.3020109667835656,0,validation
1,0.9999999999652784,1,validation
1,0.24887166646287884,0,validation
0,0.22415750310195506,0,validation
0,0.20072202809910844,0,validation
0,0.13631008601894432,0,validation
1,0.23051062187220753,0,validation
0,0.10663473364917654,0,validation
0,0.18133534043648084,0,validation
0,0.4060680048385057,0,validation
0,0.08530640315288675,0,validation
0,0.27422968586665397,0,validation
0,0.11317987760580517,0,validation
0,0.2953195900116572,0,validation
0,0.1312169167373672,0,validation
1,0.9999999998085352,1,validation
0,0.07724104038074393,0,validation
0,0.459015301238665,0,validation
0,0.14104981022025984,0,validation
1,0.9999999999699405,1,validation
1,0.4508022398410204,0,validation
0,0.1606366710664903,0,validation
0,0.21960351387730728,0,validation
1,0.9999999999454996,1,validation
0,0.17850309699138195,0,validation
0,0.13394821441714222,0,validation
0,0.3096313822656667,0,validation
0,0.2253197361777657,0,validation
0,0.15680693783819682,0,validation
1,0.9999999999977784,1,validation
0,0.25891119684417957,0,validation
0,0.17841636930662932,0,validation
1,0.34336796365697564,0,validation
0,0.0559608750698823,0,validation
0,0.15013454382634622,0,validation
0,0.3397516546293315,0,validation
0,0.09710121188770934,0,validation
0,0.149615720006896,0,validation
0,0.20158227041554833,0,validation
0,0.15525396219197615,0,validation
0,0.17914467034657194,0,validation
0,0.3688779969599964,0,validation
1,0.3290335111951526,0,validation
0,0.16003123669694813,0,validation
1,0.2320202841678759,0,validation
0,0.07471623359654192,0,validation
0,0.17868810302142601,0,validation
1,0.9999999999704572,1,validation
0,0.21571083874864524,0,validation
0,0.15564671622113244,0,validation
0,0.10012805006805621,0,validation
0,0.10734215463997396,0,validation
0,0.2625586988649032,0,validation
1,0.9999999999362712,1,validation
0,0.15949593470438247,0,validation
0,0.21210276977227702,0,validation
1,0.21885856343210125,0,validation
0,0.11867833726246484,0,validation
1,0.20615702543369735,0,validation
0,0.30900973185567865,0,validation
0,0.13309017261101022,0,validation
0,0.34530789722497657,0,validation
0,0.0694073042890968,0,validation
1,0.9999999999826419,1,validation
0,0.11517580383895537,0,validation
0,0.30916263514396136,0,validation
0,0.14756851866496964,0,validation
0,0.034084763961708196,0,validation
0,0.25911872226904875,0,validation
0,0.2836299350950425,0,validation
1,0.9999999999730362,1,validation
1,0.9999999999462563,1,validation
0,0.16489931667801425,0,validation
0,0.24774144328404507,0,validation
0,0.16682967582435815,0,validation
0,0.22363598200561377,0,validation
0,0.24745258860302408,0,validation
1,0.21020844076395248,0,validation
1,0.30861757784881805,0,validation
0,0.08570505330396887,0,validation
0,0.10888181111464197,0,validation
0,0.07721400021487207,0,validation
0,0.31613839493048573,0,validation
0,0.17975271832619277,0,validation
1,0.43117694823514574,0,validation
0,0.2619102446057637,0,validation
0,0.17612845123381948,0,validation
1,0.5739025372553137,1,validation
1,0.9999999999737006,1,validation
0,0.09233458747839729,0,validation
0,0.1548873362428065,0,validation
1,0.25708204766956955,0,validation
1,0.5236870762841978,1,validation
0,0.1419528299014192,0,validation
0,0.1786412206420614,0,validation
0,0.17978460979708363,0,validation
0,0.1786810313789428,0,validation
0,0.15318229446020154,0,validation
0,0.06291932845599044,0,validation
0,0.3136970881896212,0,validation
1,0.9999999999515627,1,validation
0,0.18198807732241767,0,validation
0,0.2438225429948215,0,validation
0,0.3164049267465802,0,validation
0,0.1193971443162524,0,validation
0,0.07861699881745572,0,validation
1,0.9999999998939897,1,validation
1,0.9999999999373572,1,validation
0,0.33318646084107395,0,validation
0,0.14131569695557558,0,validation
0,0.14066612492996183,0,validation
0,0.08243114860514046,0,validation
1,0.14882758911673222,0,validation
0,0.09589202009991282,0,validation
0,0.2732453200885127,0,validation
0,0.3381524391525127,0,validation
0,0.1664237020778084,0,validation
0,0.15339288033863607,0,validation
0,0.16735522943737124,0,validation
1,0.32274473628562084,0,validation
0,0.30918050965042165,0,validation
1,0.7312712061358162,1,validation
0,0.48984265139388716,0,validation
0,0.13621579693063224,0,validation
0,0.24553158686971405,0,validation
0,0.08074857137973519,0,validation
0,0.27458458128233726,0,validation
1,0.3100786616862273,0,validation
0,0.17155965890940186,0,validation
1,0.2597059551491036,0,validation
1,0.28284660276589724,0,validation
1,0.9999999999214564,1,validation
0,0.09021832413283416,0,validation
0,0.1368374769882429,0,validation
0,0.096993106549638,0,validation
0,0.18293063255057623,0,validation
0,0.15405562305346723,0,validation
0,0.20965728405442344,0,validation
0,0.12380082617782921,0,validation
0,0.28153416657683855,0,validation
1,0.5228120614661307,1,validation
0,0.05458174089994122,0,validation
0,0.3541782858050002,0,validation
0,0.17701134274679886,0,validation
1,0.375410104074878,0,validation
0,0.37178436160676304,0,validation
1,0.9999999999185618,1,validation
1,0.39868632841211316,0,validation
0,0.17897314058447697,0,validation
0,0.31536747543519805,0,validation
1,0.6014366396104195,1,validation
0,0.11776807670251731,0,validation
0,0.4072902233462907,0,validation
0,0.31470862409363903,0,validation
0,0.1478526532843624,0,validation
0,0.0779972372601268,0,validation
0,0.10976706333990657,0,validation
0,0.22016725531420267,0,validation
0,0.1327839073385604,0,validation
0,0.22833274400342898,0,validation
0,0.1032205281879681,0,validation
1,0.4710923034002809,0,validation
0,0.1887849508188655,0,validation
0,0.10799181459996689,0,validation
0,0.033620742099116856,0,validation
1,0.7508394136227602,1,validation
0,0.08762232542066843,0,validation
1,0.8013891505713578,1,validation
1,0.9999999999489209,1,validation
0,0.5561298760257591,1,validation
0,0.29174592313313347,0,validation
0,0.14627623621333133,0,validation
0,0.238998595452072,0,validation
0,0.19953180280986932,0,validation
0,0.2970130959116047,0,validation
0,0.5550633663137389,1,validation
0,0.20704384589310654,0,validation
1,0.4369153094617349,0,validation
0,0.15233965142297468,0,validation
0,0.13638258462610964,0,validation
0,0.2429788444289623,0,validation
1,0.999999999940405,1,validation
0,0.2090812395359436,0,validation
0,0.32627890362415674,0,validation
0,0.24825562823428615,0,validation
0,0.49954986681178215,0,validation
0,0.2586374934942564,0,validation
0,0.20362602299132201,0,validation
1,0.13350960198683529,0,validation
0,0.04454198806744952,0,validation
1,0.22458500019552802,0,validation
0,0.2465778436323751,0,validation
0,0.42180426318208264,0,validation
0,0.07230002227444907,0,validation
0,0.1907208170353704,0,validation
0,0.198917954016127,0,validation
0,0.10862010206697087,0,validation
1,0.9999999999535931,1,validation
0,0.30395298997678555,0,validation
0,0.2069387020807152,0,validation
0,0.23940737583998217,0,validation
0,0.17738790502242685,0,validation
0,0.225816582225844,0,validation
0,0.06501539086048116,0,validation
0,0.09533608609192513,0,validation
1,0.9999999999879681,1,validation
0,0.25736426121005407,0,validation
0,0.6542972375044264,1,validation
0,0.1660425579679039,0,validation
0,0.12547783597329584,0,validation
0,0.2322519175784124,0,validation
0,0.2207330336627143,0,validation
1,0.21712918851535018,0,validation
0,0.2159547651020896,0,validation
1,0.30099356485548145,0,validation
0,0.30935166908914913,0,validation
0,0.08103479460416431,0,validation
1,0.8974498575654692,1,validation
0,0.40105454890588416,0,validation
0,0.2963402087236595,0,validation
0,0.08060057471670731,0,validation
0,0.16752255034240615,0,validation
0,0.07575548109034712,0,validation
0,0.09985403035102372,0,validation
1,0.9999999999612856,1,validation
1,0.9999999999237548,1,validation
1,0.9999999999519005,1,validation
1,0.9999999999760345,1,validation
0,0.45650802627760056,0,validation
1,0.7838643799402246,1,validation
1,0.23008812048409497,0,validation
0,0.12022361830708933,0,validation
0,0.0703459187740163,0,validation
0,0.173777859575406,0,validation
0,0.10923618038665457,0,validation
0,0.09994785770462815,0,validation
1,0.1880696101081792,0,validation
0,0.30307048269527603,0,validation
1,0.9999999999538376,1,validation
0,0.39006662796636904,0,validation
1,0.09762327484934305,0,validation
0,0.10242988032807111,0,validation
0,0.20359940790555586,0,validation
1,0.9999999999598284,1,validation
0,0.23819966341708176,0,validation
0,0.23748958995772412,0,validation
0,0.45831552166044154,0,validation
0,0.5391754496116133,1,validation
0,0.07123627147775577,0,validation
0,0.20795410177086032,0,validation
0,0.14622615601304548,0,validation
0,0.1285621929288046,0,validation
0,0.273318645900187,0,validation
0,0.15183911215879586,0,validation
0,0.1834385617654832,0,validation
0,0.1275285024945531,0,validation
0,0.10348501753674225,0,validation
1,0.999999999995151,1,validation
0,0.5907690291678328,1,validation
0,0.14248341775181358,0,validation
0,0.07253756281338038,0,validation
0,0.20290897842694583,0,validation
0,0.2881162367531277,0,validation
1,0.9999999999230096,1,validation
0,0.16608025405668891,0,validation
0,0.30380021803843815,0,validation
1,0.3251598088080544,0,validation
1,0.9999999999574076,1,validation
1,0.9999999999750688,1,validation
0,0.18139564794803031,0,validation
0,0.08385724428066924,0,validation
1,0.38505604423588946,0,validation
0,0.13867568983899697,0,validation
1,0.12352330449977629,0,validation
0,0.2472614874801298,0,validation
0,0.08129603156207943,0,validation
0,0.15796632920744813,0,validation
1,0.3757047822990912,0,validation
0,0.2268549905701056,0,validation
0,0.2473094768961704,0,validation
0,0.4163252871265632,0,validation
1,0.12384881460709746,0,validation
1,0.9999999999844897,1,validation
1,0.3482879105610626,0,validation
1,0.9999999999481959,1,validation
0,0.14133650628957573,0,validation
0,0.22934973297750388,0,validation
0,0.1982493240178602,0,validation
0,0.13298369954862432,0,validation
0,0.3162067329249477,0,validation
0,0.15053947927876507,0,validation
0,0.3621453789692719,0,validation
1,0.9999999999213793,1,validation
0,0.08094224115943328,0,validation
0,0.4715837339200318,0,validation
0,0.12369232080880734,0,validation
0,0.13687352697130564,0,validation
0,0.11631936381922078,0,validation
0,0.28529737257122023,0,validation
1,0.9999999999551266,1,validation
0,0.1483411991333904,0,validation
0,0.14195347328310565,0,validation
1,0.13049277106863466,0,validation
0,0.3268251644386081,0,validation
0,0.28307016873866425,0,validation
0,0.23469998605273812,0,validation
0,0.32147252381553443,0,validation
0,0.12919565974864994,0,validation
1,0.07322253270041412,0,validation
0,0.4854141451379859,0,validation
0,0.17181664658289475,0,validation
1,0.2837141492404911,0,validation
0,0.08930879515617769,0,validation
0,0.11743052296396284,0,validation
1,0.8942459449415661,1,validation
0,0.0856290801244305,0,validation
0,0.2363412690449701,0,validation
0,0.16901873318439772,0,validation
1,0.6815806097020871,1,validation
0,0.249706594504067,0,validation
0,0.2544648559821772,0,validation
0,0.12693141664883423,0,validation
0,0.10583888361179296,0,validation
1,0.3617651223602104,0,validation
0,0.3496244493021445,0,validation
0,0.18809368574957822,0,validation
1,0.6606115255101233,1,validation
0,0.05000275217856135,0,validation
0,0.06265594815363414,0,validation
1,0.2863774792588756,0,validation
1,0.19389311548117447,0,validation
0,0.21007377394791654,0,validation
0,0.11236230411044426,0,validation
0,0.15214835921190817,0,validation
0,0.14802670146352317,0,validation
1,0.9999999999954277,1,validation
0,0.07374863009291491,0,validation
1,0.9999999999923674,1,validation
0,0.04068055766762255,0,validation
0,0.14962402356643853,0,validation
0,0.13565738021852086,0,validation
1,0.9999999999405376,1,validation
0,0.07406096131063993,0,validation
0,0.13243149065327142,0,validation
0,0.11356753354230702,0,validation
0,0.20811624556563507,0,validation
0,0.20570425354992303,0,validation
0,0.1358158128038071,0,validation
0,0.40248998685300197,0,validation
1,0.839122434485822,1,validation
0,0.20569728376901156,0,validation
0,0.19224253806102123,0,validation
0,0.20023962088326888,0,validation
0,0.15048902785191498,0,validation
0,0.30504426085924635,0,validation
0,0.13648698838692513,0,validation
0,0.29924874878683444,0,validation
1,0.9999999998782798,1,validation
0,0.3193774980149968,0,validation
0,0.16928008383797338,0,validation
0,0.6458874982048578,1,validation
0,0.12486865757759603,0,validation
1,0.9999999999320306,1,validation
0,0.10272156698376272,0,validation
0,0.19046717068015565,0,validation
0,0.08102339490598359,0,validation
0,0.08933383338690482,0,validation
1,0.9999999999721703,1,validation
1,0.136476099478386,0,validation
0,0.05680798790432351,0,validation
1,0.9999999999494271,1,validation
0,0.22347603608129982,0,validation
1,0.9999999999599403,1,validation
0,0.1321299856809556,0,validation
1,0.4184565374884042,0,validation
0,0.10318796932271417,0,validation
0,0.32325694806084554,0,validation
0,0.1942118638043187,0,validation
0,0.06058556246755744,0,validation
1,0.9999999999407008,1,validation
0,0.2556801282127326,0,validation
0,0.10897735259040622,0,validation
0,0.1366186618840606,0,validation
0,0.2844880246417284,0,validation
0,0.22428923857229371,0,validation
0,0.03897290958180183,0,validation
1,0.11724685916851411,0,validation
1,0.9999999999841245,1,validation
0,0.280651518486565,0,validation
0,0.09423261147540904,0,validation
1,0.9999999999568492,1,validation
0,0.09234013399148022,0,validation
0,0.554593475705189,1,validation
0,0.1599008693348815,0,validation
0,0.22090315646904338,0,validation
0,0.3316646962469553,0,validation
0,0.21605295034085892,0,validation
0,0.07422958682298395,0,validation
0,0.18119476729160425,0,validation
0,0.17365010376857598,0,validation
0,0.31784206932258896,0,validation
0,0.0731847900880953,0,validation
0,0.19748493337567086,0,validation
0,0.1259870845470282,0,validation
0,0.20019404037575647,0,validation
0,0.1290491715184371,0,validation
1,0.9999999999573621,1,validation
0,0.20668712224727595,0,validation
0,0.08395137718662281,0,validation
0,0.22455362510291957,0,validation
0,0.08028867840458312,0,validation
0,0.09688472712224193,0,validation
0,0.26140656116729244,0,validation
0,0.10277915129267975,0,validation
0,0.2632986923480583,0,validation
0,0.08066039301689112,0,validation
0,0.09168484102794444,0,validation
0,0.17238659484708987,0,validation
0,0.0946226306260828,0,validation
1,0.5612312739900998,1,validation
1,0.9999999999756572,1,validation
0,0.18434636119425518,0,validation
0,0.1782036265041699,0,validation
0,0.14931245800765694,0,validation
0,0.08081764101672616,0,validation
1,0.9999999999858888,1,validation
0,0.11048045976123741,0,validation
0,0.32971720022126605,0,validation
0,0.16235114755258503,0,validation
1,0.5156724143916246,1,validation
1,0.2512890997828117,0,validation
1,0.19119887595587634,0,validation
1,0.22111104562062775,0,validation
0,0.38560807697224675,0,validation
0,0.215039712658869,0,validation
0,0.10936970270386118,0,validation
1,0.3552954122903512,0,validation
1,0.999999999876598,1,validation
0,0.34643181800121015,0,validation
0,0.5608298570602985,1,validation
0,0.20081263644972708,0,validation
0,0.07870763089477971,0,validation
1,0.999999999957029,1,validation
1,0.9999999999193994,1,validation
0,0.11239739826631215,0,validation
0,0.07736682703529094,0,validation
1,0.4283937981543577,0,validation
0,0.29270705941115194,0,validation
1,0.9999999998949647,1,validation
1,0.4615991279537404,0,validation
0,0.5860464780898125,1,validation
1,0.33938447848099107,0,validation
0,0.3019973079481136,0,validation
1,0.07432784902646937,0,validation
1,0.25087140270405256,0,validation
0,0.16448193701301078,0,validation
0,0.3031469423188237,0,validation
0,0.2727390350742765,0,validation
1,0.9999999999004099,1,validation
0,0.08679382565645587,0,validation
1,0.9999999999702098,1,validation
0,0.13197508126082544,0,validation
0,0.1750818515571238,0,validation
0,0.1990128509449086,0,validation
1,0.584221578556542,1,validation
0,0.027809008407210033,0,validation
0,0.22058482790388645,0,validation
1,0.4390271593470629,0,validation
0,0.2073774459086308,0,validation
1,0.9999999999874369,1,validation
1,0.4924615922170427,0,validation
0,0.13069263860910607,0,validation
0,0.1441667990903016,0,validation
1,0.41661428240998466,0,validation
1,0.1739823030100195,0,validation
0,0.1436051542019187,0,validation
1,0.4802648730583169,0,validation
1,0.20199927490760228,0,validation
1,0.26038324181925093,0,validation
0,0.08969481782018782,0,validation
0,0.429641640946291,0,validation
0,0.16414767445452697,0,validation
1,0.99999999989361,1,validation
0,0.13763665815082257,0,validation
0,0.2136942389136325,0,validation
0,0.10839845517048395,0,validation
0,0.19840409954947627,0,validation
1,0.26832653576760496,0,validation
0,0.08953909128282002,0,validation
0,0.18653783607022584,0,validation
0,0.4459459445011941,0,validation
1,0.32609768969554803,0,validation
0,0.1522549603675207,0,validation
0,0.15077855011947147,0,validation
1,0.15384381785038503,0,validation
0,0.07794163148322823,0,validation
0,0.12104936144482545,0,validation
0,0.06790630182830817,0,validation
1,0.27252475840349455,0,validation
0,0.22025974479850693,0,validation
0,0.22956873826673285,0,validation
0,0.06278056603598402,0,validation
0,0.16044661217550663,0,validation
0,0.12063750335011561,0,validation
0,0.20827259461503167,0,validation
0,0.043813395406720274,0,validation
1,0.22181580284392519,0,validation
1,0.7987607321877075,1,validation
1,0.9999999999428022,1,validation
0,0.26705266783644366,0,validation
0,0.1301822280341481,0,validation
1,0.9999999998436278,1,validation
0,0.1415387639316111,0,validation
0,0.2909357528126038,0,validation
0,0.47283833081897064,0,validation
0,0.08527586368190417,0,validation
0,0.3448470742644233,0,validation
0,0.1034930898880241,0,validation
1,0.9999999999439766,1,validation
0,0.059625369825143215,0,validation
0,0.21684769021213704,0,validation
0,0.17451083071256346,0,validation
0,0.09379032161579777,0,validation
1,0.999999999899502,1,validation
1,0.9999999999809899,1,validation
1,0.3988705254317755,0,validation
0,0.1423432710556409,0,validation
0,0.05991639575924423,0,validation
0,0.22754633093420845,0,validation
1,0.2407017173759975,0,validation
1,0.9999999999388776,1,validation
1,0.18580952147971128,0,validation
0,0.33284516142065085,0,validation
1,0.07597226394510946,0,validation
0,0.12157412899741078,0,validation
1,0.9999999998916427,1,validation
0,0.14184434796087536,0,validation
1,0.5376798198642252,1,validation
1,0.9999999999234566,1,validation
0,0.07221026433034017,0,validation
0,0.18312313056909785,0,validation
0,0.08542797954303821,0,validation
0,0.2027668348139788,0,validation
1,0.9999999999600206,1,validation
0,0.060567293105709054,0,validation
0,0.2547822352858086,0,validation
0,0.05892567691723939,0,validation
1,0.999999999987669,1,validation
0,0.20019142874758447,0,validation
0,0.08374100996193513,0,validation
0,0.030521530286601206,0,validation
0,0.2500630819745831,0,validation
0,0.2082651681203797,0,validation
0,0.17339451390156416,0,validation
1,0.9999999998149869,1,validation
0,0.24885173465257118,0,validation
0,0.08270463559462082,0,validation
0,0.13192635465131808,0,validation
1,0.2740409291683463,0,validation
1,0.38989762103428016,0,validation
1,0.999999999951573,1,validation
0,0.22560334035037027,0,validation
0,0.21164153333711547,0,validation
0,0.08516927862849669,0,validation
0,0.24799686546874,0,validation
0,0.170195269546941,0,validation
1,0.305755555745802,0,validation
1,0.22811321855674654,0,validation
0,0.20599284768082585,0,validation
0,0.30717569622650664,0,validation
0,0.12722485171276357,0,validation
0,0.14972687336243432,0,validation
0,0.24311452486724336,0,validation
0,0.18749397310991525,0,validation
1,0.49031751123970724,0,validation
0,0.2152643697673401,0,validation
0,0.10703684615395445,0,validation
0,0.1683187001909164,0,validation
1,0.17301957106009852,0,validation
0,0.4262491622835505,0,validation
0,0.39414631326762445,0,validation
0,0.1912936432646812,0,validation
0,0.327476150900352,0,validation
0,0.13052419512071942,0,validation
0,0.06887273648467054,0,validation
0,0.3203852798495659,0,validation
0,0.24272994312889568,0,validation
0,0.07334086802498103,0,validation
0,0.18495554632802613,0,validation
0,0.49645906114092414,0,validation
0,0.14247257172711073,0,validation
0,0.07228921625065399,0,validation
0,0.24862555570662964,0,validation
0,0.17126294088869992,0,validation
0,0.11801003178739852,0,validation
0,0.22642535744125547,0,validation
0,0.2880863307463302,0,validation
0,0.13385909168725593,0,validation
0,0.11361331075548144,0,validation
0,0.2771497429500261,0,validation
1,0.09994101727545483,0,validation
0,0.26578985292943863,0,validation
0,0.1359149616217035,0,validation
0,0.1452889503527105,0,validation
1,0.3846169507599036,0,validation
0,0.3132200076968628,0,validation
0,0.2343437475951069,0,validation
0,0.185661708719023,0,validation
0,0.1710034382889719,0,validation
0,0.06698450790944768,0,validation
1,0.9999999999613618,1,validation
1,0.18871699132570147,0,validation
0,0.2532022147758114,0,validation
1,0.14774401283228297,0,validation
0,0.1811745131162205,0,validation
0,0.1245983989274111,0,validation
1,0.47272298381120037,0,validation
0,0.2392308893446919,0,validation
0,0.0993797037890282,0,validation
0,0.13971495798545078,0,validation
0,0.10689860667420974,0,validation
0,0.13314394966093715,0,validation
0,0.23731542866713082,0,validation
0,0.24978423135709174,0,validation
0,0.08091815474102909,0,validation
1,0.17961588394136443,0,validation
0,0.1942983891382753,0,validation
0,0.07129385371308174,0,validation
0,0.10004453283380477,0,validation
0,0.15882098840542638,0,validation
0,0.32630401422105765,0,validation
1,0.09485875549261692,0,validation
1,0.9999999998984552,1,validation
0,0.16751275100353905,0,validation
0,0.05030663384260398,0,validation
0,0.3028387606293327,0,validation
0,0.25656145484410364,0,validation
0,0.20060156409869606,0,validation
0,0.2617213132852665,0,validation
0,0.3073183571007206,0,validation
0,0.10463164166719119,0,validation
0,0.08158637179812483,0,validation
0,0.23076232702605576,0,validation
0,0.12880281473188324,0,validation
1,0.26038877273340305,0,validation
0,0.283481704524949,0,validation
0,0.19946506945985368,0,validation
1,0.9999999998874003,1,validation
1,0.28320581817788903,0,validation
0,0.16289876388370866,0,validation
0,0.060464030892251566,0,validation
0,0.1427243685441094,0,validation
0,0.20339873350796056,0,validation
0,0.20401681117148956,0,validation
1,0.4025414359770485,0,validation
0,0.1771131626464882,0,validation
0,0.15752592683493657,0,validation
1,0.9999999999563836,1,validation
0,0.19199794874589812,0,validation
1,0.9999999999541418,1,validation
1,0.9999999998103974,1,validation
1,0.9999999999695133,1,validation
0,0.1741876796023213,0,validation
0,0.35979533661323015,0,validation
0,0.18724851805631532,0,validation
0,0.15727664228923066,0,validation
0,0.14916268724161794,0,validation
0,0.19237685253194592,0,validation
0,0.1038039294429002,0,validation
0,0.09463255660299867,0,validation
0,0.23107720454178812,0,validation
0,0.07672952250480104,0,validation
1,0.9999999998607962,1,validation
1,0.9999999998328231,1,validation
0,0.14951284920582608,0,validation
0,0.15408846895560038,0,validation
0,0.15407295523542214,0,validation
0,0.20750697180078032,0,validation
0,0.17281516591375912,0,validation
0,0.15180805064910374,0,validation
1,0.9999999999079079,1,validation
1,0.5356505989056126,1,validation
0,0.06408338901689449,0,validation
0,0.28624993611009286,0,validation
1,0.9999999999494222,1,validation
0,0.3815681459448693,0,validation
0,0.21432839234090087,0,validation
0,0.18612383218282486,0,validation
0,0.8069552805720381,1,validation
0,0.11539707274785381,0,validation
0,0.2541536333455562,0,validation
1,0.3766176168161378,0,validation
0,0.17895577516049463,0,validation
0,0.20838600624718015,0,validation
1,0.9999999999668145,1,validation
0,0.3699582033400196,0,validation
0,0.21281148619981252,0,validation
0,0.10071825039546695,0,validation
0,0.22233342776272075,0,validation
0,0.15953820841325264,0,validation
0,0.46240294552452893,0,validation
0,0.4740578693417353,0,validation
0,0.18103694604369783,0,validation
0,0.09757738514020114,0,validation
0,0.08619884396311572,0,validation
0,0.06747771404841653,0,validation
0,0.13935586083814597,0,validation
0,0.12461942325953539,0,validation
1,0.9999999999860993,1,validation
1,0.1313117385270832,0,validation
0,0.13170204609709144,0,validation
0,0.2759541563520591,0,validation
0,0.21869073154113486,0,validation
0,0.14055924207299655,0,validation
0,0.41193693440452234,0,validation
0,0.29197569083345787,0,validation
1,0.17383701539949084,0,validation
1,0.2508757125849851,0,validation
0,0.04565571843393962,0,validation
0,0.13019080264662428,0,validation
0,0.16782004292259134,0,validation
1,0.144909141284367,0,validation
1,0.3298560814775225,0,validation
0,0.2389304645882243,0,validation
0,0.10502469796648854,0,validation
1,0.210889942381275,0,validation
0,0.0915051628366822,0,validation
0,0.20512141056374344,0,validation
0,0.18302856335377643,0,validation
0,0.06797230965628838,0,validation
0,0.1748687972155514,0,validation
0,0.108166682029224,0,validation
0,0.1191042073786574,0,validation
0,0.31175709882799446,0,validation
0,0.12144129734538943,0,validation
0,0.0806801246360821,0,validation
0,0.21598403552859682,0,validation
0,0.3207881463288125,0,validation
0,0.17659315340115858,0,validation
0,0.27195312522221826,0,validation
0,0.0806624411951732,0,validation
0,0.19146945496267176,0,validation
0,0.08007614417176705,0,validation
0,0.1828206386205139,0,validation
1,0.5742396472241117,1,validation
0,0.10615813964612889,0,validation
0,0.22246165831978748,0,validation
1,0.9999999998760485,1,validation
0,0.265716083205306,0,validation
0,0.10625531609707696,0,validation
0,0.3945891836389656,0,validation
0,0.11388228071081828,0,validation
0,0.1868295678831741,0,validation
0,0.11020276808562313,0,validation
0,0.18088089123139395,0,validation
0,0.22022619426633447,0,validation
1,0.29976190695197213,0,validation
1,0.34368256065833397,0,validation
1,0.3809354581471097,0,validation
1,0.9999999999594851,1,validation
1,0.23107306951491816,0,validation
1,0.6069426942912565,1,validation
0,0.3160969043094658,0,validation
0,0.19434540671210038,0,validation
1,0.2892905149407839,0,validation
1,0.9999999999657441,1,validation
0,0.17967250378803473,0,validation
0,0.22209869486520212,0,validation
0,0.12045420307368976,0,validation
0,0.14477627067195536,0,validation
0,0.09280108494764061,0,validation
1,0.9999999999424622,1,validation
0,0.18773447215778336,0,validation
0,0.12274088166561489,0,validation
1,0.9999999998574467,1,validation
1,0.15383331900068717,0,validation
1,0.9999999998963662,1,validation
0,0.14240217891562523,0,validation
0,0.12125963460179383,0,validation
0,0.2631590615295842,0,validation
0,0.22594180098099864,0,validation
1,0.999999999972859,1,validation
1,0.9999999999875344,1,validation
0,0.2108339349779591,0,validation
0,0.3212625877872959,0,validation
1,0.9999999999611524,1,validation
0,0.412165504661261,0,validation
1,0.9999999999270637,1,validation
0,0.17012430763539324,0,validation
0,0.42370804091449427,0,validation
0,0.20888369420234904,0,validation
0,0.148541716618158,0,validation
1,0.9999999999352025,1,validation
0,0.14966922713067402,0,validation
0,0.14568812916058085,0,validation
0,0.336284351259698,0,validation
1,0.9999999999770202,1,validation
0,0.22040752345819045,0,validation
0,0.1984683763665514,0,validation
1,0.9999999999781857,1,validation
0,0.19044883980962238,0,validation
0,0.36513250683887805,0,validation
0,0.42400704463569233,0,validation
1,0.9999999999338371,1,validation
1,0.20955255455341926,0,validation
1,0.07032301949589881,0,validation
0,0.3030542037926288,0,validation
0,0.21675571160458076,0,validation
0,0.16188949127498017,0,validation
0,0.4181272024146843,0,validation
0,0.3507403360869589,0,validation
0,0.15548953581395034,0,validation
0,0.168043496689135,0,validation
0,0.15638122565936863,0,validation
0,0.25482951810537746,0,validation
0,0.35430515275766655,0,validation
0,0.0489517198686595,0,validation
0,0.20044857956230439,0,validation
0,0.26410031501175335,0,validation
0,0.21452425697241798,0,validation
0,0.197975228811142,0,validation
0,0.2736740847625814,0,validation
0,0.07170787054390049,0,validation
1,0.999999999960659,1,validation
0,0.20325605815522044,0,validation
1,0.9999999999391276,1,validation
0,0.11260722779843511,0,validation
0,0.21500629534942547,0,validation
0,0.17364403456810112,0,validation
0,0.17204018493354456,0,validation
0,0.4802471448614281,0,validation
0,0.0933652577649128,0,validation
0,0.29929478154699873,0,validation
0,0.13270846373365652,0,validation
0,0.2938154310650352,0,validation
0,0.3012844609431952,0,validation
0,0.08860131457808373,0,validation
0,0.2555106673444859,0,validation
0,0.23114992289966968,0,validation
0,0.2939768840212969,0,validation
0,0.15678786490830887,0,validation
1,0.9999999999811122,1,validation
0,0.09863596653346735,0,validation
0,0.07346512939030232,0,validation
0,0.17454956372759706,0,validation
0,0.23746117324993057,0,validation
0,0.13692149964769199,0,validation
0,0.19501408828271424,0,validation
0,0.2819694829596115,0,validation
1,0.99999999991247,1,validation
1,0.999999999931499,1,validation
0,0.13215702098198043,0,validation
0,0.08659448862022996,0,validation
0,0.2118855826781595,0,validation
0,0.2506035120212268,0,validation
0,0.12165241646276087,0,validation
0,0.13534115664033114,0,validation
0,0.09941820281891922,0,validation
0,0.10886298606272712,0,validation
0,0.09556419173468729,0,validation
0,0.17283037931654754,0,validation
0,0.1461891611841608,0,validation
0,0.1831896233468727,0,validation
0,0.2688681407319296,0,validation
1,0.287713919699084,0,validation
1,0.5685559716427193,1,validation
0,0.1518403117369212,0,validation
0,0.2752332499365761,0,validation
1,0.9999999999639606,1,validation
1,0.320155039579095,0,validation
1,0.5488619958183917,1,validation
0,0.15668880227602394,0,validation
0,0.1563592063741088,0,validation
0,0.2386986991429857,0,validation
0,0.1311823267340697,0,validation
1,0.9999999999838252,1,validation
0,0.06054525893758529,0,validation
0,0.21210916002152658,0,validation
0,0.22377464739158692,0,validation
0,0.11271820548577453,0,validation
0,0.1670368316083951,0,validation
0,0.15660613415058877,0,validation
0,0.16864246288229953,0,validation
1,0.9999999999344553,1,validation
0,0.16242239609093675,0,validation
0,0.14127710296147059,0,validation
0,0.05892907091700022,0,validation
0,0.1345554552497707,0,validation
1,0.9999999999486802,1,validation
0,0.18582299869500954,0,validation
0,0.31817604071067923,0,validation
0,0.18796962720177554,0,validation
0,0.07299499128726288,0,validation
0,0.10336323108743584,0,validation
0,0.21618811571166793,0,validation
1,0.9999999999629114,1,validation
1,0.4829552892056907,0,validation
1,0.41803422076435587,0,validation
0,0.2094515822177458,0,validation
0,0.3498042106537079,0,validation
1,0.9999999999467735,1,validation
0,0.2848710959245826,0,validation
1,0.2578303986502938,0,validation
0,0.25059019523477744,0,validation
0,0.5400741883490591,1,validation
1,0.5914373461245598,1,validation
1,0.4908948249134037,0,validation
0,0.18643049755855576,0,validation
1,0.3580026424354957,0,validation
1,0.9999999999320948,1,validation
1,0.3315575847960635,0,validation
1,0.9999999999711255,1,validation
1,0.3725029238715471,0,validation
0,0.11943117625642719,0,validation
0,0.18407264644320678,0,validation
0,0.22896378210857227,0,validation
0,0.09131499653197282,0,validation
0,0.11083815950843108,0,validation
0,0.04370804292628259,0,validation
0,0.11306986346596119,0,validation
0,0.10504240695393795,0,validation
1,0.07631240890884669,0,validation
0,0.21119271038714593,0,validation
0,0.13337783411949913,0,validation
0,0.06077091465614178,0,validation
0,0.2532443009878831,0,validation
0,0.15385071435700742,0,validation
0,0.099115207361799,0,validation
0,0.12646858969815478,0,validation
1,0.16363483274705884,0,validation
1,0.9999999999390405,1,validation
0,0.2148067719459646,0,validation
0,0.32938964532721315,0,validation
0,0.20708250628576685,0,validation
0,0.10462200308199963,0,validation
0,0.13845147634326826,0,validation
0,0.46799262030819977,0,validation
0,0.04051334018418369,0,validation
0,0.21047841755133448,0,validation
0,0.12112679336251171,0,validation
0,0.14610394522148332,0,validation
0,0.25826910909416323,0,validation
0,0.18038169146671765,0,validation
0,0.09342913272981927,0,validation
0,0.268249183588853,0,validation
1,0.9999999999568447,1,validation
0,0.19439506103845816,0,validation
0,0.19374974197948222,0,validation
0,0.06856845611999304,0,validation
0,0.11595229361867561,0,validation
0,0.19921068656339647,0,validation
0,0.4016984842443287,0,validation
1,0.26718851890997947,0,validation
0,0.14669030803900163,0,validation
0,0.1574905363092021,0,validation
0,0.1251119676468578,0,validation
1,0.9999999999588431,1,validation
1,0.9999999999512483,1,validation
1,0.06492814621385525,0,validation
0,0.24609970393863168,0,validation
0,0.11672244034045726,0,validation
0,0.1803975076578756,0,validation
0,0.09340750597013829,0,validation
1,0.9999999999655009,1,validation
1,0.9999999998591713,1,validation
0,0.04584732535521596,0,validation
0,0.2395548505328611,0,validation
0,0.07794052190173464,0,validation
0,0.39226513297305204,0,validation
1,0.28379801773584057,0,validation
0,0.21549819703783052,0,validation
0,0.24890198611755449,0,validation
0,0.5556360214529279,1,validation
0,0.14221085537177455,0,validation
0,0.16646382013268632,0,validation
0,0.4530469034307798,0,validation
0,0.2139534603202656,0,validation
1,0.9999999998777886,1,validation
0,0.20761970123592907,0,validation
0,0.14223750944202976,0,validation
0,0.2827834154549621,0,validation
0,0.24800296323854695,0,validation
0,0.2677715931574445,0,validation
0,0.12118175041803984,0,validation
1,0.9999999999847575,1,validation
1,0.13314020197551593,0,validation
1,0.9999999999688145,1,validation
0,0.09428508635019366,0,validation
0,0.18606438341069736,0,validation
0,0.13731391048163832,0,validation
0,0.18553958681225982,0,validation
0,0.051092804451082004,0,validation
1,0.06758591518390665,0,validation
0,0.24435669646874592,0,validation
0,0.32787140727200764,0,validation
0,0.25718337539483277,0,validation
0,0.21134054584519252,0,validation
0,0.19611322326271846,0,validation
0,0.08031723138155346,0,validation
0,0.17846604734194235,0,validation
0,0.12332897312713728,0,validation
0,0.07507465369683959,0,validation
0,0.14922023896011263,0,validation
0,0.26494307835281977,0,validation
0,0.08811604983327904,0,validation
0,0.2908351258871783,0,validation
1,0.1705366860239418,0,validation
0,0.09437565185159537,0,validation
0,0.1923951200981422,0,validation
1,0.29707384574523965,0,validation
0,0.10600345219067733,0,validation
0,0.2770142914320413,0,validation
0,0.22947944360548803,0,validation
0,0.11411052122654228,0,validation
0,0.13326194750099157,0,validation
0,0.21325358445134793,0,validation
1,0.15014892098952534,0,validation
0,0.10671575329493956,0,validation
0,0.25017899553813894,0,validation
1,0.28688985013326185,0,validation
1,0.9999999999294793,1,validation
0,0.1471656158913275,0,validation
0,0.29371034766447796,0,validation
0,0.09754559611737228,0,validation
0,0.06238041580651869,0,validation
0,0.0955801565147855,0,validation
0,0.11490092327089696,0,validation
0,0.21908730998293377,0,validation
0,0.08774184312780489,0,validation
0,0.2026446641569062,0,validation
0,0.11939767941937707,0,validation
0,0.2114694243923139,0,validation
1,0.3017081533214671,0,validation
1,0.4432754454601623,0,validation
0,0.1796136430774317,0,validation
0,0.09708843882503411,0,validation
1,0.1773183985263036,0,validation
1,0.4407015276076515,0,validation
0,0.06286775694160655,0,validation
1,0.9999999999415143,1,validation
0,0.2502811024791325,0,validation
0,0.13811695429132573,0,validation
0,0.15885824679670282,0,validation
1,0.9999999999673359,1,validation
1,0.9999999998656923,1,validation
0,0.15102685813544328,0,validation
0,0.09171719624742998,0,validation
1,0.19313856396794207,0,validation
0,0.08802291956177492,0,validation
0,0.13043448214928974,0,validation
0,0.32618125846966495,0,validation
0,0.2377086695498531,0,validation
1,0.778901657786038,1,validation
0,0.19828185517585042,0,validation
1,0.9999999999697131,1,validation
1,0.9999999998648119,1,validation
0,0.25711956980131306,0,validation
1,0.34887122556103295,0,validation
0,0.06248580899944943,0,validation
0,0.16904855347229658,0,validation
1,0.9999999999498455,1,validation
0,0.3597960431803688,0,validation
0,0.21124832705065913,0,validation
0,0.20692932869281339,0,validation
0,0.29950715850831944,0,validation
0,0.22326208288771957,0,validation
0,0.2027304794734678,0,validation
0,0.2639278033630996,0,validation
1,0.512086257649494,1,validation
1,0.9999999999415552,1,validation
0,0.16114053272219164,0,validation
1,0.9999999999900533,1,validation
1,0.22038883342694604,0,validation
0,0.15907368461174648,0,validation
1,0.999999999989023,1,validation
0,0.03560106841508182,0,validation
1,0.7646000374165277,1,validation
0,0.10414558168158203,0,validation
0,0.2714383138619133,0,validation
0,0.11727423086445671,0,validation
0,0.16691657093163564,0,validation
0,0.11509803418367283,0,validation
0,0.24911671757198642,0,validation
1,0.22179401358388331,0,validation
1,0.8859906099400164,1,validation
1,0.9999999998976794,1,validation
0,0.1517933661500735,0,validation
0,0.09213481323195201,0,validation
0,0.20440856452244274,0,validation
0,0.10453228974994312,0,validation
0,0.2683114645663586,0,validation
1,0.11316050803644186,0,validation
0,0.15540689510163058,0,validation
1,0.9999999999746718,1,validation
1,0.20135096748764608,0,validation
1,0.9999999999568674,1,validation
0,0.16601523832373183,0,validation
1,0.999999999945999,1,validation
0,0.2307044063939903,0,validation
0,0.21898388375096547,0,validation
0,0.1667407821537177,0,validation
0,0.3970211991613261,0,validation
0,0.2528905381809653,0,validation
0,0.34192006917544365,0,validation
1,0.15049624202578032,0,validation
0,0.15424470846324398,0,validation
0,0.14223405725695976,0,validation
0,0.38145433106919413,0,validation
1,0.9999999998926512,1,validation
0,0.10623822518642657,0,validation
0,0.1855773396922889,0,validation
0,0.27714361381613556,0,validation
1,0.10401927338637416,0,validation
0,0.25622918536759676,0,validation
0,0.2799222371264572,0,validation
0,0.2354017535242027,0,validation
1,0.31242236549496144,0,validation
0,0.1367689978647557,0,validation
0,0.48055098029194776,0,validation
0,0.15521626597215277,0,validation
1,0.35119992383133225,0,validation
0,0.19378715543022865,0,validation
0,0.19927633185436172,0,validation
0,0.22526882467474005,0,validation
0,0.13181278415486197,0,validation
1,0.5847091108417173,1,validation
0,0.18481603586936363,0,validation
0,0.1519618709381737,0,validation
1,0.999999999975145,1,validation
0,0.14592495902029765,0,validation
1,0.9999999998773286,1,validation
0,0.09548721594180458,0,validation
1,0.9999999999157672,1,validation
0,0.04206660449296127,0,validation
0,0.2862950282924156,0,validation
1,0.9999999999696509,1,validation
0,0.1328476649912219,0,validation
0,0.17229281160510154,0,validation
0,0.2166114173510706,0,validation
0,0.17788293656233842,0,validation
0,0.7124216300835069,1,validation
0,0.05200342554349469,0,validation
0,0.14169125844083189,0,validation
0,0.1685830278563003,0,validation
1,0.2597489730287385,0,validation
0,0.11130207549037038,0,validation
0,0.22095243976390325,0,validation
1,0.19649122269634436,0,validation
0,0.2231058212856498,0,validation
0,0.5123968535888551,1,validation
1,0.19979819621515826,0,validation
0,0.10757481207451854,0,validation
0,0.13202800089159875,0,validation
0,0.08560494138947057,0,validation
0,0.14851165137993605,0,validation
0,0.1663798575239563,0,validation
0,0.6144331004806058,1,validation
1,0.08679293036670262,0,validation
1,0.3151584903810212,0,validation
0,0.06318795597456164,0,validation
0,0.21307023935118918,0,validation
1,0.9999999999749685,1,validation
0,0.19704476351659223,0,validation
0,0.08695639078804582,0,validation
0,0.12591713588851028,0,validation
0,0.20580939586918331,0,validation
0,0.07624376476629693,0,validation
1,0.2876016258918187,0,validation
0,0.28199377573421314,0,validation
0,0.1346311958147398,0,validation
0,0.08480828895161248,0,validation
1,0.09153912484725339,0,validation
0,0.0806231311948919,0,validation
0,0.29171464528432206,0,validation
0,0.1042338599025497,0,validation
0,0.1092992849566027,0,validation
0,0.1045452745432546,0,validation
1,0.1682451948235655,0,validation
1,0.9999999999891105,1,validation
0,0.13295083823274084,0,validation
0,0.04855577189914728,0,validation
0,0.14552870501656187,0,validation
0,0.17030321860354916,0,validation
1,0.9999999999936027,1,validation
0,0.11022802042616056,0,validation
1,0.9999999999855282,1,validation
0,0.1515919933424405,0,validation
0,0.2637490827036309,0,validation
0,0.35237225930625343,0,validation
0,0.6710927557832392,1,validation
0,0.14632027418101198,0,validation
0,0.375142991098503,0,validation
1,0.9999999999710609,1,validation
1,0.9999999998029125,1,validation
1,0.09739867599952444,0,validation
0,0.2952541295030187,0,validation
1,0.6843922222005461,1,validation
1,0.12373345269206851,0,validation
1,0.13090743019952902,0,validation
1,0.9999999999656537,1,validation
1,0.9999999999839773,1,validation
0,0.30268733209314624,0,validation
0,0.08837828862155876,0,validation
0,0.16620199728811444,0,validation
0,0.14850187428797385,0,validation
1,0.8866182378402117,1,validation
0,0.0679572270108698,0,validation
0,0.23403564743920313,0,validation
1,0.3372328773292619,0,validation
0,0.17190130987909655,0,validation
0,0.21111980764018498,0,validation
0,0.6056460398768794,1,validation
0,0.18008343720894415,0,validation
0,0.09810320621720438,0,validation
0,0.1666102447881894,0,validation
1,0.9999999999965719,1,validation
0,0.10178678967902095,0,validation
0,0.13615184649524847,0,validation
1,0.20323126864249255,0,validation
0,0.14786402935424264,0,validation
0,0.277450209182155,0,validation
1,0.33107406659023253,0,validation
0,0.222038974134925,0,validation
0,0.19593219344856652,0,validation
0,0.19925271981716053,0,validation
0,0.28704107757550296,0,validation
0,0.18410127200893217,0,validation
1,0.2573308045354659,0,validation
0,0.1506642041809383,0,validation
0,0.3128104336341175,0,validation
1,0.9999999998990585,1,validation
0,0.19138469787420367,0,validation
0,0.17179084006712014,0,validation
1,0.41481146493371707,0,validation
0,0.08437407587246698,0,validation
0,0.08698923558530335,0,validation
0,0.4718470191711202,0,validation
0,0.22497192929074092,0,validation
0,0.0864732170632419,0,validation
1,0.9999999999419968,1,validation
0,0.10169411948147077,0,validation
1,0.9999999997707059,1,validation
0,0.18412872392494994,0,validation
0,0.42271998214602696,0,validation
0,0.20449889536718655,0,validation
0,0.1799311340706461,0,validation
0,0.23322822785032335,0,validation
0,0.2766621136551791,0,validation
1,0.4301914572742319,0,validation
0,0.05311686803915703,0,validation
0,0.07444434668861664,0,validation
0,0.09825881877434878,0,validation
1,0.10100865726718644,0,validation
0,0.13737799665045855,0,validation
1,0.8986276044379015,1,validation
0,0.4386259344551536,0,validation
0,0.0941143493369462,0,validation
0,0.03994323499261754,0,validation
1,0.16260912301835087,0,validation
0,0.12344104725727036,0,validation
0,0.40361801089885585,0,validation
1,0.25775919914206064,0,validation
0,0.0807685327727092,0,validation
1,0.999999999981769,1,validation
0,0.22479716426098256,0,validation
0,0.2317790162192458,0,validation
0,0.2226807242856641,0,validation
0,0.08130540682812089,0,validation
1,0.9999999999596765,1,validation
0,0.2957439612179236,0,validation
0,0.26835196604178707,0,validation
0,0.3357305341487989,0,validation
0,0.20596392773008823,0,validation
0,0.2790388333263391,0,validation
0,0.18721847069833591,0,validation
0,0.13584495969510757,0,validation
0,0.3032783820546928,0,validation
0,0.24926649202659737,0,validation
0,0.3110680468732922,0,validation
1,0.09078363597250935,0,validation
0,0.09878505899954801,0,validation
0,0.26647623998990305,0,validation
0,0.21091146758944768,0,validation
0,0.14984721555582542,0,validation
0,0.11220071400852563,0,validation
1,0.32779807215713,0,validation
0,0.3310400044184276,0,validation
0,0.35076929227698644,0,validation
0,0.11097114643222014,0,validation
1,0.9999999999881646,1,validation
1,0.3526397125017089,0,validation
0,0.3432433976189475,0,validation
0,0.08174857310314862,0,validation
0,0.14319991961870498,0,validation
1,0.2604328125225295,0,validation
1,0.9999999999960967,1,validation
1,0.9999999999331082,1,validation
0,0.21021980025881415,0,validation
0,0.25694700419565913,0,validation
0,0.07351874149668783,0,validation
0,0.11993018598923175,0,validation
0,0.16162047879926594,0,validation
1,0.999999999947377,1,validation
0,0.12044893120948334,0,validation
0,0.10098365056378913,0,validation
0,0.14701827979302604,0,validation
0,0.1854001872232692,0,validation
0,0.27748668402531224,0,validation
1,0.5353475270857108,1,validation
0,0.22075870108735568,0,validation
0,0.274204560261138,0,validation
0,0.20572386659936412,0,validation
0,0.3319287191875632,0,validation
0,0.1132156436607338,0,validation
0,0.28863864150125457,0,validation
1,0.15888456456634503,0,validation
1,0.32954608199483887,0,validation
0,0.22985425134713913,0,validation
0,0.2943142703571573,0,validation
0,0.2178379251892397,0,validation
0,0.5120363185207463,1,validation
0,0.17002949205461562,0,validation
1,0.9999999999804736,1,validation
0,0.41481256640078396,0,validation
0,0.12080485905226307,0,validation
0,0.13286993704636574,0,validation
1,0.2773815183545618,0,validation
0,0.09867857230610806,0,validation
0,0.5105212070902257,1,validation
0,0.14555253914506686,0,validation
0,0.4761164931732829,0,validation
0,0.09395586989802829,0,validation
1,0.3275659315220765,0,validation
0,0.4495044503538804,0,validation
0,0.2543521960015381,0,validation
0,0.1760146866408814,0,validation
0,0.20322072510451375,0,validation
0,0.10584333350013611,0,validation
0,0.2543754496259924,0,validation
0,0.1851404005746367,0,validation
0,0.09089932015811068,0,validation
0,0.09931600842875755,0,validation
0,0.10604427600959251,0,validation
1,0.9999999999546945,1,validation
0,0.25625275766170774,0,validation
0,0.25459542667734847,0,validation
1,0.9999999999274816,1,validation
0,0.2252210436614175,0,validation
0,0.12391885410579342,0,validation
0,0.40058906394496707,0,validation
0,0.12152010295722192,0,validation
0,0.25498841482069207,0,validation
0,0.18421187701806557,0,validation
0,0.11238982026937183,0,validation
1,0.9999999998908695,1,validation
0,0.07251758580695808,0,validation
1,0.287475025552334,0,validation
0,0.21482188088825177,0,validation
1,0.37000185606837027,0,validation
0,0.23838656238469175,0,validation
0,0.15336050368170703,0,validation
0,0.13551226427484436,0,validation
0,0.21226375220387117,0,validation
0,0.24209224547799513,0,validation
0,0.15991018382763575,0,validation
0,0.20330764495245515,0,validation
1,0.7705884874597988,1,validation
0,0.2067134400532934,0,validation
0,0.19670051365803704,0,validation
0,0.1543351663372121,0,validation
1,0.9999999999190656,1,validation
0,0.08824702017511207,0,validation
0,0.14360766690499985,0,validation
0,0.10789657777195598,0,validation
1,0.2034829250905788,0,validation
0,0.0967868874960013,0,validation
0,0.0542059546289663,0,validation
0,0.0897709393292718,0,validation
0,0.2609651051506015,0,validation
0,0.17624701149130337,0,validation
0,0.1189991065860246,0,validation
0,0.19714992013960214,0,validation
0,0.17813721509318162,0,validation
0,0.16701129729185432,0,validation
0,0.3729762767038201,0,validation
0,0.24545080518667145,0,validation
0,0.1555125976353181,0,validation
0,0.07293509627629936,0,validation
1,0.18154288180309303,0,validation
0,0.33859007994363893,0,validation
0,0.12342568237487823,0,validation
0,0.17047311532156204,0,validation
0,0.24414383861695532,0,validation
1,0.999999999944956,1,validation
1,0.4258919591037779,0,validation
0,0.10004196381064699,0,validation
0,0.23833971092311007,0,validation
0,0.05722947898367453,0,validation
0,0.17906418633005972,0,validation
0,0.34593989565263367,0,validation
0,0.14238244009595094,0,validation
0,0.11987188681884856,0,validation
0,0.1091909811093426,0,validation
0,0.37089051893818525,0,validation
0,0.22723847395253205,0,validation
0,0.6528845885887399,1,validation
0,0.15280053047597986,0,validation
0,0.1180500736189497,0,validation
0,0.09261287196065005,0,validation
0,0.38387807539377233,0,validation
0,0.38770299605252967,0,validation
0,0.2786080851076267,0,validation
1,0.9999999999281484,1,validation
0,0.23247583619629134,0,validation
0,0.1622310679254515,0,validation
1,0.9999999999023554,1,validation
0,0.23396589298500997,0,validation
1,0.5870764053907479,1,validation
0,0.21942013828639834,0,validation
0,0.09533258068714352,0,validation
0,0.2805978623563152,0,validation
0,0.09880898957665739,0,validation
0,0.04739059483049456,0,validation
0,0.080303581988204,0,validation
1,0.22646030602241632,0,validation
0,0.454767835826908,0,validation
0,0.43779265483235325,0,validation
1,0.08555533703490109,0,validation
0,0.12749864092861826,0,validation
1,0.48564451985354795,0,validation
1,0.12616006061569787,0,validation
1,0.5746111177839999,1,validation
0,0.07514576229000258,0,validation
0,0.12471423036138073,0,validation
0,0.10756421020938879,0,validation
0,0.2002083651411987,0,validation
1,0.9999999999115852,1,validation
0,0.26464715182530385,0,validation
1,0.6147118956920794,1,validation
1,0.33433205375668146,0,validation
0,0.10553718085832739,0,validation
0,0.19187807622574343,0,validation
0,0.27098526006958484,0,validation
0,0.37656724925100193,0,validation
1,0.08453037346908512,0,validation
0,0.0642204525385682,0,validation
0,0.12086708449127924,0,validation
1,0.9999999998973477,1,validation
0,0.1697367865559414,0,validation
0,0.09088883426244104,0,validation
1,0.2823647832187575,0,validation
0,0.09219578985437679,0,validation
1,0.9999999999348745,1,validation
1,0.40841195939209757,0,validation
0,0.24071266258586713,0,validation
1,0.9999999999084817,1,validation
0,0.1634425701051394,0,validation
1,0.9999999999653106,1,validation
1,0.22424498922687888,0,validation
1,0.9999999999669749,1,validation
1,0.18377579427924765,0,validation
0,0.2826000473190928,0,validation
0,0.21938018511371932,0,validation
0,0.2407239651557351,0,validation
1,0.6405158976737514,1,validation
1,0.9999999999811007,1,validation
0,0.16123930798048547,0,validation
0,0.27016403105457804,0,validation
0,0.09845539722702398,0,validation
0,0.14699928530390338,0,validation
0,0.11567832433801499,0,validation
0,0.16809088645706916,0,validation
1,0.45079533249386156,0,validation
0,0.10833642048710912,0,validation
1,0.41232749855050826,0,validation
0,0.2466470974717463,0,validation
0,0.0675341751461942,0,validation
0,0.251208482372017,0,validation
0,0.48717287731924097,0,validation
0,0.10882591686022187,0,validation
0,0.265387649049167,0,validation
0,0.07251135826169451,0,validation
0,0.29569401530172007,0,validation
0,0.18324155053111227,0,validation
0,0.15909112110692789,0,validation
1,0.5358928925852502,1,validation
0,0.10679187905313897,0,validation
0,0.06758656445990983,0,validation
0,0.07925817285318112,0,validation
0,0.13570399378508305,0,validation
1,0.9999999999644236,1,validation
1,0.9999999998767597,1,validation
1,0.6374334810794966,1,validation
1,0.4246244068245893,0,validation
0,0.14506300097499764,0,validation
1,0.16313390890466256,0,validation
0,0.20941286220127095,0,validation
0,0.2937950926006153,0,validation
0,0.07543916703201863,0,validation
0,0.2667718147969826,0,validation
0,0.18766503951976773,0,validation
1,0.6127654494932988,1,validation
0,0.17874350185105017,0,validation
0,0.15745845729922248,0,validation
0,0.12963896763559643,0,validation
0,0.1273400685879762,0,validation
0,0.07947924439430715,0,validation
1,0.9999999999701834,1,validation
0,0.18972254619246673,0,validation
0,0.1280799262846326,0,validation
1,0.6584737930623886,1,validation
0,0.20300886609813246,0,validation
0,0.5099360579612324,1,validation
1,0.9999999999255547,1,validation
0,0.14485816247214153,0,validation
0,0.159888732659814,0,validation
0,0.21480569911404424,0,validation
0,0.3777634454753521,0,validation
1,0.21948818874275447,0,validation
0,0.6269065994627545,1,validation
0,0.15127660605280369,0,validation
0,0.23547956626751335,0,validation
0,0.08662190630841214,0,validation
0,0.19067114400203974,0,validation
0,0.3365388154287343,0,validation
1,0.15699818509184688,0,validation
0,0.21816658573587674,0,validation
1,0.9999999998288702,1,validation
1,0.9999999999717748,1,validation
0,0.11523716608714879,0,validation
0,0.19178013193211296,0,validation
0,0.28255487618167446,0,validation
0,0.07389317927427431,0,validation
0,0.24153200164685462,0,validation
0,0.14252854424816078,0,validation
0,0.23825841927458305,0,validation
0,0.077870981497223,0,validation
0,0.291373475656661,0,validation
1,0.9999999999894664,1,validation
1,0.3558565963510443,0,validation
0,0.4240397352319714,0,validation
1,0.3305922653233973,0,validation
0,0.08772151178085294,0,validation
0,0.09806226708037633,0,validation
0,0.2666394614746976,0,validation
1,0.2703836756593039,0,validation
0,0.2138191667864818,0,validation
1,0.9999999999485054,1,validation
1,0.32020023755607857,0,validation
1,0.9999999999827756,1,validation
0,0.13835402746230852,0,validation
0,0.14580857105661088,0,validation
0,0.12395282733600238,0,validation
0,0.10163720385381413,0,validation
1,0.9999999999588476,1,validation
0,0.29102083044940735,0,validation
1,0.9999999998359805,1,validation
0,0.15780544128841426,0,validation
1,0.9999999999251139,1,validation
0,0.16507424812923596,0,validation
0,0.34708261177510175,0,validation
1,0.9999999999869835,1,validation
1,0.13809034138933055,0,validation
0,0.0676704330051609,0,validation
0,0.1888931874684802,0,validation
0,0.17656704684771377,0,validation
0,0.14545653936145497,0,validation
0,0.41035279586685236,0,validation
0,0.3888266755896684,0,validation
1,0.07600473492387222,0,validation
0,0.26297378854443104,0,validation
1,0.7009130035433921,1,validation
0,0.44544062762559566,0,validation
0,0.25319930688923586,0,validation
0,0.2619552989712353,0,validation
0,0.17012554291593024,0,validation
0,0.3905927664006901,0,validation
1,0.9999999999841489,1,validation
0,0.19400786696344374,0,validation
0,0.19334242152406184,0,validation
1,0.43406279452323837,0,validation
0,0.21610056250795165,0,validation
0,0.3363987151871563,0,validation
1,0.9999999999672471,1,validation
1,0.25619861256259074,0,validation
0,0.43098107939714264,0,validation
0,0.1339204593584814,0,validation
1,0.0699470236036073,0,validation
0,0.21016842464496405,0,validation
0,0.14069725098439476,0,validation
1,0.08535637942063772,0,validation
0,0.08594619043834488,0,validation
0,0.33600421706645406,0,validation
0,0.05137467980154172,0,validation
1,0.999999999890417,1,validation
0,0.275333486874698,0,validation
0,0.14925959495894178,0,validation
0,0.09573807935194445,0,validation
0,0.23467595089485443,0,validation
1,0.9999999999140949,1,validation
0,0.21382706230057297,0,validation
1,0.9999999999270675,1,validation
0,0.3852442892049367,0,validation
0,0.15781738591877786,0,validation
0,0.08263251578671381,0,validation
0,0.3615243111019775,0,validation
0,0.26724080622684443,0,validation
0,0.39097103268210676,0,validation
0,0.07864351908402228,0,validation
0,0.2373462026413422,0,validation
0,0.15773644323086042,0,validation
0,0.06722516311790569,0,validation
0,0.061107654548892006,0,validation
0,0.3990541981053954,0,validation
0,0.09737736010711011,0,validation
0,0.11246670158275099,0,validation
1,0.9999999999489126,1,validation
1,0.5378117218442217,1,validation
1,0.9999999999654166,1,validation
0,0.10441082269409618,0,validation
0,0.05721290679897364,0,validation
1,0.9999999999655038,1,validation
0,0.1174697112071311,0,validation
0,0.07646775688842825,0,validation
1,0.9999999999257831,1,validation
0,0.09678110211276604,0,validation
0,0.04745540956288252,0,validation
0,0.1676964750403774,0,validation
0,0.16628595842349164,0,validation
1,0.3896808363559032,0,validation
0,0.14926596290732402,0,validation
0,0.09576086630051002,0,validation
0,0.18434248920070234,0,validation
0,0.11495508739711309,0,validation
0,0.19363281316293837,0,validation
0,0.17822208909017204,0,validation
0,0.16660569915588178,0,validation
0,0.06789274268075753,0,validation
0,0.15654617722210865,0,validation
0,0.07013882363696171,0,validation
0,0.36143075525864327,0,validation
0,0.1514245312020471,0,validation
0,0.1473674712623657,0,validation
1,0.17700891622020945,0,validation
0,0.2465561623450759,0,validation
0,0.22742995258725074,0,validation
1,0.9999999998986739,1,validation
1,0.07406085000228449,0,validation
0,0.28368278559666604,0,validation
0,0.18929149385881966,0,validation
0,0.09611228741380594,0,validation
0,0.3746237971156852,0,validation
1,0.18772321513603635,0,validation
0,0.23350253686876637,0,validation
1,0.10780277040495997,0,validation
1,0.9999999999540394,1,validation
1,0.7970496394038783,1,validation
1,0.2620462289368253,0,validation
0,0.17377005818823688,0,validation
1,0.28510654104774025,0,validation
0,0.09559878687452404,0,validation
0,0.2148534403220616,0,validation
0,0.06226787066709348,0,validation
0,0.5732728609767596,1,validation
0,0.16171838188986756,0,validation
1,0.9999999999388505,1,validation
1,0.9999999999680476,1,validation
0,0.081911378663612,0,validation
0,0.3699573833768421,0,validation
0,0.26953220244165005,0,validation
1,0.4215015521664572,0,validation
1,0.9999999999183562,1,validation
1,0.9999999999043574,1,validation
1,0.20273781776313776,0,validation
1,0.9999999999386062,1,validation
1,0.5080076684959682,1,validation
0,0.11810551098746673,0,validation
1,0.22841679720126168,0,validation
0,0.2333047508865101,0,validation
0,0.20123959584051626,0,validation
0,0.06672053657232871,0,validation
1,0.9999999999817806,1,validation
0,0.2509597358279474,0,validation
1,0.24591431329982882,0,validation
0,0.39741082747406886,0,validation
0,0.21344691839062532,0,validation
0,0.1547638988294354,0,validation
0,0.09469132638381297,0,validation
1,0.16248690018579318,0,validation
0,0.045573118385526565,0,validation
0,0.12083549290615553,0,validation
0,0.09184603675665058,0,validation
0,0.11271166199953556,0,validation
1,0.9999999999076894,1,validation
0,0.17179026492271143,0,validation
0,0.1082240362658343,0,validation
1,0.15016170061334197,0,validation
0,0.2463396776601614,0,validation
0,0.25704782449734787,0,validation
0,0.12151171735058426,0,validation
1,0.29593071187840125,0,validation
0,0.24449979986829407,0,validation
0,0.09504960673815747,0,validation
1,0.30527086883372895,0,validation
0,0.17074406116944274,0,validation
1,0.9999999998960403,1,validation
0,0.09083568062938237,0,validation
0,0.22254663286962992,0,validation
0,0.13507231068627124,0,validation
1,0.18121967690641666,0,validation
1,0.2634514210628721,0,validation
0,0.09048829003744709,0,validation
1,0.153374423501209,0,validation
0,0.20162656621380692,0,validation
0,0.14045488080061086,0,validation
0,0.11751762635078164,0,validation
0,0.2412200016733793,0,validation
1,0.2941350305219844,0,validation
0,0.2751086949800486,0,validation
1,0.4198758427518743,0,validation
0,0.27041031036550073,0,validation
0,0.14850565367357005,0,validation
0,0.15913262544162354,0,validation
1,0.3149628186602174,0,validation
0,0.09175856155297138,0,validation
0,0.11298583678476758,0,validation
0,0.09401157867747731,0,validation
0,0.08364599903999645,0,validation
0,0.2806120486745522,0,validation
0,0.19987042911279185,0,validation
0,0.10135529697647282,0,validation
1,0.34438298616440816,0,validation
0,0.29776192565417586,0,validation
1,0.24190828420643629,0,validation
1,0.9999999999319364,1,validation
0,0.2929242769376466,0,validation
0,0.08247726618865588,0,validation
0,0.2883754676076413,0,validation
0,0.5449054600668712,1,validation
1,0.9999999999597018,1,validation
0,0.06659605582258889,0,validation
0,0.08401535185371492,0,validation
0,0.2750112374305274,0,validation
0,0.16928720615592383,0,validation
0,0.19781922287893422,0,validation
0,0.0943220946429526,0,validation
0,0.3179482013235644,0,validation
0,0.14808242816572323,0,validation
0,0.17762403845846106,0,validation
0,0.2411721536548269,0,validation
0,0.3105418991839635,0,validation
0,0.0579944155624391,0,validation
0,0.0717114769117949,0,validation
0,0.30840254888910534,0,validation
0,0.39944834857433703,0,validation
0,0.1672819615681968,0,validation
0,0.24533520723917304,0,validation
0,0.04929810180886338,0,validation
0,0.05991703678408721,0,validation
0,0.22271935799252887,0,validation
0,0.07742755379484995,0,validation
0,0.2374756091170825,0,validation
0,0.14307311438027392,0,validation
0,0.2095110568666116,0,validation
0,0.2915755031212951,0,validation
0,0.09129953326507009,0,validation
0,0.13349307308001623,0,validation
0,0.08589402180530482,0,validation
0,0.2888189548861164,0,validation
0,0.16100578537670346,0,validation
0,0.22917179722635195,0,validation
0,0.18251920571055472,0,validation
0,0.19421125364447014,0,validation
0,0.16925867454658405,0,validation
0,0.13713725605053476,0,validation
0,0.05133973364746367,0,validation
0,0.30118616330629033,0,validation
1,0.9999999999478126,1,validation
0,0.1675465790297214,0,validation
0,0.27344860856682507,0,validation
0,0.2036978493394714,0,validation
1,0.9999999998567823,1,validation
1,0.9999999998893492,1,validation
0,0.10368599339216279,0,validation
0,0.3882907070342548,0,validation
0,0.08695222767701176,0,validation
1,0.137027130223242,0,validation
1,0.26020398715564846,0,validation
0,0.17698256756256867,0,validation
0,0.23775667450036297,0,validation
0,0.10718284806392867,0,validation
0,0.16532360507886296,0,validation
0,0.1972130095935612,0,validation
0,0.20001809236640233,0,validation
0,0.1445056168463281,0,validation
0,0.14007797110446465,0,validation
0,0.23925809690163313,0,validation
0,0.2781406856668028,0,validation
1,0.9999999999492619,1,validation
0,0.23287705928491245,0,validation
1,0.40907260169479137,0,validation
0,0.682478168703013,1,validation
0,0.12157636618251862,0,validation
1,0.0689792530799011,0,validation
0,0.08625066618788002,0,validation
0,0.14840063704056639,0,validation
0,0.16977815185069964,0,validation
0,0.21000501247873749,0,validation
0,0.13010327574353936,0,validation
0,0.0908583733011337,0,validation
0,0.17751676794359406,0,validation
0,0.10825915741563598,0,validation
0,0.24910351498579394,0,validation
1,0.9999999999884412,1,validation
0,0.1428134409455895,0,validation
0,0.11636450860457954,0,validation
0,0.15167916956114227,0,validation
0,0.3091489104079847,0,validation
0,0.06763237859936423,0,validation
0,0.10432586902797372,0,validation
0,0.19686501684946087,0,validation
1,0.15276556692729706,0,validation
0,0.2632323006801379,0,validation
1,0.9999999999410174,1,validation
0,0.16890318389338987,0,validation
0,0.13688184219457827,0,validation
0,0.17337920220270278,0,validation
0,0.20517885419723048,0,validation
0,0.17792594564926584,0,validation
0,0.16793321967145955,0,validation
0,0.0356211844949573,0,validation
0,0.2707844485391331,0,validation
0,0.5438525143220402,1,validation
0,0.0655802983326262,0,validation
0,0.09741987348159602,0,validation
0,0.27487707166769143,0,validation
0,0.10925897339826524,0,validation
1,0.3103478086571156,0,validation
0,0.09068588682884489,0,validation
0,0.09432176276757104,0,validation
1,0.9999999998162157,1,validation
0,0.4428098137679322,0,validation
1,0.9999999999041362,1,validation
0,0.2983907103916727,0,validation
0,0.2427417008127651,0,validation
1,0.19118898539789217,0,validation
0,0.09461886846241273,0,validation
1,0.18797861449204933,0,validation
0,0.16067733634767048,0,validation
0,0.1903736106557353,0,validation
0,0.4150600252486339,0,validation
0,0.3795408610365494,0,validation
0,0.3213487752467446,0,validation
1,0.9999999999846303,1,validation
0,0.09552343642626378,0,validation
1,0.3992376335275414,0,validation
1,0.7932016197581051,1,validation
1,0.24127469978255398,0,validation
1,0.23048850631048126,0,validation
0,0.217799955137214,0,validation
1,0.9999999999968352,1,validation
0,0.09939825536080803,0,validation
0,0.3071237706539001,0,validation
1,0.999999999955288,1,validation
1,0.2308421904795968,0,validation
1,0.2377404241321866,0,validation
0,0.17523132047648332,0,validation
0,0.079016531908486,0,validation
0,0.3405222688725899,0,validation
0,0.2023198241915813,0,validation
0,0.12550404404423018,0,validation
0,0.29820731524122623,0,validation
0,0.10243345688884856,0,validation
1,0.049642293873854805,0,validation
0,0.11610038849719653,0,validation
0,0.203937453197842,0,validation
0,0.356022039422389,0,validation
0,0.169161360040942,0,validation
0,0.10741999804708563,0,validation
0,0.05007600076841434,0,validation
0,0.08301163842009412,0,validation
1,0.9999999999846294,1,validation
0,0.1951498219242649,0,validation
0,0.15945840253344443,0,validation
0,0.10060193400720836,0,validation
0,0.17024442543453455,0,validation
0,0.05446408223927041,0,validation
0,0.12432515111008309,0,validation
1,0.9999999999611855,1,validation
0,0.44090333768363116,0,validation
0,0.26648503631615966,0,validation
0,0.18609209940207372,0,validation
0,0.1594710401362288,0,validation
1,0.1197042144251186,0,validation
1,0.17961278913525655,0,validation
0,0.249515099139755,0,validation
1,0.25828676210089646,0,validation
1,0.35492976960340444,0,validation
0,0.18300399865643188,0,validation
0,0.10055174823679186,0,validation
1,0.4597563910166559,0,validation
0,0.20384204778455173,0,validation
0,0.14795796778558754,0,validation
0,0.5315547002471421,1,validation
1,0.999999999994226,1,validation
0,0.2529536275648262,0,validation
1,0.26438905617883224,0,validation
0,0.25133908582823916,0,validation
0,0.14423025172352444,0,validation
1,0.4072173523227688,0,validation
0,0.08947707765665175,0,validation
0,0.11591897658530048,0,validation
1,0.3611733853503803,0,validation
0,0.09184675074011098,0,validation
1,0.10743626264543188,0,validation
0,0.09335975575233801,0,validation
0,0.2744311901823839,0,validation
1,0.13565254414311456,0,validation
0,0.08628520222841159,0,validation
0,0.16442457790251094,0,validation
0,0.09653395238270683,0,validation
1,0.999999999991271,1,validation
0,0.30177105272465765,0,validation
0,0.07556680732529615,0,validation
0,0.19803856482903817,0,validation
0,0.18119556187184024,0,validation
0,0.1402399971596197,0,validation
0,0.08312557371327946,0,validation
0,0.15595285745089915,0,validation
0,0.09808499985691144,0,validation
0,0.07240475978483986,0,validation
0,0.22592559634086318,0,validation
0,0.19082263958602638,0,validation
0,0.3377738067749762,0,validation
0,0.07295462431204296,0,validation
0,0.22224152065787336,0,validation
0,0.17863320441308303,0,validation
0,0.13606839532856474,0,validation
1,0.9999999999018525,1,validation
0,0.13938095097166975,0,validation
0,0.3113198283059477,0,validation
0,0.056516735594960225,0,validation
0,0.13012100042047436,0,validation
0,0.11813680021320273,0,validation
1,0.4815998137990247,0,validation
1,0.9999999999533773,1,validation
0,0.24787005977310808,0,validation
0,0.21614601829155422,0,validation
1,0.3713438547971305,0,validation
1,0.3190366841376078,0,validation
1,0.21689255095021115,0,validation
1,0.31520393562682986,0,validation
0,0.048831690974699714,0,validation
1,0.9999999999156688,1,validation
0,0.12856442007430888,0,validation
1,0.9999999998939537,1,validation
0,0.06579959088769391,0,validation
0,0.19326974379266776,0,validation
0,0.12663202903878434,0,validation
0,0.19739212827861888,0,validation
0,0.1496294322878446,0,validation
0,0.10512395679821454,0,validation
0,0.1502657497756472,0,validation
1,0.5532782605064265,1,validation
0,0.22722761571150352,0,validation
1,0.2217773102032944,0,validation
1,0.843021379531115,1,validation
0,0.20049249954443424,0,validation
1,0.13843372538235116,0,validation
1,0.9999999999079316,1,validation
0,0.7220274300027725,1,validation
0,0.47935899889129724,0,validation
0,0.3262168572452344,0,validation
1,0.9999999999458977,1,validation
1,0.159522069871598,0,validation
1,0.9999999999075175,1,validation
0,0.5711584869010141,1,validation
1,0.2135649212058671,0,validation
1,0.08024157878986495,0,validation
0,0.12378940369172921,0,validation
0,0.19982874435652395,0,validation
0,0.31169339847156935,0,validation
0,0.10384301399246332,0,validation
0,0.34086553506410255,0,validation
0,0.20059666070214055,0,validation
0,0.26106584487630297,0,validation
0,0.13341010933703196,0,validation
1,0.14874353735077467,0,validation
0,0.17283838148609748,0,validation
0,0.27442291093176,0,validation
1,0.6895796889829731,1,validation
1,0.9999999999821316,1,validation
0,0.050868545269266464,0,validation
0,0.13306929595825093,0,validation
0,0.2616476189453357,0,validation
0,0.18409559781036391,0,validation
0,0.22831636648393602,0,validation
0,0.1054375286607948,0,validation
0,0.22569071460083714,0,validation
0,0.10060053304338572,0,validation
0,0.1323152864627207,0,validation
1,0.9999999999331357,1,validation
0,0.11199988425317801,0,validation
0,0.11236096709632447,0,validation
0,0.48270906128511665,0,validation
1,0.8785245641078361,1,validation
0,0.11620147042647674,0,validation
0,0.18480604581219837,0,validation
1,0.9999999999075131,1,validation
0,0.4440044373910523,0,validation
0,0.23655702211118454,0,validation
1,0.9999999999092062,1,validation
0,0.2262377207737641,0,validation
0,0.11364958743320934,0,validation
0,0.16767183257583312,0,validation
0,0.13470749117752825,0,validation
0,0.24649738510928626,0,validation
0,0.23063051273428045,0,validation
1,0.9999999998781877,1,validation
1,0.13462782782608756,0,validation
0,0.45802309502034494,0,validation
0,0.42851938179577503,0,validation
0,0.2662267134274828,0,validation
0,0.25053944418385626,0,validation
0,0.28410613544313057,0,validation
0,0.20871326789301378,0,validation
0,0.1951918839252818,0,validation
0,0.27494964638138986,0,validation
0,0.2070121061210767,0,validation
0,0.3917850474349695,0,validation
0,0.23867289346299242,0,validation
0,0.3540092293387383,0,validation
0,0.2256616335422452,0,validation
0,0.07832144577626661,0,validation
1,0.9999999999944247,1,validation
0,0.2012957965570013,0,validation
1,0.3511954191172798,0,validation
0,0.09088095398101112,0,validation
0,0.2062757341971062,0,validation
1,0.22052588506404133,0,validation
0,0.155965734843157,0,validation
1,0.9999999998955487,1,validation
0,0.20778696412969655,0,validation
0,0.08014292761136486,0,validation
0,0.0783958659282121,0,validation
0,0.08156143272499179,0,validation
0,0.08814516514183941,0,validation
0,0.4787696899122831,0,validation
0,0.30492683336416465,0,validation
0,0.39534948319263613,0,validation
0,0.5856507333944881,1,validation
0,0.15478243271879957,0,validation
0,0.06714153117324143,0,validation
0,0.16551372172908493,0,validation
0,0.16645374462301463,0,validation
0,0.13694015819300115,0,validation
1,0.1374730822725456,0,validation
0,0.3885227340231792,0,validation
0,0.41409460898351536,0,validation
0,0.12926358566610294,0,validation
0,0.3186608126074676,0,validation
0,0.13389548505539797,0,validation
0,0.0981049453600022,0,validation
1,0.12032451119179768,0,validation
0,0.13124357275202236,0,validation
1,0.9999999999509237,1,validation
1,0.20721068500090287,0,validation
1,0.999999999974936,1,validation
0,0.18532088163797675,0,validation
0,0.10400101164709002,0,validation
0,0.06363912421615682,0,validation
0,0.04539363420038861,0,validation
0,0.09432738255180483,0,validation
0,0.20067150204792972,0,validation
0,0.12389553164048736,0,validation
0,0.18566940319175812,0,validation
1,0.308539525405688,0,validation
0,0.3355506301807278,0,validation
0,0.19130090973498348,0,validation
0,0.2527043773977397,0,validation
1,0.9408390846347481,1,validation
0,0.252361292942789,0,validation
0,0.08700371335050243,0,validation
1,0.9999999998390285,1,validation
1,0.28797869453547487,0,validation
1,0.266652231549604,0,validation
0,0.08835282506650366,0,validation
0,0.22467678538549649,0,validation
0,0.32402467935941903,0,validation
0,0.21109448033041045,0,validation
0,0.14910629425388255,0,validation
1,0.3947940146718044,0,validation
1,0.9999999999406026,1,validation
0,0.2744839753181385,0,validation
0,0.2659133045532556,0,validation
0,0.3877904287402104,0,validation
0,0.0573875922735273,0,validation
0,0.13909504997003042,0,validation
0,0.07531323593396136,0,validation
1,0.9999999999572806,1,validation
0,0.1819847538067569,0,validation
0,0.09657675108229963,0,validation
0,0.318560057269094,0,validation
0,0.0894384510097778,0,validation
0,0.20147324389983443,0,validation
0,0.20630703667871472,0,validation
0,0.18000593766236864,0,validation
0,0.10778101535758394,0,validation
0,0.21768569685869688,0,validation
1,0.9999999999559852,1,validation
0,0.12018490130703925,0,validation
0,0.17809901661777955,0,validation
0,0.22741328906363392,0,validation
0,0.36223628928970675,0,validation
0,0.1169655814818221,0,validation
0,0.2305038396641313,0,validation
1,0.24447405105443906,0,validation
0,0.06327586524887639,0,validation
0,0.13158400887853672,0,validation
0,0.290355424764178,0,validation
0,0.2363320679216128,0,validation
0,0.15360759701033663,0,validation
0,0.183328247559959,0,validation
0,0.22573692085924518,0,validation
0,0.08973529218752357,0,validation
0,0.22801242647660805,0,validation
1,0.9999999999289002,1,validation
0,0.2227009237897857,0,validation
0,0.11809928752875216,0,validation
1,0.999999999971606,1,validation
0,0.11840626517038341,0,validation
0,0.42800484581508785,0,validation
0,0.21524750035422735,0,validation
1,0.2656688590656716,0,validation
0,0.10226118841908213,0,validation
0,0.04674727297626421,0,validation
1,0.48933674641626446,0,validation
0,0.26408968136670685,0,validation
0,0.08202303810448984,0,validation
0,0.10567272447959321,0,validation
0,0.19758019017348427,0,validation
0,0.06918165127602419,0,validation
0,0.1330173446926508,0,validation
0,0.23979485194266156,0,validation
0,0.19482376782347408,0,validation
0,0.49337986076119494,0,validation
1,0.9999999999657943,1,validation
0,0.23523809018085728,0,validation
0,0.15386086837607135,0,validation
0,0.18920934951878202,0,validation
0,0.1116572706257893,0,validation
0,0.06779861926931685,0,validation
0,0.27559538345090856,0,validation
0,0.24655045426321814,0,validation
0,0.14574419723199553,0,validation
0,0.137505885340648,0,validation
0,0.06025912309682872,0,validation
0,0.1890264301573355,0,validation
0,0.23804307044881323,0,validation
1,0.1511008906823151,0,validation
1,0.9999999999458546,1,validation
0,0.051450642125901364,0,validation
1,0.7921571418972816,1,validation
0,0.4753599148283257,0,validation
0,0.16182510063289254,0,validation
1,0.9999999999508633,1,validation
0,0.1744155380442004,0,validation
0,0.18699372828411318,0,validation
0,0.16033723426885388,0,validation
1,0.28760921696369646,0,validation
0,0.411307006804183,0,validation
0,0.14856427960449298,0,validation
0,0.2974315842929278,0,validation
0,0.08474669676746317,0,validation
0,0.319552631818092,0,validation
0,0.4252886757074664,0,validation
0,0.047384435974231434,0,validation
0,0.13575597032963282,0,validation
0,0.08775597688649184,0,validation
0,0.18122577604482343,0,validation
1,0.09891814144127357,0,validation
0,0.19471634561516515,0,validation
0,0.26816056263748994,0,validation
1,0.9999999998068789,1,validation
0,0.10616313593813585,0,validation
0,0.0912955556138112,0,validation
1,0.9999999999394349,1,validation
1,0.3072020960546931,0,validation
0,0.12380003088128784,0,validation
0,0.37227578294899827,0,validation
0,0.2742861663119754,0,validation
1,0.9999999999040323,1,validation
0,0.12447967266901504,0,validation
0,0.16675795431010382,0,validation
0,0.0655079300088683,0,validation
0,0.11704763407865464,0,validation
0,0.26452685384933733,0,validation
0,0.24805547205233094,0,validation
0,0.08387828189924261,0,validation
1,0.48120454440275773,0,validation
0,0.24676525374640604,0,validation
0,0.10034594878420218,0,validation
0,0.3347438206487822,0,validation
0,0.06372209302898744,0,validation
0,0.3631259434606409,0,validation
0,0.17446981787135538,0,validation
0,0.5308437403692007,1,validation
1,0.9999999999866711,1,validation
0,0.22222060549347603,0,validation
0,0.1923605373580387,0,validation
0,0.05361158525197133,0,validation
1,0.999999999938759,1,validation
0,0.10749146182189191,0,validation
1,0.9999999999492717,1,validation
0,0.05484312044048791,0,validation
0,0.21622782020071057,0,validation
0,0.2397838419480136,0,validation
0,0.16611190646097723,0,validation
0,0.12566765400162125,0,validation
0,0.0637595529989351,0,validation
0,0.32737043847014424,0,validation
1,0.45962565341560196,0,validation
0,0.19912479670061578,0,validation
1,0.24719866734497428,0,validation
0,0.24988433461297765,0,validation
0,0.2251049297530267,0,validation
0,0.24424679751028636,0,validation
1,0.14072883611780082,0,validation
0,0.10847411150451422,0,validation
0,0.13749166855098446,0,validation
0,0.14457167906891996,0,validation
1,0.3804558902864408,0,validation
0,0.06287912940858967,0,validation
0,0.16317756726795352,0,validation
0,0.24360369449594044,0,validation
1,0.7542911838756972,1,validation
0,0.06571114072809746,0,validation
0,0.13139567704541882,0,validation
0,0.3252777610786954,0,validation
0,0.19059713934186245,0,validation
1,0.6235388824245893,1,validation
0,0.18178866124562318,0,validation
1,0.9999999999468485,1,validation
1,0.28205772825386266,0,validation
0,0.22172940701426944,0,validation
0,0.07189679034597125,0,validation
0,0.20506741722184457,0,validation
0,0.39968576759552743,0,validation
0,0.254759813861845,0,validation
1,0.45827001773289305,0,validation
0,0.14366604954565698,0,validation
1,0.3801779803616507,0,validation
1,0.9999999999957287,1,validation
0,0.11773584298683848,0,validation
0,0.11965673336940011,0,validation
1,0.9999999999169058,1,validation
1,0.18235234791195523,0,validation
0,0.360449562019184,0,validation
0,0.16330392215172715,0,validation
0,0.12194007373573257,0,validation
0,0.24356666136992897,0,validation
0,0.14181388209668638,0,validation
0,0.30656601897124697,0,validation
0,0.08992670732109477,0,validation
0,0.04756770822546147,0,validation
0,0.16591637403678455,0,validation
0,0.1757189546631848,0,validation
0,0.05211416977182806,0,validation
0,0.24723491529281344,0,validation
0,0.08519710681164429,0,validation
0,0.13249281237277458,0,validation
0,0.1929288124148706,0,validation
0,0.11615354419133964,0,validation
1,0.999999999995766,1,validation
0,0.2615778869990751,0,validation
0,0.09126879521846687,0,validation
1,0.9999999999678202,1,validation
1,0.1879303628722105,0,validation
0,0.07691781812629965,0,validation
1,0.35241765846352513,0,validation
0,0.1809914938235118,0,validation
0,0.26797827105422367,0,validation
0,0.16185757442546708,0,validation
0,0.07164211214158642,0,validation
0,0.07100232545914856,0,validation
0,0.17015323206490215,0,validation
0,0.17815783754323417,0,validation
1,0.9999999999406788,1,validation
0,0.12912325558173873,0,validation
1,0.12209912457807169,0,validation
0,0.09557279363165846,0,validation
0,0.08002910199578103,0,validation
0,0.11068980710449809,0,validation
0,0.11842452007773975,0,validation
1,0.999999999963344,1,validation
1,0.9999999999827243,1,validation
0,0.15999241788893545,0,validation
0,0.07289302244988857,0,validation
0,0.11386152964347258,0,validation
1,0.9999999998933835,1,validation
1,0.4649665522963203,0,validation
0,0.4433196216878909,0,validation
0,0.37236700379103044,0,validation
0,0.21014487557732087,0,validation
0,0.21294669883695028,0,validation
0,0.35870139422812974,0,validation
0,0.1586103581461617,0,validation
0,0.4943232026289201,0,validation
0,0.30877497789671077,0,validation
0,0.06720939544000899,0,validation
1,0.7571391741787127,1,validation
0,0.21913311653006726,0,validation
1,0.9999999998032463,1,validation
0,0.33340422398012254,0,validation
0,0.09883346530906136,0,validation
0,0.13130968571995774,0,validation
0,0.2737560111745519,0,validation
0,0.27049366483206916,0,validation
0,0.11450801992829591,0,validation
0,0.1254791849639193,0,validation
0,0.3088054357721741,0,validation
0,0.29533151654413864,0,validation
0,0.1911054739165126,0,validation
0,0.14699101968222664,0,validation
0,0.15067475932566018,0,validation
0,0.1463187024910479,0,validation
1,0.9999999999174081,1,validation
0,0.3385861587109547,0,validation
0,0.26143796075165415,0,validation
1,0.9999999998793574,1,validation
0,0.252514015823798,0,validation
1,0.9999999999596707,1,validation
0,0.21243728512903642,0,validation
0,0.10437512823460658,0,validation
0,0.3426455513400221,0,validation
1,0.10016382180161834,0,validation
0,0.2325063440530147,0,validation
1,0.9999999999966176,1,validation
1,0.9999999998826246,1,validation
0,0.23584314415722454,0,validation
0,0.26866765512713514,0,validation
1,0.9999999999483691,1,validation
1,0.41969245836802516,0,validation
0,0.19506578087069676,0,validation
0,0.1856357111913635,0,validation
0,0.3038953797837606,0,validation
0,0.11182651499047967,0,validation
0,0.3922751582259463,0,validation
0,0.15015345038901484,0,validation
0,0.23047517580001117,0,validation
0,0.4871290176517469,0,validation
0,0.2660861816456334,0,validation
0,0.3506325452146152,0,validation
0,0.2894023344581943,0,validation
0,0.3213272191788055,0,validation
0,0.13161148553818844,0,validation
0,0.1094148170345615,0,validation
1,0.11799621442260735,0,validation
0,0.1694075406451775,0,validation
0,0.22301328565346787,0,validation
1,0.2632856675935071,0,validation
0,0.23102883106465022,0,validation
0,0.23677735350501664,0,validation
0,0.568480552648865,1,validation
1,0.14194448566711987,0,validation
1,0.9999999999146223,1,validation
1,0.9999999999464775,1,validation
0,0.3398092119426386,0,validation
0,0.1311292544024654,0,validation
0,0.17000806932250154,0,validation
0,0.43086877436010307,0,validation
0,0.09624583575726232,0,validation
1,0.8113396089255915,1,validation
1,0.3316974993384864,0,validation
1,0.726864152093212,1,validation
0,0.21723594652582348,0,validation
0,0.24880459312782238,0,validation
0,0.15639302252857376,0,validation
1,0.27786578266403766,0,validation
0,0.1057850118578519,0,validation
1,0.9999999999697995,1,validation
0,0.2388009872703837,0,validation
1,0.9999999998851246,1,validation
0,0.43961888320169584,0,validation
0,0.19828426067176777,0,validation
1,0.32706018389044755,0,validation
0,0.10695990854904243,0,validation
1,0.12027141189647769,0,validation
0,0.2133673469906413,0,validation
0,0.06937892562875422,0,validation
0,0.11128309238494123,0,validation
0,0.2605556001116941,0,validation
0,0.17635248736112902,0,validation
1,0.2443870129252731,0,validation
0,0.23872851061212388,0,validation
1,0.9999999999091858,1,validation
0,0.07322760972173771,0,validation
0,0.11496846680015413,0,validation
0,0.0829178393013506,0,validation
0,0.16061614719214387,0,validation
1,0.10612887915712532,0,validation
0,0.08166087940537041,0,validation
1,0.4494881814354103,0,validation
0,0.12236679003156552,0,validation
0,0.17285115032243903,0,validation
0,0.1919579352484415,0,validation
0,0.1731508350846694,0,validation
0,0.2110130132503672,0,validation
0,0.22253886724709404,0,validation
1,0.9999999999545703,1,validation
0,0.09732126955590081,0,validation
0,0.33299496735757234,0,validation
0,0.06936649884650017,0,validation
1,0.9999999999726958,1,validation
0,0.3034181997950144,0,validation
0,0.14737347888494848,0,validation
0,0.13270237255035774,0,validation
0,0.11499768017382038,0,validation
1,0.43228738107440884,0,validation
0,0.1463790580128024,0,validation
0,0.31958720176926314,0,validation
1,0.45037635273905174,0,validation
0,0.08163911446304811,0,validation
1,0.7421305010881137,1,validation
1,0.9999999998689235,1,validation
0,0.24187099297122075,0,validation
0,0.3108590671801274,0,validation
0,0.08529378872258095,0,validation
1,0.30118624155730445,0,validation
0,0.3082978940796552,0,validation
1,0.9999999999313294,1,validation
0,0.10608872668928783,0,validation
0,0.08911759995212218,0,validation
0,0.23849334129727373,0,validation
0,0.18199747418824033,0,validation
1,0.2144458711327712,0,validation
0,0.12638449964030055,0,validation
0,0.3304973355309215,0,validation
1,0.07913333190888959,0,validation
0,0.07684637971083184,0,validation
0,0.3029976725860987,0,validation
0,0.25734201737523865,0,validation
0,0.1150071311847748,0,validation
0,0.05669271433799372,0,validation
1,0.9999999999374523,1,validation
0,0.3386402837497122,0,validation
0,0.2110933483345019,0,validation
0,0.09461846502149661,0,validation
1,0.999999999987345,1,validation
0,0.22941055777114563,0,validation
0,0.1618442238008366,0,validation
0,0.08831142624231123,0,validation
1,0.1518627391077843,0,validation
0,0.11060517524626011,0,validation
0,0.12910439839519303,0,validation
0,0.24130795029918162,0,validation
0,0.26717610075998255,0,validation
1,0.22827004611572727,0,validation
0,0.21691726988591514,0,validation
0,0.1274903283316615,0,validation
0,0.12003054151994345,0,validation
0,0.12011092171999743,0,validation
0,0.4117342856438594,0,validation
1,0.9999999999200564,1,validation
0,0.16379446264239897,0,validation
0,0.18760046881471454,0,validation
1,0.5710659378088658,1,validation
0,0.1343972253525275,0,validation
0,0.08379187973287887,0,validation
0,0.2012369891289615,0,validation
1,0.9999999999608713,1,validation
1,0.9999999999574825,1,validation
0,0.10426333220333031,0,validation
0,0.34887718520530836,0,validation
0,0.04111303040295332,0,validation
1,0.9999999999146352,1,validation
0,0.1494329038057453,0,validation
1,0.17743766761223365,0,validation
0,0.1779424163066919,0,validation
0,0.3117697458084262,0,validation
0,0.20847135904696434,0,validation
0,0.07920243894984537,0,validation
0,0.11826581743052623,0,validation
0,0.3408900732616613,0,validation
0,0.1734186476776107,0,validation
1,0.2087399351839628,0,validation
0,0.27236932840100375,0,validation
1,0.9999999999357105,1,validation
0,0.17237076170901208,0,validation
0,0.15059823006599277,0,validation
0,0.1595805626469454,0,validation
0,0.27211187466103015,0,validation
0,0.30563122681302773,0,validation
0,0.1365906382704966,0,validation
1,0.18879881018139347,0,validation
1,0.07827679821416653,0,validation
1,0.7377256798690353,1,validation
0,0.272772742707477,0,validation
0,0.29465199753288035,0,validation
0,0.07227303268680703,0,validation
0,0.14986839047092945,0,validation
0,0.16794231426741726,0,validation
0,0.36343256793898293,0,validation
1,0.9999999999504532,1,validation
0,0.2080357287905191,0,validation
1,0.3443134014706558,0,validation
1,0.9999999999776117,1,validation
0,0.16137617816090474,0,validation
0,0.348344871597839,0,validation
0,0.123921056551078,0,validation
0,0.10541730136263133,0,validation
0,0.11235522610608284,0,validation
0,0.08285367094133224,0,validation
0,0.24706631400744442,0,validation
1,0.19734883396908495,0,validation
1,0.630920668264435,1,validation
0,0.1217812722020895,0,validation
0,0.07605955628848214,0,validation
0,0.04743832641151708,0,validation
0,0.06386434123860874,0,validation
0,0.15020951490732876,0,validation
0,0.1084816733174584,0,validation
0,0.13393473181905563,0,validation
0,0.3465224996256553,0,validation
1,0.06070977056631639,0,validation
0,0.44684599825010823,0,validation
0,0.1426224057042992,0,validation
0,0.265345292030616,0,validation
0,0.2744005216145644,0,validation
1,0.9999999999395708,1,validation
0,0.08943957086454346,0,validation
0,0.12700084038808215,0,validation
0,0.43674719874158463,0,validation
0,0.13799534347914041,0,validation
0,0.16071612873519,0,validation
0,0.15091540545745544,0,validation
0,0.09390733445491024,0,validation
0,0.11522873137833503,0,validation
1,0.14410018430650742,0,validation
0,0.48820117988780326,0,validation
1,0.9999999999854385,1,validation
0,0.20898580567716646,0,validation
0,0.14761340117252464,0,validation
1,0.23275032539164117,0,validation
0,0.45011997821244265,0,validation
0,0.22162617345672725,0,validation
0,0.2845945948477494,0,validation
0,0.27647595657190405,0,validation
0,0.40819929020807605,0,validation
0,0.21816557105284223,0,validation
1,0.9999999999844122,1,validation
0,0.11084181357807206,0,validation
0,0.09478647556972535,0,validation
0,0.2903704011146018,0,validation
1,0.6395188567262167,1,validation
0,0.13356200560201653,0,validation
0,0.20006290144124017,0,validation
0,0.22384493749620382,0,validation
1,0.5109438628919282,1,validation
0,0.23418188787805438,0,validation
0,0.25049842379776394,0,validation
1,0.999999999927282,1,validation
0,0.16005468805612844,0,validation
0,0.13940339032150723,0,validation
0,0.21636488659454117,0,validation
1,0.2928008468078192,0,validation
0,0.17756118477234056,0,validation
0,0.12576763926216805,0,validation
0,0.5516860275856305,1,validation
0,0.16330027015983814,0,validation
1,0.9999999999310256,1,validation
0,0.21016704716176074,0,validation
0,0.11911650012835023,0,validation
0,0.2191483401901576,0,validation
1,0.13088682865163812,0,validation
1,0.9999999999567002,1,validation
1,0.9999999999622453,1,validation
0,0.10867278641995907,0,validation
0,0.1217258951255873,0,validation
1,0.17753838252340726,0,validation
0,0.06295122362381497,0,validation
0,0.2035508948088258,0,validation
0,0.07661823256271696,0,validation
0,0.07508031919784104,0,validation
1,0.9999999999363833,1,validation
0,0.08317680658527646,0,validation
0,0.6108706639203275,1,validation
0,0.239377631242225,0,validation
0,0.11654691148257043,0,validation
0,0.48870195794081106,0,validation
0,0.12321639273721181,0,validation
0,0.09033492324187065,0,validation
0,0.08284822240892199,0,validation
0,0.20083124151985918,0,validation
0,0.47894996228359316,0,validation
0,0.059436607717376806,0,validation
0,0.1680070723172818,0,validation
0,0.2191706732970999,0,validation
0,0.23532250767440088,0,validation
1,0.3071908973698085,0,validation
0,0.12491723002493674,0,validation
1,0.1714205906788715,0,validation
1,0.06431302590156687,0,validation
0,0.0648691897490349,0,validation
0,0.18339119854690972,0,validation
1,0.9999999999618907,1,validation
1,0.9999999999975853,1,validation
1,0.18237568239059682,0,validation
0,0.07886137231437589,0,validation
0,0.06053981515922987,0,validation
1,0.3184800846214671,0,validation
0,0.08642424033272121,0,validation
1,0.23269167718276068,0,validation
0,0.21953742666452722,0,validation
0,0.33570407946435593,0,validation
0,0.11081221332963125,0,validation
1,0.9999999998913187,1,validation
0,0.14086090114793978,0,validation
0,0.27516208345587784,0,validation
0,0.19482835201384308,0,validation
0,0.3023356194761294,0,validation
1,0.2326416485475793,0,validation
0,0.1166045571387651,0,validation
0,0.2586376408767334,0,validation
0,0.2411198251793309,0,validation
1,0.15470843534551895,0,validation
1,0.9999999999577427,1,validation
0,0.13668537139807221,0,validation
1,0.10910378048641294,0,validation
1,0.999999999977599,1,validation
0,0.31953513922246995,0,validation
0,0.3767017609592153,0,validation
1,0.4514032867336509,0,validation
0,0.30546505344960795,0,validation
0,0.11116722371124389,0,validation
0,0.14185180634400288,0,validation
0,0.1455178197833915,0,validation
0,0.17925984327841588,0,validation
0,0.19012248307841173,0,validation
0,0.547250250047298,1,validation
0,0.1387948773026842,0,validation
1,0.8099916085862437,1,validation
1,0.04075274877204277,0,validation
0,0.2729557443707236,0,validation
0,0.1860200726107952,0,validation
1,0.9999999999775055,1,validation
0,0.21754810625813453,0,validation
1,0.12557629056682423,0,validation
0,0.3049470449121338,0,validation
1,0.9999999999259843,1,validation
1,0.4000297444821335,0,validation
0,0.27059227209005243,0,validation
0,0.21041780151766476,0,validation
1,0.26392279311434397,0,validation
0,0.1655526187462433,0,validation
0,0.09801871443553146,0,validation
0,0.20532878281021316,0,validation
1,0.15040047292415962,0,validation
0,0.18069651374956341,0,validation
0,0.19355745066786148,0,validation
0,0.12263311131226051,0,validation
0,0.14442340623672842,0,validation
0,0.3113698104675728,0,validation
0,0.1854787699111122,0,validation
0,0.2779930252366012,0,validation
1,0.9999999999607576,1,validation
1,0.999999999825872,1,validation
1,0.13992855079001318,0,validation
0,0.07834993461753216,0,validation
0,0.43986311692548913,0,validation
0,0.08022096980311269,0,validation
0,0.12988810191140754,0,validation
1,0.9999999999085913,1,validation
0,0.2095990869344892,0,validation
1,0.9999999999946914,1,validation
1,0.4772159545473558,0,validation
0,0.15878615495703338,0,validation
0,0.0755202433569802,0,validation
1,0.9999999999201685,1,validation
0,0.17444239052917146,0,validation
0,0.05239704072277985,0,validation
0,0.2618845843267518,0,validation
0,0.23425003571578665,0,validation
0,0.2600460931619634,0,validation
0,0.04479777576701101,0,validation
1,0.9999999999553986,1,validation
0,0.2527135462157326,0,validation
1,0.9999999998412243,1,validation
0,0.23562515642368922,0,validation
1,0.9999999999247413,1,validation
1,0.1740142243044775,0,validation
0,0.17094887672274406,0,validation
0,0.0943288598665769,0,validation
0,0.14139900346864773,0,validation
0,0.15533471880454153,0,validation
0,0.06331386666043817,0,validation
1,0.9999999999251739,1,validation
0,0.305365704329678,0,validation
0,0.178632042731713,0,validation
1,0.9999999999731615,1,validation
0,0.144879667376872,0,validation
1,0.9999999999457299,1,validation
0,0.08715931008202352,0,validation
0,0.16479975874642055,0,validation
0,0.1864465196612838,0,validation
1,0.17403117352489825,0,validation
0,0.09453221426691076,0,validation
1,0.12887413192508312,0,validation
0,0.17551650177716008,0,validation
1,0.9999999999442553,1,validation
0,0.1421659752336024,0,validation
0,0.08032359418568011,0,validation
0,0.1908000308687405,0,validation
1,0.339707596604352,0,validation
0,0.08635682698889365,0,validation
0,0.08828580577896811,0,validation
0,0.05161696485798606,0,validation
0,0.22395980745668112,0,validation
0,0.12344823982909937,0,validation
0,0.24117699406946022,0,validation
0,0.8460520312471069,1,validation
0,0.17853561789508238,0,validation
0,0.3240284926383916,0,validation
0,0.06558117244076596,0,validation
0,0.13238786145915413,0,validation
1,0.13213990150345023,0,validation
0,0.0883093737618438,0,validation
0,0.26870984590631664,0,validation
1,0.9999999999784752,1,validation
0,0.12953809870061547,0,validation
0,0.28835218992880035,0,validation
0,0.2670402342021352,0,validation
0,0.41149528449377537,0,validation
0,0.42742849822652756,0,validation
0,0.2188709704850935,0,validation
1,0.263190431067716,0,validation
0,0.2577552972645369,0,validation
0,0.047579831215139055,0,validation
0,0.26678483858689916,0,validation
0,0.29030729944387323,0,validation
0,0.13856719051484398,0,validation
1,0.23766404600907665,0,validation
0,0.17986997228712076,0,validation
0,0.08192210452724094,0,validation
1,0.2253464447164346,0,validation
0,0.1210857117602276,0,validation
0,0.12077317128160445,0,validation
0,0.12098242821579626,0,validation
1,0.25371723344092667,0,validation
0,0.11725884345186965,0,validation
0,0.21340321286339275,0,validation
0,0.15076061022965523,0,validation
1,0.14695934293306495,0,validation
1,0.9999999999768336,1,validation
0,0.20586378087601037,0,validation
0,0.27782677794040744,0,validation
1,0.9999999998737867,1,validation
0,0.09883766614272155,0,validation
1,0.9999999999945668,1,validation
0,0.39184346161289435,0,validation
0,0.23433011471751317,0,validation
0,0.10902661949243875,0,validation
0,0.22186725867572196,0,validation
0,0.6434109972661616,1,validation
0,0.2928279625854731,0,validation
0,0.07103887482781751,0,validation
0,0.09566894297425187,0,validation
0,0.2433650848364475,0,validation
0,0.23441362017591186,0,validation
0,0.09444044089855765,0,validation
0,0.08387485025126598,0,validation
0,0.3197513504408829,0,validation
1,0.9999999999651434,1,validation
0,0.18225042511146824,0,validation
0,0.12894196788863696,0,validation
0,0.26250817670349075,0,validation
0,0.31412329758419666,0,validation
0,0.2829302385127754,0,validation
1,0.9999999999434552,1,validation
0,0.17956658800402245,0,validation
0,0.26604033661928045,0,validation
0,0.18395514922523898,0,validation
0,0.2813832957702969,0,validation
0,0.439580858575461,0,validation
0,0.12275564114390086,0,validation
0,0.13383583418906378,0,validation
0,0.21225479025927832,0,validation
0,0.11617730182656516,0,validation
0,0.05950716243250864,0,validation
0,0.38893764396599045,0,validation
0,0.09938553717711657,0,validation
0,0.15782560597732329,0,validation
1,0.1189670574786629,0,validation
0,0.2733695936107731,0,validation
0,0.11675327097075976,0,validation
1,0.9999999999311708,1,validation
0,0.27485299108074224,0,validation
1,0.08606417048783549,0,validation
0,0.24216431821662604,0,validation
0,0.054959736551364304,0,validation
0,0.3205858481061279,0,validation
1,0.2751410255386799,0,validation
0,0.1906325522815834,0,validation
0,0.13235990095172104,0,validation
0,0.06804533925913495,0,validation
0,0.1892346142942986,0,validation
0,0.19108613233050184,0,validation
0,0.18788251875891893,0,validation
0,0.1092631436969276,0,validation
0,0.17622935030487152,0,validation
0,0.1541055107986195,0,validation
0,0.10361105423796511,0,validation
0,0.1337234915127322,0,validation
0,0.24978754322141444,0,validation
0,0.22584908761886627,0,validation
0,0.4044478282159831,0,validation
0,0.12800895776348997,0,validation
1,0.999999999967436,1,validation
0,0.28705495602189,0,validation
0,0.2175611163815829,0,validation
1,0.14366771954673674,0,validation
0,0.35170032518572686,0,validation
0,0.12006886765681254,0,validation
0,0.27680326301386066,0,validation
1,0.42067295396669796,0,validation
0,0.2139514480197752,0,validation
0,0.12027803432533192,0,validation
0,0.13390484077949497,0,validation
0,0.17655294184796078,0,validation
0,0.1702167238142556,0,validation
0,0.13550370004817203,0,validation
0,0.046165246176437344,0,validation
0,0.23564066029386282,0,validation
0,0.18396752586248138,0,validation
0,0.10522094001342082,0,validation
0,0.25334589763529275,0,validation
1,0.9999999998902969,1,validation
1,0.78322442784892,1,validation
0,0.1378149053529488,0,validation
0,0.2602188190678897,0,validation
0,0.1538893203665732,0,validation
1,0.6308826138634223,1,validation
0,0.06855787162202477,0,validation
0,0.1473286159848338,0,validation
0,0.1310283678849182,0,validation
0,0.10476510200646402,0,validation
0,0.23077666571210376,0,validation
1,0.08925516965155417,0,validation
0,0.31697000276449055,0,validation
0,0.4150251167206709,0,validation
0,0.18996230388421476,0,validation
0,0.13097426749395938,0,validation
0,0.2713637032876006,0,validation
0,0.374690317626091,0,validation
0,0.1409514089007571,0,validation
1,0.269514037872648,0,validation
1,0.9999999999932636,1,validation
0,0.09768730480929647,0,validation
0,0.28765354902522944,0,validation
1,0.9999999999701481,1,validation
1,0.5231846145115591,1,validation
0,0.13699218085694018,0,validation
0,0.08773287940726875,0,validation
0,0.1110559006221906,0,validation
0,0.34471128607510043,0,validation
0,0.17897947185599078,0,validation
0,0.10353597523219442,0,validation
1,0.8299768662003628,1,validation
1,0.17369265946405044,0,validation
0,0.16214768219159034,0,validation
0,0.6446490345694572,1,validation
1,0.9999999999601434,1,validation
1,0.37208849345124756,0,validation
1,0.09933236263385699,0,validation
0,0.24159984410497426,0,validation
1,0.9999999999948919,1,validation
0,0.19095923855579652,0,validation
0,0.17072556938652284,0,validation
0,0.11819810674891926,0,validation
0,0.11214841044673075,0,validation
0,0.6068737318856829,1,validation
1,0.9999999999940135,1,validation
0,0.1383553831659319,0,validation
0,0.1134371253826831,0,validation
0,0.5155306578790495,1,validation
0,0.26372371762689034,0,validation
0,0.37203046002364754,0,validation
0,0.24459159790387214,0,validation
1,0.9999999999905516,1,validation
0,0.17048871019450618,0,validation
0,0.17229878230304127,0,validation
0,0.3187546720932838,0,validation
0,0.23419179821642583,0,validation
1,0.9999999999425435,1,validation
1,0.999999999968034,1,validation
0,0.21829132124946238,0,validation
1,0.7394385346322508,1,validation
0,0.24380099310400305,0,validation
0,0.39347342792886064,0,validation
0,0.1606161932821755,0,validation
0,0.20144766987522977,0,validation
1,0.173557537710919,0,validation
0,0.10401928124840472,0,validation
1,0.9999999998922429,1,validation
0,0.11486740034440111,0,validation
0,0.09333630834036481,0,validation
0,0.37054921636383303,0,validation
0,0.07027221055083628,0,validation
0,0.28252521590780244,0,validation
0,0.03504493893505456,0,validation
1,0.42212599066232454,0,validation
0,0.2608500252881093,0,validation
1,0.9999999999843978,1,validation
0,0.06211954234224283,0,validation
0,0.09772032015862946,0,validation
0,0.059699967904659715,0,validation
0,0.24335627951689895,0,validation
1,0.2624350784252119,0,validation
0,0.21750803740144173,0,validation
0,0.1725558586723738,0,validation
0,0.1794448552632913,0,validation
0,0.08563836190167275,0,validation
0,0.17863406187417905,0,validation
1,0.9999999999768505,1,validation
0,0.23397752825230594,0,validation
0,0.21743638737386198,0,validation
0,0.17245530971900888,0,validation
0,0.12575601978953557,0,validation
1,0.9999999999429465,1,validation
0,0.07896674122541897,0,validation
1,0.1013926534282936,0,validation
0,0.24659574035621043,0,validation
0,0.1713983358414101,0,validation
0,0.24149438133697038,0,validation
0,0.14404341847597543,0,validation
0,0.23120505018974918,0,validation
0,0.235625297348266,0,validation
1,0.1680982479404191,0,validation
0,0.18797465282206197,0,validation
1,0.9999999999676945,1,validation
1,0.3971809443390575,0,validation
0,0.09321165000945025,0,validation
1,0.613644562442946,1,validation
0,0.22489245603698121,0,validation
0,0.2952373736370943,0,validation
1,0.2653287532870081,0,validation
0,0.23769540847442636,0,validation
0,0.20532111014752813,0,validation
0,0.28689297484268667,0,validation
0,0.24378600541976955,0,validation
0,0.13144638371415424,0,validation
0,0.23894012879853155,0,validation
0,0.09869468979557496,0,validation
1,0.3527217521254699,0,validation
0,0.033028060499673814,0,validation
0,0.31075653906878964,0,validation
0,0.4288622038425886,0,validation
1,0.8981045715940353,1,validation
0,0.04559722550011916,0,validation
0,0.4490992954830901,0,validation
0,0.18086998749391758,0,validation
0,0.1675296577666002,0,validation
0,0.07525844624067715,0,validation
0,0.1296656389666267,0,validation
0,0.18409421564669934,0,validation
1,0.3898604955724011,0,validation
0,0.0846036121296452,0,validation
1,0.48699771943677234,0,validation
0,0.15712420005206965,0,validation
0,0.4079018251936389,0,validation
0,0.13501607446606972,0,validation
0,0.25118640748190857,0,validation
0,0.17412319997707926,0,validation
0,0.1589980031729995,0,validation
0,0.23741728182250377,0,validation
0,0.045904537102503445,0,validation
0,0.13989782177057808,0,validation
0,0.18475684128212183,0,validation
0,0.22572148878206413,0,validation
0,0.10826328042295294,0,validation
0,0.06966209479350562,0,validation
1,0.12204807303559889,0,validation
1,0.09350905944797813,0,validation
0,0.26130782681968107,0,validation
0,0.0839020957882784,0,validation
1,0.12375988687218416,0,validation
0,0.2496971257076905,0,validation
0,0.2026764102614972,0,validation
0,0.49708363909335124,0,validation
0,0.1453196191321458,0,validation
0,0.08462704931520881,0,validation
0,0.15512956993362426,0,validation
0,0.13014490001096118,0,validation
1,0.9999999999607636,1,validation
0,0.10250347630508179,0,validation
1,0.9999999999529832,1,validation
0,0.321218009909318,0,validation
1,0.39646390432336714,0,validation
1,0.3988955281359273,0,validation
0,0.10694620444484322,0,validation
0,0.08742662938739135,0,validation
0,0.2127872036944967,0,validation
0,0.16408989072863606,0,validation
0,0.058865774902918895,0,validation
1,0.9999999999600959,1,validation
0,0.0668977201878085,0,validation
0,0.13751203715032878,0,validation
0,0.20878297813816632,0,validation
0,0.2264458810973255,0,validation
1,0.9999999999910414,1,validation
0,0.030663481940949172,0,validation
1,0.999999999946737,1,validation
0,0.2437553777825824,0,validation
1,0.5044104321272819,1,validation
0,0.5285199349783013,1,validation
0,0.09849044528290211,0,validation
1,0.9999999998615605,1,validation
0,0.5318074798134478,1,validation
0,0.4259575763343312,0,validation
0,0.20218825886977831,0,validation
0,0.18839647065772303,0,validation
0,0.33060215012263844,0,validation
0,0.08772057080180115,0,validation
1,0.08967075006146001,0,validation
0,0.2722988909055276,0,validation
0,0.11956171223627261,0,validation
0,0.18556799026810594,0,validation
0,0.268563146897021,0,validation
0,0.1846194492432713,0,validation
0,0.20803141314703982,0,validation
0,0.2795109418361852,0,validation
0,0.0939880738066029,0,validation
0,0.1936924232343201,0,validation
0,0.23682099279376764,0,validation
0,0.1733366759988504,0,validation
0,0.4787504729063397,0,validation
0,0.15708954687441562,0,validation
1,0.27218014765498916,0,validation
1,0.2513525203449248,0,validation
0,0.1203062109641547,0,validation
0,0.10903761580115871,0,validation
0,0.1365203229554311,0,validation
0,0.240806809754168,0,validation
0,0.179637822699715,0,validation
1,0.9999999999399962,1,validation
0,0.1727332879217992,0,validation
0,0.23783816726505674,0,validation
0,0.1003477845897641,0,validation
1,0.9999999999518645,1,validation
1,0.2013348947036555,0,validation
0,0.26568155472857885,0,validation
0,0.5265803987285675,1,validation
1,0.999999999963131,1,validation
0,0.05847609363349289,0,validation
0,0.1451811105950254,0,validation
0,0.07423183746269754,0,validation
0,0.5514372993963081,1,validation
0,0.16175954073723303,0,validation
1,0.264301319200257,0,validation
1,0.38188609310883403,0,validation
1,0.39164156290165053,0,validation
1,0.9999999999029607,1,validation
1,0.20398037679406045,0,validation
0,0.29724131077159666,0,validation
0,0.1480317383658741,0,validation
0,0.07289119426921839,0,validation
0,0.29877499482975334,0,validation
0,0.059321392336078686,0,validation
0,0.2142558943089952,0,validation
0,0.11349137703026052,0,validation
0,0.22005268323372537,0,validation
0,0.1940565104944734,0,validation
0,0.12928246761157955,0,validation
0,0.23454151305561205,0,validation
0,0.16360793376106972,0,validation
0,0.5199388291498036,1,validation
0,0.13063221630795535,0,validation
0,0.2943012227936353,0,validation
0,0.11014390331877406,0,validation
0,0.08792782041267647,0,validation
1,0.9999999999228311,1,validation
0,0.5493719283503478,1,validation
0,0.13005943640499174,0,validation
1,0.33462024240700555,0,validation
0,0.23014103806811323,0,validation
0,0.20945921708789297,0,validation
0,0.29492650798752107,0,validation
0,0.1678117907891642,0,validation
0,0.14577829550767413,0,validation
1,0.9999999999625815,1,validation
1,0.9999999999431746,1,validation
0,0.13083318525108276,0,validation
1,0.999999999958628,1,validation
0,0.08166357165517556,0,validation
0,0.22263786409481565,0,validation
1,0.9999999999633664,1,validation
0,0.270820425541904,0,validation
0,0.24160716081252107,0,validation
0,0.12152283834252983,0,validation
0,0.17348800248364007,0,validation
0,0.1879185535444146,0,validation
0,0.09773333902198178,0,validation
1,0.9999999999534326,1,validation
0,0.26689897480450425,0,validation
0,0.10370731878193902,0,validation
1,0.6753983481874928,1,validation
1,0.5981594191546868,1,validation
0,0.26234484296105576,0,validation
0,0.05795968328367827,0,validation
1,0.24419190815269867,0,validation
0,0.26606483212097365,0,validation
0,0.177030853481674,0,validation
0,0.15217058059809646,0,validation
0,0.2537020241977399,0,validation
0,0.24765162126643164,0,validation
1,0.22694743757816646,0,validation
0,0.13490537677175635,0,validation
0,0.1384460841910956,0,validation
0,0.15340837010309422,0,validation
0,0.10572841645138835,0,validation
0,0.24361608611484836,0,validation
0,0.1410744224534999,0,validation
1,0.9999999999490907,1,validation
0,0.16949122538260536,0,validation
0,0.11055161829062586,0,validation
0,0.2854162608028272,0,validation
0,0.23756395641037226,0,validation
0,0.28182469089349993,0,validation
1,0.36903019662145575,0,validation
0,0.37236889585646116,0,validation
0,0.15517664392472552,0,validation
0,0.16340607645260993,0,validation
0,0.14544367039129918,0,validation
0,0.6682946830553081,1,validation
0,0.07449124203871657,0,validation
0,0.2085131711795097,0,validation
0,0.07049871766487337,0,validation
0,0.08613557661481337,0,validation
0,0.06323809676537401,0,validation
0,0.16892622003041158,0,validation
0,0.15178538500999475,0,validation
0,0.1604628727948174,0,validation
0,0.4099488405633287,0,validation
0,0.252400772722623,0,validation
0,0.18399537865204532,0,validation
0,0.3484754729336928,0,validation
0,0.0504459548045723,0,validation
1,0.9999999998798954,1,validation
0,0.17816099112126524,0,validation
0,0.13263639979044164,0,validation
0,0.21731827896836098,0,validation
1,0.9999999999388387,1,validation
1,0.22894140367661425,0,validation
1,0.999999999951616,1,validation
0,0.2056561003761713,0,validation
0,0.10703700291705336,0,validation
0,0.09117016217932308,0,validation
0,0.13554489946535211,0,validation
1,0.17963768735631097,0,validation
0,0.17875459779893008,0,validation
0,0.15083402869756535,0,validation
0,0.07578260406399198,0,validation
1,0.09742427848332573,0,validation
0,0.1553386185346394,0,validation
0,0.2980222081022112,0,validation
0,0.18756220549466146,0,validation
0,0.1995332001815733,0,validation
0,0.24119340120105515,0,validation
1,0.3509463868249891,0,validation
0,0.09741808924374841,0,validation
0,0.3601215685685721,0,validation
0,0.5465015512288587,1,validation
0,0.2304954804008015,0,validation
0,0.10141353388931135,0,validation
0,0.14362756041714,0,validation
0,0.10222360876047175,0,validation
0,0.14674218220947738,0,validation
1,0.9999999999856148,1,validation
0,0.43677587847510385,0,validation
0,0.10836815614527805,0,validation
0,0.08082134652091164,0,validation
0,0.33082005584875873,0,validation
1,0.9999999999944427,1,validation
0,0.08514881054925709,0,validation
0,0.1971722398837547,0,validation
0,0.138223521299316,0,validation
0,0.10834727418067633,0,validation
0,0.6534190985349715,1,validation
0,0.24999096151069336,0,validation
1,0.999999999968967,1,validation
0,0.2956798104779238,0,validation
1,0.9999999999155462,1,validation
0,0.06998172329543155,0,validation
1,0.9999999999486922,1,validation
0,0.09530128008523424,0,validation
0,0.18138781286210232,0,validation
1,0.9999999999842348,1,validation
0,0.16766202989172582,0,validation
0,0.16737653256342755,0,validation
1,0.9999999999845812,1,validation
0,0.22533752961086206,0,validation
0,0.2126499976719829,0,validation
1,0.592706722222142,1,validation
1,0.9999999999292914,1,validation
0,0.23684330541098889,0,validation
0,0.0938832334573934,0,validation
0,0.25025167429098777,0,validation
0,0.12868447595706053,0,validation
1,0.9999999999545095,1,validation
0,0.2601429266963275,0,validation
0,0.6161157519023441,1,validation
0,0.2650811611163626,0,validation
0,0.4444958140884476,0,validation
1,0.9999999999933984,1,validation
0,0.1808982923758229,0,validation
0,0.1849417670862203,0,validation
0,0.18296263587352712,0,validation
0,0.1543279292851033,0,validation
1,0.9999999999624023,1,validation
0,0.10852739910845303,0,validation
0,0.13211260161797758,0,validation
0,0.1376598567731621,0,validation
0,0.3343765741688126,0,validation
0,0.19397612465548933,0,validation
0,0.2951145456505088,0,validation
0,0.21390984857683673,0,validation
0,0.14667843130884894,0,validation
0,0.1402885762726846,0,validation
1,0.9999999999598139,1,validation
0,0.19457561429553796,0,validation
0,0.29844889345112413,0,validation
0,0.2142759852537003,0,validation
0,0.1320290374778245,0,validation
1,0.7774140659343709,1,validation
0,0.32222826664707216,0,validation
0,0.20530268757776163,0,validation
1,0.2939947226762118,0,validation
0,0.3961985993813775,0,validation
0,0.14862612623236207,0,validation
0,0.1878012822943312,0,validation
0,0.3693745628140509,0,validation
0,0.2595758033508347,0,validation
0,0.17885859475643195,0,validation
0,0.26076111508580274,0,validation
0,0.20242561279761112,0,validation
0,0.18837339941766218,0,validation
0,0.18013939513487315,0,validation
0,0.2429475583657708,0,validation
0,0.478283534745095,0,validation
0,0.09493212303460885,0,validation
0,0.173335079642219,0,validation
0,0.07031176733390232,0,validation
0,0.1784559499383546,0,validation
0,0.1342187503140751,0,validation
0,0.15002654640243035,0,validation
1,0.12889607640302078,0,validation
0,0.1160995566796765,0,validation
1,0.32274706507131845,0,validation
0,0.10506369743921838,0,validation
0,0.19612625294090066,0,validation
1,0.15822020324812391,0,validation
0,0.19944063895971298,0,validation
0,0.17867586532232388,0,validation
0,0.32940355322643455,0,validation
0,0.20042569505631763,0,validation
0,0.3310892202106833,0,validation
0,0.3361552323257826,0,validation
1,0.13481090015587838,0,validation
0,0.0804634904351057,0,validation
0,0.0684316137364907,0,validation
0,0.30972882822863634,0,validation
0,0.5918654938464467,1,validation
0,0.08755986739790395,0,validation
0,0.13113513465884669,0,validation
0,0.10248457652366982,0,validation
0,0.17995481448816553,0,validation
0,0.20561929216751634,0,validation
1,0.20555698561838892,0,validation
0,0.16711299697717785,0,validation
0,0.24782173914200717,0,validation
1,0.9999999999794129,1,validation
0,0.14161026695440052,0,validation
1,0.9999999999709692,1,validation
1,0.14869187070959783,0,validation
0,0.18412868042268243,0,validation
0,0.06797045790431451,0,validation
1,0.9998360973102093,1,validation
1,0.9999999999536784,1,validation
1,0.9999999999894786,1,validation
0,0.18531237028386938,0,validation
1,0.1646547663865726,0,validation
0,0.17238517749991625,0,validation
0,0.12280418403682962,0,validation
0,0.19801736563055394,0,validation
1,0.29404946663421266,0,validation
0,0.1592744390963991,0,validation
1,0.9999999999255091,1,validation
0,0.16623623778042387,0,validation
0,0.3165539746089518,0,validation
0,0.40056402607243724,0,validation
0,0.05772413395360475,0,validation
0,0.33809200258363387,0,validation
0,0.18480348717201228,0,validation
1,0.9999999999428424,1,validation
0,0.14569206938011872,0,validation
0,0.14211575336991603,0,validation
0,0.283944741249033,0,validation
0,0.18396836932086785,0,validation
0,0.24355054741513874,0,validation
0,0.16404449242950186,0,validation
0,0.206108052679159,0,validation
0,0.25051468638531454,0,validation
0,0.23069477159809432,0,validation
0,0.18279771595352806,0,validation
0,0.07380644739058383,0,validation
1,0.36973910100905494,0,validation
0,0.28075599995162104,0,validation
0,0.1619705259179801,0,validation
1,0.999999999928233,1,validation
1,0.9999999998598139,1,validation
0,0.1259742001156432,0,validation
0,0.13530494769530352,0,validation
0,0.35517242911981556,0,validation
0,0.1646693864480761,0,validation
0,0.308474373255267,0,validation
1,0.9999999999506284,1,validation
0,0.09026220080817866,0,validation
0,0.1725256506327409,0,validation
0,0.0763023005308151,0,validation
0,0.11475147992841712,0,validation
0,0.21524309855581547,0,validation
1,0.999999999966455,1,validation
1,0.9999999999654718,1,validation
1,0.9999999999331011,1,validation
0,0.30642811336346926,0,validation
0,0.180992335737673,0,validation
0,0.3039154961273311,0,validation
1,0.29452988046572404,0,validation
0,0.07275778378673486,0,validation
0,0.3681371600486282,0,validation
0,0.06988200695533574,0,validation
0,0.33016825425975355,0,validation
1,0.5887861749016992,1,validation
0,0.09795789496504623,0,validation
0,0.11878224802983313,0,validation
1,0.9999999998635116,1,validation
0,0.2041778591787487,0,validation
0,0.06312917065368451,0,validation
1,0.9999999999071159,1,validation
0,0.1981204157419088,0,validation
0,0.43029703957821797,0,validation
1,0.6229552352417975,1,validation
0,0.22497772769006683,0,validation
1,0.9999999999632612,1,validation
0,0.5181598482492872,1,validation
0,0.04657275850181928,0,validation
0,0.30659461646459746,0,validation
0,0.1500283571183001,0,validation
1,0.9999999999486158,1,validation
0,0.36566568594303234,0,validation
0,0.18098554546698906,0,validation
1,0.9999999998015179,1,validation
1,0.09245297381568418,0,validation
0,0.12937493310015794,0,validation
0,0.2767762327718852,0,validation
0,0.39603853276996726,0,validation
0,0.31188954506766486,0,validation
0,0.14148262988812393,0,validation
1,0.9999999998908982,1,validation
1,0.9999999999403639,1,validation
0,0.19158571744244055,0,validation
1,0.20195700307187653,0,validation
0,0.1462551799759178,0,validation
0,0.2782438721225395,0,validation
0,0.22251185211078794,0,validation
1,0.1451256252722651,0,validation
0,0.058756575931458714,0,validation
0,0.13286761808774092,0,validation
1,0.9999999999545353,1,validation
0,0.14868740223225216,0,validation
0,0.2235153962155185,0,validation
0,0.2385559645195725,0,validation
0,0.1190874594972334,0,validation
0,0.09091897022997605,0,validation
0,0.12719615443227422,0,validation
1,0.2478266884606509,0,validation
0,0.29400889848525846,0,validation
0,0.10758153762056302,0,validation
0,0.1433822633227832,0,validation
0,0.14152774864545378,0,validation
1,0.9999999998967277,1,validation
1,0.1515760820251568,0,validation
1,0.7545655728194599,1,validation
0,0.18993979251305385,0,validation
1,0.07967940495296995,0,validation
0,0.1012777520530593,0,validation
0,0.12885213924036298,0,validation
1,0.9999999998625377,1,validation
1,0.9999999999959988,1,validation
0,0.3886021736336609,0,validation
1,0.9999999999361038,1,validation
1,0.21882420833737068,0,validation
0,0.21683077725775304,0,validation
0,0.19766152959373864,0,validation
0,0.3070386526072839,0,validation
0,0.3786508329070567,0,validation
0,0.17827178401376897,0,validation
0,0.5360608742002754,1,validation
0,0.07074225558832531,0,validation
0,0.051074132091095376,0,validation
1,0.431283061580535,0,validation
0,0.19199145912378907,0,validation
0,0.12425939403096023,0,validation
0,0.1064227691608994,0,validation
1,0.9999999999312545,1,validation
0,0.19538862952791317,0,validation
1,0.27030850233024717,0,validation
0,0.1253458600329243,0,validation
0,0.24113245391226878,0,validation
1,0.9999999999967568,1,validation
0,0.10096742829330264,0,validation
1,0.9999999999167151,1,validation
0,0.08759024174854121,0,validation
0,0.49258901272354405,0,validation
0,0.17703070146519598,0,validation
0,0.05981031355284409,0,validation
0,0.19635815846880622,0,validation
0,0.882467900651553,1,validation
0,0.2743296305893762,0,validation
0,0.14766043365257936,0,validation
0,0.2226989223545157,0,validation
1,0.3510028308004989,0,validation
0,0.21844062990213967,0,validation
1,0.9999999998818989,1,validation
0,0.5980299823122972,1,validation
1,0.08347410963425589,0,validation
0,0.13525397958816687,0,validation
0,0.05667552955286464,0,validation
0,0.2039842921626768,0,validation
0,0.21586589309005091,0,validation
1,0.9999999999965286,1,validation
0,0.2718869417814282,0,validation
0,0.1465280555987743,0,validation
1,0.9999999999947766,1,validation
0,0.3414162076290611,0,validation
1,0.9999999999962008,1,validation
0,0.5885936344159711,1,validation
0,0.2516906502984206,0,validation
1,0.9999999999640379,1,validation
1,0.3274820935703924,0,validation
0,0.3762368326452245,0,validation
0,0.5287541792932107,1,validation
1,0.46618330551889153,0,validation
1,0.999999999918753,1,validation
0,0.1658417985534519,0,validation
0,0.11174812327251335,0,validation
1,0.9999999999369149,1,validation
0,0.40643421255713036,0,validation
0,0.24856331830202053,0,validation
0,0.146611038601172,0,validation
0,0.14370375595540247,0,validation
0,0.41553992762946457,0,validation
0,0.6645730015155464,1,validation
0,0.11930188744129744,0,validation
0,0.31585242394216295,0,validation
0,0.06236337215552811,0,validation
1,0.9999999999802467,1,validation
0,0.1590355321040565,0,validation
0,0.15640055418751153,0,validation
0,0.3173009721588916,0,validation
0,0.16830433557322427,0,validation
0,0.22468572605870157,0,validation
0,0.06990543972870233,0,validation
0,0.3611405589237387,0,validation
1,0.9999999999597795,1,validation
0,0.19853744013665556,0,validation
0,0.32273751882899093,0,validation
0,0.10173278612789596,0,validation
0,0.3507195869231298,0,validation
0,0.21620333911920067,0,validation
1,0.18903976279315102,0,validation
0,0.2403736884564774,0,validation
0,0.05092131494561348,0,validation
1,0.9999999999329483,1,validation
0,0.3492646338860658,0,validation
0,0.11787113734930053,0,validation
1,0.12880219768370715,0,validation
0,0.09565848509594485,0,validation
0,0.04525181551960344,0,validation
0,0.18740947735784036,0,validation
0,0.07663182425407082,0,validation
1,0.9999999999555507,1,validation
0,0.06945077883637203,0,validation
0,0.1552360636301489,0,validation
0,0.4932701249382801,0,validation
0,0.26808136102257657,0,validation
0,0.1667006835161357,0,validation
0,0.6687137229511745,1,validation
0,0.2426584172149847,0,validation
0,0.4224782235067848,0,validation
0,0.2160747874638563,0,validation
0,0.12825000724588337,0,validation
0,0.287825598632871,0,validation
0,0.13793103899258255,0,validation
0,0.13093111297299184,0,validation
1,0.3405574296731845,0,validation
1,0.7944344982426668,1,validation
1,0.2060133093103893,0,validation
1,0.3652868993633833,0,validation
0,0.17011841559211788,0,validation
1,0.7173866652886147,1,validation
0,0.09965844193697257,0,validation
0,0.11794228681791828,0,validation
1,0.9999999999560152,1,validation
0,0.09225231057430003,0,validation
0,0.13205374574943898,0,validation
0,0.10078963237548363,0,validation
0,0.18503263572743672,0,validation
0,0.1986589627814958,0,validation
0,0.24692621173103174,0,validation
0,0.2882326523808223,0,validation
0,0.08532798781312477,0,validation
0,0.1702207555475118,0,validation
0,0.17536283510783687,0,validation
1,0.9999999999404778,1,validation
0,0.2097553071091446,0,validation
1,0.9999999999883769,1,validation
1,0.9999999999625502,1,validation
0,0.26317314346530757,0,validation
0,0.33615691583695817,0,validation
0,0.1867235710576655,0,validation
1,0.19402382826229964,0,validation
0,0.29037698316329014,0,validation
0,0.08426522438204773,0,validation
0,0.0893526901963266,0,validation
0,0.15627387151262037,0,validation
0,0.20890068319647292,0,validation
0,0.13317476578477927,0,validation
0,0.13756617873054386,0,validation
0,0.2806424341341201,0,validation
0,0.1918837467700052,0,validation
0,0.05967043691564521,0,validation
0,0.130539244124366,0,validation
0,0.16590252906630046,0,validation
0,0.21859437501644857,0,validation
0,0.2709329249463773,0,validation
0,0.40735945099556825,0,validation
0,0.33675673370300196,0,validation
0,0.08762660301416679,0,validation
0,0.24452059501866255,0,validation
0,0.08208963067613798,0,validation
0,0.21269183848259118,0,validation
0,0.2254036332452368,0,validation
0,0.08242675213226225,0,validation
0,0.2556924165921994,0,validation
1,0.9999999999887017,1,validation
0,0.1279031418584755,0,validation
0,0.26632784334330695,0,validation
0,0.16581620438883268,0,validation
0,0.87710784724468,1,validation
1,0.9999999999752274,1,validation
0,0.2320070842541651,0,validation
0,0.127902048274342,0,validation
1,0.7990652246258353,1,validation
0,0.2057951029345739,0,validation
1,0.7766367016855036,1,validation
0,0.17812027688663956,0,validation
0,0.20875921621032267,0,validation
0,0.11061784480166573,0,validation
0,0.12659330347215156,0,validation
0,0.13181668471297747,0,validation
1,0.9999999998805467,1,validation
0,0.1328520570588011,0,validation
0,0.09966001189943645,0,validation
0,0.10640525841617429,0,validation
0,0.05868229800026971,0,validation
0,0.10335186121801483,0,validation
0,0.18130121057670934,0,validation
0,0.20833962666567685,0,validation
0,0.2032756184657673,0,validation
0,0.06349891083680714,0,validation
0,0.2163461120006913,0,validation
0,0.24368939929184452,0,validation
0,0.16873723137782656,0,validation
0,0.07967254513502765,0,validation
0,0.3206035459454679,0,validation
0,0.07599384626265814,0,validation
1,0.9999999998773559,1,validation
0,0.17869339732561532,0,validation
0,0.20475524704133116,0,validation
1,0.06736265975181127,0,validation
0,0.08661671004838252,0,validation
0,0.23958204892403046,0,validation
1,0.3550189390507847,0,validation
0,0.4873563522395779,0,validation
0,0.14284605223935268,0,validation
0,0.10027941145553054,0,validation
1,0.1786078165417342,0,validation
0,0.31987388808305944,0,validation
0,0.13091614182821856,0,validation
0,0.45404500437082634,0,validation
0,0.163351948446479,0,validation
0,0.46759349704263076,0,validation
1,0.25393815308714723,0,validation
0,0.2485508087373156,0,validation
0,0.11684077671369063,0,validation
0,0.0768283494512755,0,validation
1,0.42491385542757404,0,validation
0,0.19548078564926025,0,validation
0,0.20538870456919964,0,validation
0,0.11665481903405944,0,validation
0,0.2998358060909103,0,validation
0,0.33628927876104825,0,validation
0,0.0999760220215463,0,validation
0,0.12066150105395868,0,validation
0,0.1777519405048194,0,validation
0,0.08039205415473827,0,validation
1,0.22217971188400418,0,validation
0,0.10773687507301252,0,validation
0,0.15680332331846508,0,validation
1,0.10351572626878473,0,validation
0,0.3296823987523757,0,validation
1,0.1561438261908058,0,validation
1,0.999999999985453,1,validation
0,0.15750088167362064,0,validation
0,0.14623621650579144,0,validation
0,0.17704240615691783,0,validation
0,0.06635397132420003,0,validation
1,0.9999999999497413,1,validation
0,0.27160825644009906,0,validation
0,0.13588814927568224,0,validation
1,0.9999999999884153,1,validation
0,0.28268271698306047,0,validation
0,0.21345171170331628,0,validation
1,0.9999999999978362,1,validation
0,0.23886505079192422,0,validation
0,0.33026150873749494,0,validation
1,0.9999999999763911,1,validation
0,0.12592059949949053,0,validation
0,0.30165484498889067,0,validation
1,0.2583032585781111,0,validation
0,0.21937355679270237,0,validation
0,0.1407701733677391,0,validation
0,0.10719241978948729,0,validation
1,0.9999999998606481,1,validation
0,0.08037936653617456,0,validation
0,0.1823017142202643,0,validation
0,0.12594571845517197,0,validation
0,0.2676528035976524,0,validation
0,0.21912386965602207,0,validation
0,0.10953207678190602,0,validation
1,0.9999999999188567,1,validation
0,0.08544562407219668,0,validation
0,0.07608817163671942,0,validation
0,0.2665697667804138,0,validation
0,0.147136437179279,0,validation
0,0.08117615700771166,0,validation
1,0.10828991670700232,0,validation
0,0.20549493495872484,0,validation
0,0.15014995384458749,0,validation
0,0.14011796510953575,0,validation
0,0.11227352961384927,0,validation
1,0.3680454125064454,0,validation
0,0.3304934673183062,0,validation
0,0.20741405462746987,0,validation
1,0.42651558982148124,0,validation
0,0.0845005263205205,0,validation
0,0.14225467424465088,0,validation
0,0.047043715947700605,0,validation
0,0.052114550025869295,0,validation
0,0.36859346825607264,0,validation
0,0.29715831997173625,0,validation
0,0.19067589070217267,0,validation
1,0.18315252425864836,0,validation
1,0.9999999999677964,1,validation
0,0.06661469910525644,0,validation
1,0.0816432501055991,0,validation
0,0.25608227402240524,0,validation
1,0.3361184431631353,0,validation
0,0.19432839661833953,0,validation
0,0.1983493058904728,0,validation
0,0.08633158798657749,0,validation
1,0.5402682677265248,1,validation
0,0.5007556602711769,1,validation
0,0.2025035404901761,0,validation
1,0.08769741135917199,0,validation
1,0.9999999998711151,1,validation
0,0.09623596688637799,0,validation
0,0.13697503533066963,0,validation
0,0.20543443234503211,0,validation
1,0.9999999999923799,1,validation
0,0.4208953665910075,0,validation
1,0.12976495167991658,0,validation
0,0.6521514744709332,1,validation
0,0.33827657293892427,0,validation
0,0.47545466512575135,0,validation
0,0.21201039295371335,0,validation
1,0.3409355321337144,0,validation
1,0.9999999999976363,1,validation
0,0.28796315471583095,0,validation
0,0.19667495932528856,0,validation
1,0.9999999999964169,1,validation
0,0.2272868996262616,0,validation
1,0.6857947235044922,1,validation
0,0.2900682616518201,0,validation
0,0.08435284254620128,0,validation
0,0.12065156499177888,0,validation
1,0.7357175085332981,1,validation
0,0.2888408534464105,0,validation
0,0.040768472011197085,0,validation
0,0.26589580981998656,0,validation
0,0.08014103584164871,0,validation
0,0.0801182237836197,0,validation
0,0.20539035787759088,0,validation
0,0.16719528324749552,0,validation
0,0.4038094346246327,0,validation
0,0.12350770818064423,0,validation
0,0.12896250023582587,0,validation
0,0.17883699807418524,0,validation
0,0.08513333826751031,0,validation
1,0.9999999999094344,1,validation
0,0.0934318005653985,0,validation
0,0.23614797932539452,0,validation
0,0.12297337185471861,0,validation
1,0.14971563271661456,0,validation
0,0.2526733164735734,0,validation
0,0.15043584260221635,0,validation
1,0.9999999999836262,1,validation
1,0.9999999999351756,1,validation
0,0.3248346506347234,0,validation
0,0.27268541029386206,0,validation
0,0.09493072617254027,0,validation
0,0.33165084751315865,0,validation
1,0.11716363058313492,0,validation
0,0.18899260536736523,0,validation
0,0.09901918370970245,0,validation
0,0.20865552449282668,0,validation
0,0.2634890157748637,0,validation
0,0.09648430534567563,0,validation
0,0.1994760962889326,0,validation
0,0.5007521439717219,1,validation
1,0.9999999999660449,1,validation
0,0.3719700900620587,0,validation
0,0.3683748014093432,0,validation
0,0.30631026000028,0,validation
0,0.37031780384623436,0,validation
0,0.1163914255828227,0,validation
0,0.09363043241193339,0,validation
0,0.4473933513208617,0,validation
0,0.12666157401974606,0,validation
0,0.44365739793097037,0,validation
1,0.9999999999675968,1,validation
0,0.09747379287661621,0,validation
1,0.2831576293681391,0,validation
0,0.1750859552782756,0,validation
0,0.14993501122123412,0,validation
1,0.3369463158426949,0,validation
0,0.14467381482241112,0,validation
0,0.07371360496855402,0,validation
0,0.11006249921022118,0,validation
1,0.18666089092048463,0,validation
0,0.08794933953721863,0,validation
0,0.10766816119495731,0,validation
0,0.20662734149320158,0,validation
0,0.10690684524689688,0,validation
0,0.24813681168449128,0,validation
0,0.237211059611166,0,validation
0,0.18733335858186148,0,validation
0,0.3919884817578299,0,validation
0,0.1213913190919938,0,validation
0,0.0883006779280082,0,validation
0,0.11866434017603893,0,validation
0,0.18108185477365146,0,validation
1,0.9999999999385276,1,validation
0,0.21619884587142166,0,validation
1,0.9999999999480687,1,validation
0,0.3287423105090714,0,validation
0,0.19931379869462174,0,validation
0,0.09437880188656678,0,validation
1,0.13466809866398835,0,validation
0,0.457721989691378,0,validation
0,0.2997107708030923,0,validation
0,0.05390467602327638,0,validation
0,0.17557385439107123,0,validation
0,0.3122406314020532,0,validation
1,0.11863999667706839,0,validation
0,0.2871906466197139,0,validation
0,0.25140972121510113,0,validation
0,0.22566242198144726,0,validation
0,0.16108874859578656,0,validation
0,0.11530364025141882,0,validation
1,0.9999999999566063,1,validation
1,0.4710135964712678,0,validation
0,0.14765759027615694,0,validation
1,0.14278222094877432,0,validation
1,0.9999999999839015,1,validation
1,0.17243039487008605,0,validation
1,0.3805958599964582,0,validation
0,0.18845618699747532,0,validation
0,0.27686784237913836,0,validation
0,0.09535767593989306,0,validation
1,0.9999999999533224,1,validation
0,0.13021381051585698,0,validation
0,0.041526623604071965,0,validation
0,0.18436694069689188,0,validation
0,0.125092773786257,0,validation
0,0.11017200263777653,0,validation
0,0.12959295941192836,0,validation
0,0.4893707156640518,0,validation
0,0.08442636336701174,0,validation
1,0.07386960036142316,0,validation
0,0.10051423812616851,0,validation
0,0.2488824387432164,0,validation
1,0.999999999904388,1,validation
0,0.33290088462528106,0,validation
0,0.2064178600310275,0,validation
0,0.18072300282262624,0,validation
1,0.5973411552359101,1,validation
0,0.2815029757836011,0,validation
0,0.25906483988278395,0,validation
1,0.9999999998360978,1,validation
1,0.22141999503044538,0,validation
0,0.3118561371399849,0,validation
1,0.8223289548395893,1,validation
1,0.9999999999594553,1,validation
1,0.41444549206978676,0,validation
0,0.24974595366080965,0,validation
1,0.15848837293472517,0,validation
0,0.31668239228153244,0,validation
1,0.6114723009198055,1,validation
0,0.3745800722224787,0,validation
0,0.2026412553034647,0,validation
0,0.47164349377934817,0,validation
0,0.12730913694298734,0,validation
0,0.49276964088935726,0,validation
0,0.09129380457087778,0,validation
0,0.10412915305714297,0,validation
1,0.2510657433077453,0,validation
0,0.11991506911588298,0,validation
0,0.14232800480980923,0,validation
1,0.4042556208957482,0,validation
0,0.13657110357658853,0,validation
0,0.06393426513232654,0,validation
0,0.10461095991951784,0,validation
0,0.1312705183782083,0,validation
1,0.27530972059817704,0,validation
1,0.2744057754816197,0,validation
0,0.226104818722206,0,validation
0,0.38444362368241686,0,validation
0,0.3003272037379857,0,validation
0,0.3228414246743987,0,validation
0,0.2300846781652512,0,validation
0,0.052315318118401406,0,validation
0,0.1597507345868338,0,validation
0,0.08113679613388788,0,validation
0,0.3369860940870618,0,validation
1,0.17950700820297638,0,validation
1,0.09796318322285896,0,validation
0,0.29095138455191694,0,validation
0,0.23661147660242968,0,validation
0,0.14364960828684495,0,validation
0,0.05183665930180957,0,validation
0,0.055984311938431126,0,validation
0,0.18674521845565592,0,validation
0,0.11309603365686957,0,validation
0,0.23715328102133895,0,validation
0,0.14517087015091362,0,validation
1,0.99999999996941,1,validation
0,0.5433764308916097,1,validation
1,0.2660875087047463,0,validation
0,0.2284849956542942,0,validation
0,0.28090784808721625,0,validation
0,0.10815845452578003,0,validation
0,0.03708948478281419,0,validation
1,0.21454830040680578,0,validation
1,0.9999999999717388,1,validation
0,0.1525805189531156,0,validation
1,0.2715787846202982,0,validation
0,0.17128488572838582,0,validation
0,0.12202156180219811,0,validation
0,0.123310966600647,0,validation
1,0.9999999999785278,1,validation
0,0.22009596747053511,0,validation
0,0.4137915302519276,0,validation
0,0.08260740068946203,0,validation
0,0.1359443626483855,0,validation
1,0.5348521550866829,1,validation
1,0.9999999999714742,1,validation
1,0.999999999917389,1,validation
1,0.9999999998718956,1,validation
0,0.07708219236535344,0,validation
0,0.18425697178781542,0,validation
1,0.9999999999830225,1,validation
0,0.06810187866886562,0,validation
1,0.29921040142100264,0,validation
1,0.32148711800370805,0,validation
0,0.558837381849856,1,validation
0,0.3232375875459052,0,validation
1,0.16033756360226717,0,validation
0,0.1281483721661194,0,validation
0,0.18024435216443177,0,validation
0,0.20808865316469508,0,validation
0,0.2761025994601304,0,validation
0,0.114926558811509,0,validation
0,0.08947940808038814,0,validation
1,0.19295334189243935,0,validation
0,0.3184332651830092,0,validation
0,0.20580980557850473,0,validation
1,0.999999999955308,1,validation
0,0.3154156470502497,0,validation
1,0.9999999999719362,1,validation
1,0.8321255923600541,1,validation
0,0.057342316049542784,0,validation
0,0.08790785785670963,0,validation
0,0.18564047599576142,0,validation
0,0.12170877245268005,0,validation
1,0.25807904964257333,0,validation
0,0.08850702661204865,0,validation
0,0.18426008402278124,0,validation
0,0.1793954339692889,0,validation
0,0.24205960986207198,0,validation
0,0.15466671328721585,0,validation
1,0.28200084065556363,0,validation
0,0.23223724125547196,0,validation
0,0.12107783225147976,0,validation
0,0.15021196532933367,0,validation
0,0.42075441407075487,0,validation
0,0.0821121667692145,0,validation
0,0.12629104894527465,0,validation
1,0.21702113604367618,0,validation
1,0.09859075366091805,0,validation
1,0.9999999999713551,1,validation
0,0.05806459494516753,0,validation
0,0.08615313752166781,0,validation
0,0.04709965031290143,0,validation
1,0.9999999999500475,1,validation
1,0.1584612878820248,0,validation
0,0.09806616293349849,0,validation
0,0.34320032053669197,0,validation
1,0.3264391869747448,0,validation
0,0.07316539985492218,0,validation
1,0.2577013718559018,0,validation
0,0.09395688605183748,0,validation
0,0.12397272647597168,0,validation
1,0.9999999999539313,1,validation
0,0.2489768595206496,0,validation
1,0.19105896295029612,0,validation
0,0.1863265439918693,0,validation
0,0.11107555363957629,0,validation
0,0.1773703139121074,0,validation
1,0.9998685442034815,1,validation
0,0.24326130323796866,0,validation
0,0.28401265618840704,0,validation
1,0.11967904317715637,0,validation
0,0.26242417453772887,0,validation
0,0.20832684091334927,0,validation
0,0.4054262395321093,0,validation
0,0.24958652341833695,0,validation
0,0.7862332225949086,1,validation
1,0.08812161155945299,0,validation
0,0.0760620976764429,0,validation
0,0.11174777113653622,0,validation
0,0.07924237057124757,0,validation
0,0.17229244912178832,0,validation
0,0.09317700160257986,0,validation
0,0.17491223824856791,0,validation
0,0.262921317078114,0,validation
1,0.9999999999786955,1,validation
1,0.99999999997139,1,validation
1,0.11082942421103058,0,validation
0,0.5855524849979583,1,validation
0,0.130882938399567,0,validation
0,0.1405313544781144,0,validation
0,0.1948714790714182,0,validation
0,0.04665504627569706,0,validation
1,0.9999999999881493,1,validation
0,0.16348743085174622,0,validation
0,0.1352059853377881,0,validation
0,0.1334994448356903,0,validation
1,0.9999999999329134,1,validation
0,0.2269204439522116,0,validation
0,0.08584824877813398,0,validation
1,0.3945189769843398,0,validation
0,0.18058066515782292,0,validation
0,0.2848172945571425,0,validation
0,0.376377162501696,0,validation
1,0.11609708524584185,0,validation
0,0.11015208640687656,0,validation
0,0.2119422912900318,0,validation
1,0.9999999999541902,1,validation
0,0.1756446978664026,0,validation
0,0.06673121019377393,0,validation
0,0.3586890595180867,0,validation
0,0.12621938963244328,0,validation
0,0.2785497298579485,0,validation
0,0.1813071979307973,0,validation
0,0.12092703121095676,0,validation
1,0.9999999999674496,1,validation
0,0.28025376660681606,0,validation
0,0.08639880791530474,0,validation
1,0.9999999999897224,1,validation
0,0.21019228856603558,0,validation
1,0.5941415226052875,1,validation
0,0.3109928195881868,0,validation
0,0.07542746679082502,0,validation
1,0.08666941313292405,0,validation
0,0.18432783463437452,0,validation
0,0.5338887708707344,1,validation
0,0.40780300792734425,0,validation
0,0.12021115269701574,0,validation
1,0.12036918262009039,0,validation
0,0.18501787641318812,0,validation
0,0.10956144978840093,0,validation
1,0.22216766380742364,0,validation
0,0.26902308274062975,0,validation
0,0.19791148222150542,0,validation
0,0.14178830352868987,0,validation
1,0.05012656574377056,0,validation
1,0.15774251720653998,0,validation
0,0.13894014493729961,0,validation
0,0.0914423253685403,0,validation
1,0.9999999997617122,1,validation
0,0.10563345555979134,0,validation
0,0.14632340731247404,0,validation
0,0.1197640741314676,0,validation
0,0.0922818770503925,0,validation
0,0.10543066980421843,0,validation
1,0.1860460360413741,0,validation
0,0.0910009380176905,0,validation
0,0.19936248847796606,0,validation
1,0.9999999999199167,1,validation
0,0.10306448613791193,0,validation
1,0.25031398195198473,0,validation
0,0.05659080303119453,0,validation
0,0.15166269296231197,0,validation
0,0.2359644168563762,0,validation
0,0.12401969948890393,0,validation
0,0.1505403344430164,0,validation
0,0.15417219521480485,0,validation
0,0.12154331073440623,0,validation
0,0.10161116159666934,0,validation
0,0.29772730691121957,0,validation
0,0.21258254965239803,0,validation
0,0.07884515203632106,0,validation
1,0.9999999999847133,1,validation
1,0.29388245183117856,0,validation
1,0.3365210171264539,0,validation
0,0.129061373018813,0,validation
1,0.06975544096450949,0,validation
0,0.12492755736070456,0,validation
0,0.17957328420026536,0,validation
0,0.16494305157994654,0,validation
1,0.12174117287919502,0,validation
1,0.4962644012556564,0,validation
1,0.45207736917500907,0,validation
0,0.11236980006276172,0,validation
0,0.07988430465565147,0,validation
1,0.08206653262880878,0,validation
0,0.12511654774435763,0,validation
0,0.135808146590931,0,validation
0,0.09807379407985012,0,validation
1,0.4448525045794819,0,validation
0,0.10751182489807402,0,validation
0,0.17425918980750021,0,validation
0,0.1506027821825408,0,validation
1,0.32074522327164157,0,validation
1,0.9999999999612816,1,validation
0,0.2067496657170806,0,validation
0,0.1714652337532328,0,validation
0,0.13135951248969138,0,validation
0,0.22472682568694918,0,validation
0,0.4977380401664498,0,validation
0,0.0804070804156722,0,validation
0,0.07617044614712759,0,validation
0,0.17844570467235005,0,validation
0,0.2148735251585904,0,validation
0,0.4715900473604541,0,validation
0,0.4975818260645934,0,validation
0,0.2137560296472402,0,validation
0,0.10477908487279283,0,validation
0,0.3125316298872265,0,validation
0,0.4295649642471741,0,validation
0,0.21712042917031898,0,validation
1,0.99999999999337,1,validation
1,0.3496112995452516,0,validation
0,0.16325193720083342,0,validation
1,0.2187104173125565,0,validation
0,0.23896979832157347,0,validation
0,0.1258030227488738,0,validation
0,0.35137839652133657,0,validation
0,0.13555637898535397,0,validation
0,0.0909787626295453,0,validation
0,0.16218751132755174,0,validation
0,0.18760077762412336,0,validation
0,0.25450963438974716,0,validation
0,0.2309244519234503,0,validation
0,0.20632512165483077,0,validation
0,0.0635509080733153,0,validation
0,0.34292926221387626,0,validation
0,0.16599385158957122,0,validation
0,0.08201136708902133,0,validation
0,0.15910191654011827,0,validation
1,0.15901254973476897,0,validation
0,0.09222900880876103,0,validation
1,0.30274979768548466,0,validation
1,0.8548559644697808,1,validation
1,0.23596433556191165,0,validation
0,0.23463396578336607,0,validation
0,0.29479428104019745,0,validation
0,0.05313090535484015,0,validation
1,0.99999999982855,1,validation
0,0.09863912737774246,0,validation
0,0.24874635680688603,0,validation
0,0.22497494634223295,0,validation
0,0.11630177024307797,0,validation
0,0.1885935016719262,0,validation
0,0.2470414119656834,0,validation
0,0.31175380335361325,0,validation
0,0.18853066999884507,0,validation
0,0.262276873026129,0,validation
0,0.09330967231644681,0,validation
0,0.3027249941182702,0,validation
0,0.7161692509097368,1,validation
1,0.9999999998272413,1,validation
0,0.18471740270570833,0,validation
0,0.06323072298931068,0,validation
0,0.07076562841255996,0,validation
0,0.09808394704151187,0,validation
0,0.21527993663013092,0,validation
0,0.17168456553280445,0,validation
1,0.999999999937321,1,validation
0,0.11953051139014963,0,validation
1,0.9999999999455451,1,validation
0,0.10382438668466788,0,validation
0,0.14606053700268548,0,validation
0,0.26407597245844566,0,validation
1,0.34211693508213586,0,validation
0,0.1277807935376533,0,validation
1,0.2473452259434298,0,validation
0,0.40182094242793354,0,validation
0,0.10816501127757634,0,validation
0,0.06999539795518221,0,validation
0,0.19237518629077083,0,validation
0,0.09334948189766364,0,validation
0,0.1898780879093251,0,validation
1,0.3196325312477871,0,validation
1,0.1601332569333503,0,validation
0,0.3103114986410755,0,validation
1,0.9999999999280775,1,validation
1,0.7125004000483616,1,validation
0,0.13496616721484733,0,validation
0,0.2923328800393677,0,validation
1,0.9999999999815132,1,validation
0,0.17720020173789386,0,validation
0,0.26526554919134604,0,validation
0,0.2885049226507742,0,validation
0,0.6378136417322853,1,validation
0,0.1968112172686064,0,validation
0,0.2714382954065307,0,validation
0,0.16571430009630742,0,validation
1,0.20086417228200565,0,validation
0,0.16460035096628062,0,validation
1,0.1934863845079467,0,validation
1,0.8265775024022646,1,validation
0,0.33755582780484894,0,validation
0,0.06751759642733185,0,validation
0,0.2957889006339295,0,validation
0,0.13755152890522868,0,validation
1,0.9999999999673785,1,validation
0,0.23354405037333628,0,validation
0,0.11254219982410374,0,validation
1,0.29995729824350653,0,validation
0,0.14976553891833183,0,validation
0,0.05505606539371655,0,validation
1,0.33204182777267677,0,validation
1,0.23131109527192395,0,validation
0,0.25945509425804986,0,validation
0,0.058741757488983526,0,validation
0,0.09291759464311922,0,validation
1,0.9999999999624527,1,validation
0,0.18352040714749002,0,validation
0,0.15211295628756075,0,validation
1,0.999999999952818,1,validation
0,0.232149829466347,0,validation
0,0.1934704779024423,0,validation
1,0.9999999998567399,1,validation
1,0.6897452294918703,1,validation
0,0.15014178859614155,0,validation
0,0.22555817296152755,0,validation
0,0.08841692051569239,0,validation
0,0.18194359782947161,0,validation
0,0.17723187862072318,0,validation
1,0.9999999999628832,1,validation
0,0.09573975027527365,0,validation
0,0.04859014055573039,0,validation
1,0.999999999969269,1,validation
0,0.23037943219825055,0,validation
0,0.19700517667011444,0,validation
1,0.156937395284043,0,validation
0,0.28073862631265645,0,validation
0,0.2712420706223001,0,validation
0,0.27063419429646324,0,validation
0,0.14281480177779143,0,validation
1,0.8410108562279777,1,validation
0,0.23616365010265739,0,validation
1,0.33978241821868077,0,validation
0,0.13808437725009004,0,validation
0,0.11744425989354013,0,validation
0,0.22733835004929184,0,validation
0,0.28968580109316766,0,validation
0,0.19486626678301108,0,validation
0,0.19235086115029393,0,validation
0,0.1451462882041547,0,validation
0,0.46533988768976414,0,validation
1,0.30924388813257064,0,validation
0,0.17406415181789422,0,validation
1,0.9999999999963567,1,validation
0,0.20664283074095377,0,validation
0,0.6123796489168304,1,validation
0,0.3080730502453669,0,validation
0,0.16330998590255874,0,validation
1,0.2528271944272355,0,validation
0,0.3018850783621549,0,validation
0,0.14003590794103996,0,validation
0,0.26537074282974316,0,validation
1,0.0807158772223382,0,validation
0,0.23914920135327783,0,validation
0,0.23799186990484822,0,validation
0,0.199431643623381,0,validation
1,0.9999999999844971,1,validation
0,0.12876104492040957,0,validation
0,0.16064722784165203,0,validation
0,0.10485825739162113,0,validation
1,0.2514816239943311,0,validation
0,0.4758056888210636,0,validation
0,0.09542080107739846,0,validation
0,0.06599437232025425,0,validation
1,0.16609393527112426,0,validation
0,0.28959760119120503,0,validation
0,0.1989709467644854,0,validation
0,0.13897468053996112,0,validation
0,0.08949578655452392,0,validation
0,0.1104404608346209,0,validation
0,0.22738283445630822,0,validation
0,0.2266612338274368,0,validation
1,0.10986442422617367,0,validation
0,0.216712005099516,0,validation
0,0.07937469261489678,0,validation
1,0.19502162612460736,0,validation
0,0.3286378606383378,0,validation
1,0.23212702764277657,0,validation
0,0.10044257045465244,0,validation
1,0.9999999999625557,1,validation
0,0.16283656806270436,0,validation
0,0.4328524527177216,0,validation
1,0.27897085233534086,0,validation
0,0.2837013791590128,0,validation
0,0.34528466760727095,0,validation
0,0.240124524714619,0,validation
0,0.26982725434146,0,validation
1,0.14970652609015614,0,validation
0,0.15895826521568168,0,validation
0,0.19907315220381286,0,validation
0,0.2173464677528622,0,validation
0,0.07394806343330997,0,validation
0,0.19332320466206593,0,validation
0,0.11493187889054167,0,validation
0,0.10686563582250355,0,validation
0,0.20193829160536408,0,validation
0,0.11596544855151633,0,validation
0,0.1301425050988845,0,validation
0,0.10489199950815799,0,validation
0,0.10166200913316704,0,validation
0,0.21909639920741278,0,validation
0,0.1056139765351403,0,validation
0,0.5438499417715967,1,validation
0,0.41789971003490345,0,validation
0,0.179376953484174,0,validation
0,0.12274933889647124,0,validation
0,0.09618926018590991,0,validation
1,0.36429680534070824,0,validation
1,0.9999655537893849,1,validation
0,0.5072914250370528,1,validation
0,0.24991188904819758,0,validation
0,0.07681667931462423,0,validation
0,0.06875555407277002,0,validation
0,0.2868064584276206,0,validation
0,0.1961802812952777,0,validation
0,0.10315263212174014,0,validation
0,0.2598293881061259,0,validation
0,0.710541890392077,1,validation
0,0.08025774537722319,0,validation
0,0.13156859876446403,0,validation
1,0.9999999999736804,1,validation
1,0.9999999999363063,1,validation
0,0.28503122918370494,0,validation
0,0.16769638342018756,0,validation
0,0.18581953614740937,0,validation
0,0.21755094585508647,0,validation
1,0.9999999998916476,1,validation
0,0.18739283470531548,0,validation
0,0.3395130872808804,0,validation
0,0.13417188569929983,0,validation
1,0.14114216908003455,0,validation
0,0.5682015199224827,1,validation
0,0.20061828295134124,0,validation
1,0.2825557584382833,0,validation
0,0.2645683258449891,0,validation
0,0.08602264653365206,0,validation
0,0.060914184766220895,0,validation
0,0.1799015404719234,0,validation
0,0.05315971148893429,0,validation
0,0.26754442056335126,0,validation
0,0.0863982676148592,0,validation
0,0.2610429565100637,0,validation
0,0.09487960282357101,0,validation
1,0.9999999999428852,1,validation
0,0.10425438378538532,0,validation
1,0.999999999980028,1,validation
1,0.16723092756068433,0,validation
0,0.09904229634193533,0,validation
0,0.3801085681870807,0,validation
0,0.16300581002686224,0,validation
0,0.24761647383979607,0,validation
0,0.14752304737022978,0,validation
0,0.20151108703078116,0,validation
0,0.17576292764992862,0,validation
0,0.2151581495155045,0,validation
0,0.20768464095044753,0,validation
0,0.2585478660350249,0,validation
0,0.16105799577792626,0,validation
0,0.21967549058530633,0,validation
0,0.15596406093637863,0,validation
1,0.9999999999630909,1,validation
0,0.163380421935109,0,validation
1,0.21342067122225564,0,validation
1,0.9999999999297406,1,validation
0,0.08629752417584188,0,validation
0,0.09785654122543211,0,validation
0,0.20127801411848006,0,validation
1,0.18130925988396804,0,validation
1,0.9999999998943658,1,validation
0,0.1955272684880079,0,validation
0,0.41165197851891383,0,validation
0,0.10166712179303336,0,validation
0,0.2763387897913471,0,validation
1,0.18568398349469414,0,validation
1,0.9999999999625744,1,validation
0,0.17465901236383352,0,validation
0,0.2740671457781379,0,validation
0,0.4170004112987266,0,validation
0,0.18356586953707446,0,validation
1,0.21261737041451165,0,validation
1,0.30252043198959877,0,validation
0,0.15201634960608265,0,validation
0,0.24519724260077996,0,validation
0,0.2384864782738385,0,validation
1,0.9999999999870357,1,validation
0,0.10213345624487709,0,validation
0,0.3466954780026347,0,validation
0,0.18120522895607097,0,validation
0,0.08709574433544504,0,validation
0,0.29178084050933967,0,validation
0,0.2538002491165409,0,validation
0,0.37900012912847464,0,validation
0,0.08696867538587655,0,validation
1,0.9999999998646727,1,validation
0,0.23729398353562509,0,validation
0,0.25265086012019766,0,validation
1,0.09997823449284779,0,validation
0,0.26789419836410094,0,validation
0,0.08733893217501398,0,validation
0,0.16127846536929863,0,validation
0,0.15075851121761694,0,validation
0,0.13233551140194916,0,validation
0,0.2254183445400303,0,validation
0,0.08625279440281462,0,validation
0,0.27741331044165024,0,validation
0,0.2669683394069646,0,validation
0,0.06735963059420552,0,validation
0,0.15191400638564817,0,validation
1,0.999999999863286,1,validation
0,0.088219999266414,0,validation
0,0.1700583996817562,0,validation
0,0.1537832821599516,0,validation
0,0.061355332182922585,0,validation
1,0.9999999999696654,1,validation
0,0.12759903245499205,0,validation
0,0.16253054710884546,0,validation
0,0.2206142590048471,0,validation
0,0.06567861684007212,0,validation
0,0.27576613045335363,0,validation
0,0.2581017078985658,0,validation
0,0.2090534294213643,0,validation
1,0.43843113116041416,0,validation
0,0.6313063296560697,1,validation
1,0.2577570345186618,0,validation
0,0.37277626077415366,0,validation
0,0.23326415953353702,0,validation
0,0.09742206363076555,0,validation
0,0.21679864718126438,0,validation
1,0.8048562924834317,1,validation
1,0.488190724749974,0,validation
0,0.22437539417506785,0,validation
0,0.3237134011518618,0,validation
0,0.22168694846916057,0,validation
1,0.8675616483369939,1,validation
0,0.1280836659357293,0,validation
0,0.09297574728311003,0,validation
0,0.12875379846826548,0,validation
0,0.13448141315663759,0,validation
0,0.15042463826207678,0,validation
1,0.9999999999866076,1,validation
0,0.21656531978306137,0,validation
0,0.264583535584136,0,validation
0,0.31890294717308837,0,validation
1,0.9999999999918807,1,validation
0,0.07529152610695793,0,validation
0,0.16584216181792477,0,validation
0,0.206579149280706,0,validation
1,0.9999999999593161,1,validation
0,0.2102066050389735,0,validation
0,0.3246199836082264,0,validation
0,0.1976358795905259,0,validation
0,0.41097398324344325,0,validation
0,0.2523566193528619,0,validation
0,0.09255126637284576,0,validation
0,0.09700134439179806,0,validation
0,0.34371539511825416,0,validation
1,0.9999999999455342,1,validation
0,0.25869624711068134,0,validation
1,0.9999999998701858,1,validation
0,0.16211671829061305,0,validation
0,0.31048009031821877,0,validation
0,0.13442281102147483,0,validation
1,0.27003938810484923,0,validation
0,0.33842614716798797,0,validation
0,0.09978320141236231,0,validation
1,0.28286814330457055,0,validation
0,0.22914702336033252,0,validation
0,0.3184522232100062,0,validation
1,0.9999999998526088,1,validation
0,0.2348240644663287,0,validation
0,0.311663059872518,0,validation
0,0.2379313962511114,0,validation
0,0.13236794343251135,0,validation
1,0.1642880788502487,0,validation
0,0.1075710506749019,0,validation
0,0.24976864912844512,0,validation
0,0.1536119874489661,0,validation
0,0.22230257232457754,0,validation
0,0.41720664634440846,0,validation
0,0.19328895700603543,0,validation
0,0.3360103531812981,0,validation
1,0.1847249116509084,0,validation
1,0.9999999999101132,1,validation
0,0.23634374708186973,0,validation
1,0.8112388205671625,1,validation
0,0.2014043263166574,0,validation
0,0.321400698322373,0,validation
0,0.12086448388504983,0,validation
1,0.08299692471631559,0,validation
0,0.1652778558694301,0,validation
0,0.09314180943401204,0,validation
0,0.6373815414384011,1,validation
1,0.18793994621602206,0,validation
1,0.9999999999950657,1,validation
1,0.30305420868842087,0,validation
0,0.244503407983232,0,validation
0,0.18250908001908103,0,validation
1,0.9999999999444658,1,validation
0,0.21186171177944452,0,validation
0,0.21868624255990338,0,validation
0,0.1980886409261867,0,validation
1,0.9999999999636666,1,validation
0,0.13201381364640297,0,validation
0,0.18025095387991857,0,validation
0,0.07324725595291476,0,validation
0,0.09633494479560321,0,validation
0,0.19117883049435658,0,validation
0,0.151154897686299,0,validation
0,0.14613416839930535,0,validation
0,0.23867786332136262,0,validation
0,0.16091957743403046,0,validation
0,0.07922983017881531,0,validation
0,0.13868100555355647,0,validation
1,0.623768443729145,1,validation
0,0.10684810332964301,0,validation
0,0.09138649640107649,0,validation
0,0.10623515581046343,0,validation
0,0.37926419551540425,0,validation
0,0.10608822727067035,0,validation
0,0.10743513807781888,0,validation
1,0.21264504248092467,0,validation
1,0.6245541771793961,1,validation
0,0.19814593561068847,0,validation
0,0.23596054825141383,0,validation
0,0.4886765002338171,0,validation
0,0.10261603355340738,0,validation
0,0.15452924722552563,0,validation
0,0.09114736720749399,0,validation
0,0.09721493377001834,0,validation
0,0.10945539317857653,0,validation
0,0.2191582469078195,0,validation
0,0.13496469421351281,0,validation
0,0.38393970655980164,0,validation
0,0.18092245183642475,0,validation
0,0.13848127022901804,0,validation
0,0.2603537707762378,0,validation
0,0.07997617439466653,0,validation
0,0.12477218486423305,0,validation
1,0.17811183634090041,0,validation
0,0.09708848615977334,0,validation
0,0.22822043721383986,0,validation
0,0.21241078074273,0,validation
0,0.2411902928959564,0,validation
0,0.19642886680484226,0,validation
0,0.08286327477101002,0,validation
0,0.21312076920509382,0,validation
0,0.11424890688301723,0,validation
0,0.17746023791464444,0,validation
0,0.06944706213078325,0,validation
0,0.09425704682197697,0,validation
0,0.20828995389512633,0,validation
0,0.30147521281195633,0,validation
1,0.09663661408089234,0,validation
0,0.07873063239112944,0,validation
0,0.15043287241194908,0,validation
0,0.3193834009825475,0,validation
0,0.2021046034751204,0,validation
0,0.18744591724676907,0,validation
0,0.5767621462489961,1,validation
0,0.20118221003242068,0,validation
0,0.24102957259651198,0,validation
0,0.09541497261488192,0,validation
0,0.07549212129124504,0,validation
0,0.2826952899139876,0,validation
0,0.36173786955309223,0,validation
0,0.11890355169475596,0,validation
0,0.19417413737709982,0,validation
0,0.07032465055710846,0,validation
1,0.11715354879693873,0,validation
0,0.397911941736447,0,validation
0,0.2010648534108851,0,validation
0,0.11788688793440992,0,validation
0,0.4220272228131505,0,validation
0,0.5484390621294515,1,validation
1,0.21062235430421722,0,validation
1,0.6238715911266567,1,validation
1,0.1432451257382034,0,validation
0,0.3259013817668405,0,validation
1,0.9999999999156801,1,validation
0,0.15549636521586,0,validation
0,0.15239536521089597,0,validation
1,0.999999999904025,1,validation
0,0.21397959432787006,0,validation
1,0.10772572142932241,0,validation
1,0.2248748402075356,0,validation
0,0.5288032867402885,1,validation
0,0.21189688336874113,0,validation
0,0.09925100352785854,0,validation
0,0.2895116160759376,0,validation
0,0.1206156647673065,0,validation
1,0.9999999999234399,1,validation
1,0.9999999999249605,1,validation
1,0.16698630533790243,0,validation
0,0.6857024809539601,1,validation
1,0.9999999999441034,1,validation
0,0.23476215613616985,0,validation
0,0.129184519087085,0,validation
0,0.2343153412585406,0,validation
1,0.9999999999631648,1,validation
0,0.13043619144030064,0,validation
0,0.210668063905767,0,validation
0,0.260512128080461,0,validation
1,0.999999999813487,1,validation
1,0.23884907983952933,0,validation
0,0.2806624974442998,0,validation
1,0.1880668261929019,0,validation
0,0.1836939352346782,0,validation
0,0.1602188992391465,0,validation
0,0.20098943210893078,0,validation
0,0.2788969518368946,0,validation
0,0.2913927846455897,0,validation
0,0.11550799700314311,0,validation
0,0.10335796790090762,0,validation
0,0.2658930245857079,0,validation
0,0.08046926989560416,0,validation
0,0.298902810510043,0,validation
1,0.9999999999162577,1,validation
0,0.1994336921322823,0,validation
0,0.16819156606803132,0,validation
0,0.167598025390734,0,validation
1,0.9999999999076856,1,validation
1,0.14223554910385153,0,validation
0,0.15379861064477704,0,validation
1,0.5787579107753897,1,validation
0,0.09196518839614436,0,validation
0,0.19552550337179544,0,validation
0,0.2662708030883704,0,validation
1,0.9999999999818261,1,validation
0,0.26324738020326394,0,validation
0,0.3214450528321492,0,validation
1,0.2109363671935723,0,validation
1,0.7410091411886301,1,validation
0,0.21776443208383953,0,validation
0,0.060574743102484396,0,validation
1,0.9999999999616143,1,validation
1,0.13409941047155044,0,validation
0,0.24468662582782155,0,validation
0,0.09205880445129264,0,validation
0,0.2009980420896128,0,validation
0,0.2042896099535483,0,validation
1,0.363800372968274,0,validation
0,0.20808837668858127,0,validation
1,0.9999999999437492,1,validation
1,0.9999999999269897,1,validation
1,0.9999999999478815,1,validation
1,0.733848095950271,1,validation
0,0.11518137469060069,0,validation
0,0.2574978539253184,0,validation
1,0.12939943992530437,0,validation
0,0.05731714484066053,0,validation
0,0.253340722708465,0,validation
1,0.31613741102993165,0,validation
1,0.999999999877399,1,validation
0,0.21234671715642678,0,validation
0,0.17998907347669083,0,validation
0,0.3867431111545021,0,validation
0,0.10794556735732183,0,validation
0,0.059675904937188086,0,validation
0,0.23048159517721264,0,validation
1,0.23105096040272075,0,validation
1,0.7769023277189566,1,validation
0,0.08359871226845178,0,validation
0,0.234122939556551,0,validation
0,0.26589562599944316,0,validation
0,0.19469965690290297,0,validation
0,0.35812182252652,0,validation
1,0.13506677622326835,0,validation
0,0.2546753742761871,0,validation
0,0.09844371379434871,0,validation
0,0.03992692366541393,0,validation
0,0.47411406562973374,0,validation
0,0.2750342321129823,0,validation
0,0.17613302660804311,0,validation
1,0.6328866026087528,1,validation
0,0.108118533017931,0,validation
0,0.16250723067330988,0,validation
0,0.14893617626111097,0,validation
0,0.061605459628612455,0,validation
0,0.2331868805330106,0,validation
0,0.22593815154850605,0,validation
1,0.12737567962965426,0,validation
0,0.08160443446406808,0,validation
0,0.12551601491885095,0,validation
0,0.14289848571254035,0,validation
0,0.09867679272949928,0,validation
1,0.2013198278667523,0,validation
0,0.19069779043491666,0,validation
0,0.3410999889733403,0,validation
1,0.9999999999921245,1,validation
1,0.9999999998740561,1,validation
0,0.0763300001141147,0,validation
0,0.20475698681960972,0,validation
0,0.1946853864887339,0,validation
0,0.06178994752865969,0,validation
0,0.2111514273024318,0,validation
0,0.26342631659838106,0,validation
0,0.03453074271349137,0,validation
0,0.28380752376418084,0,validation
0,0.06787438019277038,0,validation
0,0.34627852780704305,0,validation
0,0.10746852161722255,0,validation
0,0.3925229344823079,0,validation
0,0.31067330960951894,0,validation
0,0.1347426203574814,0,validation
0,0.10669517683282786,0,validation
0,0.18488154889776812,0,validation
0,0.38980679211763214,0,validation
0,0.11228969841004678,0,validation
0,0.1358378818812647,0,validation
0,0.16961101751428956,0,validation
0,0.06297361286060464,0,validation
0,0.2402241510115172,0,validation
0,0.21065030625908945,0,validation
0,0.15738579546174283,0,validation
0,0.4077330287104323,0,validation
1,0.9999999999484279,1,validation
0,0.19055233232748234,0,validation
1,0.9999999999225755,1,validation
0,0.43052960706367166,0,validation
0,0.11954516689178575,0,validation
0,0.12327375346498728,0,validation
0,0.12408885939229292,0,validation
0,0.05413800084997136,0,validation
0,0.12434583921046855,0,validation
0,0.11382015766571,0,validation
0,0.13720232803816926,0,validation
0,0.09101549022391567,0,validation
1,0.4915238095697151,0,validation
0,0.3335605110958617,0,validation
0,0.05092750360563551,0,validation
0,0.06041144104586925,0,validation
0,0.1601775043789581,0,validation
0,0.4535436193794922,0,validation
0,0.11556896922606198,0,validation
0,0.22112197608621115,0,validation
0,0.10657462802026811,0,validation
0,0.15392252815646723,0,validation
1,0.0322551198868683,0,validation
0,0.25466388964146064,0,validation
0,0.3040973296269235,0,validation
0,0.1762868448816315,0,validation
1,0.615949047466126,1,validation
0,0.4359492639075427,0,validation
0,0.05346730779670986,0,validation
0,0.1332544742933045,0,validation
1,0.08988006994695266,0,validation
0,0.2661966070331692,0,validation
0,0.21338822157285817,0,validation
0,0.1632323811641397,0,validation
0,0.2832633426828279,0,validation
0,0.09882529297603716,0,validation
0,0.10340894371542197,0,validation
1,0.9999999999244289,1,validation
0,0.3555126565285488,0,validation
0,0.17973747862133926,0,validation
0,0.13178145686159504,0,validation
0,0.2888234933776418,0,validation
1,0.2584078824807845,0,validation
0,0.14272966924945282,0,validation
0,0.30733342669800906,0,validation
0,0.2643447739053816,0,validation
1,0.20754030494149112,0,validation
0,0.2182073298568248,0,validation
0,0.28150218814543193,0,validation
1,0.6350504244294484,1,validation
0,0.27334163088498326,0,validation
0,0.12300212190196352,0,validation
0,0.35734517173504965,0,validation
0,0.5361232288705373,1,validation
1,0.99999999999329,1,validation
0,0.0964109019711443,0,validation
0,0.12324486124970764,0,validation
0,0.06079299186725614,0,validation
0,0.1464032982729857,0,validation
0,0.2010892771939987,0,validation
1,0.3738262232872778,0,validation
0,0.04103621578104424,0,validation
0,0.14682920835642718,0,validation
0,0.19221084599165522,0,validation
0,0.13296653385033064,0,validation
0,0.2647156994313984,0,validation
0,0.17235661469848743,0,validation
0,0.3293890716526449,0,validation
0,0.06324317200677035,0,validation
0,0.18358463794186408,0,validation
0,0.26993381460205,0,validation
0,0.1748324476528828,0,validation
1,0.32571286296157675,0,validation
1,0.6087577586385593,1,validation
0,0.30600176505913773,0,validation
1,0.9999999999523081,1,validation
0,0.13684720344419243,0,validation
0,0.08432752143269488,0,validation
0,0.0746075787921576,0,validation
0,0.2512613939820442,0,validation
0,0.22794231709763335,0,validation
1,0.9999999999442213,1,validation
0,0.05707543474910798,0,validation
0,0.15312847918525882,0,validation
0,0.17014602955846383,0,validation
0,0.40622739840347505,0,validation
0,0.34712111744492463,0,validation
0,0.10865573806336065,0,validation
1,0.09996127031868814,0,validation
0,0.10557750442968875,0,validation
1,0.9999999998655749,1,validation
0,0.28748611341367175,0,validation
0,0.1529173912445733,0,validation
0,0.38142149822565763,0,validation
1,0.3617604744112972,0,validation
0,0.1405403470244393,0,validation
0,0.10171462152202528,0,validation
0,0.35691710893624856,0,validation
0,0.14318528167558478,0,validation
0,0.37237672786120674,0,validation
0,0.2933415090594867,0,validation
0,0.432089388940798,0,validation
0,0.08656886687815832,0,validation
1,0.10248266134383432,0,validation
0,0.23573409355225253,0,validation
1,0.20828008660196856,0,validation
0,0.22874600957612387,0,validation
1,0.11487076380939751,0,validation
0,0.41206528713337304,0,validation
0,0.3855097767194685,0,validation
0,0.2596620687426864,0,validation
1,0.10685999297047115,0,validation
0,0.23305020621575528,0,validation
1,0.9999999999576878,1,validation
1,0.535803039940766,1,validation
1,0.11689925068991203,0,validation
0,0.16092501668266976,0,validation
0,0.36381089592879845,0,validation
0,0.20417200804563496,0,validation
0,0.2778755414571079,0,validation
0,0.12558286546157926,0,validation
0,0.11607444724346445,0,validation
0,0.32444623834789316,0,validation
0,0.0756255983121707,0,validation
0,0.10184638744770792,0,validation
0,0.1589481274369006,0,validation
1,0.9999999999834828,1,validation
0,0.28040410725342757,0,validation
0,0.07844147650870006,0,validation
0,0.3839783411505304,0,validation
0,0.08517498294183487,0,validation
0,0.07307913300163583,0,validation
0,0.16838092528533358,0,validation
0,0.18163824990237754,0,validation
0,0.0859903802651358,0,validation
0,0.10392694922889542,0,validation
0,0.2866171913183661,0,validation
0,0.17319900933935112,0,validation
0,0.14088921540126884,0,validation
0,0.185496887070336,0,validation
1,0.9999999999384368,1,validation
0,0.151480743702692,0,validation
0,0.14623023590087011,0,validation
0,0.14087467212673868,0,validation
0,0.19634303844924428,0,validation
0,0.24807048036949936,0,validation
0,0.19320237565007548,0,validation
0,0.16270511230037213,0,validation
0,0.11096802645166473,0,validation
0,0.0916399540055663,0,validation
1,0.582227469988367,1,validation
0,0.13011234651475975,0,validation
0,0.06510074234098784,0,validation
0,0.2611443842277801,0,validation
0,0.1181902106831752,0,validation
1,0.9999999999602136,1,validation
1,0.999999999959829,1,validation
0,0.2436036389752649,0,validation
1,0.29265706047731016,0,validation
0,0.17953126606725556,0,validation
0,0.35848180645988076,0,validation
0,0.16242052938033733,0,validation
0,0.08937944763932584,0,validation
0,0.29213590774962206,0,validation
0,0.2055851415797507,0,validation
0,0.1276409255350633,0,validation
0,0.411623600302721,0,validation
0,0.23493123569391058,0,validation
1,0.31556187468189856,0,validation
1,0.6028948314725763,1,validation
0,0.17918651269910552,0,validation
1,0.9999999999617883,1,validation
0,0.37362446740044813,0,validation
0,0.3398801272310963,0,validation
0,0.1737033597206776,0,validation
0,0.28276040487639825,0,validation
0,0.430253262039574,0,validation
1,0.8642817059449104,1,validation
0,0.08436516023048414,0,validation
0,0.12059732958458085,0,validation
1,0.9999999999558822,1,validation
0,0.07367457923415403,0,validation
0,0.23341622293479433,0,validation
0,0.23925924001089718,0,validation
0,0.09342752898923433,0,validation
0,0.14392320928662336,0,validation
0,0.13116632262275033,0,validation
0,0.10019680302337779,0,validation
0,0.13688661344043457,0,validation
0,0.06280557006662786,0,validation
0,0.16248906059784843,0,validation
0,0.27151538647952106,0,validation
0,0.2427500583995998,0,validation
0,0.23746486241931028,0,validation
0,0.4541623239945019,0,validation
0,0.12384298259480993,0,validation
0,0.17513243910211615,0,validation
0,0.09532561179562524,0,validation
0,0.23593311576220555,0,validation
0,0.16790070022856463,0,validation
0,0.10711249591039256,0,validation
0,0.10437997041930883,0,validation
0,0.38906847177607723,0,validation
0,0.2741788987576517,0,validation
0,0.1206704187004658,0,validation
0,0.0973686239172456,0,validation
0,0.15926479924063736,0,validation
0,0.6018048004553925,1,validation
0,0.07915129297287102,0,validation
1,0.19378110571353377,0,validation
0,0.5950747948576377,1,validation
0,0.5354035902061138,1,validation
1,0.9999999999419162,1,validation
0,0.08424157701919624,0,validation
0,0.03932608045151642,0,validation
0,0.10699817634511793,0,validation
1,0.9999999999840543,1,validation
0,0.11872879012301611,0,validation
1,0.6502223130928813,1,validation
0,0.18312634062042626,0,validation
0,0.13000227364445902,0,validation
1,0.9999999999966012,1,validation
0,0.23408423528141714,0,validation
0,0.17086941011308346,0,validation
0,0.1320043534725444,0,validation
0,0.15317945615549508,0,validation
1,0.22650529762892596,0,validation
0,0.11502692969136163,0,validation
0,0.2286237507826979,0,validation
0,0.07086685208180217,0,validation
0,0.09126666246652777,0,validation
0,0.3074936877862212,0,validation
0,0.3097638859965828,0,validation
0,0.13363600266591025,0,validation
0,0.7146724766035516,1,validation
0,0.08785511782350063,0,validation
0,0.1435941220379874,0,validation
1,0.9999999998576603,1,validation
1,0.3245611060672714,0,validation
0,0.15365732195535237,0,validation
0,0.5429156722715724,1,validation
1,0.09265633659692891,0,validation
0,0.1619666716140261,0,validation
0,0.052390434082127416,0,validation
0,0.4419271511782436,0,validation
0,0.3463604856762433,0,validation
0,0.11914218380308446,0,validation
0,0.14386973435564918,0,validation
0,0.10660670918997209,0,validation
0,0.046622087636762295,0,validation
0,0.07284525494048591,0,validation
0,0.17858184370416363,0,validation
0,0.3722066266535075,0,validation
0,0.11412298878675514,0,validation
1,0.9999999999074702,1,validation
0,0.2501690935696101,0,validation
0,0.4336637803194822,0,validation
0,0.05476923004330487,0,validation
0,0.1919452345599032,0,validation
1,0.29630883106161426,0,validation
0,0.17500394916140966,0,validation
0,0.2070828716229179,0,validation
0,0.19257834677964253,0,validation
1,0.21014630263640438,0,validation
0,0.11652667298436395,0,validation
0,0.3618567633767459,0,validation
0,0.24324577240194173,0,validation
0,0.12312836190120684,0,validation
0,0.12766359531810384,0,validation
0,0.5973362320240151,1,validation
0,0.15021229287618046,0,validation
0,0.18517677017014744,0,validation
0,0.52564492582597,1,validation
0,0.09694001453932533,0,validation
0,0.14027888725656218,0,validation
0,0.32406598489332905,0,validation
0,0.24328513240613872,0,validation
0,0.1488851621203727,0,validation
0,0.28823424787119273,0,validation
0,0.10679304422204255,0,validation
0,0.19459995737218796,0,validation
0,0.2668777701195463,0,validation
0,0.1414999730875426,0,validation
1,0.3750350077032815,0,validation
0,0.11325225885804042,0,validation
0,0.17801222310654133,0,validation
0,0.10063180134256042,0,validation
0,0.12086850028852258,0,validation
0,0.23081378827361793,0,validation
0,0.19393139091336373,0,validation
0,0.18063478049720638,0,validation
0,0.2010294638824471,0,validation
0,0.1985453884011846,0,validation
0,0.27867041639045576,0,validation
0,0.10122728830915316,0,validation
0,0.19527474891063573,0,validation
1,0.9999999999603353,1,validation
0,0.11819698560168446,0,validation
0,0.337311052671341,0,validation
1,0.9999999999961999,1,validation
0,0.33063705812961636,0,validation
0,0.2919905211996662,0,validation
1,0.9999999999218614,1,validation
0,0.31122900701477346,0,validation
0,0.23776753970205658,0,validation
1,0.9999999999564135,1,validation
1,0.6505492791897488,1,validation
0,0.13214969501682094,0,validation
1,0.9999999998933276,1,validation
1,0.9999999999379505,1,validation
0,0.16250143116355512,0,validation
0,0.10836424560059545,0,validation
0,0.18133354898029808,0,validation
0,0.13634434666955042,0,validation
0,0.07673402508411087,0,validation
1,0.9999999999188358,1,validation
0,0.2101782948830239,0,validation
0,0.15295095634849762,0,validation
1,0.9999999999788465,1,validation
1,0.27631133830835175,0,validation
0,0.14580247058118193,0,validation
0,0.1022302333961537,0,validation
0,0.40200500651559773,0,validation
1,0.9999999999853069,1,validation
0,0.08044552317010273,0,validation
0,0.07335068733771692,0,validation
1,0.9999999999531164,1,validation
0,0.1826987760369044,0,validation
0,0.26413075834492944,0,validation
0,0.2058554038039983,0,validation
0,0.11331172461424306,0,validation
0,0.0947202378549896,0,validation
0,0.3196625732157134,0,validation
0,0.13988900172618735,0,validation
0,0.3316531184279748,0,validation
0,0.14849111532084963,0,validation
0,0.27603118654676284,0,validation
0,0.10146686203299786,0,validation
0,0.16555813056145052,0,validation
1,0.5971732434275229,1,validation
0,0.2691343032549031,0,validation
0,0.24263177360667648,0,validation
0,0.15579436737687577,0,validation
0,0.17451717518644394,0,validation
0,0.15955792709042796,0,validation
1,0.9999999998825111,1,validation
0,0.2716467369856218,0,validation
1,0.2946033741730445,0,validation
0,0.2754482683287659,0,validation
0,0.11718689243608721,0,validation
0,0.11076975771712562,0,validation
1,0.9999999999170299,1,validation
0,0.09562516039287429,0,validation
0,0.18785273143372286,0,validation
0,0.2232047551647769,0,validation
0,0.08560286370822567,0,validation
0,0.07675424700741909,0,validation
1,0.9999999998389584,1,validation
1,0.3106533594579311,0,validation
0,0.1662430794882823,0,validation
0,0.14735743906482596,0,validation
0,0.11416572581779777,0,validation
0,0.30066281668050565,0,validation
1,0.9999999999411762,1,validation
1,0.09613435143560933,0,validation
1,0.9999999999970199,1,validation
0,0.11655231256146446,0,validation
0,0.21385539013810798,0,validation
0,0.16840403289879113,0,validation
0,0.11384257966899772,0,validation
1,0.22651360455753036,0,validation
0,0.34210960025515147,0,validation
1,0.34269838200894026,0,validation
0,0.2695030274239391,0,validation
0,0.14688321370456298,0,validation
1,0.20891707215287914,0,validation
0,0.23619257439949784,0,validation
0,0.09291724726429261,0,validation
0,0.05922698787144701,0,validation
0,0.10535156585420279,0,validation
0,0.12828320629917195,0,validation
0,0.13468478755239752,0,validation
0,0.5121220036377573,1,validation
0,0.20488381628998284,0,validation
0,0.11961821594820328,0,validation
0,0.029828397062145934,0,validation
0,0.28859677107391485,0,validation
1,0.9999999999463691,1,validation
0,0.1262072894892588,0,validation
0,0.4476446939603322,0,validation
0,0.31259520315521777,0,validation
0,0.18383820611366333,0,validation
0,0.0731434095244879,0,validation
1,0.9999999999961444,1,validation
0,0.3123202096231241,0,validation
1,0.999999999984601,1,validation
0,0.05966211494932002,0,validation
0,0.23513549755924099,0,validation
1,0.4797532272152844,0,validation
0,0.10508226534079732,0,validation
0,0.552596499478836,1,validation
1,0.9999999999295137,1,validation
0,0.19072739740286912,0,validation
0,0.10217864079385865,0,validation
0,0.32221021444462966,0,validation
0,0.15136165375166144,0,validation
1,0.6315638824046919,1,validation
0,0.07880468705874939,0,validation
0,0.12430843918424717,0,validation
0,0.17371449684844462,0,validation
0,0.0676249224935012,0,validation
0,0.16446160636040294,0,validation
0,0.19386078570551246,0,validation
1,0.2668010599915461,0,validation
0,0.10918863898880136,0,validation
0,0.16785118225696385,0,validation
0,0.12790860280705602,0,validation
0,0.33117403051219924,0,validation
1,0.9999999999086124,1,validation
0,0.48236811913870226,0,validation
0,0.0676027566577927,0,validation
0,0.3771288731214455,0,validation
0,0.22688907831303173,0,validation
0,0.09483074114539776,0,validation
0,0.3869900480379818,0,validation
0,0.06505923250374084,0,validation
0,0.10583094347491008,0,validation
0,0.05398238162381817,0,validation
0,0.15784574707256604,0,validation
0,0.2728622347997368,0,validation
0,0.17471564800490488,0,validation
0,0.10653454673243533,0,validation
0,0.11669660506981028,0,validation
0,0.08730379781566247,0,validation
0,0.23823600818484825,0,validation
0,0.24017404797226324,0,validation
0,0.0850532031002342,0,validation
0,0.31537212512437823,0,validation
0,0.12819592049823697,0,validation
0,0.18000474307968478,0,validation
0,0.1633024645084063,0,validation
0,0.1654121080890499,0,validation
0,0.41765031142971476,0,validation
0,0.12034362861626836,0,validation
0,0.07621223517422726,0,validation
0,0.05115279592931254,0,validation
0,0.14844353822369172,0,validation
0,0.2966535223342158,0,validation
0,0.3499205759866098,0,validation
0,0.07926981161901474,0,validation
0,0.2100167742481737,0,validation
1,0.21068684673479057,0,validation
0,0.36268005926314817,0,validation
0,0.08308000013507875,0,validation
0,0.1474645247617349,0,validation
0,0.19946927458902608,0,validation
0,0.37475822009454257,0,validation
0,0.2848142164901164,0,validation
0,0.18628149480086278,0,validation
0,0.5140444664778293,1,validation
0,0.20194561996186916,0,validation
1,0.9999999999413647,1,validation
0,0.0582108345535069,0,validation
0,0.23564243458973308,0,validation
0,0.2959425484226302,0,validation
0,0.1526368885598328,0,validation
0,0.3836923835522134,0,validation
0,0.13263157379541737,0,validation
0,0.1664056185513375,0,validation
0,0.1300649751470243,0,validation
0,0.09675747389550522,0,validation
0,0.27558438292810056,0,validation
0,0.08690284296088126,0,validation
1,0.9999999999451306,1,validation
0,0.13580032704213796,0,validation
1,0.35667585043491845,0,validation
0,0.6051197145908332,1,validation
0,0.1795591941379622,0,validation
0,0.0468172873902244,0,validation
0,0.20977448835073648,0,validation
0,0.058427586825960505,0,validation
0,0.10286955207083508,0,validation
0,0.2427203697547606,0,validation
0,0.05483226110893499,0,validation
0,0.13354631684322069,0,validation
1,0.48470318916710103,0,validation
0,0.07617614380261614,0,validation
0,0.14711208592456607,0,validation
1,0.9999999999936764,1,validation
0,0.4322938924274385,0,validation
0,0.15778190343659299,0,validation
1,0.3967165518331966,0,validation
0,0.19995449469663037,0,validation
1,0.49199149243426127,0,validation
1,0.7589370204514696,1,validation
0,0.21227569812971045,0,validation
0,0.0653466023528676,0,validation
0,0.4074985873763715,0,validation
0,0.18606342659249867,0,validation
0,0.27685809966481506,0,validation
1,0.999999999955755,1,validation
0,0.14704119839492605,0,validation
0,0.2209872297576913,0,validation
0,0.067965495177214,0,validation
1,0.5343531331391699,1,validation
0,0.25414374350565805,0,validation
0,0.6243779586221438,1,validation
0,0.12335876502864063,0,validation
0,0.1373524662593063,0,validation
0,0.5735723820669717,1,validation
0,0.09281402053411876,0,validation
1,0.9999999999491833,1,validation
0,0.23027981161587896,0,validation
0,0.24034975182041562,0,validation
1,0.33880941187385455,0,validation
0,0.0729517891144962,0,validation
0,0.10682489272119945,0,validation
0,0.09873559394262381,0,validation
0,0.36235175479115594,0,validation
0,0.1401895706402628,0,validation
0,0.16881994156630822,0,validation
0,0.1820344585102513,0,validation
0,0.17772595551093612,0,validation
0,0.23011391655853386,0,validation
1,0.9999999999610707,1,validation
1,0.9999999999390528,1,validation
0,0.16530421410651078,0,validation
0,0.347458908395897,0,validation
0,0.044585680212485636,0,validation
1,0.1848918890914839,0,validation
0,0.04307002938006976,0,validation
0,0.09628988534226035,0,validation
1,0.9999999999819638,1,validation
0,0.11094405637183657,0,validation
0,0.12470479275619349,0,validation
0,0.4388445146915222,0,validation
0,0.1145687548616509,0,validation
0,0.143154058472038,0,validation
1,0.3155375909771049,0,validation
0,0.1981070311281507,0,validation
0,0.13006396160249964,0,validation
0,0.13776024730491276,0,validation
1,0.9999999999788702,1,validation
1,0.15376447302127078,0,validation
0,0.07976230178574281,0,validation
0,0.2493586943560894,0,validation
1,0.9999999999596885,1,validation
0,0.1480549595433692,0,validation
0,0.1053536883322388,0,validation
0,0.0332858440839618,0,validation
0,0.04518847609425676,0,validation
0,0.06422192837105356,0,validation
0,0.24011841666201253,0,validation
1,0.21386492100594628,0,validation
0,0.07694796773333126,0,validation
0,0.15893584539386177,0,validation
0,0.278533189243601,0,validation
0,0.38141753549049445,0,validation
0,0.21657947241465486,0,validation
0,0.1655125154313918,0,validation
0,0.10618848280285088,0,validation
0,0.05611137777911845,0,validation
0,0.2480186059279035,0,validation
1,0.36941595673179944,0,validation
1,0.9999999999439402,1,validation
1,0.14658213358201358,0,validation
0,0.19211738568715922,0,validation
0,0.3189379684896906,0,validation
0,0.0776163321020842,0,validation
0,0.13870633523198275,0,validation
0,0.41438588050435626,0,validation
0,0.17918274850228771,0,validation
0,0.38883469106718455,0,validation
0,0.25612020593642043,0,validation
0,0.35244556165834495,0,validation
0,0.11238587831003276,0,validation
0,0.12041521311339139,0,validation
0,0.31273730501130276,0,validation
0,0.1496373366258165,0,validation
0,0.2794836788534629,0,validation
0,0.206993956503223,0,validation
0,0.19983684782857783,0,validation
0,0.15397478270474463,0,validation
0,0.190651152963534,0,validation
1,0.9999999999906835,1,validation
0,0.10974765326228306,0,validation
0,0.10531317885076882,0,validation
0,0.18119735927738356,0,validation
1,0.1586946285838304,0,validation
0,0.5504020150029806,1,validation
0,0.1633088669953053,0,validation
0,0.20950530007197915,0,validation
1,0.9041233439755854,1,validation
1,0.4694175513431407,0,validation
0,0.10693162306908524,0,validation
0,0.11989782824567848,0,validation
0,0.08711326145102738,0,validation
0,0.16055200479326398,0,validation
0,0.1130804968181039,0,validation
1,0.9999999999767666,1,validation
0,0.1845369437278279,0,validation
0,0.2751104969018987,0,validation
0,0.2032312172418973,0,validation
0,0.11511133432938656,0,validation
1,0.2508760997772776,0,validation
0,0.15116834300715437,0,validation
1,0.33384688843734356,0,validation
1,0.2700508168344815,0,validation
1,0.999999999927679,1,validation
0,0.1657868519026357,0,validation
1,0.7800465531527886,1,validation
0,0.1288839874375906,0,validation
0,0.1955373300307637,0,validation
0,0.1589781562552874,0,validation
0,0.2072044352828241,0,validation
0,0.06362641545262435,0,validation
0,0.130871643707973,0,validation
0,0.10079415076360591,0,validation
0,0.29628102698577785,0,validation
1,0.26678140264977646,0,validation
1,0.9999999999813556,1,validation
1,0.24565771786667598,0,validation
1,0.9999999998867046,1,validation
1,0.03952312618616312,0,validation
0,0.07458021637472206,0,validation
0,0.1473555536085635,0,validation
1,0.9999999999491929,1,validation
0,0.22287868907455577,0,validation
0,0.13272853309027208,0,validation
1,0.999999999974823,1,validation
0,0.28392944385320057,0,validation
1,0.9999999999526317,1,validation
0,0.07327761060431533,0,validation
0,0.2869914518175011,0,validation
1,0.999999999986722,1,validation
0,0.12108359098529331,0,validation
0,0.29259301950309907,0,validation
1,0.9999999999384093,1,validation
0,0.07158014158115485,0,validation
0,0.3246606452838406,0,validation
1,0.9999999999184492,1,validation
0,0.07565854678160945,0,validation
0,0.08509324375448946,0,validation
0,0.14549395397951367,0,validation
0,0.14798138035723496,0,validation
0,0.40309171575308084,0,validation
0,0.12014770900007656,0,validation
0,0.2671014621033785,0,validation
0,0.08003701658957192,0,validation
0,0.2883252292528832,0,validation
0,0.13989633431726936,0,validation
0,0.23891460918451518,0,validation
0,0.41008607391811647,0,validation
1,0.999999999962039,1,validation
0,0.15469107683113373,0,validation
1,0.35151796443963335,0,validation
0,0.1702711347813362,0,validation
0,0.2411190905088892,0,validation
1,0.999999999905193,1,validation
0,0.14196984130348356,0,validation
0,0.1406476955039415,0,validation
1,0.9999999999972269,1,validation
0,0.2832064690247644,0,validation
0,0.09852364174356427,0,validation
0,0.2543521863259428,0,validation
0,0.07582757280798173,0,validation
0,0.04003981786554985,0,validation
1,0.15969992889443874,0,validation
0,0.3993307207274132,0,validation
0,0.19560288586566496,0,validation
0,0.30258440079453947,0,validation
0,0.257939685101957,0,validation
0,0.08504194366219384,0,validation
0,0.4489925884925036,0,validation
0,0.317347112344901,0,validation
0,0.10335742679735913,0,validation
0,0.2725645997225692,0,validation
0,0.18480735118281436,0,validation
1,0.9999999998584204,1,validation
1,0.45552862712564196,0,validation
1,0.11594336408179838,0,validation
0,0.43446342611639105,0,validation
0,0.25317723995458646,0,validation
0,0.411216431015059,0,validation
0,0.13823861468280788,0,validation
1,0.999999999972492,1,validation
1,0.510250579321618,1,validation
0,0.24322909472114232,0,validation
1,0.999999999961561,1,validation
0,0.15253004394141478,0,validation
1,0.4081067898097568,0,validation
0,0.12431521037351574,0,validation
0,0.19466489397849027,0,validation
0,0.1038101498998647,0,validation
1,0.11928925491205475,0,validation
0,0.12269677957947228,0,validation
1,0.2309654624885047,0,validation
0,0.23040585791702747,0,validation
1,0.3374452770077624,0,validation
1,0.9999999998282572,1,validation
0,0.07772400654526773,0,validation
1,0.9999999999565006,1,validation
0,0.2509113069610909,0,validation
0,0.4215126978643143,0,validation
0,0.18796501951242872,0,validation
0,0.5142579937039199,1,validation
1,0.999999999922133,1,validation
0,0.0640399271447152,0,validation
1,0.36649269411052704,0,validation
0,0.22528099214797107,0,validation
0,0.15122004041584752,0,validation
1,0.34412639138548573,0,validation
0,0.13615022005078492,0,validation
0,0.24449902773769308,0,validation
0,0.17451142138370976,0,validation
0,0.11264246308044201,0,validation
1,0.27610959641528127,0,validation
0,0.07706152210632394,0,validation
0,0.15289155781707547,0,validation
0,0.21713766300477594,0,validation
1,0.3544980683932539,0,validation
0,0.3344023030097567,0,validation
0,0.21198172722081737,0,validation
0,0.1663807937318963,0,validation
0,0.06385406848645772,0,validation
0,0.16501968434505235,0,validation
0,0.1722565655192376,0,validation
0,0.30169722440037827,0,validation
0,0.1865889118610848,0,validation
0,0.4321486389582783,0,validation
0,0.1558237919756819,0,validation
1,0.9999999999472775,1,validation
0,0.6552611326641912,1,validation
0,0.30109305427938415,0,validation
1,0.9999999999069831,1,validation
1,0.9999999998384377,1,validation
0,0.10746107935354195,0,validation
0,0.08425702201182436,0,validation
0,0.29843884485585315,0,validation
0,0.16271493520451993,0,validation
0,0.13379469152629694,0,validation
0,0.22830893917196277,0,validation
0,0.13313803283210254,0,validation
0,0.1374186159963668,0,validation
0,0.20229378442461302,0,validation
0,0.06400679522880459,0,validation
1,0.2225592553266239,0,validation
0,0.08815887371928598,0,validation
0,0.08205525639989333,0,validation
1,0.9999999999964324,1,validation
1,0.999999999929905,1,validation
0,0.17386101762805575,0,validation
1,0.19063715875196832,0,validation
0,0.16277872235381546,0,validation
0,0.14236757377061687,0,validation
1,0.19096380418635672,0,validation
0,0.3178969170366706,0,validation
1,0.6007206224274582,1,validation
0,0.09856862015520446,0,validation
0,0.09484228869076126,0,validation
1,0.9999999999012315,1,validation
0,0.06581785893885969,0,validation
0,0.3326417611169703,0,validation
0,0.213492224472753,0,validation
0,0.11068446795378728,0,validation
0,0.5927798658160288,1,validation
0,0.18701392651308849,0,validation
1,0.5831510159110378,1,validation
0,0.1766857497330765,0,validation
0,0.2929362219040569,0,validation
0,0.1375073378207229,0,validation
1,0.9999999999802116,1,validation
0,0.2925790965984093,0,validation
0,0.09948416652785175,0,validation
1,0.5371643534344509,1,validation
0,0.12719840414411018,0,validation
0,0.08843481617542705,0,validation
0,0.3283279906832924,0,validation
0,0.0942361805977308,0,validation
0,0.18045726686380728,0,validation
0,0.14688021867250614,0,validation
1,0.9999999999655327,1,validation
0,0.1674169764305988,0,validation
0,0.09990842027261412,0,validation
0,0.09001468297148718,0,validation
0,0.15922660243988634,0,validation
0,0.3051168244936601,0,validation
0,0.15306073063748113,0,validation
1,0.9999999999618141,1,validation
0,0.06071728186941081,0,validation
0,0.1041197910782284,0,validation
0,0.143047126948335,0,validation
0,0.1676961492733202,0,validation
0,0.15423952532176707,0,validation
1,0.1290361893694737,0,validation
0,0.08385302161200053,0,validation
0,0.3235507652580681,0,validation
0,0.18873896710569352,0,validation
1,0.9999999999660347,1,validation
0,0.2802106050342659,0,validation
0,0.16487622929344464,0,validation
1,0.599859135425738,1,validation
0,0.18043312747237925,0,validation
0,0.16137485916490435,0,validation
1,0.12965541924346413,0,validation
0,0.1934593243876113,0,validation
0,0.2816814385780998,0,validation
0,0.05644313548806731,0,validation
1,0.30623500374627555,0,validation
0,0.2541496581041218,0,validation
0,0.17164371392017486,0,validation
0,0.3950217093274127,0,validation
0,0.196438633542721,0,validation
0,0.06200345037331712,0,validation
0,0.09239674408586088,0,validation
0,0.058095172625150904,0,validation
1,0.277743402912241,0,validation
0,0.10844167968643499,0,validation
0,0.3150121231971673,0,validation
0,0.16898065745267288,0,validation
1,0.13105636490575578,0,validation
0,0.0994952560527992,0,validation
0,0.19502891356712734,0,validation
0,0.20033822845916874,0,validation
0,0.218070239723329,0,validation
0,0.24015882236609745,0,validation
0,0.08743922553091868,0,validation
1,0.9999999999897677,1,validation
0,0.2235113101032817,0,validation
0,0.24999971386350936,0,validation
0,0.13140387937067008,0,validation
1,0.2942831387038289,0,validation
1,0.9999999999839086,1,validation
1,0.2854266638980631,0,validation
0,0.26488543354507255,0,validation
0,0.17238328575384854,0,validation
0,0.2610875535580323,0,validation
0,0.2599196242048879,0,validation
0,0.2513523313443121,0,validation
0,0.14017902459063397,0,validation
1,0.22710256616842617,0,validation
0,0.21192916202249576,0,validation
0,0.2600817185200849,0,validation
1,0.3691099145969628,0,validation
0,0.26854117602937966,0,validation
0,0.14116899571551236,0,validation
0,0.50886521724629,1,validation
0,0.3550939531614365,0,validation
0,0.2985684536609963,0,validation
0,0.4353939626810273,0,validation
0,0.23902198285342685,0,validation
1,0.9999999999799651,1,validation
0,0.20859250156559508,0,validation
0,0.5267300477108302,1,validation
0,0.16537077905625386,0,validation
0,0.20123440590685104,0,validation
0,0.26021396425587356,0,validation
0,0.5225897735692603,1,validation
1,0.33730699649211954,0,validation
0,0.04982677975400705,0,validation
0,0.15634528217006105,0,validation
0,0.3027058128113751,0,validation
1,0.9999999998599489,1,validation
0,0.4648988962497035,0,validation
0,0.24275228219307782,0,validation
0,0.18129076471000893,0,validation
0,0.5372305501048636,1,validation
0,0.06677501456530097,0,validation
0,0.12220851701041734,0,validation
0,0.12814234611359643,0,validation
1,0.43383513471562407,0,validation
0,0.20165904827170933,0,validation
1,0.3229678017723009,0,validation
1,0.9999999999616691,1,validation
0,0.10077005217729086,0,validation
0,0.15675567584395725,0,validation
1,0.6258996885199078,1,validation
0,0.12412535121836252,0,validation
1,0.9999999999537548,1,validation
1,0.10547114983594663,0,validation
0,0.18847063273922585,0,validation
1,0.2904450397073694,0,validation
1,0.22498661356512156,0,validation
1,0.3887041041206691,0,validation
1,0.9999999999329823,1,validation
0,0.25884931028928193,0,validation
1,0.3551122203997532,0,validation
1,0.9999999999338296,1,validation
1,0.999999999950129,1,validation
0,0.12482794784184234,0,validation
0,0.343600197544907,0,validation
0,0.22274662186780778,0,validation
0,0.12136092814266622,0,validation
0,0.12600845838353583,0,validation
0,0.16278262366504187,0,validation
0,0.050977924839236466,0,validation
1,0.32405377790325895,0,validation
0,0.2747412735309123,0,validation
0,0.09393281175786862,0,validation
0,0.19470532986687766,0,validation
0,0.16695490462166526,0,validation
0,0.04320656101408017,0,validation
1,0.3112701668957909,0,validation
1,0.9999999998159399,1,validation
1,0.26196768206863524,0,validation
0,0.08823163871161979,0,validation
1,0.3611395586973942,0,validation
1,0.9999999998133546,1,validation
0,0.09186319336342912,0,validation
1,0.999999999971287,1,validation
0,0.2835863281396729,0,validation
0,0.23936829004348295,0,validation
0,0.17503656805271336,0,validation
0,0.16508468769774925,0,validation
0,0.19108405455137373,0,validation
0,0.07607595748163959,0,validation
0,0.32314238000282686,0,validation
0,0.16490718285419767,0,validation
1,0.11895074085726155,0,validation
0,0.14979538984304414,0,validation
0,0.1518549669606781,0,validation
0,0.3911239955328147,0,validation
0,0.21639047020368166,0,validation
0,0.13274847057921438,0,validation
1,0.9999999999661922,1,validation
0,0.03557253769507855,0,validation
1,0.9999999999883464,1,validation
0,0.04709267867842217,0,validation
0,0.18131360564260882,0,validation
0,0.11775767132963319,0,validation
0,0.07123342656959983,0,validation
0,0.20565250108352057,0,validation
0,0.10431932568294458,0,validation
0,0.17025377655038565,0,validation
1,0.6317427982298164,1,validation
0,0.08155190313449277,0,validation
0,0.12356732824083566,0,validation
0,0.11584490276699759,0,validation
0,0.09997231341744778,0,validation
0,0.24216938911911756,0,validation
0,0.1388868643151662,0,validation
0,0.23187023127437845,0,validation
0,0.18037231750926516,0,validation
0,0.2686929250277315,0,validation
0,0.08038326202841309,0,validation
0,0.13977615673045476,0,validation
0,0.11915152910681842,0,validation
0,0.4356908401141636,0,validation
0,0.2516184057346671,0,validation
0,0.15861275649136208,0,validation
0,0.15729188389139112,0,validation
0,0.24384430459117984,0,validation
0,0.36600180041522545,0,validation
0,0.10715190206806287,0,validation
0,0.13268747090810737,0,validation
0,0.15897270489216855,0,validation
0,0.253506915552189,0,validation
0,0.1620033700238778,0,validation
0,0.23224211053477203,0,validation
0,0.6884261909241433,1,validation
1,0.12210147788361903,0,validation
0,0.13868308545635952,0,validation
1,0.2816033832036359,0,validation
1,0.2390584341725942,0,validation
0,0.32401850896019546,0,validation
0,0.2082968320263947,0,validation
0,0.45125360718609986,0,validation
0,0.10247879554336782,0,validation
0,0.22477352963815075,0,validation
0,0.1830188664881403,0,validation
0,0.2972208186522876,0,validation
0,0.14045217284514966,0,validation
1,0.9999999998374796,1,validation
1,0.9999999999664588,1,validation
0,0.16723943187035342,0,validation
0,0.3190024292971151,0,validation
0,0.2090021385666684,0,validation
0,0.14150598552089458,0,validation
0,0.08149414125784703,0,validation
0,0.13105240835607432,0,validation
0,0.2590642001893214,0,validation
0,0.037492811589947696,0,validation
0,0.4059335666846828,0,validation
0,0.4133634092992688,0,validation
0,0.15865487273843354,0,validation
0,0.11761224085258044,0,validation
0,0.07654859438981713,0,validation
1,0.9999999999398557,1,validation
0,0.39384601820195936,0,validation
1,0.4043957751203717,0,validation
0,0.16253799086192988,0,validation
0,0.08809328174103097,0,validation
0,0.1593163596944287,0,validation
0,0.13097416720142027,0,validation
1,0.9999999999608233,1,validation
0,0.08252553885228181,0,validation
0,0.053221130546371856,0,validation
0,0.14379026994900854,0,validation
0,0.08884933173035327,0,validation
0,0.04992640641854834,0,validation
1,0.1920479128605923,0,validation
1,0.3624170211319928,0,validation
0,0.288198867796475,0,validation
1,0.2959927588177105,0,validation
0,0.26383871740507125,0,validation
0,0.1922442115979971,0,validation
0,0.22119564218203513,0,validation
0,0.15684799001261018,0,validation
1,0.5036160608185137,1,validation
0,0.1468263914613539,0,validation
0,0.25630094611705123,0,validation
0,0.07538780918686529,0,validation
0,0.1467626416937255,0,validation
0,0.1310494273003465,0,validation
0,0.07131910976724613,0,validation
0,0.10216260500306022,0,validation
0,0.24729472353114004,0,validation
0,0.5243932549039301,1,validation
0,0.26637410714711535,0,validation
0,0.17045670473744343,0,validation
0,0.32648036941475134,0,validation
0,0.19127668997138392,0,validation
0,0.13537568457070956,0,validation
0,0.1635373713388508,0,validation
0,0.3261908104173147,0,validation
0,0.05216354832288407,0,validation
1,0.15338515482550039,0,validation
0,0.03770510301374099,0,validation
1,0.3954225705223395,0,validation
0,0.3537048578153361,0,validation
0,0.5612795153011689,1,validation
0,0.06545636326743706,0,validation
1,0.9999999999595612,1,validation
0,0.3076986328126504,0,validation
0,0.20169555735170824,0,validation
0,0.04458046221581169,0,validation
0,0.38415157780211834,0,validation
0,0.39980441589240867,0,validation
0,0.1943254806028755,0,validation
0,0.19722703784150328,0,validation
1,0.999999999965683,1,validation
0,0.07283590922689849,0,validation
0,0.1444022354692308,0,validation
0,0.09154071483661011,0,validation
0,0.33722174523748244,0,validation
0,0.03827887088682581,0,validation
0,0.06503331461874248,0,validation
0,0.1864549446940881,0,validation
0,0.11066979812188067,0,validation
0,0.3456852066775904,0,validation
0,0.09368416761048348,0,validation
0,0.4262718151293147,0,validation
0,0.07317873432223725,0,validation
0,0.09044150227289326,0,validation
0,0.1496652589152496,0,validation
1,0.8187765524620807,1,validation
0,0.24396008062937535,0,validation
0,0.10882992260966624,0,validation
1,0.32572146775439814,0,validation
1,0.35109580485555625,0,validation
0,0.1756347647639467,0,validation
1,0.9999999999697355,1,validation
1,0.2536114138237612,0,validation
0,0.29667760959071676,0,validation
0,0.12097199849719148,0,validation
0,0.1607706386180188,0,validation
0,0.182521319377472,0,validation
1,0.9999999999742915,1,validation
0,0.07845789221327562,0,validation
1,0.2942095330809621,0,validation
1,0.9999999999103164,1,validation
0,0.11065415010634547,0,validation
0,0.11683290625431132,0,validation
1,0.8035322229115213,1,validation
0,0.07998790817798389,0,validation
0,0.37559446000395036,0,validation
1,0.20238952980694203,0,validation
0,0.1634896981267418,0,validation
0,0.09022712071114702,0,validation
0,0.15738614049776506,0,validation
0,0.18890558116998266,0,validation
0,0.22419339898073995,0,validation
0,0.38862295139682823,0,validation
1,0.9999999999400155,1,validation
0,0.3990217470908091,0,validation
0,0.45587473692040287,0,validation
0,0.20840343933057848,0,validation
0,0.10959245279567385,0,validation
0,0.27056053972352534,0,validation
0,0.37867745175664963,0,validation
0,0.3135594043812701,0,validation
1,0.254261303792975,0,validation
1,0.9999999999373963,1,validation
1,0.9999999999777982,1,validation
0,0.2743421101908676,0,validation
0,0.26222091341800874,0,validation
0,0.3277198833457577,0,validation
1,0.9999999999612594,1,validation
0,0.20866750878682935,0,validation
1,0.10602270128350319,0,validation
1,0.999999999834442,1,validation
0,0.12579025908177002,0,validation
0,0.09585086195350356,0,validation
1,0.99999999995472,1,validation
1,0.9999999998400562,1,validation
1,0.3113121599014347,0,validation
0,0.039775971708861296,0,validation
0,0.07127163110105647,0,validation
1,0.9999999999427278,1,validation
0,0.20353801268128874,0,validation
0,0.17360919684336115,0,validation
0,0.38619502832356645,0,validation
1,0.9999999998770515,1,validation
0,0.1376517600034625,0,validation
0,0.2925933271136703,0,validation
0,0.2148826224235628,0,validation
0,0.18908327354407384,0,validation
0,0.09831224807423862,0,validation
0,0.08093666964447697,0,validation
0,0.17220236952511284,0,validation
0,0.3186021176695183,0,validation
0,0.07856554782628875,0,validation
0,0.22460164824745574,0,validation
1,0.38476257335053426,0,validation
1,0.2421121039888223,0,validation
0,0.31850109365151297,0,validation
0,0.20937942611168323,0,validation
0,0.19541921191598519,0,validation
0,0.1505093993994918,0,validation
1,0.9999999999811797,1,validation
0,0.2216701100741771,0,validation
1,0.5811969449711,1,validation
0,0.15167182413369315,0,validation
0,0.2565847445482486,0,validation
0,0.32029128626544995,0,validation
0,0.1663421031153375,0,validation
0,0.30524955110127705,0,validation
1,0.9999999999846454,1,validation
0,0.14599884844016398,0,validation
0,0.2008032256348487,0,validation
0,0.16786477765280894,0,validation
0,0.18967136386692357,0,validation
0,0.27870799910659644,0,validation
0,0.19901489832958083,0,validation
0,0.1034026491626422,0,validation
0,0.16817314122018254,0,validation
0,0.16554602705377647,0,validation
0,0.1452786523654564,0,validation
0,0.05197128128665135,0,validation
0,0.17880518518813215,0,validation
0,0.20714684258021202,0,validation
0,0.19612729863383352,0,validation
0,0.25911817245369795,0,validation
0,0.22028903304024414,0,validation
1,0.9999999998757112,1,validation
0,0.09595944148719728,0,validation
1,0.9999999998783666,1,validation
0,0.22873944252260583,0,validation
0,0.3143614535338766,0,validation
0,0.07587830953895582,0,validation
0,0.14886097137926918,0,validation
0,0.2492324864645245,0,validation
0,0.0763719769113284,0,validation
0,0.27863835004153087,0,validation
1,0.10903662432717988,0,validation
1,0.9999999999840932,1,validation
1,0.1824460167841482,0,validation
0,0.3350366939050566,0,validation
1,0.9999999999404288,1,validation
0,0.3029426023239289,0,validation
1,0.9999999999433542,1,validation
0,0.421056742253967,0,validation
0,0.15251679374917923,0,validation
0,0.1274274107912779,0,validation
0,0.10512248906793034,0,validation
1,0.2098351699322959,0,validation
0,0.05812917816428506,0,validation
0,0.40353990910237486,0,validation
0,0.14808085383304842,0,validation
0,0.1291880009232616,0,validation
0,0.09111544065149477,0,validation
0,0.2394575644729717,0,validation
1,0.3270955650413162,0,validation
0,0.12243232211040685,0,validation
0,0.08503546067173716,0,validation
0,0.20516672938635805,0,validation
1,0.2415196807456471,0,validation
0,0.08817282567576246,0,validation
0,0.1781817878545418,0,validation
0,0.23428387877698978,0,validation
0,0.25110704957210483,0,validation
0,0.39624989355956736,0,validation
0,0.40848284020696757,0,validation
0,0.35328599643700126,0,validation
1,0.3080057406398087,0,validation
0,0.12186602945718639,0,validation
0,0.08259783129400236,0,validation
0,0.1403389370909125,0,validation
0,0.11726078963591562,0,validation
0,0.46359362606137733,0,validation
0,0.08062329756139759,0,validation
1,0.9999999999417366,1,validation
1,0.9999999999960993,1,validation
0,0.2673414818481006,0,validation
0,0.057522658351174566,0,validation
0,0.18518997983144764,0,validation
0,0.2635618567375761,0,validation
0,0.15216529845744037,0,validation
1,0.2509399211786848,0,validation
0,0.22649912558394794,0,validation
1,0.42983791082988965,0,validation
0,0.23855126921387698,0,validation
0,0.1505710500695761,0,validation
0,0.07862463800603002,0,validation
0,0.3612780933662942,0,validation
1,0.06493489716050162,0,validation
0,0.1138563583390078,0,validation
1,0.08559812765551335,0,validation
0,0.1999373632219231,0,validation
0,0.1445592630035366,0,validation
0,0.07980466273258648,0,validation
0,0.2044529400723573,0,validation
1,0.7236299785739448,1,validation
0,0.0453263387604679,0,validation
1,0.2990722953271607,0,validation
0,0.29220534965513845,0,validation
1,0.266421751254642,0,validation
0,0.25531315901924573,0,validation
1,0.4225600953347003,0,validation
1,0.8197356419646858,1,validation
1,0.1809189339213147,0,validation
0,0.31102759577186345,0,validation
0,0.27760156967885796,0,validation
0,0.8827498132782673,1,validation
0,0.3261889808781386,0,validation
1,0.9999999999342353,1,validation
1,0.23355068248498073,0,validation
0,0.39554729620890344,0,validation
0,0.2104950688216401,0,validation
0,0.10990124176910945,0,validation
1,0.9992340583895915,1,validation
0,0.1803758661410651,0,validation
0,0.4693779928715029,0,validation
1,0.9999999999915508,1,validation
0,0.14107612842928205,0,validation
0,0.2920663804057046,0,validation
0,0.3929360052515073,0,validation
1,0.999999999945254,1,validation
0,0.050604130568982,0,validation
1,0.3197787263917664,0,validation
0,0.07887440198777503,0,validation
1,0.9999999999916898,1,validation
0,0.2310680072328926,0,validation
0,0.1587920269332966,0,validation
1,0.9999999998331648,1,validation
0,0.06973194658841249,0,validation
0,0.20620733585696263,0,validation
0,0.04935704518480878,0,validation
0,0.20668146487494812,0,validation
0,0.18538128016055805,0,validation
1,0.08947584084240363,0,validation
0,0.11737830992812007,0,validation
0,0.08664931565097372,0,validation
0,0.26000381644327564,0,validation
0,0.20750548403452587,0,validation
0,0.09588182827589195,0,validation
1,0.7515694544773709,1,validation
0,0.19896037261184768,0,validation
0,0.18143965651385538,0,validation
0,0.19301796730198115,0,validation
0,0.08234956990140015,0,validation
0,0.2226507016402202,0,validation
0,0.18584070015769968,0,validation
0,0.14534800424414307,0,validation
1,0.6082521363875031,1,validation
0,0.1789748450170938,0,validation
1,0.11178562633032392,0,validation
1,0.22209419054138985,0,validation
0,0.08862022157090348,0,validation
0,0.1958544780993871,0,validation
0,0.1431985014658937,0,validation
0,0.1097808898383225,0,validation
1,0.45632774898498263,0,validation
1,0.2869643782631856,0,validation
0,0.45821928774871545,0,validation
0,0.25661204074468474,0,validation
1,0.1485619586011278,0,validation
0,0.2108371611097627,0,validation
0,0.1601833581136405,0,validation
0,0.1693631621709795,0,validation
0,0.38205942316597147,0,validation
0,0.14666124588561832,0,validation
0,0.3024291286524741,0,validation
0,0.2743487974682052,0,validation
0,0.210381367957741,0,validation
0,0.1313958724542028,0,validation
0,0.2624645687981508,0,validation
0,0.11800523285768724,0,validation
0,0.19755936598311338,0,validation
0,0.3004884458663749,0,validation
0,0.25064751684539904,0,validation
0,0.1524289472356671,0,validation
0,0.2207114317481664,0,validation
0,0.4376524306231378,0,validation
0,0.12291013969108482,0,validation
0,0.14569042957431325,0,validation
0,0.10434420440352828,0,validation
0,0.12011747136138447,0,validation
0,0.20647211228279957,0,validation
0,0.2301424327185186,0,validation
0,0.10778442223961067,0,validation
1,0.3227127538354319,0,validation
0,0.435971742990024,0,validation
0,0.10932049090471181,0,validation
1,0.9999999998596838,1,validation
0,0.19818568394090358,0,validation
0,0.4012273633732917,0,validation
0,0.1265468483554484,0,validation
0,0.21932116506120772,0,validation
0,0.20831508977002605,0,validation
1,0.9999999999729641,1,validation
1,0.4870609183160256,0,validation
0,0.4204912169555457,0,validation
1,0.6975608406929836,1,validation
0,0.4136208588507002,0,validation
0,0.2279374910612713,0,validation
0,0.06001387175327802,0,validation
0,0.26502342104829946,0,validation
1,0.08635910173885578,0,validation
0,0.06493527305656344,0,validation
0,0.10344515580503548,0,validation
0,0.20666552991059509,0,validation
1,0.2963606577239652,0,validation
0,0.3009392365881799,0,validation
0,0.07854204188590101,0,validation
0,0.39705284404232605,0,validation
0,0.2536374218367449,0,validation
1,0.9999999999252815,1,validation
1,0.40310200408780944,0,validation
0,0.3010386511415468,0,validation
0,0.11826270506734941,0,validation
0,0.2174912125771174,0,validation
0,0.36213252555418757,0,validation
0,0.22790378455369956,0,validation
0,0.2600885148855712,0,validation
0,0.24320794254484646,0,validation
0,0.3857270232619479,0,validation
0,0.09263761760034425,0,validation
1,0.9999999999626383,1,validation
0,0.08084559870077675,0,validation
0,0.246239151593435,0,validation
0,0.14001148901552532,0,validation
0,0.2926936566610897,0,validation
0,0.21453335529688058,0,validation
1,0.9999999999752096,1,validation
1,0.9999999998850679,1,validation
0,0.22078199274735946,0,validation
0,0.23693257103308796,0,validation
1,0.11495598135727261,0,validation
0,0.19100701837558076,0,validation
0,0.09021827297290519,0,validation
0,0.18748177900958843,0,validation
0,0.07337971358800395,0,validation
0,0.22534865856391822,0,validation
0,0.26257003796234224,0,validation
1,0.9999999999479536,1,validation
1,0.9999999999893394,1,validation
1,0.9999999999154328,1,validation
0,0.17166969172445645,0,validation
0,0.2723837227016522,0,validation
1,0.2088637381407088,0,validation
0,0.323525978123936,0,validation
0,0.0761345452468116,0,validation
0,0.26874501094597886,0,validation
0,0.07294482020277916,0,validation
1,0.1603398561623794,0,validation
1,0.1470279868471427,0,validation
0,0.36910492665020966,0,validation
1,0.3271235864770942,0,validation
1,0.8480912862099167,1,validation
0,0.12429170086229475,0,validation
0,0.3609822584914109,0,validation
0,0.09928850524990909,0,validation
0,0.4988221507719937,0,validation
0,0.10815019570533456,0,validation
0,0.1768777663966978,0,validation
1,0.9999999999961975,1,validation
1,0.9999999998401721,1,validation
1,0.19680585120539884,0,validation
0,0.11755400675135917,0,validation
1,0.843813013067377,1,validation
0,0.11582426823506929,0,validation
0,0.16539536207143496,0,validation
0,0.11547888169664447,0,validation
0,0.18865020327488893,0,validation
0,0.3632086735206929,0,validation
0,0.17907323302205053,0,validation
0,0.29500885316491765,0,validation
1,0.9999999999670888,1,validation
0,0.36526176521175563,0,validation
0,0.243995878509536,0,validation
0,0.12565830615288143,0,validation
1,0.313609092610358,0,validation
0,0.15144893380349667,0,validation
0,0.31456801744627916,0,validation
0,0.15233005041366982,0,validation
0,0.1751227792431085,0,validation
0,0.1470847620884486,0,validation
1,0.28911123602683425,0,validation
0,0.20686485675067384,0,validation
0,0.09041393290121001,0,validation
0,0.27341736409296336,0,validation
0,0.24217418976616434,0,validation
0,0.08699312051631052,0,validation
1,0.9999999998286464,1,validation
1,0.999999999940534,1,validation
0,0.03825210278189722,0,validation
1,0.999999999941569,1,validation
0,0.16257428337139576,0,validation
1,0.9999999999713398,1,validation
0,0.2750125582048565,0,validation
0,0.12708672955104527,0,validation
0,0.24500159808474875,0,validation
0,0.5070487756762934,1,validation
0,0.10661018732827211,0,validation
1,0.1689531016978618,0,validation
0,0.17126308107520405,0,validation
1,0.29456439765001596,0,validation
0,0.15058693466463785,0,validation
0,0.04857447806525021,0,validation
0,0.048528585098107584,0,validation
0,0.050381878459768624,0,validation
0,0.15195132721535115,0,validation
1,0.9999999999592262,1,validation
0,0.19813780655090255,0,validation
0,0.06579713423948169,0,validation
0,0.13872418696433725,0,validation
0,0.07796875536358755,0,validation
1,0.4656237388328828,0,validation
1,0.9999999999822007,1,validation
1,0.9999999999781362,1,validation
1,0.7788358057703456,1,validation
0,0.12568759943965985,0,validation
0,0.09120827557841692,0,validation
0,0.8016143251995791,1,validation
0,0.19804473569257297,0,validation
0,0.14840469939470696,0,validation
0,0.45620243824582346,0,validation
1,0.27671051905429667,0,validation
0,0.26980753503495564,0,validation
0,0.2657276159374498,0,validation
0,0.20467540814224838,0,validation
0,0.2943920382493316,0,validation
0,0.2678324986589078,0,validation
0,0.3323342931846946,0,validation
0,0.14110944974605333,0,validation
0,0.33963695651338377,0,validation
0,0.14497097339547563,0,validation
0,0.27726957900325977,0,validation
0,0.25444716105538207,0,validation
0,0.41885481407830943,0,validation
1,0.7361989650538088,1,validation
0,0.09487920432281234,0,validation
0,0.2007200756303553,0,validation
1,0.15544418385700906,0,validation
0,0.2585346210223728,0,validation
0,0.13542814352378799,0,validation
0,0.1145718817829669,0,validation
0,0.16477387388327955,0,validation
0,0.1479164430657568,0,validation
0,0.1479171031457026,0,validation
0,0.18168965921572236,0,validation
0,0.1485911554767013,0,validation
1,0.1031511746659259,0,validation
0,0.07592284269019459,0,validation
0,0.13686923558959468,0,validation
0,0.07524305261657131,0,validation
0,0.25853829649377086,0,validation
0,0.20097850675188403,0,validation
0,0.1729506850018089,0,validation
0,0.23599291232155759,0,validation
1,0.7762065971561113,1,validation
1,0.2786037210192792,0,validation
0,0.13978563247412942,0,validation
0,0.11626355430955489,0,validation
1,0.1979508953174652,0,validation
0,0.18270448123359406,0,validation
0,0.10027291359868402,0,validation
1,0.5586957130401762,1,validation
0,0.367181300560876,0,validation
0,0.14862422449082446,0,validation
0,0.16584897794744444,0,validation
0,0.14551898812397754,0,validation
1,0.10115433137851623,0,validation
0,0.24127997881547478,0,validation
0,0.1642766741786921,0,validation
0,0.2061290925326308,0,validation
1,0.9999999999838782,1,validation
1,0.9999999999424656,1,validation
1,0.17907002126512034,0,validation
0,0.1940865303548675,0,validation
0,0.13475273067597834,0,validation
1,0.30467249668327556,0,validation
0,0.13432071601801135,0,validation
0,0.1193753228183635,0,validation
0,0.23573004440809295,0,validation
0,0.19292982392142374,0,validation
0,0.214110049134084,0,validation
0,0.1555430286338881,0,validation
0,0.186463220055343,0,validation
1,0.22145602088820496,0,validation
0,0.0507646020214171,0,validation
0,0.16137986159521553,0,validation
0,0.3178102809095705,0,validation
0,0.3233316389479087,0,validation
0,0.0774249058649712,0,validation
0,0.1866843832889939,0,validation
0,0.20247502007054027,0,validation
0,0.28253740494218416,0,validation
1,0.6162642880490352,1,validation
1,0.16595497441615778,0,validation
0,0.20854281589612592,0,validation
0,0.13874698728576595,0,validation
0,0.2187747517055651,0,validation
0,0.07125753623462051,0,validation
0,0.16251893274005239,0,validation
0,0.21096110243755187,0,validation
0,0.3713089094736044,0,validation
0,0.1344939037656089,0,validation
0,0.10655875857304571,0,validation
0,0.3273252334472067,0,validation
0,0.14621832078819655,0,validation
0,0.21530747310916254,0,validation
0,0.2216930669197615,0,validation
1,0.9999999999186431,1,validation
0,0.3150229618058321,0,validation
0,0.08650457811854691,0,validation
0,0.19649824979912356,0,validation
0,0.10706463986678458,0,validation
0,0.5473159233715281,1,validation
1,0.999999999996172,1,validation
1,0.999999999928687,1,validation
0,0.14311436828977064,0,validation
0,0.1819958093047228,0,validation
1,0.999999999965508,1,validation
0,0.11252846794046784,0,validation
0,0.12251477956918763,0,validation
0,0.17217813428308887,0,validation
0,0.1123018227356357,0,validation
0,0.147818492369452,0,validation
0,0.2573546793513989,0,validation
0,0.056005533820376395,0,validation
0,0.0809258236454725,0,validation
1,0.999999999983771,1,validation
0,0.2400997014703494,0,validation
1,0.2926801328433311,0,validation
0,0.35778232661452974,0,validation
0,0.2875022452796032,0,validation
0,0.19436958441060992,0,validation
0,0.15531846519263728,0,validation
0,0.0876438880736834,0,validation
0,0.07146008516372981,0,validation
0,0.2838302473189662,0,validation
0,0.21799213339959858,0,validation
0,0.09715197804788425,0,validation
0,0.14900502397021645,0,validation
0,0.06580129962687653,0,validation
0,0.21603835501574187,0,validation
1,0.9999999999439289,1,validation
0,0.11183874295333894,0,validation
1,0.9999999999861127,1,validation
0,0.22617172991962622,0,validation
0,0.19041382574093554,0,validation
0,0.21800245834964846,0,validation
0,0.11961524374285785,0,validation
0,0.20659918085884352,0,validation
0,0.40692213720041515,0,validation
0,0.1077038541130899,0,validation
0,0.15184980775158277,0,validation
0,0.22693104269656675,0,validation
0,0.054967574095150684,0,validation
0,0.1669454438129862,0,validation
0,0.3281390229414154,0,validation
0,0.16627422241944564,0,validation
0,0.13449236685645968,0,validation
0,0.15734393868705482,0,validation
1,0.9999999999432134,1,validation
0,0.5089063652376569,1,validation
0,0.10044564051062049,0,validation
1,0.9999999999720997,1,validation
0,0.05246359987994581,0,validation
0,0.1879793956100884,0,validation
0,0.38890840834812573,0,validation
0,0.7683383370558954,1,validation
1,0.4626998962090441,0,validation
0,0.25814177994541543,0,validation
1,0.27173631493720507,0,validation
0,0.13256950233085454,0,validation
0,0.3839631594244656,0,validation
1,0.23644050605563163,0,validation
0,0.09434085157930358,0,validation
0,0.3266886255136992,0,validation
0,0.27544453532496377,0,validation
0,0.18302979064052766,0,validation
0,0.2553211412672097,0,validation
0,0.1676288304974675,0,validation
0,0.11523054034768726,0,validation
0,0.2905723629759364,0,validation
0,0.09889678678594056,0,validation
0,0.32174950519024365,0,validation
1,0.44240484536684227,0,validation
0,0.09436618743080676,0,validation
0,0.05883348676201415,0,validation
1,0.4103343639486868,0,validation
0,0.08131298757657249,0,validation
0,0.11581308735944262,0,validation
0,0.27182632254532824,0,validation
0,0.13077132979552622,0,validation
0,0.3988716284417495,0,validation
1,0.4072297410194924,0,validation
1,0.43506315970116205,0,validation
0,0.18543815964507804,0,validation
0,0.13049300736213446,0,validation
0,0.25261950810948924,0,validation
0,0.3752790792181363,0,validation
0,0.13002844926600546,0,validation
0,0.3087446666799183,0,validation
0,0.1550431459220769,0,validation
1,0.9999999999594171,1,validation
0,0.14253959291818383,0,validation
0,0.26010448815595355,0,validation
0,0.17432647124988918,0,validation
0,0.1839981509061192,0,validation
0,0.11227707677860865,0,validation
0,0.4352332970267518,0,validation
0,0.34197647972303774,0,validation
0,0.15957554226995985,0,validation
0,0.2932548381251204,0,validation
0,0.07319115645521052,0,validation
1,0.27186989935246164,0,validation
1,0.9999999999563678,1,validation
0,0.11284130899798517,0,validation
0,0.08262227711147814,0,validation
1,0.9999999999980111,1,validation
0,0.4490442644444208,0,validation
0,0.17631999266175635,0,validation
0,0.08626248709018676,0,validation
1,0.3024474558945981,0,validation
0,0.041204099491848833,0,validation
0,0.24464075176433953,0,validation
0,0.1444135834026791,0,validation
0,0.18579861496741892,0,validation
0,0.14749689595582485,0,validation
1,0.08410547216062451,0,validation
0,0.2434105273598534,0,validation
1,0.9999999999533946,1,validation
0,0.23144956586971507,0,validation
0,0.3675615503694639,0,validation
1,0.2688773292386663,0,validation
0,0.15836067931621306,0,validation
0,0.11028820568018241,0,validation
0,0.22091498334544643,0,validation
0,0.08667598327736772,0,validation
0,0.13975010128401913,0,validation
0,0.270403196343865,0,validation
1,0.5359890622748615,1,validation
1,0.30273599981852223,0,validation
1,0.6107909691771487,1,validation
0,0.3202935959195419,0,validation
1,0.999999999941205,1,validation
0,0.34269774600645125,0,validation
0,0.2852111724016329,0,validation
0,0.14411506636738272,0,validation
1,0.2572201458390742,0,validation
0,0.36694392556866207,0,validation
0,0.23037414321871755,0,validation
0,0.07640001528576565,0,validation
0,0.19233913515434495,0,validation
0,0.16263012591698567,0,validation
0,0.686507000176053,1,validation
0,0.17825299124824806,0,validation
0,0.33848037695943944,0,validation
0,0.270522912797253,0,validation
0,0.18192186308443573,0,validation
0,0.17267098050015484,0,validation
0,0.17099522739453943,0,validation
0,0.16756300011527941,0,validation
0,0.16526815768102682,0,validation
0,0.25454001487744693,0,validation
0,0.14651946157518148,0,validation
0,0.13804067867950617,0,validation
0,0.17972848224656837,0,validation
1,0.17856531541460757,0,validation
1,0.9999999999822233,1,validation
0,0.12550129874258642,0,validation
0,0.24913432855250264,0,validation
0,0.274998150313834,0,validation
1,0.9999999999542162,1,validation
1,0.3420370245907428,0,validation
0,0.054640210020190656,0,validation
0,0.04898117737067136,0,validation
1,0.15005479269804559,0,validation
0,0.19293057606545094,0,validation
0,0.14306637527058777,0,validation
0,0.3423698985295183,0,validation
0,0.09856105790210144,0,validation
1,0.9999999999328786,1,validation
1,0.9999999999565483,1,validation
0,0.568252747714071,1,validation
0,0.13534024882749213,0,validation
0,0.2430859861894687,0,validation
0,0.20237355179420094,0,validation
0,0.36398306355732557,0,validation
0,0.15644622869123095,0,validation
0,0.2256234249088679,0,validation
0,0.09880774528969219,0,validation
0,0.24379108465323238,0,validation
1,0.1174308452066556,0,validation
0,0.36192920854727095,0,validation
0,0.1344151579828267,0,validation
0,0.10884115829194144,0,validation
0,0.24475228269290814,0,validation
0,0.09847472778611956,0,validation
0,0.16497199306844737,0,validation
0,0.283643114809361,0,validation
1,0.40198577756243925,0,validation
0,0.33452577039761333,0,validation
0,0.061599256011051255,0,validation
0,0.23130131372227003,0,validation
1,0.9999999998332572,1,validation
0,0.1557474563593827,0,validation
0,0.1429227912856562,0,validation
0,0.1279723715039667,0,validation
0,0.32583208623370397,0,validation
0,0.1161935396024186,0,validation
0,0.15641861265854617,0,validation
1,0.9999999999574729,1,validation
0,0.4151791338513942,0,validation
0,0.0984483756870225,0,validation
0,0.09583450818243337,0,validation
0,0.09538580559651241,0,validation
0,0.6407311601078821,1,validation
0,0.02529258256128842,0,validation
0,0.1420131826394041,0,validation
1,0.9999999999757068,1,validation
0,0.07456132248063467,0,validation
0,0.18546541522159082,0,validation
1,0.999999999949718,1,validation
0,0.12315331488855422,0,validation
0,0.1044840103306494,0,validation
1,0.4101899469274452,0,validation
0,0.21482250903240854,0,validation
1,0.9999999998872657,1,validation
0,0.07564338300086171,0,validation
0,0.1521429577248174,0,validation
0,0.33490881191601246,0,validation
0,0.2207561524823225,0,validation
0,0.26025880427871634,0,validation
1,0.9999999999294176,1,validation
0,0.11268307628404862,0,validation
0,0.15018367178038214,0,validation
0,0.28269543832393684,0,validation
0,0.12252515157934533,0,validation
0,0.16408434712098482,0,validation
0,0.10139634477470763,0,validation
1,0.28311415360947917,0,validation
0,0.21016762788361507,0,validation
0,0.3089558939642156,0,validation
0,0.14854273402172496,0,validation
0,0.1574626642903045,0,validation
0,0.26354129463109305,0,validation
1,0.32592095817260597,0,validation
0,0.27894076955607244,0,validation
0,0.08496863169015677,0,validation
0,0.1605557384180201,0,validation
0,0.10789264178820633,0,validation
1,0.39558157912328107,0,validation
1,0.21065171933926663,0,validation
0,0.46766837096412583,0,validation
0,0.10985274035310381,0,validation
0,0.8800162149879768,1,validation
0,0.2536289173865314,0,validation
0,0.2636381542754152,0,validation
0,0.156933929152539,0,validation
0,0.09642790773447701,0,validation
0,0.33317061238610585,0,validation
0,0.14473418102393193,0,validation
1,0.9999999998770943,1,validation
0,0.09565555443902705,0,validation
0,0.14765384190640504,0,validation
0,0.08454384361242882,0,validation
0,0.18610724225645117,0,validation
0,0.17101489102218764,0,validation
1,0.16733843054982162,0,validation
1,0.9999999999864015,1,validation
0,0.10058734907534693,0,validation
0,0.10287403698030977,0,validation
0,0.19888760845915895,0,validation
1,0.9999999999788203,1,validation
0,0.21190531563891662,0,validation
0,0.1352880810967658,0,validation
1,0.08659717328453106,0,validation
0,0.26271074463392086,0,validation
0,0.11881090538084174,0,validation
0,0.21021840893881957,0,validation
0,0.5551310192268126,1,validation
1,0.9999999999926001,1,validation
0,0.16883478480107275,0,validation
0,0.21268703250093052,0,validation
0,0.3656221835943635,0,validation
0,0.1067402259949648,0,validation
1,0.15919273222710473,0,validation
0,0.11834570752504181,0,validation
0,0.1043966549870829,0,validation
0,0.07082829962161709,0,validation
1,0.9999999999186289,1,validation
0,0.08406754616250592,0,validation
0,0.08102384744225825,0,validation
1,0.18147777612708607,0,validation
0,0.04489521982526754,0,validation
1,0.1233677024748627,0,validation
1,0.21668925923978924,0,validation
0,0.13526303145381594,0,validation
0,0.10354314972712146,0,validation
0,0.08139660619334146,0,validation
0,0.1443530513657472,0,validation
1,0.9999999999721305,1,validation
0,0.1888634621783113,0,validation
0,0.11139458652805571,0,validation
1,0.10614218202837736,0,validation
0,0.28250868869834994,0,validation
0,0.19573304109671755,0,validation
0,0.02982431665848272,0,validation
0,0.18443549182009922,0,validation
0,0.10526040023456432,0,validation
0,0.28087057471297033,0,validation
1,0.16132631963909183,0,validation
0,0.2426732676685358,0,validation
0,0.2581762856949387,0,validation
0,0.06960629593530006,0,validation
0,0.12069678578718644,0,validation
0,0.26696117557518034,0,validation
0,0.15173075986944007,0,validation
1,0.9999999999787217,1,validation
0,0.1441151926200618,0,validation
0,0.22333474174420256,0,validation
0,0.12290377983465067,0,validation
1,0.9999999999853648,1,validation
0,0.18483727810917752,0,validation
0,0.09604030014673044,0,validation
0,0.46339876242508143,0,validation
0,0.15644478390962485,0,validation
0,0.22517153473507243,0,validation
0,0.18552931535848818,0,validation
0,0.32982869134625525,0,validation
1,0.9999999999397504,1,validation
0,0.15889407292211322,0,validation
0,0.18119164675527494,0,validation
1,0.8963583713460911,1,validation
1,0.9999999999854112,1,validation
0,0.07797971482657994,0,validation
0,0.23131008992998625,0,validation
1,0.9999999999900364,1,validation
1,0.4835080354580347,0,validation
0,0.09743987700731069,0,validation
0,0.17908816214652482,0,validation
0,0.20677726969051058,0,validation
1,0.19870028612832466,0,validation
1,0.14131104899704347,0,validation
1,0.9999999999631917,1,validation
0,0.27980078240336553,0,validation
0,0.14856982031474705,0,validation
1,0.5325783142845547,1,validation
0,0.06569332142299994,0,validation
1,0.9999999998631934,1,validation
1,0.32550311959681066,0,validation
0,0.21175334787503766,0,validation
0,0.2799629327524055,0,validation
0,0.19379591010092861,0,validation
0,0.2660927373950408,0,validation
0,0.11077143701474375,0,validation
0,0.1015955372943161,0,validation
0,0.22096381013112676,0,validation
0,0.12057766605967711,0,validation
1,0.20535605810550148,0,validation
0,0.3235068798700732,0,validation
0,0.3581634004725296,0,validation
0,0.14097964599428922,0,validation
1,0.3185619791625955,0,validation
1,0.7251389371618967,1,validation
0,0.22574710852425448,0,validation
0,0.24871608692195324,0,validation
0,0.16903506766531082,0,validation
1,0.9999999999218758,1,validation
1,0.1980527641293452,0,validation
0,0.23566032980430732,0,validation
1,0.260045714586579,0,validation
1,0.19936531511157768,0,validation
0,0.2931535204568041,0,validation
0,0.22620281509897597,0,validation
1,0.33416006146733873,0,validation
0,0.47041522866922103,0,validation
0,0.20151142568281857,0,validation
0,0.13268228284040723,0,validation
0,0.14231993331845072,0,validation
0,0.16207318472141163,0,validation
0,0.25172525324633443,0,validation
1,0.2631341573212784,0,validation
1,0.07476518323487434,0,validation
0,0.12487215540786295,0,validation
0,0.20760795667572307,0,validation
0,0.1524590428077778,0,validation
0,0.07185957202021569,0,validation
0,0.09829966527149712,0,validation
0,0.25053881689296054,0,validation
0,0.2990778240139988,0,validation
1,0.23089439731724265,0,validation
0,0.23021838793220759,0,validation
1,0.4495510476248909,0,validation
0,0.13900224358907923,0,validation
1,0.1536268550948469,0,validation
0,0.09357572278444642,0,validation
0,0.3080825373810755,0,validation
0,0.04542179383028748,0,validation
0,0.1142703592661088,0,validation
0,0.07898567121323018,0,validation
0,0.14479142825941466,0,validation
0,0.055199760147292054,0,validation
1,0.14929138393451769,0,validation
0,0.26930944658095773,0,validation
0,0.07996023959059549,0,validation
0,0.06072626060841205,0,validation
1,0.23119701285892333,0,validation
1,0.9999999999553824,1,validation
0,0.16676567050132177,0,validation
0,0.18479578363210347,0,validation
0,0.1271254052459962,0,validation
0,0.2216286543841687,0,validation
0,0.20860362371282204,0,validation
0,0.23021861123927936,0,validation
0,0.13570596937074558,0,validation
0,0.2404458017979733,0,validation
1,0.17857426591823444,0,validation
0,0.37973204104634284,0,validation
1,0.43244778829420505,0,validation
0,0.15444212082348682,0,validation
1,0.9999999998832241,1,validation
1,0.34255536797787234,0,validation
0,0.1514771265965172,0,validation
1,0.16886373413204384,0,validation
0,0.2767778144594547,0,validation
0,0.21622468797299074,0,validation
1,0.9999999999454046,1,validation
0,0.07245220826258245,0,validation
0,0.06187481566549384,0,validation
0,0.04402456908455908,0,validation
0,0.23912660369390676,0,validation
0,0.22748653700283367,0,validation
0,0.252718447259129,0,validation
0,0.24192732705673387,0,validation
0,0.09446805251045905,0,validation
0,0.170337951747977,0,validation
0,0.12404410588305712,0,validation
0,0.13941111136268058,0,validation
1,0.24386229617979527,0,validation
0,0.26966073889744224,0,validation
0,0.11078384632534685,0,validation
0,0.138494456385065,0,validation
0,0.1187631857405959,0,validation
0,0.25587348392430537,0,validation
0,0.18178719496878662,0,validation
1,0.3558278863526546,0,validation
0,0.03834967269367804,0,validation
1,0.898681562170479,1,validation
0,0.17511183845360825,0,validation
0,0.1170396220669033,0,validation
0,0.42777007255734995,0,validation
0,0.6960948623557212,1,validation
1,0.5589034956904734,1,validation
0,0.33267072616626514,0,validation
0,0.18749636373976672,0,validation
0,0.15509922879045085,0,validation
1,0.9999999999551727,1,validation
0,0.10540101857623996,0,validation
0,0.2422402149093972,0,validation
0,0.1826995461842304,0,validation
1,0.999999999995081,1,validation
1,0.17067848528035112,0,validation
0,0.07331038876898421,0,validation
0,0.19228622565027434,0,validation
0,0.07988301778938083,0,validation
0,0.23557446148954087,0,validation
0,0.33321622427838354,0,validation
0,0.2699404212650431,0,validation
0,0.22180728059253613,0,validation
1,0.11485901603173848,0,validation
0,0.18036688181072252,0,validation
0,0.25395811675344687,0,validation
0,0.4237065035384309,0,validation
0,0.07759644670801441,0,validation
0,0.1596809021821872,0,validation
0,0.297804368037335,0,validation
0,0.23727910297466304,0,validation
0,0.11417692034048198,0,validation
0,0.1734892539028463,0,validation
0,0.1294597599305322,0,validation
0,0.0926119078725508,0,validation
0,0.16994188655295148,0,validation
1,0.5361403011375241,1,validation
1,0.5815118819677415,1,validation
0,0.20054213265454862,0,validation
1,0.9999999999779372,1,validation
1,0.1635642180775388,0,validation
0,0.17785933302025483,0,validation
0,0.150231186255629,0,validation
0,0.17337253673802153,0,validation
0,0.1585332614024747,0,validation
0,0.16919151084359568,0,validation
0,0.22219725780727131,0,validation
0,0.5596981059491893,1,validation
0,0.1179731823848571,0,validation
0,0.5428413774308684,1,validation
0,0.10093164420732675,0,validation
1,0.6747612596337171,1,validation
0,0.15507942925468648,0,validation
1,0.9999999999783025,1,validation
0,0.14646698457633878,0,validation
1,0.9999999999042604,1,validation
0,0.18264684248121135,0,validation
0,0.23656264438143737,0,validation
1,0.999999999956519,1,validation
0,0.12463427023610667,0,validation
0,0.16350087445873696,0,validation
0,0.16485003549770424,0,validation
0,0.05880961523331279,0,validation
1,0.9999999999953193,1,validation
1,0.2702591115446094,0,validation
0,0.1781159385042004,0,validation
0,0.07003045807656605,0,validation
1,0.30009251625681976,0,validation
0,0.0832697762346853,0,validation
0,0.2949953434962995,0,validation
0,0.17847164494449808,0,validation
0,0.13230075973985284,0,validation
0,0.10370488409527351,0,validation
1,0.4467847809274022,0,validation
0,0.1533404703400452,0,validation
0,0.2188128578117725,0,validation
0,0.2421140741957446,0,validation
0,0.3837732489116174,0,validation
0,0.0911066094582145,0,validation
0,0.08967478317835459,0,validation
0,0.1525774585810334,0,validation
0,0.08028934368031788,0,validation
0,0.0997582915043176,0,validation
0,0.2560444681524791,0,validation
0,0.1852291894067957,0,validation
0,0.3482327603771769,0,validation
1,0.9999999999797871,1,validation
0,0.0629225151340647,0,validation
0,0.37284763901476026,0,validation
1,0.999999999965953,1,validation
0,0.3014693687183154,0,validation
0,0.09653241646945943,0,validation
0,0.1695457097470228,0,validation
0,0.10502185812291936,0,validation
1,0.33233332093629075,0,validation
1,0.9999999999646072,1,validation
0,0.14885765516150515,0,validation
0,0.10405907890207461,0,validation
0,0.4573326501392566,0,validation
0,0.2641331028637718,0,validation
0,0.09852321287791571,0,validation
0,0.22866487885184777,0,validation
0,0.11060270408415207,0,validation
1,0.47117248435798464,0,validation
0,0.07465311017825282,0,validation
0,0.16840738181888137,0,validation
0,0.18980093308771717,0,validation
0,0.17708614659942087,0,validation
0,0.22470008579551123,0,validation
0,0.19401912331321228,0,validation
0,0.3102172358963679,0,validation
1,0.9999999999895397,1,validation
0,0.08950402429109991,0,validation
0,0.7536656903739578,1,validation
0,0.26089690096905316,0,validation
1,0.1401789052985272,0,validation
0,0.08312779831328782,0,validation
0,0.15764249041371337,0,validation
0,0.22755972556688728,0,validation
0,0.1968998148998808,0,validation
0,0.43554532606770585,0,validation
0,0.2027947318880105,0,validation
0,0.1485961111238043,0,validation
0,0.22993802871176594,0,validation
0,0.21492207849451145,0,validation
0,0.10712629074968748,0,validation
0,0.040827422160348986,0,validation
0,0.2956685551687446,0,validation
0,0.1679901995055629,0,validation
0,0.2624390708827744,0,validation
0,0.3218021218081466,0,validation
0,0.11902865965843781,0,validation
0,0.23956895910250453,0,validation
0,0.2633458065289695,0,validation
0,0.23132553665471045,0,validation
0,0.11892710273476875,0,validation
0,0.15727709488047703,0,validation
0,0.17999338718555866,0,validation
0,0.10215092293953873,0,validation
0,0.30056013636253404,0,validation
1,0.9999999999396141,1,validation
0,0.1407570158205263,0,validation
1,0.39548147188950045,0,validation
0,0.2168590072642109,0,validation
1,0.9999999999322176,1,validation
0,0.10798153843261823,0,validation
0,0.11863975660368267,0,validation
0,0.09879910613042167,0,validation
0,0.20557781356335836,0,validation
1,0.9999999999698301,1,validation
0,0.41623099184681744,0,validation
0,0.09155538550134311,0,validation
1,0.6939844666599018,1,validation
0,0.18853524742124586,0,validation
0,0.16147420631161735,0,validation
0,0.20192671927995534,0,validation
0,0.15736140798950254,0,validation
0,0.3358695812720247,0,validation
0,0.21795532977189966,0,validation
0,0.17714518929874398,0,validation
0,0.19135701281526074,0,validation
0,0.42001045973433637,0,validation
0,0.14950572419321148,0,validation
1,0.13679250836045004,0,validation
1,0.9999999999044016,1,validation
0,0.7460052853329733,1,validation
0,0.0901253618814475,0,validation
0,0.4866650510862012,0,validation
0,0.11226784302666891,0,validation
0,0.21408336279538895,0,validation
0,0.3757806314630418,0,validation
0,0.14733046788869697,0,validation
0,0.13252455146752085,0,validation
0,0.1876009055727977,0,validation
0,0.18755612881139438,0,validation
1,0.27099476239212017,0,validation
0,0.27819174498570226,0,validation
0,0.0873355487569659,0,validation
0,0.09738908991996856,0,validation
0,0.31513763963613345,0,validation
1,0.2574805213319381,0,validation
0,0.31113220859033586,0,validation
0,0.2672461076460459,0,validation
0,0.08949027029546797,0,validation
0,0.17253499568585548,0,validation
0,0.21547797743106178,0,validation
0,0.3598257311637157,0,validation
1,0.9999999999458042,1,validation
1,0.3109130618076242,0,validation
1,0.2456559480760678,0,validation
0,0.19530353553358606,0,validation
0,0.24158945015032882,0,validation
1,0.20465503517452804,0,validation
1,0.9999999999897959,1,validation
0,0.11660988045791186,0,validation
1,0.1701585591102931,0,validation
0,0.22818496489612727,0,validation
0,0.3633009330392455,0,validation
0,0.07688137866278279,0,validation
1,0.7947698679562273,1,validation
0,0.2389036100282607,0,validation
0,0.1571818052812997,0,validation
0,0.30594735668180645,0,validation
0,0.1278677292929302,0,validation
1,0.20251414669025558,0,validation
0,0.054757282787245294,0,validation
0,0.09489709067887535,0,validation
0,0.14382754895828903,0,validation
0,0.2196668373304856,0,validation
1,0.1233021484067213,0,validation
0,0.2859388745060061,0,validation
0,0.1221679775684955,0,validation
1,0.15414582635107626,0,validation
0,0.2949498048704277,0,validation
0,0.2660026151036936,0,validation
0,0.40103596570866173,0,validation
0,0.35587102249577335,0,validation
0,0.2678668972793331,0,validation
0,0.30826077281156516,0,validation
0,0.250149745485034,0,validation
1,0.9999999998854987,1,validation
1,0.9999999999720308,1,validation
0,0.22065552432685925,0,validation
0,0.07151319512307702,0,validation
0,0.2639454520375413,0,validation
0,0.46144724773765355,0,validation
0,0.25618382728646544,0,validation
1,0.22541587163151589,0,validation
1,0.27451299364552956,0,validation
1,0.24398068972587475,0,validation
0,0.1899435441187195,0,validation
1,0.999999999973396,1,validation
0,0.25818019970527406,0,validation
0,0.08852226923851644,0,validation
0,0.12886451307554644,0,validation
0,0.11710480069402333,0,validation
0,0.17263141494151302,0,validation
0,0.22787368402784094,0,validation
0,0.0735448041951608,0,validation
0,0.1476770690107817,0,validation
0,0.14745607932675991,0,validation
1,0.9999999999410834,1,validation
0,0.14140801629730199,0,validation
0,0.14776692617217635,0,validation
1,0.12940085375734148,0,validation
0,0.29127740007164543,0,validation
1,0.9999999999594036,1,validation
0,0.39914637644442513,0,validation
0,0.22108132826095486,0,validation
1,0.362891852921055,0,validation
0,0.10060946409218575,0,validation
0,0.19898179428405388,0,validation
0,0.08955619879199711,0,validation
1,0.35669216557569683,0,validation
0,0.18032376892609842,0,validation
1,0.16101209625796484,0,validation
0,0.17869475653518138,0,validation
0,0.29698239815464916,0,validation
0,0.260561088145306,0,validation
1,0.9999999999501623,1,validation
1,0.16962076646932334,0,validation
0,0.4807167220779753,0,validation
0,0.08103819517592536,0,validation
0,0.19841072666699877,0,validation
0,0.6454833240645856,1,validation
0,0.09034257796422963,0,validation
0,0.13101762726172791,0,validation
0,0.16104090098560703,0,validation
1,0.9999999999697995,1,validation
0,0.3119780285328299,0,validation
0,0.10398917974115021,0,validation
0,0.4485454504851832,0,validation
0,0.12892102105038275,0,validation
0,0.12948279681759423,0,validation
0,0.1590472658799391,0,validation
0,0.11679923276574532,0,validation
0,0.5845668928684714,1,validation
0,0.2296104991212932,0,validation
1,0.4931275466280938,0,validation
0,0.2302341548007703,0,validation
1,0.4911158309148507,0,validation
0,0.22168448309456779,0,validation
0,0.4677350462772275,0,validation
0,0.12123351825431229,0,validation
0,0.09383049361012806,0,validation
0,0.3175314004695844,0,validation
0,0.09547575056789195,0,validation
0,0.2156441259831716,0,validation
1,0.9999999999286777,1,validation
0,0.4887263522813803,0,validation
0,0.12011136108450522,0,validation
0,0.07849235091098354,0,validation
0,0.1795379596589842,0,validation
0,0.040311394249739375,0,validation
1,0.2917073756198432,0,validation
0,0.21027696083566796,0,validation
0,0.1758668874159374,0,validation
0,0.3274465159780399,0,validation
1,0.9999999999501852,1,validation
0,0.21440049958243165,0,validation
0,0.31559917231012935,0,validation
1,0.9999999999490792,1,validation
0,0.299672767864199,0,validation
1,0.5575240321003325,1,validation
0,0.1712007578006612,0,validation
0,0.10955923900908998,0,validation
0,0.44202174019918167,0,validation
1,0.202973834934292,0,validation
0,0.12152468828653516,0,validation
0,0.10516666849246595,0,validation
1,0.13228822034360768,0,validation
0,0.11005645994336756,0,validation
0,0.18731949282642188,0,validation
1,0.9999999999816378,1,validation
0,0.16402339985195674,0,validation
0,0.07662487236933548,0,validation
0,0.09611185823871866,0,validation
0,0.27006341943019896,0,validation
1,0.3056019727373145,0,validation
0,0.2996994942277206,0,validation
1,0.12024569282957513,0,validation
1,0.9999999999879985,1,validation
0,0.13771833582858753,0,validation
0,0.1181325268380319,0,validation
0,0.24532900221041257,0,validation
0,0.12034382716520957,0,validation
0,0.10606818626312822,0,validation
0,0.14772694021271335,0,validation
0,0.3326460943425228,0,validation
0,0.0841948766485526,0,validation
0,0.1483194666045349,0,validation
0,0.08153025439181306,0,validation
0,0.09005384291110177,0,validation
0,0.29483806840621496,0,validation
0,0.14950877111715147,0,validation
0,0.17629015969675885,0,validation
0,0.3131393534374743,0,validation
0,0.28392612583280213,0,validation
0,0.08075973886617527,0,validation
0,0.29638987717151927,0,validation
0,0.1339119177186613,0,validation
0,0.10389710874866451,0,validation
1,0.3385211715037948,0,validation
0,0.1108770901921734,0,validation
0,0.19178092209867037,0,validation
0,0.10349892469590521,0,validation
1,0.2083033989582988,0,validation
0,0.5461388461904085,1,validation
1,0.999999999997865,1,validation
0,0.10220573046143154,0,validation
0,0.23235109506757548,0,validation
0,0.5354966386694058,1,validation
0,0.5143055669398633,1,validation
1,0.999999999947353,1,validation
0,0.08461771613526706,0,validation
0,0.16998616848659784,0,validation
0,0.09289593154834884,0,validation
1,0.21030415581508413,0,validation
0,0.09083537476523112,0,validation
1,0.9999999998298388,1,validation
1,0.38947355019229246,0,validation
0,0.1511047292217782,0,validation
0,0.16235660682020342,0,validation
0,0.1263105610168079,0,validation
0,0.16508093747795186,0,validation
0,0.2075129458116268,0,validation
0,0.22511056309617272,0,validation
1,0.9999999999418274,1,validation
1,0.9999999999400921,1,validation
0,0.16874852771634796,0,validation
0,0.17668823766813363,0,validation
0,0.29688805456153144,0,validation
0,0.09779840093136294,0,validation
0,0.16124595279819223,0,validation
1,0.4755342379114384,0,validation
1,0.9999999999532523,1,validation
0,0.2369509567624251,0,validation
0,0.22352365027046717,0,validation
0,0.11748350088096872,0,validation
0,0.30661191257038256,0,validation
0,0.13737480392754312,0,validation
1,0.41711412441075385,0,validation
1,0.3407550728921515,0,validation
1,0.9999999999189544,1,validation
0,0.3570096908238364,0,validation
0,0.1535002889100638,0,validation
0,0.2958666561333317,0,validation
1,0.30946719454614824,0,validation
0,0.3885247681634532,0,validation
0,0.08439936820495443,0,validation
0,0.20453151202774247,0,validation
1,0.10041396169431996,0,validation
1,0.4373622948890545,0,validation
1,0.6031747996997554,1,validation
0,0.2773851849340414,0,validation
0,0.1899030155819546,0,validation
0,0.1732166259687782,0,validation
1,0.9173559225001424,1,validation
0,0.1764744254442726,0,validation
0,0.07347712901691214,0,validation
0,0.18308631383886395,0,validation
0,0.11254588911870197,0,validation
0,0.2731263745852436,0,validation
0,0.09379446772165852,0,validation
0,0.165994661070965,0,validation
1,0.21037084885144708,0,validation
0,0.06275782983252201,0,validation
0,0.1110347766326218,0,validation
1,0.3118831405884159,0,validation
0,0.1666070196967851,0,validation
0,0.3894318754644189,0,validation
0,0.16171739387788434,0,validation
0,0.12983413731964427,0,validation
1,0.9999999999336362,1,validation
1,0.10511635163964304,0,validation
0,0.06298954282494218,0,validation
0,0.07568436245627667,0,validation
0,0.18344804790956995,0,validation
1,0.8148479478472181,1,validation
0,0.10587730201840788,0,validation
0,0.23042669997500648,0,validation
1,0.2126604690923341,0,validation
1,0.9999999999108942,1,validation
0,0.09239654911424584,0,validation
0,0.4029153004175572,0,validation
0,0.10588688376643404,0,validation
0,0.21766603639966717,0,validation
1,0.48958334119111807,0,validation
1,0.2838055058722691,0,validation
1,0.18488888872124695,0,validation
1,0.9999999999560072,1,validation
0,0.30770516867653575,0,validation
0,0.04256887771613824,0,validation
0,0.2177683988529789,0,validation
0,0.11695838653530995,0,validation
0,0.15535821555833804,0,validation
0,0.5364086709986736,1,validation
1,0.3470403052612772,0,validation
0,0.23219610870177412,0,validation
0,0.17846118078036768,0,validation
1,0.9999999999366804,1,validation
0,0.047771384399852984,0,validation
0,0.12002008181996263,0,validation
0,0.18239624816825806,0,validation
0,0.15625956014599832,0,validation
0,0.33910165071586695,0,validation
0,0.18688676668611162,0,validation
0,0.10670642545976224,0,validation
1,0.24815606154624853,0,validation
0,0.13742142016630637,0,validation
0,0.16404166145651647,0,validation
0,0.05759585266242045,0,validation
0,0.28314858291077805,0,validation
0,0.17627336045925854,0,validation
0,0.22903652409166708,0,validation
0,0.10375251419398061,0,validation
0,0.5275691005410035,1,validation
0,0.22629374727734702,0,validation
0,0.1902174983835839,0,validation
0,0.09090434664162068,0,validation
0,0.14806539059286045,0,validation
1,0.9999999999544074,1,validation
0,0.3021777756407368,0,validation
0,0.18840156515554532,0,validation
0,0.2357174622303584,0,validation
0,0.4136120366395696,0,validation
1,0.2485822337625646,0,validation
0,0.2348386279701086,0,validation
0,0.23155747154873657,0,validation
1,0.999999999923789,1,validation
0,0.11243014309324614,0,validation
0,0.08069347702960315,0,validation
0,0.18554137092863715,0,validation
0,0.18874663234162628,0,validation
0,0.1102769949304687,0,validation
0,0.103617956872736,0,validation
0,0.23439930480165758,0,validation
0,0.32477205801136794,0,validation
0,0.3323461589223814,0,validation
0,0.06679411879029078,0,validation
0,0.22656965735483392,0,validation
0,0.1378297034063425,0,validation
0,0.10171915157604464,0,validation
0,0.3042610782746945,0,validation
0,0.5303865970988203,1,validation
1,0.9999999998932867,1,validation
0,0.363695150417422,0,validation
1,0.9999999999136244,1,validation
0,0.11162163438528494,0,validation
0,0.22526867116680455,0,validation
0,0.0838820136930729,0,validation
0,0.4684924860591731,0,validation
0,0.234626462044843,0,validation
0,0.11419892986540961,0,validation
0,0.24411244449528452,0,validation
1,0.999999999965367,1,validation
1,0.853740808363194,1,validation
0,0.14733895107937364,0,validation
0,0.15461135246931904,0,validation
0,0.20734388689898223,0,validation
0,0.19577475177037307,0,validation
0,0.2133923071991428,0,validation
0,0.20039699145439793,0,validation
1,0.3561950057817499,0,validation
0,0.16974677757299622,0,validation
0,0.10432650112013518,0,validation
0,0.14302982340125214,0,validation
0,0.27156766347537,0,validation
1,0.48339749597381637,0,validation
0,0.1769020451517164,0,validation
0,0.08285580522518565,0,validation
0,0.24517846497944504,0,validation
1,0.9999999999345142,1,validation
0,0.27479330623842846,0,validation
0,0.12852792306302818,0,validation
0,0.34584640158831786,0,validation
0,0.15269597453196204,0,validation
0,0.2931425115403172,0,validation
0,0.1249010012411913,0,validation
0,0.22739494803887245,0,validation
1,0.7797035098186875,1,validation
1,0.11300836936710562,0,validation
0,0.15640414511375383,0,validation
0,0.23101707337157615,0,validation
1,0.48388453074202814,0,validation
1,0.10019123340866622,0,validation
0,0.20328187630510777,0,validation
0,0.14475838977764866,0,validation
0,0.13805226155817826,0,validation
0,0.21984389770856916,0,validation
0,0.29138190796053587,0,validation
0,0.12927213347485317,0,validation
0,0.26962733789294085,0,validation
0,0.2551879449838448,0,validation
1,0.7905374348642116,1,validation
0,0.08595730411576047,0,validation
0,0.42058010127851353,0,validation
0,0.1502164380960453,0,validation
0,0.16477061966926576,0,validation
0,0.10843502566775491,0,validation
0,0.10742222415055135,0,validation
0,0.18339995876484194,0,validation
0,0.17569749180959954,0,validation
0,0.07103459688386422,0,validation
0,0.3170070843108883,0,validation
0,0.12125169848927723,0,validation
0,0.13705166678890504,0,validation
1,0.9999999998530236,1,validation
0,0.132946048250098,0,validation
0,0.2753030463580418,0,validation
1,0.7667951109496282,1,validation
0,0.08115183531669994,0,validation
0,0.22675621295430518,0,validation
0,0.17882069189005317,0,validation
0,0.09264862900952206,0,validation
1,0.9999999999183322,1,validation
1,0.99999999995143,1,validation
1,0.16866010769922649,0,validation
0,0.07587865814684516,0,validation
0,0.2252887306549661,0,validation
0,0.23060015368801218,0,validation
0,0.2032023892100587,0,validation
0,0.14775554871672844,0,validation
0,0.21696007633739417,0,validation
1,0.9997015703815096,1,validation
0,0.2440856421697956,0,validation
0,0.14331633235084476,0,validation
0,0.11478094390674887,0,validation
0,0.13750938371886814,0,validation
0,0.3740333773314531,0,validation
0,0.20032622755914997,0,validation
0,0.18747221284732,0,validation
1,0.9999999998146147,1,validation
0,0.07452892716986777,0,validation
0,0.14385375202023457,0,validation
1,0.27835679729503315,0,validation
0,0.10943599637561482,0,validation
0,0.16580392586551634,0,validation
0,0.18189808833912313,0,validation
0,0.10391408003010813,0,validation
0,0.25951533233993185,0,validation
0,0.05105619006570587,0,validation
1,0.1565441375655828,0,validation
0,0.19647244167599606,0,validation
1,0.9999999999856501,1,validation
0,0.09583305486190326,0,validation
1,0.9999999999323133,1,validation
1,0.43555559844314545,0,validation
0,0.498030850983402,0,validation
0,0.16437199931285174,0,validation
0,0.08540018631413951,0,validation
0,0.13268506411962916,0,validation
0,0.24654065920635287,0,validation
0,0.4876055423655453,0,validation
0,0.08962531258604586,0,validation
1,0.6262411948576231,1,validation
0,0.1485765595465843,0,validation
1,0.12362416588105452,0,validation
0,0.08161461447686906,0,validation
0,0.11162738748337137,0,validation
1,0.9999999998646698,1,validation
0,0.11569424888755847,0,validation
0,0.14427171086084822,0,validation
0,0.15064327811755512,0,validation
0,0.27482491173929524,0,validation
0,0.17466255906903344,0,validation
0,0.23908299103732134,0,validation
0,0.2274142897822557,0,validation
0,0.10694075396481652,0,validation
0,0.13600603437435663,0,validation
0,0.1587675180824467,0,validation
0,0.1742549213290665,0,validation
0,0.0797674609395198,0,validation
1,0.09959006091885825,0,validation
1,0.1732610453782657,0,validation
1,0.9999999999536131,1,validation
0,0.10313812180834107,0,validation
1,0.9999999999591289,1,validation
1,0.07235605033806,0,validation
0,0.18839914543692815,0,validation
0,0.15410871535107443,0,validation
1,0.2906589119647839,0,validation
0,0.31005785027365185,0,validation
0,0.4535968813347737,0,validation
0,0.20099564733400327,0,validation
0,0.38073298356995566,0,validation
0,0.10968157148264128,0,validation
0,0.10604012325555551,0,validation
0,0.21266460090369727,0,validation
0,0.2045183951211343,0,validation
0,0.32895227329994847,0,validation
0,0.23409019277913706,0,validation
0,0.3382921441080845,0,validation
0,0.09826681901918397,0,validation
0,0.2633521069692907,0,validation
1,0.11139155377625842,0,validation
0,0.13796936493948936,0,validation
0,0.11819899949602374,0,validation
0,0.17791458645809635,0,validation
0,0.322454925681391,0,validation
1,0.0764954895825242,0,validation
1,0.9999999999490634,1,validation
0,0.2718808072577961,0,validation
0,0.26821596910237855,0,validation
1,0.13964426426107213,0,validation
0,0.29175767753021153,0,validation
1,0.3121543287336457,0,validation
0,0.19033433584955944,0,validation
0,0.05871797079297102,0,validation
0,0.38201921427731605,0,validation
1,0.13437079300238702,0,validation
1,0.31093138350944705,0,validation
1,0.2747599677401808,0,validation
0,0.34555716113125845,0,validation
1,0.9999999999599778,1,validation
1,0.9999999999565801,1,validation
0,0.3852946819769388,0,validation
0,0.15473810930272977,0,validation
1,0.17493097960046147,0,validation
0,0.09716102967068069,0,validation
0,0.1524883125559108,0,validation
0,0.11812564685705353,0,validation
0,0.24375813694244078,0,validation
0,0.15568841200036906,0,validation
0,0.25564033749262566,0,validation
0,0.08842777001392907,0,validation
1,0.3409439325434318,0,validation
1,0.09864104235825592,0,validation
1,0.9999999998964999,1,validation
0,0.21366265605902818,0,validation
0,0.09497710069542334,0,validation
0,0.3033207772909222,0,validation
1,0.4071512969026141,0,validation
1,0.9999999999861533,1,validation
0,0.135912649785204,0,validation
0,0.11455188983852013,0,validation
1,0.3510848533517944,0,validation
0,0.15946684106979075,0,validation
1,0.9999999999600067,1,validation
0,0.2311714683335734,0,validation
0,0.2209193164992249,0,validation
1,0.9999999999602955,1,validation
1,0.33080962335281705,0,validation
0,0.2523015467761926,0,validation
0,0.10049346911890714,0,validation
0,0.38191735592750925,0,validation
0,0.29031732522082915,0,validation
1,0.24927376060295262,0,validation
0,0.18120291634813426,0,validation
0,0.21785796380387362,0,validation
1,0.27616874973792394,0,validation
1,0.9999999999459868,1,validation
0,0.12081949050622164,0,validation
1,0.0894985891970641,0,validation
0,0.3830340542510401,0,validation
0,0.046392530243960416,0,validation
0,0.2038863878031964,0,validation
0,0.10197792258393289,0,validation
0,0.18401249531338634,0,validation
0,0.20679187035346233,0,validation
0,0.14381797432898075,0,validation
1,0.20128925256925254,0,validation
0,0.07665813509601538,0,validation
1,0.17542820534457784,0,validation
0,0.12627759627332874,0,validation
1,0.9999999999807352,1,validation
1,0.5170288718033562,1,validation
0,0.1514641068416425,0,validation
0,0.15968395581233086,0,validation
1,0.9999999999628499,1,validation
0,0.24329791614354082,0,validation
0,0.45328178366440647,0,validation
0,0.197315233992011,0,validation
1,0.9999999999397207,1,validation
0,0.6893857431873646,1,validation
1,0.22334107963481833,0,validation
0,0.292498557318937,0,validation
0,0.8562320406166762,1,validation
1,0.9999999998966711,1,validation
0,0.3296388787628518,0,validation
1,0.37768637015095746,0,validation
0,0.20569168655362843,0,validation
1,0.4140527559878059,0,validation
0,0.2015939322347171,0,validation
0,0.16939871089406527,0,validation
0,0.13155368193121691,0,validation
0,0.13432535675212456,0,validation
0,0.22073648233659504,0,validation
0,0.14555549319559644,0,validation
0,0.07914439413953273,0,validation
0,0.21917781158472366,0,validation
0,0.0838034970579644,0,validation
0,0.5177064808677103,1,validation
0,0.1421568370153128,0,validation
0,0.1209655173166217,0,validation
1,0.9999999999087634,1,validation
0,0.21895007182750342,0,validation
1,0.3484355650238402,0,validation
1,0.9999999999943867,1,validation
0,0.13836963381257736,0,validation
0,0.23770360729146092,0,validation
0,0.23128045241554807,0,validation
0,0.0559399783899589,0,validation
0,0.3065469619063413,0,validation
0,0.6707114474084084,1,validation
0,0.08912147052701182,0,validation
0,0.14193437905023032,0,validation
0,0.13718824351089423,0,validation
0,0.2276045370797988,0,validation
0,0.16602905503581164,0,validation
0,0.24607838051885542,0,validation
0,0.11780162744308648,0,validation
1,0.1969361028975399,0,validation
0,0.24738016717753306,0,validation
0,0.13625734470155115,0,validation
0,0.08122348470944052,0,validation
0,0.2477262245138477,0,validation
1,0.999999999890796,1,validation
0,0.429183621343938,0,validation
1,0.38562206838485347,0,validation
0,0.11169760350869597,0,validation
0,0.10549464903373988,0,validation
1,0.29245238025825465,0,validation
1,0.19614619627887947,0,validation
0,0.29161470202166134,0,validation
0,0.15665450747118598,0,validation
0,0.248220354388586,0,validation
1,0.29749489647655475,0,validation
0,0.16465861008382793,0,validation
0,0.21957351259692245,0,validation
0,0.18339920804508716,0,validation
1,0.2990058793413031,0,validation
0,0.21326047525048444,0,validation
0,0.2590817721233444,0,validation
0,0.1551910574705188,0,validation
0,0.25445444950040114,0,validation
0,0.2316518342324747,0,validation
0,0.33666206674291727,0,validation
0,0.1577563597692716,0,validation
1,0.9999999999507834,1,validation
0,0.160083420675646,0,validation
1,0.0744986671873398,0,validation
0,0.09262877643476401,0,validation
0,0.19383284200705755,0,validation
0,0.16830621236436116,0,validation
0,0.10470420480084776,0,validation
0,0.0674207532497453,0,validation
0,0.2737183244872487,0,validation
1,0.2471414285419314,0,validation
0,0.1504117646875417,0,validation
0,0.16262472445578735,0,validation
0,0.3920173773697089,0,validation
0,0.22214796080327504,0,validation
0,0.22333386453208878,0,validation
1,0.9999999999504743,1,validation
1,0.282863215988509,0,validation
0,0.12051108895020331,0,validation
1,0.9999999999363964,1,validation
1,0.3083568381481156,0,validation
1,0.45130711714474997,0,validation
1,0.9999999999299147,1,validation
0,0.1932664854873002,0,validation
0,0.12382614252158489,0,validation
0,0.3674717776971792,0,validation
0,0.07198011852803488,0,validation
1,0.9999999998774618,1,validation
0,0.0639054242725337,0,validation
0,0.07235615219311838,0,validation
0,0.13435305321322952,0,validation
1,0.1289530292488808,0,validation
0,0.2320254049256674,0,validation
0,0.1521102017514426,0,validation
0,0.1336456905033777,0,validation
0,0.1243584285626727,0,validation
1,0.9999999999479579,1,validation
0,0.1777737481436406,0,validation
0,0.20003832279415457,0,validation
0,0.2389832509616809,0,validation
0,0.13409744569234422,0,validation
1,0.999999999789279,1,validation
1,0.49766963068145675,0,validation
1,0.9999999999943119,1,validation
0,0.18932893554350314,0,validation
0,0.20502760724943028,0,validation
0,0.12929974388398918,0,validation
0,0.11682962144459982,0,validation
0,0.17708342013246336,0,validation
1,0.9999999999662068,1,validation
0,0.4002166935820045,0,validation
0,0.34567956278756684,0,validation
1,0.9999999998777185,1,validation
0,0.1018538035708718,0,validation
1,0.33080571586545926,0,validation
0,0.09206810916499365,0,validation
0,0.1995976676806547,0,validation
0,0.07876671395719521,0,validation
0,0.15268527597731407,0,validation
0,0.07514887843840917,0,validation
0,0.12388720826736144,0,validation
0,0.3349731913811622,0,validation
0,0.14141929175909979,0,validation
1,0.07881255962764827,0,validation
0,0.15259927939624915,0,validation
0,0.09257889998017067,0,validation
1,0.4118582396372173,0,validation
0,0.15617047064601317,0,validation
0,0.25660473620654295,0,validation
0,0.15724464850269967,0,validation
1,0.5733567099287965,1,validation
0,0.1535618065492891,0,validation
0,0.24478042739083883,0,validation
0,0.3020344895151932,0,validation
0,0.4110396886842902,0,validation
0,0.3761295100024705,0,validation
1,0.09332977730592362,0,validation
0,0.05323494840955174,0,validation
0,0.3152182735200509,0,validation
0,0.23356075748586044,0,validation
0,0.2779862452777775,0,validation
1,0.9999999999472255,1,validation
0,0.15099754710449106,0,validation
0,0.13221073511302678,0,validation
0,0.07577608267871566,0,validation
0,0.36857324521685814,0,validation
0,0.19483636679558006,0,validation
0,0.27548775523316504,0,validation
0,0.3540563571117532,0,validation
0,0.0586602584620537,0,validation
0,0.1279329497353902,0,validation
0,0.13859058769822757,0,validation
0,0.13263883037907534,0,validation
0,0.489071363810327,0,validation
0,0.15712229367339217,0,validation
0,0.08534156017464424,0,validation
0,0.05643507442522374,0,validation
0,0.0553831492577411,0,validation
0,0.0909111283913574,0,validation
0,0.18804473565821803,0,validation
0,0.3669573450084413,0,validation
0,0.3189990606910891,0,validation
1,0.999999999947536,1,validation
0,0.06429383384427838,0,validation
0,0.20643209431995727,0,validation
0,0.07487998236456801,0,validation
0,0.2476658424046893,0,validation
0,0.20890064014271212,0,validation
0,0.0724143001605013,0,validation
0,0.17341431951848177,0,validation
0,0.12821635558205566,0,validation
0,0.02995929158375258,0,validation
0,0.15056908203175115,0,validation
0,0.17729119996918039,0,validation
0,0.14820800086761873,0,validation
0,0.2969327961676617,0,validation
0,0.16539315048156233,0,validation
0,0.3127528767087475,0,validation
1,0.24987034521268672,0,validation
0,0.26536081880496054,0,validation
1,0.10596157285927445,0,validation
0,0.5679669495853632,1,validation
0,0.11528672713306355,0,validation
0,0.2499996437219206,0,validation
1,0.4692154657148728,0,validation
0,0.11893892251437321,0,validation
0,0.279032686982878,0,validation
0,0.19068828899898,0,validation
0,0.3369534789036759,0,validation
0,0.12396101012984011,0,validation
0,0.1535210721185358,0,validation
0,0.08336085127791959,0,validation
1,0.9999999999961247,1,validation
0,0.3557019857497694,0,validation
1,0.28041533806483443,0,validation
0,0.10259716848978814,0,validation
0,0.15558377175366933,0,validation
0,0.1142493909770076,0,validation
1,0.5914029223169538,1,validation
0,0.09324279915285648,0,validation
0,0.16013393672985743,0,validation
0,0.20856873732940676,0,validation
1,0.9999999999294185,1,validation
0,0.32916445980438386,0,validation
0,0.13240111538676058,0,validation
0,0.21384570815684104,0,validation
1,0.660974835575307,1,validation
1,0.41148291190884984,0,validation
1,0.9999999999425371,1,validation
0,0.05298912927140762,0,validation
0,0.33662299408787727,0,validation
0,0.16385671375249844,0,validation
1,0.9043322031042811,1,validation
0,0.10065136425859414,0,validation
0,0.08978303914057441,0,validation
0,0.07397946482228374,0,validation
0,0.2449100565285307,0,validation
0,0.1924944780884441,0,validation
0,0.13068925960479671,0,validation
1,0.9999999999555262,1,validation
1,0.9999999999044831,1,validation
1,0.9999999999490936,1,validation
0,0.08912221039078648,0,validation
0,0.08991064486090773,0,validation
1,0.9999999999442508,1,validation
0,0.20337231209086482,0,validation
0,0.10312976812949956,0,validation
0,0.1342742211394002,0,validation
0,0.3668612031891802,0,validation
0,0.18799219242177445,0,validation
0,0.23064484392169002,0,validation
0,0.27395143440448405,0,validation
0,0.11759078060684751,0,validation
1,0.9999999998971656,1,validation
0,0.17288072888403586,0,validation
0,0.32728809645231755,0,validation
0,0.07771620778655615,0,validation
0,0.1729307440114052,0,validation
1,0.18828024185196068,0,validation
0,0.4897634769684375,0,validation
0,0.11382827959903448,0,validation
0,0.12500265854349638,0,validation
0,0.19037542704053725,0,validation
0,0.3024977869487681,0,validation
0,0.30255067502242405,0,validation
0,0.33843539716659454,0,validation
0,0.3404495361338092,0,validation
0,0.33166599709775646,0,validation
1,0.999999999978856,1,validation
0,0.04398189901481987,0,validation
0,0.1098197640774064,0,validation
0,0.2520887950307477,0,validation
1,0.4386886881736909,0,validation
0,0.24627520291488023,0,validation
1,0.505479823966873,1,validation
0,0.1144645389532157,0,validation
0,0.27695449471560496,0,validation
0,0.2224464775491562,0,validation
0,0.14560881615365945,0,validation
0,0.049621945688084756,0,validation
0,0.05132948393833502,0,validation
0,0.12359855454135125,0,validation
0,0.12511640863790094,0,validation
0,0.18373061820708897,0,validation
0,0.07320189467648767,0,validation
0,0.30976771130081177,0,validation
0,0.2850493473442447,0,validation
1,0.23054533580084713,0,validation
0,0.26985205229933373,0,validation
0,0.2786710463229961,0,validation
0,0.31408623632374516,0,validation
0,0.06396050023445567,0,validation
0,0.10602348258285892,0,validation
0,0.08087526234092252,0,validation
1,0.31067931356130596,0,validation
0,0.14368311900965186,0,validation
0,0.23695618959272405,0,validation
0,0.09224017134417227,0,validation
0,0.19025396136060144,0,validation
0,0.46829896654975767,0,validation
0,0.23980515548927292,0,validation
1,0.9999999999570934,1,validation
1,0.9999999999238811,1,validation
0,0.1376915904740262,0,validation
0,0.0663034338574435,0,validation
0,0.08561883932685893,0,validation
0,0.28783292081517003,0,validation
0,0.11144879524746408,0,validation
0,0.38555022304627584,0,validation
1,0.9999999999584956,1,validation
0,0.3068639398070577,0,validation
0,0.16441772593391538,0,validation
0,0.29218438048674106,0,validation
0,0.0841816590520876,0,validation
0,0.1524110569402301,0,validation
0,0.2876076728890365,0,validation
0,0.1498788722667274,0,validation
0,0.1394104197546511,0,validation
0,0.20738644368569806,0,validation
0,0.09991113428794864,0,validation
0,0.17279562668533013,0,validation
0,0.14625205397839758,0,validation
0,0.10852926280592488,0,validation
0,0.11325019859569356,0,validation
0,0.13019501500406883,0,validation
1,0.6469766953276251,1,validation
0,0.3117813566831414,0,validation
0,0.1443440864666242,0,validation
1,0.9999999999537288,1,validation
1,0.40701790614017025,0,validation
0,0.2335155119245287,0,validation
0,0.17353330952115784,0,validation
1,0.999999999976134,1,validation
0,0.08212495519159044,0,validation
0,0.09687115776251329,0,validation
0,0.1861049053346537,0,validation
0,0.1960091758572838,0,validation
1,0.20185661836251417,0,validation
0,0.1939592027965679,0,validation
0,0.19431597989202515,0,validation
1,0.999861338358845,1,validation
0,0.08395074988781157,0,validation
1,0.9999999999785165,1,validation
0,0.17047856333933237,0,validation
0,0.04973867142457275,0,validation
0,0.10150904302275467,0,validation
1,0.3282628916152675,0,validation
0,0.414063116934205,0,validation
0,0.1319407072694342,0,validation
0,0.27010961982341714,0,validation
0,0.4297268923818563,0,validation
0,0.11890354058622872,0,validation
0,0.11387333777572616,0,validation
0,0.11974436081294797,0,validation
0,0.11152040765379441,0,validation
0,0.18739490132255093,0,validation
0,0.09451319881572005,0,validation
1,0.9999999999656566,1,validation
0,0.27904712575453844,0,validation
0,0.06946129318807873,0,validation
1,0.4649344746922359,0,validation
1,0.1301246698222706,0,validation
1,0.2142616971618475,0,validation
0,0.17841725597187003,0,validation
0,0.19296689602526046,0,validation
0,0.10824261736602885,0,validation
1,0.3861516746543474,0,validation
1,0.2606633619202782,0,validation
1,0.999999999949938,1,validation
0,0.21595665717203516,0,validation
0,0.30309966679172634,0,validation
0,0.23426915505434878,0,validation
0,0.09611503744866094,0,validation
0,0.3111278067882877,0,validation
0,0.272015245104923,0,validation
0,0.19908255200867397,0,validation
1,0.9999999999510074,1,validation
0,0.0625870985172438,0,validation
0,0.08222111613235544,0,validation
1,0.15909703025982405,0,validation
0,0.1088538296258107,0,validation
0,0.301010815479448,0,validation
0,0.039441287344165646,0,validation
1,0.999999999975522,1,validation
0,0.20192244107254673,0,validation
0,0.1491929341195484,0,validation
0,0.08649056845380343,0,validation
1,0.1832151361853515,0,validation
1,0.9999999999529519,1,validation
0,0.2461504525149768,0,validation
0,0.3731198019208834,0,validation
1,0.34233124864365067,0,validation
0,0.09124803271871583,0,validation
0,0.07522913069448409,0,validation
1,0.9999999999460842,1,validation
0,0.1655532971530008,0,validation
0,0.07385650030660394,0,validation
0,0.4741352425406626,0,validation
1,0.13009781413402222,0,validation
0,0.40204622110238974,0,validation
0,0.11442082659692623,0,validation
0,0.27771967065092057,0,validation
0,0.11017903730295756,0,validation
0,0.265630718612264,0,validation
0,0.03112004169985065,0,validation
0,0.44639007111221746,0,validation
0,0.1994177168096497,0,validation
1,0.2803791851620208,0,validation
0,0.21414931414828375,0,validation
0,0.28057777714228377,0,validation
0,0.11538445323043929,0,validation
0,0.1544651092710548,0,validation
0,0.17406714492817518,0,validation
1,0.4414214452939744,0,validation
1,0.9999999998755598,1,validation
0,0.2579445406775399,0,validation
1,0.19181710324668372,0,validation
0,0.04771331609532428,0,validation
0,0.30642407869183375,0,validation
0,0.23437633316743603,0,validation
1,0.4634180929948958,0,validation
0,0.17794538931773066,0,validation
0,0.0949209280849892,0,validation
0,0.15872916985972513,0,validation
0,0.22181868125733614,0,validation
0,0.13538879287270836,0,validation
0,0.17309529893028833,0,validation
0,0.22575693216958279,0,validation
0,0.1767931394912906,0,validation
0,0.35321852099420126,0,validation
0,0.19763117769579147,0,validation
0,0.1963775591957411,0,validation
1,0.12330107358042977,0,validation
0,0.26161025548216554,0,validation
0,0.2918617184027685,0,validation
0,0.1497749198550395,0,validation
0,0.3402230574955139,0,validation
0,0.2069176395581653,0,validation
0,0.3303889849206003,0,validation
1,0.3052876970561228,0,validation
0,0.07479509997761688,0,validation
1,0.999999999996755,1,validation
0,0.08898744134560727,0,validation
0,0.06754383124086286,0,validation
0,0.2524383492703958,0,validation
0,0.2000945684146021,0,validation
0,0.07904162724959742,0,validation
0,0.09261221558330683,0,validation
1,0.9999999999621154,1,validation
1,0.9999999999493876,1,validation
0,0.1113550583334625,0,validation
1,0.27880848973081906,0,validation
0,0.1712581376182782,0,validation
0,0.24796549304691679,0,validation
0,0.3020553140168664,0,validation
1,0.9999999999921887,1,validation
0,0.12897906040920248,0,validation
0,0.4300873968572828,0,validation
0,0.1756118037612683,0,validation
0,0.11824709686850135,0,validation
1,0.37172619586376615,0,validation
0,0.12031217670548582,0,validation
0,0.17515442320030675,0,validation
1,0.999999999942885,1,validation
0,0.04862682578668882,0,validation
0,0.22873004013103623,0,validation
0,0.13039736935203528,0,validation
0,0.054103288022213716,0,validation
0,0.450471890907961,0,validation
0,0.2018101748730462,0,validation
1,0.9999999999345865,1,validation
0,0.2518886042133848,0,validation
0,0.09987542343452238,0,validation
0,0.3103852885499176,0,validation
0,0.22691868525293019,0,validation
1,0.1246258003361976,0,validation
1,0.2486889221852314,0,validation
0,0.23979801466817388,0,validation
1,0.9999999999442808,1,validation
1,0.9999999999414084,1,validation
0,0.1725572017327433,0,validation
0,0.28359482461914326,0,validation
0,0.4611120848506586,0,validation
0,0.2277582512834995,0,validation
1,0.10994370176485428,0,validation
0,0.1271365900366659,0,validation
0,0.10965401511427574,0,validation
0,0.32599741452350683,0,validation
0,0.251502277629242,0,validation
0,0.14101905186126962,0,validation
1,0.30684734900576727,0,validation
0,0.17621927609246288,0,validation
0,0.22635801576314252,0,validation
1,0.9999999998288456,1,validation
0,0.30782129188332724,0,validation
1,0.9999999999537987,1,validation
0,0.23996792385277327,0,validation
0,0.13876275214637662,0,validation
1,0.9999999999896507,1,validation
0,0.09501257130914204,0,validation
0,0.6248681468320388,1,validation
0,0.18858146666592734,0,validation
0,0.4716695319729873,0,validation
1,0.9999999999416231,1,validation
0,0.49081330870751744,0,validation
0,0.21365348914449042,0,validation
1,0.9999999999232285,1,validation
0,0.050715668078810144,0,validation
0,0.12423801589960844,0,validation
1,0.08226678564759281,0,validation
0,0.07080323358454663,0,validation
1,0.43349566200177414,0,validation
0,0.21043020175939467,0,validation
0,0.21597389385881058,0,validation
1,0.9999999999589739,1,validation
1,0.9999999999589333,1,validation
0,0.08052839692883473,0,validation
0,0.2112490017521973,0,validation
0,0.23436063344575045,0,validation
0,0.07467759596280753,0,validation
1,0.5213926370273436,1,validation
1,0.999999999927287,1,validation
0,0.11995230017714277,0,validation
0,0.31203840039113406,0,validation
1,0.21601618952457355,0,validation
0,0.11063583183095778,0,validation
1,0.9999999999018143,1,validation
1,0.9999999999740503,1,validation
0,0.2600115208480047,0,validation
0,0.13140448125349827,0,validation
0,0.16688273233876147,0,validation
1,0.9999999999583238,1,validation
0,0.07941786376738731,0,validation
1,0.4982412211597654,0,validation
1,0.343982338213092,0,validation
0,0.1654213698021734,0,validation
0,0.04320553749340267,0,validation
0,0.2088234607073964,0,validation
1,0.45284779412028764,0,validation
0,0.14219311393950826,0,validation
1,0.32335202006062747,0,validation
0,0.27776894709867245,0,validation
0,0.2323074699953704,0,validation
0,0.2029989481889155,0,validation
0,0.10563318631939977,0,validation
0,0.08078584618712066,0,validation
0,0.33430457313162265,0,validation
1,0.2678340763776119,0,validation
0,0.14802553792312456,0,validation
0,0.14086150489320165,0,validation
1,0.3185776547084174,0,validation
0,0.09925876531212212,0,validation
0,0.08710524581122454,0,validation
1,0.36134581527474774,0,validation
0,0.04746002905270532,0,validation
0,0.27297935969419507,0,validation
0,0.30635163538895416,0,validation
1,0.9999999999404989,1,validation
0,0.17588373709412108,0,validation
1,0.19822845441518688,0,validation
0,0.04963491315207642,0,validation
1,0.39640344457281546,0,validation
0,0.22388924766692922,0,validation
0,0.10729075867543993,0,validation
0,0.11815534260423355,0,validation
0,0.32681505882404466,0,validation
1,0.3649024800935071,0,validation
0,0.1352727172488667,0,validation
0,0.21660253061466353,0,validation
0,0.08623023689302727,0,validation
0,0.08376806953803242,0,validation
1,0.9999999999489944,1,validation
0,0.2516001200189904,0,validation
1,0.9999999999035714,1,validation
0,0.12163793466386848,0,validation
1,0.9999999999699041,1,validation
0,0.13301819541589832,0,validation
0,0.13838189445336097,0,validation
1,0.31318427360055767,0,validation
0,0.6756404656991883,1,validation
0,0.10951283776106772,0,validation
1,0.999999999994168,1,validation
1,0.07905747499110165,0,validation
1,0.20876970304240242,0,validation
1,0.9999999999717495,1,validation
1,0.29075185882474447,0,validation
0,0.2519377749887355,0,validation
0,0.2849866960278381,0,validation
1,0.4111158595502546,0,validation
0,0.11157696427316566,0,validation
0,0.1448579923069612,0,validation
1,0.2989013123929323,0,validation
0,0.5735401280448451,1,validation
0,0.10493408807268223,0,validation
0,0.07115112324641777,0,validation
0,0.24469309335463652,0,validation
0,0.3701595566530103,0,validation
1,0.28403422307066617,0,validation
0,0.33002860285682156,0,validation
1,0.9999999999468332,1,validation
1,0.20373205596668703,0,validation
0,0.19967750974453669,0,validation
0,0.36111787334141615,0,validation
0,0.32693800320205,0,validation
0,0.18389895289843808,0,validation
0,0.23386054517579205,0,validation
0,0.10304585754952776,0,validation
0,0.13664805628584537,0,validation
0,0.16953683437113587,0,validation
0,0.1315643581153935,0,validation
0,0.05063441746565768,0,validation
0,0.17243239742649993,0,validation
1,0.2339530967890485,0,validation
0,0.0937716734148858,0,validation
1,0.9999999999967215,1,validation
0,0.10232002842860637,0,validation
1,0.9999999999369438,1,validation
1,0.9999999999370757,1,validation
0,0.19884475434905072,0,validation
0,0.13096615134802383,0,validation
1,0.34647122079443055,0,validation
1,0.5108257674482704,1,validation
0,0.1557489752487416,0,validation
0,0.24493834622637156,0,validation
0,0.2528770046410731,0,validation
0,0.4742226254937582,0,validation
1,0.5427188970978487,1,validation
0,0.0859600774465201,0,validation
1,0.35066670772398084,0,validation
1,0.999999999960602,1,validation
1,0.2684608303204762,0,validation
0,0.1865690079490063,0,validation
1,0.6183123130528311,1,validation
0,0.24752114950244403,0,validation
0,0.08968054188252149,0,validation
0,0.09068570237448335,0,validation
0,0.1951480549468218,0,validation
0,0.3401505203320674,0,validation
0,0.13945349086112788,0,validation
0,0.23608165628093197,0,validation
1,0.9999999999399778,1,validation
0,0.12867159385543459,0,validation
0,0.23219432410659996,0,validation
1,0.11476499938746242,0,validation
1,0.37622040153526687,0,validation
0,0.13158277508319308,0,validation
0,0.10543353843201189,0,validation
0,0.29680931091943163,0,validation
0,0.2881473610758768,0,validation
0,0.24018889949293426,0,validation
1,0.5404563844718637,1,validation
0,0.6167271114584701,1,validation
1,0.09762535418251311,0,validation
0,0.3578964540149492,0,validation
1,0.807625737805935,1,validation
0,0.10372379131341249,0,validation
1,0.41627152892583635,0,validation
1,0.9999999998775382,1,validation
0,0.15091464604665636,0,validation
1,0.9999999999458085,1,validation
1,0.9999999999665061,1,validation
0,0.2576891660437923,0,validation
0,0.21615394346219882,0,validation
0,0.22387661304796833,0,validation
0,0.15888770898312918,0,validation
0,0.08538660471029381,0,validation
0,0.11989404171015768,0,validation
1,0.3180153127691457,0,validation
0,0.15305755251871866,0,validation
0,0.12231597950340162,0,validation
0,0.174606124151029,0,validation
0,0.16380275796684762,0,validation
0,0.14490917620860289,0,validation
0,0.048051635777274754,0,validation
0,0.3061816011474659,0,validation
0,0.10819270910180023,0,validation
0,0.2775859816019898,0,validation
0,0.27830251385136057,0,validation
1,0.2682914946934766,0,validation
1,0.9999999999718516,1,validation
1,0.9999999998779296,1,validation
0,0.13739182570462333,0,validation
0,0.19063874388539123,0,validation
0,0.18459270003175124,0,validation
0,0.3851963173536122,0,validation
0,0.03642294770713489,0,validation
0,0.17685646294522245,0,validation
1,0.9999999999398455,1,validation
0,0.1346560458958113,0,validation
0,0.12621447518695006,0,validation
0,0.047002393579132926,0,validation
0,0.09534842801235523,0,validation
1,0.9999999999640206,1,validation
0,0.1588162838843756,0,validation
0,0.07224789145799729,0,validation
1,0.9999999999782485,1,validation
0,0.13581101552568028,0,validation
0,0.2932049578289343,0,validation
0,0.07922529459700225,0,validation
0,0.16441688672910282,0,validation
1,0.34112445146235354,0,validation
0,0.1698482341967711,0,validation
0,0.20109180505807794,0,validation
0,0.06542404033237084,0,validation
0,0.06811661167948048,0,validation
0,0.16540904204383838,0,validation
0,0.13352350168707713,0,validation
1,0.07683018271387658,0,validation
0,0.06923297672991663,0,validation
0,0.4547677511969037,0,validation
1,0.0694974502909065,0,validation
0,0.1996340347788531,0,validation
0,0.20618684891136008,0,validation
0,0.15023909420603554,0,validation
0,0.16737419930131334,0,validation
1,0.058400002037385094,0,validation
0,0.1053327945162501,0,validation
0,0.08844924757773125,0,validation
0,0.13967510194184016,0,validation
0,0.16645772922238627,0,validation
0,0.2281262250106333,0,validation
0,0.12664774407869347,0,validation
1,0.9999999999506188,1,validation
0,0.26921766778420153,0,validation
0,0.09061036357053813,0,validation
0,0.14151283598920458,0,validation
1,0.9999999999270788,1,validation
0,0.23800446884418475,0,validation
0,0.07543650721233912,0,validation
0,0.12974864233954717,0,validation
0,0.07066703441299536,0,validation
0,0.27452514118957766,0,validation
0,0.20713850538536313,0,validation
0,0.11028878868083951,0,validation
0,0.06303528011734107,0,validation
1,0.3000877894673019,0,validation
0,0.10074200669165971,0,validation
1,0.9999999999523757,1,validation
0,0.23126833639876962,0,validation
0,0.10259794361153012,0,validation
1,0.2886766907233657,0,validation
1,0.9999999999034943,1,validation
0,0.5832811016842463,1,validation
1,0.1147346197652791,0,validation
0,0.252660962648327,0,validation
0,0.20676115872348846,0,validation
0,0.15829677163432151,0,validation
0,0.12979127928363735,0,validation
0,0.08906584809761604,0,validation
0,0.052709975897588406,0,validation
1,0.6114692478834312,1,validation
0,0.18436151251701008,0,validation
0,0.11288481735169961,0,validation
0,0.26779475793934027,0,validation
0,0.24281432457782207,0,validation
0,0.2312287681167798,0,validation
0,0.13895824325951375,0,validation
0,0.13294866407288383,0,validation
0,0.1515770075650572,0,validation
0,0.1218508480599731,0,validation
0,0.1896724137191768,0,validation
1,0.35681127779246874,0,validation
0,0.32023081123828956,0,validation
0,0.07563693905478577,0,validation
1,0.9999999999818336,1,validation
0,0.2633949680499897,0,validation
0,0.10523761652091988,0,validation
1,0.9999999999195632,1,validation
1,0.999999999985892,1,validation
0,0.1852000529391033,0,validation
1,0.9999999997842874,1,validation
0,0.27173453374048223,0,validation
0,0.09171800218156831,0,validation
0,0.11932521573054054,0,validation
0,0.4211782927336028,0,validation
1,0.3061802582160744,0,validation
0,0.05733830348414661,0,validation
0,0.21656353059167127,0,validation
0,0.0521609774250713,0,validation
0,0.1424174441925405,0,validation
0,0.2930924791521772,0,validation
0,0.1860946201417447,0,validation
0,0.28754812391137285,0,validation
0,0.18653275717616957,0,validation
0,0.3307254804974194,0,validation
0,0.150202730065554,0,validation
0,0.26927577142732056,0,validation
0,0.1039130818247142,0,validation
0,0.16066849650195664,0,validation
0,0.09500483219090775,0,validation
0,0.1002877779857904,0,validation
0,0.2804402104898064,0,validation
1,0.23943999543629466,0,validation
0,0.21868899676210724,0,validation
0,0.4016831110283512,0,validation
0,0.15474690773292105,0,validation
1,0.1002657240049474,0,validation
0,0.23315242708100187,0,validation
1,0.23111622281802985,0,validation
0,0.06096120463167731,0,validation
0,0.16720595914173578,0,validation
0,0.09733835231851728,0,validation
1,0.9999999999787705,1,validation
0,0.08853826579226153,0,validation
0,0.12015872374651576,0,validation
0,0.07979161237440058,0,validation
0,0.08666293391659805,0,validation
1,0.1272082974916058,0,validation
1,0.16866706128252465,0,validation
0,0.09889267589604,0,validation
1,0.20399745076864842,0,validation
1,0.17488724688026083,0,validation
0,0.1591605268914601,0,validation
0,0.0656250129201759,0,validation
0,0.08408292604936762,0,validation
0,0.1368006522807885,0,validation
0,0.1211286797504531,0,validation
0,0.1285376098261772,0,validation
0,0.07476312835435824,0,validation
0,0.07458383707879147,0,validation
0,0.18142644420299314,0,validation
1,0.9999999999124012,1,validation
1,0.9999999999101943,1,validation
1,0.14574002039869657,0,validation
0,0.17441397095984223,0,validation
0,0.22719966135366587,0,validation
0,0.10450989459660519,0,validation
0,0.19594995677526528,0,validation
1,0.9999999998337752,1,validation
1,0.9999999999192535,1,validation
1,0.27517427434548913,0,validation
0,0.12845153384155922,0,validation
0,0.2529199354993245,0,validation
0,0.05909843807882628,0,validation
0,0.2853812584722949,0,validation
0,0.3441347339886783,0,validation
0,0.16594714501048674,0,validation
0,0.20778324551416436,0,validation
0,0.07174391429538758,0,validation
1,0.9999999998944098,1,validation
0,0.11713301886547837,0,validation
0,0.32840697457899654,0,validation
0,0.2943523997280896,0,validation
0,0.1324211844415601,0,validation
1,0.39573968605246523,0,validation
1,0.2995983933552724,0,validation
0,0.45437665751438217,0,validation
0,0.38290518004804586,0,validation
0,0.15231205620895308,0,validation
0,0.11661584150886115,0,validation
0,0.18021803380610335,0,validation
0,0.2924074338792598,0,validation
1,0.2630710628458309,0,validation
0,0.08132962719217712,0,validation
0,0.24748791007245868,0,validation
0,0.2623906980607821,0,validation
1,0.1201308700735435,0,validation
0,0.06148071614975144,0,validation
0,0.17054844891107473,0,validation
0,0.15532815270427,0,validation
0,0.258432391757463,0,validation
0,0.16877205568552944,0,validation
0,0.06099570431371677,0,validation
1,0.9999999999957079,1,validation
1,0.9999999999951701,1,validation
0,0.13058160923547157,0,validation
0,0.1723149495621563,0,validation
1,0.2663255087696289,0,validation
0,0.12184247914195713,0,validation
0,0.18986493410417912,0,validation
0,0.2843692991860954,0,validation
1,0.9999999999584628,1,validation
0,0.43904860281553376,0,validation
0,0.18834570485126076,0,validation
1,0.9999999999823528,1,validation
0,0.05350247490981668,0,validation
0,0.10887912466991995,0,validation
0,0.19972258005314034,0,validation
1,0.38395630534410674,0,validation
0,0.06577014122575392,0,validation
1,0.17105895594712264,0,validation
0,0.14586061200355416,0,validation
0,0.33002713116420057,0,validation
0,0.17407353925436594,0,validation
0,0.19545164714145785,0,validation
0,0.13873657865230504,0,validation
1,0.7570999098367858,1,validation
0,0.2422854071619645,0,validation
0,0.17714827954362353,0,validation
1,0.48492884893019583,0,validation
0,0.2990949611117583,0,validation
0,0.11685210847613826,0,validation
1,0.5432212039275731,1,validation
0,0.07652758083138099,0,validation
1,0.1637128488952015,0,validation
0,0.25067907342892237,0,validation
0,0.2343593001115182,0,validation
1,0.19289540430862995,0,validation
0,0.1350618028703856,0,validation
0,0.032579438004839784,0,validation
0,0.3065851914707498,0,validation
0,0.32937040828894887,0,validation
0,0.1595610469771385,0,validation
1,0.7338393960188205,1,validation
0,0.1923231342251938,0,validation
0,0.5586418982330423,1,validation
0,0.08086190874335417,0,validation
0,0.07394741460227541,0,validation
0,0.17975814543427057,0,validation
0,0.15302661672498882,0,validation
0,0.2308229167226183,0,validation
0,0.5707122330872146,1,validation
1,0.23561393298187905,0,validation
0,0.1649899498083251,0,validation
0,0.08068171979481749,0,validation
0,0.1836042900118648,0,validation
0,0.17296447391339953,0,validation
0,0.0572488815160618,0,validation
1,0.8382639049264545,1,validation
0,0.19313194449902205,0,validation
0,0.2726005576363676,0,validation
0,0.3253113678696877,0,validation
0,0.7045818705857267,1,validation
1,0.9999999999673512,1,validation
0,0.13834734335715698,0,validation
0,0.2257121628777036,0,validation
1,0.2852721594505756,0,validation
0,0.14020761889298453,0,validation
0,0.12787115547140782,0,validation
0,0.08646962399053536,0,validation
0,0.09905173994624612,0,validation
1,0.22328656016988105,0,validation
1,0.12606198817532163,0,validation
0,0.23105708355286256,0,validation
0,0.3230556304551814,0,validation
0,0.23072023614518805,0,validation
0,0.182604357640181,0,validation
0,0.21011166026009348,0,validation
0,0.1379114154109075,0,validation
0,0.10803898070190443,0,validation
0,0.237051286067369,0,validation
1,0.9999999999300768,1,validation
1,0.45239521604389094,0,validation
0,0.18887690547560282,0,validation
1,0.231480279270168,0,validation
0,0.20489232483568276,0,validation
0,0.11398127796094035,0,validation
0,0.14117462618567997,0,validation
0,0.1535767845518324,0,validation
0,0.06640705465309941,0,validation
0,0.198697735420356,0,validation
1,0.8105903643942554,1,validation
0,0.07955773808246788,0,validation
0,0.31758177880684896,0,validation
0,0.17249860330075306,0,validation
1,0.10875878420542676,0,validation
0,0.16792585760721282,0,validation
0,0.06549646450742484,0,validation
0,0.13608355471150743,0,validation
1,0.9999999999944822,1,validation
1,0.9999999999914289,1,validation
0,0.12994120253884242,0,validation
1,0.3862266692224829,0,validation
1,0.25667053919955174,0,validation
0,0.23790964692322777,0,validation
0,0.10266090115992217,0,validation
1,0.999999999962071,1,validation
1,0.29497529125469985,0,validation
0,0.06841356148003318,0,validation
0,0.21799404899011773,0,validation
0,0.3215158116398962,0,validation
0,0.07556255761604086,0,validation
0,0.1335771621879545,0,validation
1,0.8521954592070574,1,validation
0,0.16248201407076152,0,validation
0,0.14451393165147908,0,validation
1,0.999999999993489,1,validation
0,0.2761919916372121,0,validation
1,0.13064959662215153,0,validation
0,0.2609902905934717,0,validation
0,0.21442484464816589,0,validation
0,0.18833700907861098,0,validation
0,0.10957790190893267,0,validation
0,0.23076359536559787,0,validation
0,0.29270393604448947,0,validation
1,0.22110441984502133,0,validation
0,0.2837536963165064,0,validation
0,0.10672131214561481,0,validation
0,0.3259787120772676,0,validation
0,0.1453536111878099,0,validation
0,0.1176884609269513,0,validation
1,0.9999999999966547,1,validation
1,0.2050542534004381,0,validation
0,0.3367125901525135,0,validation
0,0.4181826097846301,0,validation
0,0.2712342911307184,0,validation
0,0.08838602050898293,0,validation
0,0.08275752888968742,0,validation
1,0.23453765073046298,0,validation
0,0.25630128663179585,0,validation
0,0.13169274350808668,0,validation
0,0.14958838774651725,0,validation
0,0.15373366071533465,0,validation
0,0.26828989893735206,0,validation
0,0.11869025828802346,0,validation
0,0.1399025690021549,0,validation
0,0.06730940664884777,0,validation
0,0.09987296217517479,0,validation
1,0.9999999999541904,1,validation
0,0.0883775310015512,0,validation
0,0.38491254367836897,0,validation
0,0.09090958719037286,0,validation
0,0.07635521807517634,0,validation
0,0.15917053091763006,0,validation
0,0.15049376805840212,0,validation
1,0.2541311014106207,0,validation
0,0.07745940880799376,0,validation
0,0.17924922062738258,0,validation
0,0.07011248305478844,0,validation
0,0.1502718315924325,0,validation
0,0.27107966488596524,0,validation
0,0.26145360887106905,0,validation
0,0.2388069907234398,0,validation
0,0.17356531414718993,0,validation
0,0.07739358814897507,0,validation
0,0.21573399930281326,0,validation
0,0.2491577109805819,0,validation
0,0.2332502992703082,0,validation
1,0.9999999999311431,1,validation
0,0.12358087336591148,0,validation
1,0.3847012613312367,0,validation
0,0.07125073866033299,0,validation
0,0.19163951447569633,0,validation
0,0.38261525721694517,0,validation
0,0.3418553006256852,0,validation
0,0.11590710816713942,0,validation
0,0.073385636918988,0,validation
0,0.12896590876055,0,validation
1,0.18571451956309934,0,validation
0,0.3092916803575565,0,validation
0,0.11046330165442023,0,validation
1,0.32668061275478033,0,validation
1,0.19112674811521718,0,validation
1,0.14068388497600723,0,validation
0,0.17580541632306265,0,validation
0,0.1057211882927199,0,validation
0,0.1755359210909868,0,validation
0,0.26795156921474417,0,validation
0,0.3559660518738625,0,validation
0,0.24574937470830813,0,validation
0,0.29083577933544713,0,validation
0,0.13602030096567544,0,validation
0,0.07065037134844296,0,validation
1,0.9999999999587412,1,validation
0,0.06632856162940208,0,validation
1,0.5169130711987411,1,validation
0,0.1596002771812613,0,validation
0,0.2679976034750127,0,validation
0,0.2197772320865631,0,validation
0,0.15864367588549882,0,validation
0,0.25617351906882446,0,validation
0,0.08184945317958843,0,validation
0,0.2541597877919934,0,validation
0,0.22322695496487702,0,validation
0,0.32410797363870386,0,validation
0,0.6374005398418916,1,validation
0,0.3012620437870577,0,validation
1,0.9999999999875986,1,validation
1,0.3814600119055525,0,validation
0,0.1005538369168546,0,validation
1,0.6282982370518408,1,validation
0,0.19599815698635997,0,validation
0,0.2513650300710553,0,validation
0,0.09992726762987811,0,validation
1,0.42229059656209017,0,validation
0,0.06690984268224555,0,validation
1,0.14802928857574404,0,validation
0,0.08343596519528713,0,validation
0,0.09089280480866208,0,validation
0,0.15196501545313484,0,validation
0,0.18053720031606407,0,validation
1,0.24490831528676346,0,validation
0,0.18175566444477062,0,validation
1,0.43440419390836854,0,validation
0,0.0368067979139119,0,validation
0,0.1329663944938146,0,validation
1,0.32240931468207473,0,validation
0,0.24570482345555597,0,validation
0,0.20995632576716675,0,validation
0,0.06602592926713191,0,validation
1,0.8557145803149071,1,validation
0,0.2000223084251045,0,validation
0,0.24900856322986736,0,validation
0,0.19774248414088302,0,validation
0,0.2116414801298675,0,validation
0,0.10798268374892048,0,validation
1,0.9999999999600033,1,validation
0,0.25416722788790863,0,validation
1,0.999999999892984,1,validation
1,0.2922989225400913,0,validation
0,0.10930719202538074,0,validation
1,0.23464915976009457,0,validation
0,0.06590846753634666,0,validation
0,0.3178855120083171,0,validation
0,0.22537783315076063,0,validation
0,0.1322586139594099,0,validation
1,0.3988584891525529,0,validation
1,0.320701907919565,0,validation
0,0.15149548370039853,0,validation
1,0.23424716598382475,0,validation
0,0.18704444212694404,0,validation
0,0.16896538351793972,0,validation
0,0.2317202680541407,0,validation
0,0.07827123802396041,0,validation
0,0.13079068413143827,0,validation
0,0.1936482451180483,0,validation
1,0.999999999960733,1,validation
1,0.9999999999865672,1,validation
0,0.15060796348115205,0,validation
0,0.47258457969429674,0,validation
0,0.07331489922001196,0,validation
1,0.2554584912533772,0,validation
0,0.2015505047359446,0,validation
0,0.287167183600032,0,validation
0,0.0930301299187809,0,validation
1,0.6701223874285878,1,validation
0,0.5175975708084735,1,validation
0,0.37729268523258475,0,validation
0,0.44063820904238327,0,validation
0,0.2866149802108014,0,validation
1,0.9999999999784601,1,validation
0,0.16223101089529002,0,validation
0,0.06703818242051285,0,validation
0,0.08256000895798354,0,validation
0,0.09633139574617305,0,validation
1,0.3533898761303186,0,validation
0,0.2205499518530083,0,validation
0,0.43937988662343286,0,validation
0,0.14034126313034925,0,validation
0,0.3163972367078394,0,validation
1,0.11841185382037098,0,validation
0,0.2633609817470576,0,validation
0,0.44269070838724,0,validation
0,0.19164555816660153,0,validation
1,0.1904640514426117,0,validation
1,0.15039282317951402,0,validation
0,0.23799197143241937,0,validation
0,0.07106400248169002,0,validation
0,0.15213442854255443,0,validation
0,0.14427004989648987,0,validation
0,0.191432164351107,0,validation
0,0.2335544584117665,0,validation
0,0.1917175810358685,0,validation
0,0.49198511915504956,0,validation
1,0.4314327322221762,0,validation
1,0.9999999998827231,1,validation
0,0.07759682348343352,0,validation
0,0.31009201910876905,0,validation
0,0.07024712068868635,0,validation
1,0.8070102837310296,1,validation
0,0.5749736443886123,1,validation
0,0.10340787041640061,0,validation
0,0.0693202193851154,0,validation
0,0.18183447018063872,0,validation
0,0.1735263854621827,0,validation
1,0.4181114321163521,0,validation
0,0.13471944400575667,0,validation
0,0.24833356015579885,0,validation
0,0.32447989329306404,0,validation
0,0.07021752759457854,0,validation
1,0.5296469350749962,1,validation
0,0.12136537581812476,0,validation
0,0.1165111166375945,0,validation
1,0.999999999948882,1,validation
0,0.2529990973483043,0,validation
1,0.20985890082128014,0,validation
1,0.18506891173738718,0,validation
0,0.13137403618084906,0,validation
0,0.13290406192987755,0,validation
0,0.12769803320134024,0,validation
0,0.2521674337561516,0,validation
0,0.06297467812907148,0,validation
1,0.3868293405088576,0,validation
0,0.19060914320202013,0,validation
1,0.9999999999410893,1,validation
0,0.29743393045455657,0,validation
0,0.25291007000113325,0,validation
0,0.26680334441320913,0,validation
0,0.15157758504006538,0,validation
0,0.09037719785994401,0,validation
1,0.15956368101162186,0,validation
0,0.45453270465950535,0,validation
0,0.2254327115409726,0,validation
0,0.5214030149463097,1,validation
0,0.07778684744378637,0,validation
0,0.18810934528388146,0,validation
0,0.1504843083840422,0,validation
0,0.19036913521432672,0,validation
0,0.1389448109094847,0,validation
1,0.5980320536039817,1,validation
1,0.1512809805116768,0,validation
1,0.13258367357254136,0,validation
0,0.13274846345926697,0,validation
0,0.13055840834202925,0,validation
0,0.07718605535088306,0,validation
1,0.9999999999527374,1,validation
0,0.28957176904076526,0,validation
0,0.12869498063081564,0,validation
0,0.12242296354409028,0,validation
0,0.22541881075388498,0,validation
0,0.18724063178510506,0,validation
0,0.17644787514301957,0,validation
0,0.388900966472275,0,validation
0,0.15008228134414342,0,validation
0,0.06767784125920896,0,validation
0,0.18108803130035472,0,validation
0,0.3631054974928822,0,validation
1,0.9999999999239813,1,validation
1,0.9999999999713913,1,validation
0,0.14770185049853576,0,validation
0,0.1942148199548803,0,validation
1,0.5406173131870353,1,validation
0,0.10326780360601344,0,validation
0,0.18987942824147808,0,validation
0,0.1204650950883416,0,validation
0,0.10808224727003272,0,validation
1,0.9999999999894909,1,validation
0,0.13706913030694054,0,validation
0,0.19863468903365608,0,validation
0,0.09542548805930946,0,validation
1,0.2486107619506081,0,validation
0,0.26186065704269407,0,validation
0,0.20493713296355645,0,validation
0,0.19958870683229213,0,validation
1,0.9999999999911515,1,validation
1,0.9999999998913718,1,validation
0,0.08031972780191482,0,validation
0,0.16732629532745794,0,validation
1,0.9999999998075735,1,validation
0,0.05689292754253837,0,validation
0,0.12086657910424096,0,validation
0,0.12474184901965504,0,validation
1,0.9999999999425553,1,validation
1,0.3529654673483958,0,validation
1,0.20921635235868688,0,validation
0,0.25823936190553315,0,validation
1,0.6722323670807263,1,validation
1,0.5133444079475066,1,validation
0,0.32327477181440484,0,validation
1,0.9999999999081781,1,validation
0,0.3380748679246006,0,validation
0,0.12872940688884082,0,validation
0,0.0992046868935393,0,validation
0,0.11483902949796615,0,validation
1,0.9999999999080698,1,validation
0,0.13554324997008058,0,validation
0,0.26789728822782244,0,validation
0,0.14172127839077817,0,validation
0,0.1253999472196157,0,validation
0,0.23727823273681325,0,validation
0,0.2536693296258041,0,validation
1,0.39775872084392655,0,validation
1,0.999999999945345,1,validation
0,0.2685311985806547,0,validation
0,0.6455619448263277,1,validation
0,0.09374762961491152,0,validation
0,0.15456023927417353,0,validation
1,0.9999999998703981,1,validation
0,0.15447120017027238,0,validation
1,0.9999999999774125,1,validation
0,0.24196237667908813,0,validation
0,0.3029510395160396,0,validation
1,0.9999999999108411,1,validation
0,0.0794027428058982,0,validation
0,0.18298934025584415,0,validation
0,0.2107729812138216,0,validation
0,0.12100804151448051,0,validation
1,0.7906743966926296,1,validation
0,0.28852101870271485,0,validation
0,0.15768826592657043,0,validation
0,0.12387283942238982,0,validation
0,0.31254120504549393,0,validation
0,0.0950062860567528,0,validation
0,0.6025548265079727,1,validation
0,0.3288353129536978,0,validation
0,0.16634587588977937,0,validation
0,0.16937984031667502,0,validation
0,0.424226291764283,0,validation
1,0.5293516041426977,1,validation
0,0.15396352838922855,0,validation
0,0.16246873988177338,0,validation
0,0.1349399039590343,0,validation
0,0.07012269294066273,0,validation
0,0.07296981094677608,0,validation
0,0.0995745074838417,0,validation
0,0.08963888407662418,0,validation
0,0.2792268437155975,0,validation
1,0.999999999920876,1,validation
1,0.7306546536011645,1,validation
1,0.6232699769398481,1,validation
0,0.15000153684302509,0,validation
0,0.06856665884389819,0,validation
0,0.4844549734255975,0,validation
0,0.11637395073500013,0,validation
0,0.09006096350139389,0,validation
0,0.16154031360318566,0,validation
0,0.14596030111485786,0,validation
1,0.9999999999550897,1,validation
0,0.07965743089066624,0,validation
0,0.11417953534684289,0,validation
0,0.21138421349110378,0,validation
0,0.16168455677754917,0,validation
0,0.21400357681801807,0,validation
0,0.08920937540654611,0,validation
1,0.17034933986088094,0,validation
1,0.999999999934942,1,validation
0,0.10973632004512937,0,validation
0,0.1883694796652799,0,validation
0,0.24473531869694717,0,validation
0,0.11531062149428109,0,validation
1,0.22833349272838604,0,validation
0,0.06332886026779724,0,validation
0,0.2209102975428158,0,validation
0,0.12370498667285589,0,validation
0,0.4847768077430605,0,validation
0,0.18892415420561295,0,validation
0,0.26244576977091183,0,validation
0,0.3613348596313192,0,validation
0,0.23531382837276899,0,validation
0,0.083275559214507,0,validation
0,0.1030564833337573,0,validation
0,0.11687952908846007,0,validation
0,0.14391833137466636,0,validation
0,0.07378891249080606,0,validation
0,0.05131936746669071,0,validation
0,0.27837569158404285,0,validation
1,0.9999999999719917,1,validation
0,0.19869088229351753,0,validation
0,0.11691102934759581,0,validation
0,0.0995321384239331,0,validation
0,0.6593446524950214,1,validation
0,0.13176818256817088,0,validation
0,0.13212410440724268,0,validation
0,0.3726287285708335,0,validation
0,0.14536184564555377,0,validation
0,0.2962191496139116,0,validation
0,0.15842147667227274,0,validation
0,0.1866261874187368,0,validation
0,0.46720353238951245,0,validation
0,0.12001597815705328,0,validation
1,0.47834573051049367,0,validation
0,0.17941773804388084,0,validation
0,0.2300053128313899,0,validation
0,0.11346156569154749,0,validation
1,0.22485757461435252,0,validation
1,0.9999999999787137,1,validation
0,0.1848761478608691,0,validation
0,0.11057427316021513,0,validation
0,0.0988220139370007,0,validation
0,0.22413982306315625,0,validation
1,0.9999999999765607,1,validation
0,0.30395167346153573,0,validation
1,0.6799187018096516,1,validation
0,0.21850254581401957,0,validation
0,0.22262161753826057,0,validation
0,0.1918987590174807,0,validation
1,0.28071000672597013,0,validation
0,0.24000394947648343,0,validation
0,0.06615455614434036,0,validation
0,0.06564645900050889,0,validation
1,0.18837985443186073,0,validation
0,0.1385969381006314,0,validation
0,0.182957850070443,0,validation
0,0.13065479129975022,0,validation
0,0.2229897236528314,0,validation
0,0.32965400321214045,0,validation
0,0.15575681091721308,0,validation
1,0.32755944309348,0,validation
0,0.10634386910108329,0,validation
0,0.18877033598434348,0,validation
1,0.9999999999622782,1,validation
0,0.2298644782692259,0,validation
0,0.07673099340676016,0,validation
1,0.9999999999556801,1,validation
0,0.0649408304956787,0,validation
0,0.11413667587892093,0,validation
1,0.28711046684940084,0,validation
0,0.557384878691342,1,validation
0,0.17439987841709748,0,validation
0,0.07434157440322064,0,validation
1,0.9999999998519251,1,validation
0,0.2641765051408726,0,validation
0,0.11664896296831777,0,validation
0,0.1362800525995335,0,validation
1,0.9999999999316462,1,validation
0,0.2091576459296641,0,validation
0,0.20766767552931203,0,validation
0,0.19341967090790327,0,validation
0,0.15555279977374206,0,validation
1,0.5631335308815223,1,validation
1,0.9999999999687987,1,validation
0,0.2540603196571403,0,validation
0,0.16301505272741007,0,validation
0,0.16882547621221008,0,validation
0,0.24601744646723436,0,validation
1,0.2661809407001811,0,validation
1,0.4973343258677005,0,validation
0,0.21049908266619707,0,validation
0,0.1569492158215125,0,validation
0,0.25636148415846793,0,validation
0,0.21094393868324768,0,validation
1,0.9999999999932168,1,validation
0,0.13685432295289146,0,validation
0,0.2241764691934906,0,validation
1,0.29587713878867733,0,validation
1,0.9999999999970444,1,validation
0,0.07643531223882304,0,validation
0,0.15477624699366152,0,validation
0,0.28013434265139214,0,validation
1,0.9999999999460571,1,validation
0,0.11651443849903637,0,validation
0,0.1312536214404966,0,validation
1,0.9999999999813138,1,validation
0,0.14056856985012994,0,validation
0,0.45378717050547585,0,validation
0,0.18656341459674286,0,validation
0,0.19855147817960253,0,validation
0,0.13117810379735043,0,validation
0,0.28709874911684025,0,validation
0,0.1340502442326598,0,validation
0,0.23674490994644004,0,validation
1,0.9999999999838083,1,validation
0,0.09002416511187744,0,validation
0,0.07159405057496204,0,validation
1,0.16327389383709556,0,validation
0,0.13940269430990282,0,validation
0,0.2860249495530509,0,validation
0,0.1576734614138364,0,validation
0,0.22515876226903786,0,validation
0,0.24533370102820984,0,validation
1,0.9999999999970528,1,validation
0,0.04124444457324112,0,validation
0,0.16146293531142417,0,validation
1,0.999999999938989,1,validation
0,0.3593662064460396,0,validation
1,0.31986386403814465,0,validation
0,0.181795088617373,0,validation
1,0.9999999999943163,1,validation
1,0.07916417502560584,0,validation
1,0.9999999999858691,1,validation
0,0.18406800639507173,0,validation
1,0.18043940059394792,0,validation
0,0.22181090444355636,0,validation
1,0.9999999999074591,1,validation
0,0.1557144518793494,0,validation
0,0.2170476829388911,0,validation
0,0.23752478656742082,0,validation
1,0.13593611953520787,0,validation
1,0.2430474325260005,0,validation
1,0.9999999999563489,1,validation
0,0.22227186506772847,0,validation
0,0.11146301714888227,0,validation
0,0.14577726945886943,0,validation
0,0.08060411815553224,0,validation
1,0.9999999998859506,1,validation
1,0.9999999998904292,1,validation
1,0.9999999999569045,1,validation
0,0.2330451074399696,0,validation
0,0.13324050162163248,0,validation
0,0.20146692930402957,0,validation
0,0.653900465439766,1,validation
0,0.14029092053559228,0,validation
0,0.14222130512603035,0,validation
1,0.13004096724116515,0,validation
1,0.6404851544121966,1,validation
0,0.09005966056649958,0,validation
0,0.07741287138326068,0,validation
0,0.22116213717063096,0,validation
0,0.3267340164093102,0,validation
0,0.3581152097613977,0,validation
0,0.19513781133615596,0,validation
0,0.10637971401032076,0,validation
0,0.14789802816167705,0,validation
1,0.1129684984852944,0,validation
0,0.36290742046082136,0,validation
0,0.25062975649614894,0,validation
0,0.2996288274885553,0,validation
1,0.38773440963077965,0,validation
0,0.05734700577635144,0,validation
0,0.6582398033018305,1,validation
0,0.14534124575649787,0,validation
0,0.06755914468052406,0,validation
1,0.9999999999445459,1,validation
0,0.7508075030846989,1,validation
0,0.2233237102964377,0,validation
0,0.2808442673569264,0,validation
0,0.09190025336050138,0,validation
0,0.09800662303623904,0,validation
0,0.1847914608860687,0,validation
0,0.07874421240806961,0,validation
0,0.12017074199666927,0,validation
0,0.24675763876412396,0,validation
0,0.07521040056117959,0,validation
0,0.06717493661214721,0,validation
0,0.3771008040101461,0,validation
0,0.13115429387194427,0,validation
1,0.9999999999370455,1,validation
0,0.17594095645161031,0,validation
1,0.9999999999920566,1,validation
0,0.41868668588885316,0,validation
0,0.15971567660313485,0,validation
0,0.14779841981535305,0,validation
1,0.9999999999586087,1,validation
1,0.9999999999684999,1,validation
0,0.5149381477123577,1,validation
0,0.16272167755051326,0,validation
0,0.23430403868600475,0,validation
0,0.09438942263468293,0,validation
0,0.32885844768915895,0,validation
1,0.25074764212673467,0,validation
1,0.4588096166692676,0,validation
0,0.25381111034997167,0,validation
1,0.9079423137901544,1,validation
0,0.3297425935206033,0,validation
0,0.15261311945085101,0,validation
0,0.2784774536786798,0,validation
0,0.5019915050065699,1,validation
0,0.0781636552541047,0,validation
0,0.27438730575251175,0,validation
0,0.33603244344646893,0,validation
0,0.15620888063706304,0,validation
0,0.23179214329518802,0,validation
1,0.9999999998846869,1,validation
1,0.41066276429374005,0,validation
0,0.21311724670747306,0,validation
1,0.9999999999783304,1,validation
0,0.04276278393233999,0,validation
1,0.9999999999832254,1,validation
1,0.19052552130983455,0,validation
1,0.2140315718759391,0,validation
0,0.12204515996760705,0,validation
1,0.7908995933275695,1,validation
0,0.26816120065255317,0,validation
1,0.999999999968463,1,validation
0,0.1484015401933641,0,validation
1,0.6773359436895601,1,validation
0,0.21196637698043264,0,validation
0,0.16326022178396807,0,validation
0,0.058236530857489595,0,validation
1,0.2948890009394503,0,validation
0,0.1974472210062419,0,validation
1,0.9999999999567071,1,validation
0,0.2586610032790657,0,validation
0,0.18648267426610132,0,validation
0,0.3887792081461638,0,validation
0,0.18953388390390596,0,validation
0,0.22167244273149134,0,validation
0,0.23325495282805678,0,validation
0,0.3131382422929165,0,validation
0,0.13183459937445413,0,validation
1,0.9999999999557234,1,validation
0,0.054882918456559134,0,validation
0,0.2656947651051989,0,validation
1,0.9999999999957847,1,validation
1,0.999999999893231,1,validation
0,0.21662452662332232,0,validation
0,0.09017561303284305,0,validation
0,0.20065181843864274,0,validation
0,0.3109066681351628,0,validation
0,0.0819259889511197,0,validation
0,0.10894570126534903,0,validation
0,0.10695597023960866,0,validation
0,0.1802128997501271,0,validation
0,0.07620270884627749,0,validation
1,0.36621827930254647,0,validation
1,0.9999999999620548,1,validation
0,0.06489447436575085,0,validation
0,0.21594063900449556,0,validation
0,0.19875415154855247,0,validation
0,0.28869187251700223,0,validation
0,0.26467274306356675,0,validation
0,0.17706745204453384,0,validation
1,0.9999999999965834,1,validation
0,0.11341106266488425,0,validation
0,0.16368076558352143,0,validation
0,0.09942947427942932,0,validation
0,0.2034235746565725,0,validation
0,0.07011157951558032,0,validation
0,0.16783867019861878,0,validation
0,0.1602633001660298,0,validation
0,0.5110946607531942,1,validation
0,0.08221599936595969,0,validation
0,0.47397846300078955,0,validation
1,0.5609127365249195,1,validation
0,0.2579477661900586,0,validation
0,0.3827952217756681,0,validation
0,0.07438896563513243,0,validation
0,0.14823838366752995,0,validation
1,0.23171067435284065,0,validation
0,0.1375576106311835,0,validation
0,0.20981901420906965,0,validation
0,0.25225471668028215,0,validation
0,0.3374287084406609,0,validation
0,0.40949377860875447,0,validation
0,0.6089098485797233,1,validation
0,0.09173122177081486,0,validation
0,0.2622978544777018,0,validation
0,0.12537510523994996,0,validation
0,0.16753544019866923,0,validation
0,0.19355669243547033,0,validation
1,0.9999999999515823,1,validation
1,0.9999999998377083,1,validation
1,0.5051330517390006,1,validation
0,0.26930443360830303,0,validation
1,0.9999999999022933,1,validation
1,0.25647152934502954,0,validation
0,0.23074845355470985,0,validation
1,0.9999999999284424,1,validation
1,0.23751696373568387,0,validation
0,0.23753847178690826,0,validation
0,0.036539439191914165,0,validation
0,0.06559620316516848,0,validation
0,0.17822605974737743,0,validation
1,0.1637944576805652,0,validation
0,0.07887988020942492,0,validation
0,0.10235675708746926,0,validation
0,0.09565773962192298,0,validation
0,0.29088471161651486,0,validation
1,0.44569063257838426,0,validation
0,0.15346321913158337,0,validation
0,0.06696629798853333,0,validation
0,0.2024990770223852,0,validation
0,0.03315192630660051,0,validation
0,0.22156654875477527,0,validation
0,0.09727573212500157,0,validation
1,0.9999999999764693,1,validation
0,0.2456198463806004,0,validation
0,0.2855408635920418,0,validation
1,0.9999999999427247,1,validation
1,0.1525539245691091,0,validation
0,0.0781790492369172,0,validation
0,0.15645720375996003,0,validation
0,0.05303216504030655,0,validation
1,0.9999999999111977,1,validation
1,0.07519213876932264,0,validation
0,0.11064082800813299,0,validation
0,0.2961449759143431,0,validation
1,0.5317185501266168,1,validation
0,0.062077216928280034,0,validation
1,0.9999999999459359,1,validation
1,0.9999999999885578,1,validation
0,0.2843949431133044,0,validation
0,0.36450403301585643,0,validation
1,0.09624060057723348,0,validation
0,0.1864336286507422,0,validation
0,0.1391260177500502,0,validation
0,0.16024541338409717,0,validation
0,0.15874501529141513,0,validation
0,0.08188022149181678,0,validation
0,0.6109000198731159,1,validation
0,0.3892120157799559,0,validation
1,0.9999999998794769,1,validation
0,0.07813483258622268,0,validation
1,0.1555343878294865,0,validation
0,0.1735140430859098,0,validation
0,0.3012036761090347,0,validation
0,0.42778263440192654,0,validation
1,0.999999999943163,1,validation
0,0.2657309817688356,0,validation
0,0.17723009172099294,0,validation
1,0.999999999989283,1,validation
0,0.5661274632059516,1,validation
0,0.29631771667007967,0,validation
0,0.0834966953664573,0,validation
0,0.052516231733554006,0,validation
0,0.08289589199073988,0,validation
0,0.21824131021909784,0,validation
0,0.08045953942692635,0,validation
0,0.1794132813195431,0,validation
0,0.10031510161480889,0,validation
0,0.23597547918443496,0,validation
1,0.22921131331968808,0,validation
0,0.22316843121614174,0,validation
0,0.20803853420941815,0,validation
0,0.060317142100672794,0,validation
1,0.9999999999291938,1,validation
0,0.07829784095743304,0,validation
0,0.3837410837932144,0,validation
0,0.1211823488859534,0,validation
0,0.2190015681284952,0,validation
1,0.9999999999119284,1,validation
0,0.17325278019413246,0,validation
0,0.46180557830708735,0,validation
0,0.12415737230871321,0,validation
0,0.43203129391600004,0,validation
0,0.29537581260799406,0,validation
1,0.9999999998361164,1,validation
0,0.36155444704280526,0,validation
0,0.042914760108222066,0,validation
0,0.04645947307128279,0,validation
0,0.1499876542669398,0,validation
1,0.999999999939376,1,validation
0,0.21734012351588644,0,validation
0,0.21962267138384212,0,validation
0,0.32150365970872097,0,validation
0,0.322947470229201,0,validation
0,0.7689542668061851,1,validation
0,0.21265499140430458,0,validation
0,0.11420024398645216,0,validation
0,0.10432083223248778,0,validation
0,0.3289123290095899,0,validation
0,0.16674442744276874,0,validation
1,0.9999999999851057,1,validation
0,0.3493954363583821,0,validation
0,0.12742179831298414,0,validation
0,0.07835786990866657,0,validation
0,0.18103942617673155,0,validation
1,0.10259593510415793,0,validation
0,0.3175468243437892,0,validation
1,0.999999999939742,1,validation
0,0.14917716806451134,0,validation
0,0.4835538446943847,0,validation
0,0.059217477200865766,0,validation
0,0.27933916837587947,0,validation
1,0.29324082817127595,0,validation
0,0.21784100596142428,0,validation
0,0.35120605636972146,0,validation
0,0.2846368079194882,0,validation
0,0.768378659133533,1,validation
1,0.3893079299157347,0,validation
0,0.1816397267924384,0,validation
0,0.15140100499780285,0,validation
0,0.12173128053736725,0,validation
0,0.08348512327811143,0,validation
0,0.06414507989588679,0,validation
0,0.07856948385391488,0,validation
0,0.247341325306144,0,validation
0,0.24492164681930986,0,validation
0,0.3198668817704118,0,validation
0,0.1223207520960636,0,validation
0,0.2929163651298044,0,validation
0,0.19998955187410464,0,validation
0,0.16293887070432406,0,validation
1,0.6442129758985328,1,validation
0,0.14929161665046675,0,validation
1,0.36646734292717903,0,validation
0,0.08260221772361785,0,validation
0,0.2959919433238618,0,validation
0,0.23345474583252876,0,validation
1,0.868241192081962,1,validation
0,0.10724253396372327,0,validation
0,0.23046926800333586,0,validation
0,0.09470642734532518,0,validation
0,0.14553956959124004,0,validation
0,0.3114039249287434,0,validation
0,0.1292948457856932,0,validation
0,0.30205126856115116,0,validation
0,0.1470325547909786,0,validation
0,0.11969562568671574,0,validation
1,0.9999999998973492,1,validation
0,0.22701485913301453,0,validation
1,0.08064984121146525,0,validation
0,0.08547720709368735,0,validation
0,0.17037804624196184,0,validation
0,0.20878968216136853,0,validation
0,0.23013570731049335,0,validation
0,0.3848757851090124,0,validation
0,0.1640074377939014,0,validation
0,0.13318814150998096,0,validation
1,0.9999999999122628,1,validation
0,0.12346745044713177,0,validation
0,0.056555798020565,0,validation
1,0.9999999999714915,1,validation
0,0.25220822131563275,0,validation
0,0.13884913595857118,0,validation
0,0.053854600316518356,0,validation
0,0.07567610807128215,0,validation
0,0.41638315451770846,0,validation
0,0.08277916198886948,0,validation
1,0.9999999997790325,1,validation
1,0.42784421423677554,0,validation
1,0.27464588042622984,0,validation
0,0.21415186111335158,0,validation
0,0.0834602766330004,0,validation
0,0.22283991414291676,0,validation
0,0.3127264632127238,0,validation
0,0.2470080197078899,0,validation
0,0.17551986635656935,0,validation
0,0.45835752314966755,0,validation
0,0.0790819540633661,0,validation
0,0.0735731190889709,0,validation
0,0.12746656318776992,0,validation
0,0.15437281236722655,0,validation
1,0.9999999998754099,1,validation
0,0.16427505890578728,0,validation
1,0.9999999999559761,1,validation
0,0.17803812110643388,0,validation
1,0.5314851922284749,1,validation
0,0.09106191712660541,0,validation
0,0.11538949124363884,0,validation
0,0.22749685605231124,0,validation
0,0.2542774052670182,0,validation
0,0.34826504289968674,0,validation
0,0.15929969545881095,0,validation
0,0.08054957731660355,0,validation
0,0.18524417591218648,0,validation
0,0.05815254778868432,0,validation
0,0.09955514950070016,0,validation
0,0.08288072126107404,0,validation
1,0.9999999999558191,1,validation
0,0.2487188716557634,0,validation
0,0.3984660202787073,0,validation
0,0.10962483101652837,0,validation
1,0.8773929729692492,1,validation
0,0.3136517629261133,0,validation
1,0.9999999999542519,1,validation
1,0.15590377777087508,0,validation
1,0.261171726458981,0,validation
1,0.9999999998375362,1,validation
1,0.4958470906380693,0,validation
0,0.09004572582119569,0,validation
0,0.12549107667882842,0,validation
0,0.1644159714886464,0,validation
0,0.12114211541991264,0,validation
0,0.107579123642926,0,validation
0,0.08496073930857619,0,validation
0,0.17222159971470172,0,validation
0,0.15744154799675159,0,validation
0,0.09239141857327524,0,validation
0,0.24959068133348283,0,validation
0,0.2821839181017072,0,validation
0,0.17539927374211411,0,validation
1,0.9999999999354252,1,validation
0,0.3234592875175787,0,validation
0,0.1886314895985748,0,validation
0,0.3039392052804177,0,validation
0,0.2940052628122466,0,validation
0,0.15359111488633212,0,validation
0,0.09445626046368877,0,validation
0,0.11858287679636598,0,validation
1,0.48922400637555136,0,validation
0,0.08561849868250083,0,validation
0,0.2768323627910035,0,validation
1,0.6285214493443622,1,validation
1,0.21501350854363332,0,validation
1,0.9999999999524736,1,validation
0,0.26187808076785235,0,validation
0,0.38343625781805024,0,validation
0,0.16546396263163682,0,validation
0,0.10484565066961604,0,validation
0,0.10756681602439501,0,validation
1,0.23504518395800514,0,validation
0,0.05007518437802768,0,validation
0,0.10255313528402968,0,validation
0,0.06907522471689422,0,validation
1,0.6372458784438411,1,validation
0,0.23319134658874202,0,validation
0,0.14708053595366075,0,validation
0,0.1502768777962931,0,validation
1,0.8804133330677641,1,validation
1,0.9999999999676339,1,validation
1,0.20672464055831594,0,validation
0,0.2542220242772419,0,validation
0,0.20013348158904865,0,validation
0,0.4880572130484994,0,validation
0,0.1191485004454612,0,validation
0,0.4552163433120077,0,validation
1,0.12738394279914914,0,validation
1,0.2458918611907231,0,validation
0,0.28303203441533076,0,validation
1,0.7022251576930274,1,validation
0,0.19242391193871547,0,validation
0,0.21715921091033377,0,validation
1,0.4232011199442594,0,validation
0,0.09295356068467535,0,validation
1,0.999999999947788,1,validation
1,0.9999999999606066,1,validation
0,0.11623683882573876,0,validation
0,0.16239258710973264,0,validation
1,0.11005906347003605,0,validation
0,0.08004206462798592,0,validation
1,0.9999999999329354,1,validation
0,0.07896087997955004,0,validation
0,0.11891011796329883,0,validation
1,0.9999999998981919,1,validation
0,0.3194724405014302,0,validation
0,0.28109101293316907,0,validation
0,0.38658380723674024,0,validation
1,0.23431570055846118,0,validation
1,0.43139295101895186,0,validation
0,0.10816666178312434,0,validation
0,0.10793276866244893,0,validation
0,0.045103949661937745,0,validation
0,0.08505565849152968,0,validation
0,0.08492541609144377,0,validation
0,0.14474218908124284,0,validation
0,0.16488120050616403,0,validation
0,0.2412090940190775,0,validation
0,0.10642287576296046,0,validation
1,0.2784938333252271,0,validation
0,0.23375702598632028,0,validation
0,0.14466282646448483,0,validation
0,0.2921937683017376,0,validation
1,0.5058315642058308,1,validation
0,0.2709389601548111,0,validation
0,0.3406949680026205,0,validation
0,0.05435039521869719,0,validation
0,0.10213457204062028,0,validation
0,0.11566070847153627,0,validation
1,0.9999999999923426,1,validation
0,0.1327623019995863,0,validation
1,0.41400643546410315,0,validation
0,0.1965069108885721,0,validation
0,0.27494052001011293,0,validation
0,0.11202899021083339,0,validation
0,0.19250254645301543,0,validation
0,0.14520096702584476,0,validation
0,0.38479589111440615,0,validation
0,0.3291512989865479,0,validation
0,0.31162589279249037,0,validation
1,0.184704518340554,0,validation
1,0.4341592718559545,0,validation
0,0.15074807387067216,0,validation
0,0.09948761321724366,0,validation
1,0.6213294638167393,1,validation
1,0.8247175655659027,1,validation
1,0.37559858232277127,0,validation
0,0.14348618575981265,0,validation
0,0.14420463342968906,0,validation
1,0.9999999999399176,1,validation
0,0.28338877249870975,0,validation
1,0.28027048531041243,0,validation
0,0.1338010348587138,0,validation
0,0.08035000583706249,0,validation
0,0.22018006041975255,0,validation
0,0.16041062158499483,0,validation
0,0.11061364971981281,0,validation
1,0.2703938586813563,0,validation
1,0.06424967923652225,0,validation
0,0.17867569903400957,0,validation
0,0.1818315664794359,0,validation
0,0.1918673193853407,0,validation
0,0.1531820426782754,0,validation
0,0.34402741109825447,0,validation
1,0.9999999999454747,1,validation
0,0.18419269008522174,0,validation
0,0.11542926135890592,0,validation
0,0.3361136417084809,0,validation
1,0.2915569095299277,0,validation
0,0.13288968594582226,0,validation
0,0.12164590861030732,0,validation
0,0.13031224003591027,0,validation
0,0.136308609525799,0,validation
0,0.16539800231025786,0,validation
0,0.13468791032477798,0,validation
1,0.9999999998727351,1,validation
0,0.1591458840700169,0,validation
0,0.28229586371608484,0,validation
0,0.26113023912055483,0,validation
0,0.30553447373377507,0,validation
1,0.8725237609591473,1,validation
0,0.1888735641711419,0,validation
0,0.2092620802765422,0,validation
0,0.2655481151561305,0,validation
1,0.4509299011288978,0,validation
0,0.11061671911079968,0,validation
0,0.20371335628130657,0,validation
0,0.11223829426239434,0,validation
0,0.17081179568811586,0,validation
0,0.3258546876333636,0,validation
0,0.17993603062841204,0,validation
0,0.09037953161663191,0,validation
1,0.39995473852225344,0,validation
0,0.2839209975574842,0,validation
0,0.19274188120828176,0,validation
1,0.999999999947405,1,validation
0,0.16968205445323714,0,validation
1,0.3805209492839909,0,validation
0,0.47766781395420227,0,validation
1,0.3303687861153869,0,validation
0,0.3447371778015495,0,validation
0,0.13742826593468271,0,validation
0,0.09720398419770787,0,validation
0,0.16835364180673498,0,validation
0,0.08247261745556078,0,validation
0,0.4050683820551312,0,validation
0,0.2505026173250335,0,validation
0,0.1606793670568535,0,validation
1,0.5958111836652706,1,validation
1,0.999999999995514,1,validation
0,0.12781412223523156,0,validation
1,0.34557338687031885,0,validation
0,0.15330436392009014,0,validation
0,0.3998043303267764,0,validation
0,0.15718364139505114,0,validation
0,0.06470138335797591,0,validation
1,0.08274678439947132,0,validation
0,0.1674450530989475,0,validation
0,0.24566421443944342,0,validation
0,0.052027107417091975,0,validation
1,0.45651465151176424,0,validation
0,0.07065628023533398,0,validation
0,0.08430915690404837,0,validation
1,0.41530001858152854,0,validation
1,0.16949915228924042,0,validation
0,0.12458108454517411,0,validation
1,0.15754116247241148,0,validation
0,0.29937047595340566,0,validation
1,0.9999999999569837,1,validation
1,0.9999999999399656,1,validation
1,0.16491014793593264,0,validation
0,0.12938457346488352,0,validation
0,0.08389854546688771,0,validation
0,0.1154788717743464,0,validation
1,0.173720175102925,0,validation
0,0.16814700944118044,0,validation
0,0.13513385550653284,0,validation
0,0.09333903805303173,0,validation
0,0.25020550221648247,0,validation
1,0.9999999999962041,1,validation
1,0.3650217352569889,0,validation
0,0.105659491263526,0,validation
0,0.3520422149637815,0,validation
1,0.7957062294833954,1,validation
0,0.15495709387183415,0,validation
0,0.31332190421200834,0,validation
1,0.18814596058145394,0,validation
0,0.2490393898500385,0,validation
1,0.99999999987528,1,validation
0,0.1260341420277706,0,validation
0,0.3966948697259044,0,validation
0,0.19123063555645686,0,validation
0,0.04505358291233343,0,validation
1,0.5916495499776406,1,validation
0,0.10324986974324714,0,validation
1,0.09572384358602351,0,validation
0,0.17172292757388632,0,validation
1,0.999999999959363,1,validation
1,0.33217348406362845,0,validation
0,0.45665527365858805,0,validation
1,0.4457132636785593,0,validation
1,0.3333539078514037,0,validation
0,0.07976503216703613,0,validation
1,0.9999999998573919,1,validation
1,0.30074173398452336,0,validation
0,0.4442177303689934,0,validation
0,0.1955334261188412,0,validation
0,0.47609929722878613,0,validation
0,0.3553627395207438,0,validation
1,0.9999999999532718,1,validation
0,0.2863851157431045,0,validation
0,0.2476277773326822,0,validation
1,0.27262643799292496,0,validation
0,0.5238491008222952,1,validation
0,0.11446902955789616,0,validation
0,0.18648809181155276,0,validation
1,0.9999999999736786,1,validation
0,0.20303659913298105,0,validation
0,0.2915096590164998,0,validation
0,0.13543493449778216,0,validation
1,0.594411517543983,1,validation
0,0.162129580294889,0,validation
0,0.5708922581893127,1,validation
0,0.09252996165360967,0,validation
0,0.1691363326325237,0,validation
0,0.38863217320736565,0,validation
1,0.3173470301318944,0,validation
0,0.691195303585241,1,validation
0,0.19927175322219376,0,validation
0,0.13162183135751965,0,validation
0,0.3760936171135102,0,validation
0,0.14626823683442183,0,validation
1,0.21238810478876866,0,validation
1,0.2394228768597817,0,validation
0,0.07450659128508519,0,validation
0,0.15821354144709854,0,validation
0,0.42121743283767016,0,validation
0,0.08530207333678919,0,validation
0,0.05538934635621328,0,validation
0,0.13327111613347378,0,validation
0,0.2029078743027056,0,validation
1,0.17726121118911342,0,validation
0,0.13506672561486965,0,validation
1,0.3390430292565651,0,validation
0,0.20558359534602175,0,validation
0,0.23742630930756833,0,validation
0,0.06338904563573594,0,validation
0,0.17317649028413956,0,validation
1,0.9999999999235483,1,validation
0,0.12192991489160714,0,validation
0,0.23908865564126952,0,validation
0,0.11293862321621628,0,validation
1,0.9999999999379516,1,validation
0,0.23770383468700018,0,validation
0,0.14687123789103543,0,validation
1,0.1366981761001123,0,validation
1,0.9999999999801015,1,validation
0,0.05026945698682071,0,validation
0,0.1574469104877191,0,validation
0,0.19600508182482126,0,validation
0,0.42012344232052523,0,validation
1,0.9999999998561211,1,validation
0,0.22752770006297351,0,validation
1,0.20847119535928715,0,validation
0,0.06835319168869532,0,validation
0,0.19535066749569485,0,validation
0,0.049529185990061696,0,validation
0,0.11490809106489974,0,validation
0,0.5058529465123495,1,validation
0,0.11021566838764413,0,validation
1,0.25945620418428245,0,validation
0,0.2586166558210747,0,validation
0,0.25463773080243807,0,validation
1,0.1117453842191002,0,validation
1,0.23658757540870162,0,validation
0,0.18477836926848634,0,validation
0,0.3501015953925315,0,validation
0,0.1742026705533037,0,validation
0,0.15973776324983036,0,validation
0,0.14186403690302404,0,validation
0,0.1659988749432441,0,validation
1,0.08325333148975944,0,validation
0,0.11573486051276403,0,validation
0,0.11008319837032848,0,validation
0,0.3056354238435539,0,validation
0,0.2265063464656793,0,validation
0,0.1848910350790557,0,validation
1,0.3544147367254372,0,validation
0,0.3250980215927816,0,validation
0,0.3645641444287763,0,validation
0,0.10476689401735369,0,validation
1,0.2212579382888445,0,validation
0,0.18595148551533172,0,validation
0,0.16015329361157923,0,validation
0,0.07941236452420937,0,validation
0,0.26358438773704884,0,validation
0,0.13901855587521908,0,validation
0,0.06235169443419729,0,validation
0,0.16742177003947842,0,validation
1,0.5633496663446039,1,validation
0,0.2967940570948836,0,validation
1,0.18501912374355023,0,validation
0,0.2766057492579418,0,validation
0,0.1910322899381922,0,validation
0,0.19176079688943914,0,validation
1,0.6642375964275826,1,validation
0,0.19486218592981494,0,validation
0,0.1379462418171654,0,validation
0,0.4109019396670967,0,validation
0,0.11561166016581291,0,validation
0,0.20917096815393338,0,validation
0,0.28713890712338686,0,validation
0,0.12897795891254094,0,validation
0,0.5009533251509122,1,validation
1,0.9999999999661728,1,validation
0,0.11710162858852266,0,validation
0,0.19607349452187012,0,validation
0,0.29875177501279215,0,validation
0,0.3267892153326271,0,validation
0,0.37569972345520203,0,validation
0,0.21073801513141982,0,validation
0,0.15978096782107734,0,validation
0,0.2378530690548394,0,validation
0,0.1580496579640819,0,validation
0,0.12571235638076927,0,validation
1,0.4535237523392589,0,validation
1,0.7208787213389265,1,validation
0,0.08098747308768454,0,validation
1,0.3963091109727063,0,validation
0,0.2064328497419581,0,validation
1,0.32089836211999556,0,validation
0,0.08760204727349764,0,validation
0,0.2078784044004022,0,validation
0,0.19343035728128893,0,validation
0,0.09575798108668643,0,validation
0,0.25622766653208,0,validation
0,0.1341303930760859,0,validation
1,0.9999999999627265,1,validation
0,0.4120408336076801,0,validation
0,0.37406939060728545,0,validation
0,0.1159065724002622,0,validation
0,0.15186999714632987,0,validation
0,0.22675453451301864,0,validation
1,0.9999999999772271,1,validation
0,0.19155188166844953,0,validation
0,0.13279676093696846,0,validation
0,0.16733894832240045,0,validation
0,0.3263067904534712,0,validation
0,0.24505606508186545,0,validation
0,0.26310761008400213,0,validation
0,0.4644176591488828,0,validation
0,0.16144310406520532,0,validation
0,0.12348438710625502,0,validation
0,0.2878943087949834,0,validation
0,0.2196507411145229,0,validation
0,0.07758459401832839,0,validation
0,0.27074792709056567,0,validation
0,0.20551002277443015,0,validation
0,0.162138092274309,0,validation
1,0.32417578363218763,0,validation
0,0.08146733647922874,0,validation
1,0.7067606262990421,1,validation
0,0.20818866576370765,0,validation
0,0.17340727165946243,0,validation
0,0.22410425045760796,0,validation
1,0.9999999999423919,1,validation
0,0.0985412297259605,0,validation
1,0.9999999999958611,1,validation
0,0.1812378588488122,0,validation
1,0.22759155715716795,0,validation
1,0.42368418115493856,0,validation
0,0.5544861685907303,1,validation
0,0.5979708185401981,1,validation
0,0.25065781727597813,0,validation
0,0.23905982713194027,0,validation
0,0.17641211054567718,0,validation
0,0.14288082688095868,0,validation
0,0.16188521627528246,0,validation
0,0.16121862751782698,0,validation
0,0.23303384107173877,0,validation
0,0.22631853560128284,0,validation
0,0.3949686990110131,0,validation
0,0.14426344125347998,0,validation
1,0.9999999999578868,1,validation
0,0.24291603951753468,0,validation
1,0.9999999999713227,1,validation
0,0.24595723077974432,0,validation
0,0.07762670743456106,0,validation
0,0.19475188290049827,0,validation
0,0.3183991570152889,0,validation
0,0.12421962117673067,0,validation
0,0.10931047555979824,0,validation
0,0.1590368113418085,0,validation
1,0.31200851296565957,0,validation
0,0.13841113905683075,0,validation
0,0.1295494442258009,0,validation
1,0.6133553625278156,1,validation
0,0.20245112083807898,0,validation
1,0.13550265979408163,0,validation
1,0.5947520881725156,1,validation
0,0.24484104453109376,0,validation
0,0.13687542596322186,0,validation
1,0.9999999999909601,1,validation
0,0.03474198636239425,0,validation
0,0.18272891801928667,0,validation
0,0.1683844101737711,0,validation
0,0.08353735256597479,0,validation
0,0.10922716392452556,0,validation
0,0.11961978694185525,0,validation
0,0.47300887718043205,0,validation
1,0.07817026157629456,0,validation
0,0.0941841687261748,0,validation
1,0.999999999986046,1,validation
0,0.10880387867605254,0,validation
0,0.2612501829831922,0,validation
0,0.11302788822737313,0,validation
0,0.17782520214710001,0,validation
0,0.23541923368583104,0,validation
0,0.25308868086210645,0,validation
0,0.05272196744793773,0,validation
0,0.09523862584184405,0,validation
0,0.11881816036606242,0,validation
0,0.14828128526587428,0,validation
0,0.11933075204293579,0,validation
1,0.9999999999628022,1,validation
1,0.9999999999445741,1,validation
0,0.11872479205336094,0,validation
0,0.38794937034869215,0,validation
1,0.27228718372417515,0,validation
1,0.21225792682229072,0,validation
0,0.45043289067756753,0,validation
0,0.19427878838685014,0,validation
0,0.10334129275541061,0,validation
0,0.215517463226352,0,validation
0,0.10953135787524593,0,validation
1,0.08030377821850801,0,validation
0,0.3644727661963895,0,validation
1,0.6983771819753453,1,validation
0,0.14161517545863583,0,validation
0,0.21205165717006885,0,validation
0,0.05291734612424787,0,validation
0,0.0898349790686054,0,validation
0,0.1282450483054265,0,validation
0,0.2194186795351877,0,validation
1,0.22020508453163357,0,validation
0,0.2318815519055918,0,validation
0,0.1841080128406658,0,validation
0,0.2308518528074752,0,validation
0,0.22121984936697917,0,validation
0,0.055545080565225245,0,validation
1,0.40470680741353277,0,validation
1,0.4283422576710004,0,validation
0,0.18024634018061397,0,validation
0,0.09034536784894433,0,validation
0,0.16166183026623424,0,validation
1,0.2397818367058387,0,validation
0,0.13947503140169387,0,validation
1,0.9999999999952276,1,validation
0,0.5964858334785814,1,validation
1,0.41550086206772124,0,validation
0,0.550679398024744,1,validation
0,0.10898763336000837,0,validation
0,0.32879002906161386,0,validation
1,0.9999999999810283,1,validation
1,0.9999999998976508,1,validation
0,0.28284156653860515,0,validation
0,0.2942537703535085,0,validation
0,0.278832855826006,0,validation
0,0.3373514735231534,0,validation
1,0.9999999999582696,1,validation
0,0.1503664565250684,0,validation
0,0.2915188387684985,0,validation
1,0.44537785568819055,0,validation
1,0.18344726209503595,0,validation
0,0.1259716515206333,0,validation
0,0.4405199263463291,0,validation
0,0.5746824911263098,1,validation
0,0.0803764281670359,0,validation
0,0.1445953709954692,0,validation
0,0.052486676974189045,0,validation
0,0.058434809171568104,0,validation
0,0.25770827023282383,0,validation
0,0.29685979784494715,0,validation
1,0.16155238115936355,0,validation
0,0.45389250125215613,0,validation
0,0.16070516889123052,0,validation
0,0.06063584567887843,0,validation
1,0.9999999999499025,1,validation
0,0.17795179232236188,0,validation
1,0.9999999999690792,1,validation
0,0.2186658714995066,0,validation
0,0.21691346620884197,0,validation
0,0.20918773102491062,0,validation
0,0.26236104312627706,0,validation
0,0.18969656298969773,0,validation
0,0.08034772005081738,0,validation
0,0.05624421735537889,0,validation
0,0.23467201655969255,0,validation
0,0.25682129978328866,0,validation
1,0.24397555328048212,0,validation
0,0.1583608324226196,0,validation
0,0.3176309743798627,0,validation
0,0.4281393909040639,0,validation
0,0.1284613935225439,0,validation
1,0.07456223338229383,0,validation
0,0.11890276834275838,0,validation
1,0.9999999999972262,1,validation
0,0.22607252410489379,0,validation
0,0.3947249630992844,0,validation
1,0.9999999998556324,1,validation
0,0.18061165234606413,0,validation
1,0.9999999999906313,1,validation
0,0.1677636993451917,0,validation
0,0.3255538499960884,0,validation
1,0.20823667697653606,0,validation
0,0.20698246499916778,0,validation
0,0.10718290994057168,0,validation
0,0.25606819483948684,0,validation
0,0.2160567263472947,0,validation
0,0.1172945825976702,0,validation
1,0.9999999999165152,1,validation
0,0.19191935594315312,0,validation
0,0.12003547556444835,0,validation
0,0.0832772894667534,0,validation
0,0.12926274877216815,0,validation
0,0.29547504578098177,0,validation
0,0.12023254692531776,0,validation
0,0.0934804837157934,0,validation
0,0.1691315089833533,0,validation
0,0.10035062029575204,0,validation
1,0.24711099671499798,0,validation
0,0.14540171433566826,0,validation
1,0.9999999999972247,1,validation
0,0.3329979215262189,0,validation
0,0.21503175511696088,0,validation
0,0.13019596983103546,0,validation
0,0.21637123846034229,0,validation
0,0.07065846670748999,0,validation
1,0.6505354455516724,1,validation
1,0.999999999881082,1,validation
0,0.253025900223715,0,validation
0,0.11156386887516125,0,validation
0,0.07696712734018413,0,validation
1,0.1435555107461605,0,validation
0,0.1757003566193829,0,validation
0,0.06676196150039419,0,validation
1,0.32880863390445475,0,validation
0,0.30394228794631967,0,validation
0,0.10122659749311773,0,validation
0,0.11494189007810156,0,validation
1,0.9999999999627271,1,validation
0,0.15001978684028727,0,validation
0,0.1662497965734079,0,validation
0,0.2397947082166466,0,validation
0,0.18985071768099496,0,validation
0,0.059060567130989984,0,validation
0,0.1974108702413786,0,validation
0,0.12008966802129138,0,validation
0,0.19139115749797558,0,validation
0,0.23447618579253524,0,validation
0,0.12526250402777395,0,validation
0,0.47439897677111265,0,validation
0,0.21072286285212644,0,validation
0,0.4716903645816827,0,validation
0,0.14989534883606928,0,validation
0,0.23931531424452773,0,validation
0,0.2157308979038125,0,validation
0,0.25440902526579917,0,validation
0,0.13581695432784022,0,validation
1,0.9999999999572362,1,validation
0,0.2786268934982573,0,validation
0,0.39314701150957965,0,validation
0,0.2696158826163266,0,validation
1,0.1918920373905592,0,validation
0,0.21208751104094092,0,validation
0,0.30701794370550856,0,validation
0,0.15176752772645594,0,validation
0,0.24706016469424033,0,validation
0,0.23020907531684842,0,validation
1,0.4874323015225383,0,validation
0,0.17431108522579253,0,validation
0,0.0982853760979043,0,validation
0,0.25375776005025785,0,validation
0,0.13990330806577314,0,validation
0,0.09597444425064149,0,validation
0,0.3979334838139558,0,validation
1,0.9999999999838458,1,validation
1,0.17584550180026673,0,validation
0,0.23019106390770105,0,validation
0,0.400165860891682,0,validation
0,0.10267331020033867,0,validation
0,0.137850304239388,0,validation
0,0.23742715246072807,0,validation
0,0.029326408513534265,0,validation
1,0.9999999999640274,1,validation
1,0.9999999999632057,1,validation
0,0.5644399511876468,1,validation
0,0.11293026780493358,0,validation
0,0.1678072969418775,0,validation
0,0.2059396318032145,0,validation
0,0.10524041471687,0,validation
0,0.2641289808529534,0,validation
0,0.15732309425912905,0,validation
1,0.9999999999591342,1,validation
0,0.17461524150169477,0,validation
0,0.15985131489740348,0,validation
0,0.2126473292548209,0,validation
0,0.22194872639254576,0,validation
1,0.9999999999532263,1,validation
0,0.2843890997293525,0,validation
0,0.50094606956124,1,validation
0,0.1003436185267819,0,validation
1,0.9999999999949634,1,validation
1,0.253958102877261,0,validation
0,0.09660690966692953,0,validation
0,0.185773660579526,0,validation
1,0.21422092572993917,0,validation
1,0.3604357032554893,0,validation
0,0.41075045851006375,0,validation
1,0.18756487540156322,0,validation
0,0.11921998042096453,0,validation
0,0.11863226323269571,0,validation
0,0.13745566570996354,0,validation
0,0.2682867591557119,0,validation
0,0.10015914731391728,0,validation
0,0.239453111137932,0,validation
0,0.08988137705159732,0,validation
1,0.20094339382916354,0,validation
0,0.22572254330981542,0,validation
0,0.26112608990173936,0,validation
1,0.9999999999423455,1,validation
0,0.11585685865533346,0,validation
0,0.13803029291898614,0,validation
0,0.06661891152783171,0,validation
0,0.13602960830199376,0,validation
0,0.26601521803568956,0,validation
0,0.24791217259015602,0,validation
0,0.09157766613643008,0,validation
0,0.12583122951778858,0,validation
0,0.21902107425477507,0,validation
0,0.3230894430772309,0,validation
0,0.12481687091582615,0,validation
0,0.060071474613935465,0,validation
0,0.20090093917431256,0,validation
0,0.11477577875042555,0,validation
0,0.10186120226364694,0,validation
0,0.08100063637954426,0,validation
1,0.9999999999671927,1,validation
0,0.22641049115784137,0,validation
0,0.11752118575790876,0,validation
0,0.6492499632561964,1,validation
0,0.15015650280584947,0,validation
0,0.26614393294708766,0,validation
0,0.21875491139854542,0,validation
0,0.10736163283218264,0,validation
0,0.03807216221420311,0,validation
1,0.08655618380881272,0,validation
0,0.04557725126195288,0,validation
0,0.10316132402218374,0,validation
0,0.0768560731935289,0,validation
1,0.29949153993162997,0,validation
0,0.2185776955514194,0,validation
0,0.08783857237571584,0,validation
1,0.9999999998519895,1,validation
1,0.3669236565408264,0,validation
0,0.22438581691859727,0,validation
0,0.08235187785150354,0,validation
0,0.07428679970657459,0,validation
0,0.21772516370314307,0,validation
0,0.19795722711302027,0,validation
0,0.08593339296577251,0,validation
0,0.15484590977310062,0,validation
0,0.11831031884592878,0,validation
1,0.9999999999499904,1,validation
0,0.0868855889341707,0,validation
0,0.36315194080277746,0,validation
0,0.13884116886180753,0,validation
0,0.25779273318052887,0,validation
0,0.42248706222656646,0,validation
1,0.9999999999881419,1,validation
1,0.9999999999590359,1,validation
0,0.09037804218368725,0,validation
0,0.0888842232895352,0,validation
0,0.057436415058737526,0,validation
0,0.4668509861480517,0,validation
1,0.6778126909095389,1,validation
0,0.23960260224676422,0,validation
0,0.1402328782958089,0,validation
0,0.17514930309694215,0,validation
0,0.5049163203675862,1,validation
1,0.9999999999852267,1,validation
1,0.23323831941130835,0,validation
0,0.17694023320862456,0,validation
0,0.10768905493457302,0,validation
0,0.1568771535356783,0,validation
1,0.3991656249747282,0,validation
0,0.09480189811538921,0,validation
0,0.15726937915314826,0,validation
0,0.2616923773441258,0,validation
0,0.20628878440939558,0,validation
0,0.4898485719310896,0,validation
0,0.2383200961112721,0,validation
0,0.5424049736616949,1,validation
0,0.23665878024640563,0,validation
0,0.03210383879689986,0,validation
0,0.055899376036658496,0,validation
0,0.09224004666309037,0,validation
0,0.33812529020292403,0,validation
0,0.18217120449137975,0,validation
0,0.15974044361716097,0,validation
1,0.2884359440191019,0,validation
0,0.16789897930663403,0,validation
1,0.9999999999529166,1,validation
1,0.2561721744827493,0,validation
0,0.22904546888549807,0,validation
0,0.12094523787502907,0,validation
0,0.3938311916276542,0,validation
0,0.06872130475606521,0,validation
0,0.26686488301016553,0,validation
0,0.22679911803867653,0,validation
0,0.3026743550587499,0,validation
1,0.32629307494146387,0,validation
0,0.19930054192567476,0,validation
0,0.08058848928852345,0,validation
0,0.17915595565840836,0,validation
0,0.1601404574046813,0,validation
0,0.29176776043273317,0,validation
0,0.20453853578793726,0,validation
0,0.14839886898622562,0,validation
1,0.15570354926499155,0,validation
1,0.9999999999977074,1,validation
0,0.4612239962334235,0,validation
1,0.9999999999523395,1,validation
0,0.3587508468401974,0,validation
1,0.9999999999823113,1,validation
0,0.34548920009556827,0,validation
0,0.048994170626424804,0,validation
0,0.10895629891718502,0,validation
0,0.16238413476143365,0,validation
0,0.36483065275902754,0,validation
1,0.868770359202796,1,validation
0,0.21108618624840408,0,validation
0,0.16161252825238573,0,validation
0,0.24301356489473303,0,validation
0,0.11642763754729489,0,validation
0,0.1162552024107655,0,validation
0,0.17912652687094283,0,validation
0,0.3622878392823078,0,validation
1,0.24370702250302217,0,validation
0,0.14406968891767236,0,validation
0,0.08252348970431832,0,validation
1,0.20098060064211326,0,validation
1,0.22671209598794184,0,validation
0,0.06412422537121829,0,validation
0,0.19248974478494946,0,validation
0,0.14424148234771897,0,validation
0,0.34892615746775385,0,validation
0,0.18946864915658804,0,validation
0,0.2514649729106959,0,validation
1,0.3497190355852311,0,validation
0,0.2802366811436256,0,validation
0,0.13833723788742638,0,validation
1,0.1849172020630788,0,validation
1,0.9999999999478084,1,validation
0,0.23667585228900667,0,validation
0,0.37020728248858553,0,validation
0,0.20104565144238448,0,validation
0,0.8333061919445258,1,validation
0,0.14843617985779206,0,validation
0,0.22543036724376866,0,validation
0,0.15030915780131998,0,validation
0,0.29797335650569295,0,validation
0,0.11329691580099782,0,validation
0,0.08162291752640463,0,validation
0,0.13489587045995738,0,validation
0,0.05740893441455648,0,validation
0,0.17394822128673895,0,validation
0,0.08113199033647632,0,validation
0,0.05622461329177989,0,validation
1,0.9999999999485185,1,validation
1,0.9999999999458986,1,validation
0,0.1614611565489339,0,validation
0,0.24696172789706408,0,validation
0,0.1149597177044997,0,validation
0,0.1078669407113067,0,validation
0,0.17131251492810218,0,validation
1,0.21078940524381465,0,validation
1,0.524814751079107,1,validation
1,0.20514020091162338,0,validation
0,0.15152576826134379,0,validation
1,0.24762862313616266,0,validation
0,0.07657455840540586,0,validation
1,0.0823936431555285,0,validation
0,0.4964286560538367,0,validation
0,0.1824733823977826,0,validation
0,0.2088278779696855,0,validation
0,0.24654895949627006,0,validation
1,0.9999999999961375,1,validation
0,0.05361156654221803,0,validation
0,0.09557243747568195,0,validation
0,0.2539836170420615,0,validation
0,0.46881178779610394,0,validation
0,0.12406467674690437,0,validation
1,0.5889554153552992,1,validation
0,0.26314173944306185,0,validation
0,0.14949340784096618,0,validation
0,0.04310584492872097,0,validation
0,0.11886100277909697,0,validation
0,0.15422460671329793,0,validation
1,0.9999999999967026,1,validation
0,0.09426729705098295,0,validation
0,0.07832231402929794,0,validation
1,0.9999999999117428,1,validation
1,0.9999999999966911,1,validation
1,0.14229514501822008,0,validation
0,0.08359549253048203,0,validation
0,0.18464816007451054,0,validation
0,0.42752827110295183,0,validation
1,0.9999999999419851,1,validation
1,0.9999999999788991,1,validation
1,0.168377200559358,0,validation
0,0.09335834259135342,0,validation
0,0.15875246534433837,0,validation
0,0.13034322452734534,0,validation
0,0.04961989504190482,0,validation
0,0.10579224537923834,0,validation
0,0.1371467539224429,0,validation
0,0.0433134333258824,0,validation
0,0.31529250869352177,0,validation
0,0.14384771628560483,0,validation
0,0.25763912554072177,0,validation
0,0.12087274616560856,0,validation
1,0.1095293551565431,0,validation
0,0.23761782171182372,0,validation
0,0.19684946345740076,0,validation
0,0.13709254416945296,0,validation
0,0.09109290411734144,0,validation
0,0.14890448505991632,0,validation
0,0.24327606413827724,0,validation
0,0.10691671317386436,0,validation
0,0.25002101782483055,0,validation
0,0.11643833362404082,0,validation
0,0.08347539423525323,0,validation
0,0.07256429315348366,0,validation
0,0.20930054311193025,0,validation
0,0.08951592127028149,0,validation
0,0.3590192213020814,0,validation
0,0.2238562207744201,0,validation
0,0.6646980341515091,1,validation
0,0.28066866141139896,0,validation
0,0.39100541940383216,0,validation
0,0.06409455274716215,0,validation
0,0.2523519706129186,0,validation
0,0.20664646634797681,0,validation
0,0.17969358664759857,0,validation
0,0.1371544689866694,0,validation
1,0.9999999999344598,1,validation
0,0.08908600331596776,0,validation
0,0.83402651542339,1,validation
1,0.9999999999425744,1,validation
1,0.999999999938795,1,validation
1,0.9999999999499676,1,validation
0,0.26218021509333417,0,validation
1,0.3174722059020275,0,validation
0,0.25353186439239,0,validation
1,0.10805562130941618,0,validation
0,0.28484699723138984,0,validation
0,0.17752994600972966,0,validation
0,0.2456578316162632,0,validation
0,0.1632325470315169,0,validation
1,0.9999999999639937,1,validation
0,0.16407888087390632,0,validation
1,0.9999999999431697,1,validation
0,0.14140307482267522,0,validation
1,0.999999999989251,1,validation
1,0.09810601348413284,0,validation
0,0.12934669177115224,0,validation
1,0.08597882532263461,0,validation
0,0.08913614233074742,0,validation
0,0.19057941999573536,0,validation
1,0.14013352225700743,0,validation
0,0.07625498672218653,0,validation
1,0.20333313798920274,0,validation
1,0.9999999999896396,1,validation
0,0.30777292964704983,0,validation
0,0.20662902838513628,0,validation
0,0.23620780370272615,0,validation
0,0.31046981040621874,0,validation
1,0.10353658049290945,0,validation
0,0.31797757570364876,0,validation
1,0.9999999999303655,1,validation
0,0.08744604336731664,0,validation
0,0.15066554058028012,0,validation
1,0.42456083758527285,0,validation
0,0.11419140318356048,0,validation
0,0.10075976149515614,0,validation
0,0.14475290608260924,0,validation
1,0.9999999999623115,1,validation
0,0.2219409670159732,0,validation
1,0.999999999983423,1,validation
0,0.2969534804406328,0,validation
0,0.2037611020649226,0,validation
0,0.2047999905985625,0,validation
0,0.31341676786203515,0,validation
0,0.3516619940572244,0,validation
0,0.1459691287737907,0,validation
0,0.32336653400198756,0,validation
0,0.08363957252235545,0,validation
0,0.27061615218719137,0,validation
1,0.9999999999637754,1,validation
0,0.1445242176967828,0,validation
1,0.9999999999535423,1,validation
0,0.13329632459611426,0,validation
0,0.09421400724123802,0,validation
0,0.15885008844227824,0,validation
0,0.32607760798119234,0,validation
0,0.23634849221418908,0,validation
1,0.999999999960034,1,validation
1,0.08275955538630074,0,validation
1,0.9999999997254743,1,validation
0,0.08151104943498488,0,validation
0,0.16475564881370053,0,validation
1,0.3622531538576221,0,validation
0,0.2440257705729034,0,validation
0,0.06019876392180192,0,validation
1,0.14322711138914407,0,validation
1,0.9999999999385267,1,validation
1,0.2740946455955362,0,validation
1,0.9999999999407103,1,validation
0,0.44632824705844726,0,validation
0,0.3090698069010437,0,validation
0,0.2784238043639148,0,validation
0,0.12491692480496834,0,validation
0,0.12113027080314283,0,validation
0,0.0852929196070613,0,validation
0,0.2561104863338826,0,validation
0,0.09518730529908397,0,validation
1,0.9999999999435201,1,validation
0,0.308175550673898,0,validation
0,0.09901441114272813,0,validation
1,0.2641867871520644,0,validation
1,0.9999999999939164,1,validation
1,0.2991623674246315,0,validation
0,0.23124734721451876,0,validation
0,0.19135358925993992,0,validation
0,0.2166980626124844,0,validation
0,0.2286819998498069,0,validation
0,0.25526085424998424,0,validation
0,0.3690837866147635,0,validation
1,0.9999999999874247,1,validation
1,0.44441235794950856,0,validation
0,0.4806340438248729,0,validation
1,0.42282762959883285,0,validation
0,0.07184186449249096,0,validation
1,0.8036003399904786,1,validation
1,0.9999999998434985,1,validation
0,0.15040076524381107,0,validation
1,0.9999999999671987,1,validation
0,0.09557587767505607,0,validation
1,0.8212857735902312,1,validation
0,0.0829941790012356,0,validation
0,0.05202149090220483,0,validation
0,0.29644695481893685,0,validation
1,0.9999999999797349,1,validation
1,0.10373104368733184,0,validation
1,0.3551380328209169,0,validation
1,0.701293037787213,1,validation
0,0.1495241160500309,0,validation
0,0.1019238793666334,0,validation
1,0.9999999998986076,1,validation
1,0.12805965145141618,0,validation
1,0.9999999999279925,1,validation
0,0.221936066684923,0,validation
0,0.052306128033477124,0,validation
0,0.18904762577131534,0,validation
0,0.26208684011572975,0,validation
0,0.1783567111540398,0,validation
0,0.43968486617008073,0,validation
0,0.36752640976730794,0,validation
0,0.20749254041540321,0,validation
0,0.06631582700754972,0,validation
0,0.27509849004198944,0,validation
0,0.21203429283576886,0,validation
0,0.168839571201619,0,validation
0,0.1047092287212877,0,validation
0,0.5792313640231792,1,validation
0,0.17182480973223901,0,validation
0,0.25481810980566266,0,validation
0,0.17083038352762492,0,validation
1,0.999999999954245,1,validation
1,0.9999999999623133,1,validation
0,0.20174799108226998,0,validation
0,0.20669717533945023,0,validation
0,0.13302026992951638,0,validation
0,0.19968225719195265,0,validation
0,0.12538896760564747,0,validation
1,0.999999999971551,1,validation
0,0.0888034909853523,0,validation
0,0.07126489724987949,0,validation
1,0.9999999999953957,1,validation
0,0.2893697415052641,0,validation
0,0.3546210707504543,0,validation
0,0.0747718126096833,0,validation
1,0.9999999999393783,1,validation
0,0.14141751644074405,0,validation
0,0.24894437455212595,0,validation
0,0.19169844930139787,0,validation
0,0.24028126644711167,0,validation
0,0.3101683832865964,0,validation
1,0.9999999999543308,1,validation
0,0.13064806348529603,0,validation
0,0.2860438442354087,0,validation
0,0.5363230678679648,1,validation
0,0.1045392169925408,0,validation
0,0.340720884365379,0,validation
0,0.07984591901825075,0,validation
0,0.1996584467292544,0,validation
0,0.22028930813441308,0,validation
0,0.19545856458451158,0,validation
1,0.9999999999937579,1,validation
0,0.1997884766352253,0,validation
1,0.25595895959031056,0,validation
1,0.1944478260392415,0,validation
1,0.9999999999544731,1,validation
0,0.14619147797281365,0,validation
0,0.1963633837180419,0,validation
0,0.1250649082444509,0,validation
0,0.25503207124762456,0,validation
0,0.13601958295461508,0,validation
0,0.11452102228855178,0,validation
1,0.18278585268813588,0,validation
1,0.9999999999093128,1,validation
0,0.3092829062396298,0,validation
0,0.06515351949608854,0,validation
1,0.9999999999659588,1,validation
0,0.23303603276691473,0,validation
0,0.09063370873272864,0,validation
0,0.33554142348480365,0,validation
0,0.14729393337463678,0,validation
0,0.17180532771327628,0,validation
0,0.20899126851224836,0,validation
0,0.48080422741398965,0,validation
0,0.29132613707080757,0,validation
0,0.32179699310093957,0,validation
1,0.26637595795513186,0,validation
1,0.9999999999746438,1,validation
0,0.05275100672956392,0,validation
0,0.11595762074922245,0,validation
0,0.0939297143581537,0,validation
0,0.12703636871216567,0,validation
0,0.13658773360094167,0,validation
0,0.39147199062208843,0,validation
1,0.9999999999406086,1,validation
0,0.1645577621238489,0,validation
0,0.17987353108890802,0,validation
0,0.3262383291976118,0,validation
0,0.0701828047771105,0,validation
0,0.1990838394687206,0,validation
0,0.22822103448190367,0,validation
0,0.06599713551235482,0,validation
0,0.1806209671561651,0,validation
1,0.226283571814821,0,validation
0,0.17579382164865193,0,validation
0,0.07639264402789817,0,validation
0,0.10279182196821116,0,validation
0,0.0847006179337741,0,validation
1,0.9999999999743145,1,validation
0,0.23535415096425066,0,validation
1,0.9999999999912086,1,validation
0,0.3426992488032613,0,validation
1,0.30514298389649874,0,validation
0,0.19577554160637642,0,validation
1,0.9999999999019604,1,validation
0,0.07244562261155141,0,validation
0,0.17090567072994153,0,validation
0,0.3266383852694081,0,validation
0,0.2965640670510398,0,validation
0,0.15141003216825138,0,validation
0,0.07727758065139803,0,validation
0,0.16217731928130472,0,validation
0,0.1606905121541117,0,validation
0,0.20112314708206921,0,validation
0,0.11492164922634146,0,validation
0,0.23596501378365708,0,validation
0,0.07995196230289624,0,validation
0,0.07199801278017673,0,validation
1,0.9999999999832818,1,validation
0,0.23760479465150813,0,validation
0,0.14489975551712378,0,validation
0,0.15436017805025917,0,validation
0,0.2988669056925518,0,validation
0,0.23163483148393632,0,validation
0,0.13150531500729856,0,validation
0,0.16354284715757675,0,validation
0,0.09189157064192298,0,validation
1,0.2038439764195144,0,validation
0,0.24774212361763975,0,validation
0,0.1672282199449703,0,validation
0,0.09562364940967433,0,validation
0,0.25252461144014593,0,validation
0,0.16599142136774822,0,validation
1,0.9999999999433584,1,validation
0,0.1303513371223803,0,validation
0,0.748663642192456,1,validation
1,0.9999999999926623,1,validation
0,0.12070191180040038,0,validation
1,0.11959378134728745,0,validation
1,0.08664999399243759,0,validation
0,0.08265275909992924,0,validation
0,0.10517215335348018,0,validation
0,0.2960515234825815,0,validation
0,0.32406320517071485,0,validation
1,0.9999999999909632,1,validation
1,0.13766926807613358,0,validation
0,0.07932767903947496,0,validation
0,0.43767623181976534,0,validation
0,0.15164000937146657,0,validation
1,0.999999999967154,1,validation
0,0.147855002033019,0,validation
0,0.23360334815198006,0,validation
0,0.23665541657258318,0,validation
1,0.08589414362491198,0,validation
1,0.21137654031975017,0,validation
1,0.4142946866709839,0,validation
0,0.12965417042197688,0,validation
0,0.09105404252023368,0,validation
0,0.19192901889882916,0,validation
0,0.04813851372403206,0,validation
0,0.1240523156881971,0,validation
0,0.2242895396393009,0,validation
0,0.1923818107387939,0,validation
0,0.3372165282444843,0,validation
0,0.13951503190232814,0,validation
0,0.24784186512199444,0,validation
0,0.18595203157915152,0,validation
0,0.37857369588263523,0,validation
0,0.08288739254943985,0,validation
0,0.19523114822298024,0,validation
0,0.15609871047605617,0,validation
0,0.13718027901479576,0,validation
0,0.17108779599304838,0,validation
0,0.1632179076036539,0,validation
0,0.08530962418497957,0,validation
0,0.3001773895947888,0,validation
1,0.1512756889695186,0,validation
0,0.26757643884673493,0,validation
0,0.21492352075942445,0,validation
0,0.2395966835574771,0,validation
1,0.11481777401805507,0,validation
1,0.9999999999578086,1,validation
0,0.14365674129937062,0,validation
1,0.2209516557177846,0,validation
0,0.44947765005711293,0,validation
1,0.9999999999722087,1,validation
0,0.16286020754828887,0,validation
0,0.08744486929427386,0,validation
0,0.1513010799241609,0,validation
0,0.17419779707512922,0,validation
0,0.27150772429620124,0,validation
0,0.2334408739711021,0,validation
0,0.22689841432088537,0,validation
0,0.22376705933902952,0,validation
0,0.20939301375861838,0,validation
0,0.3398761233713623,0,validation
0,0.17173528433149984,0,validation
0,0.27940557846749187,0,validation
0,0.09581620515611985,0,validation
1,0.9999999998767746,1,validation
0,0.2026241006158288,0,validation
0,0.09181140298404128,0,validation
0,0.11047730572589388,0,validation
0,0.07241375645374665,0,validation
0,0.15157406274168778,0,validation
0,0.30351896123043814,0,validation
0,0.06952147542515547,0,validation
0,0.25739908536182926,0,validation
0,0.24249673018102788,0,validation
0,0.24947720607135943,0,validation
1,0.9999999999862208,1,validation
0,0.18363503567839268,0,validation
0,0.1622573943657495,0,validation
0,0.21818302883528254,0,validation
1,0.9999999999729248,1,validation
1,0.2293831774367643,0,validation
1,0.4532176133409043,0,validation
0,0.12598132948733795,0,validation
0,0.06542919016981852,0,validation
1,0.9999999999709259,1,validation
0,0.3154336959983928,0,validation
0,0.14012442136269204,0,validation
1,0.9999999999407596,1,validation
0,0.1810319125796258,0,validation
0,0.255407439479455,0,validation
1,0.9999999999472295,1,validation
1,0.9999999999899702,1,validation
1,0.3416971688381791,0,validation
0,0.18417150353535156,0,validation
1,0.3315460439529721,0,validation
1,0.1711204970264123,0,validation
0,0.09599216138496662,0,validation
0,0.10610869606153354,0,validation
1,0.3056221846297255,0,validation
0,0.1146664964194839,0,validation
0,0.12902316402212768,0,validation
0,0.060958429935084046,0,validation
0,0.18939009544368046,0,validation
0,0.10684364735251858,0,validation
1,0.32920209972166903,0,validation
1,0.9999999999306233,1,validation
1,0.9999999999175762,1,validation
0,0.31292611421969535,0,validation
0,0.20364479545342445,0,validation
0,0.26580451174751435,0,validation
1,0.9999999999266229,1,validation
1,0.562194757222597,1,validation
0,0.22862483083418655,0,validation
1,0.45969304126799215,0,validation
1,0.09691993468482506,0,validation
0,0.10667133016253055,0,validation
0,0.24947070492046672,0,validation
0,0.24695232403696743,0,validation
0,0.17543212988176202,0,validation
1,0.3753076109332974,0,validation
0,0.08803789017008752,0,validation
0,0.07393254959871572,0,validation
0,0.17110951246091893,0,validation
0,0.2863562430841433,0,validation
1,0.4933267173980553,0,validation
0,0.2714850980150429,0,validation
0,0.15091159325442582,0,validation
1,0.9999999998468689,1,validation
0,0.3047745285627415,0,validation
0,0.3470261504068116,0,validation
0,0.1352158736540483,0,validation
0,0.23463956042764839,0,validation
0,0.06606476723712326,0,validation
1,0.2440330030334122,0,validation
1,0.9999999999277895,1,validation
0,0.10943157901649288,0,validation
0,0.07809097478051744,0,validation
0,0.3929867681840636,0,validation
0,0.2384659016516722,0,validation
0,0.10076812189165141,0,validation
0,0.13898501466432459,0,validation
0,0.5965161036503474,1,validation
1,0.2778534073242918,0,validation
0,0.26929938631739214,0,validation
0,0.06019872610262406,0,validation
0,0.09714131431186435,0,validation
0,0.31636658303204135,0,validation
0,0.6555337304633868,1,validation
1,0.9999999999339051,1,validation
1,0.5365306826796685,1,validation
0,0.3583140697529389,0,validation
1,0.9999999999471381,1,validation
0,0.23737622528259042,0,validation
1,0.3254812639426374,0,validation
1,0.9999999998792264,1,validation
1,0.9999999999602638,1,validation
0,0.20771226728551473,0,validation
1,0.27640719346306997,0,validation
0,0.3722118735287328,0,validation
1,0.2237511304965197,0,validation
1,0.6248401400069687,1,validation
0,0.37392023920201845,0,validation
0,0.2587972540354022,0,validation
0,0.22497724614382225,0,validation
1,0.39837099339998167,0,validation
0,0.2382915565353427,0,validation
0,0.12448971715206557,0,validation
0,0.061553195011707515,0,validation
0,0.20952304748959646,0,validation
0,0.22350732164840706,0,validation
0,0.16991949360241415,0,validation
0,0.2555291135375468,0,validation
0,0.1722353594275849,0,validation
0,0.0716936577087369,0,validation
0,0.12724598499673698,0,validation
0,0.4882604053661343,0,validation
0,0.37854882558233033,0,validation
1,0.9999999999554885,1,validation
1,0.12326919928388062,0,validation
0,0.1989839029271862,0,validation
0,0.17724323562356975,0,validation
1,0.9999999999707627,1,validation
0,0.08164267232074023,0,validation
0,0.127602918729447,0,validation
0,0.2818894332721258,0,validation
0,0.33640890382347505,0,validation
0,0.30095762365923245,0,validation
0,0.07459653514526675,0,validation
1,0.9999999999587592,1,validation
0,0.13927732645438004,0,validation
0,0.266556958298459,0,validation
1,0.3664342528797376,0,validation
0,0.506987901654729,1,validation
0,0.0675365172467525,0,validation
0,0.08317867721489093,0,validation
0,0.39832753289176626,0,validation
0,0.08955472098513413,0,validation
0,0.16009606446069344,0,validation
0,0.1588993620295615,0,validation
0,0.13155215705250897,0,validation
1,0.1424930368918694,0,validation
0,0.3828787777386861,0,validation
0,0.22007889358699886,0,validation
1,0.0856136786663079,0,validation
0,0.27786948451610943,0,validation
1,0.9999999999202156,1,validation
0,0.1130438226478171,0,validation
0,0.10893705337353654,0,validation
0,0.13334389917371675,0,validation
0,0.5222742660989148,1,validation
0,0.28680272847334837,0,validation
0,0.1756671417962069,0,validation
1,0.22609309689729523,0,validation
0,0.05431073835447114,0,validation
0,0.12490651886557426,0,validation
0,0.5206417005044741,1,validation
0,0.21963559639513672,0,validation
0,0.10299866108415444,0,validation
0,0.2621574958843355,0,validation
0,0.20140206244641695,0,validation
0,0.165638050765875,0,validation
0,0.1959404824522487,0,validation
0,0.15186719140404653,0,validation
1,0.9999999999569009,1,validation
0,0.24104055209267772,0,validation
0,0.1576355139493445,0,validation
0,0.05572430655602575,0,validation
0,0.1269728779566004,0,validation
0,0.3331852889312863,0,validation
1,0.999999999948604,1,validation
1,0.999999999971575,1,validation
0,0.06978721871139458,0,validation
1,0.29037847338007905,0,validation
0,0.1458658417848581,0,validation
0,0.34947608165758953,0,validation
1,0.999999999995949,1,validation
0,0.21116826646065137,0,validation
0,0.10115895383597061,0,validation
0,0.12445161294568935,0,validation
0,0.2243892815999125,0,validation
0,0.20201986969354213,0,validation
0,0.22634563238921285,0,validation
0,0.1267922223810125,0,validation
1,0.1435845650872874,0,validation
0,0.1394868448290579,0,validation
0,0.2326829327909336,0,validation
0,0.23066738392495909,0,validation
0,0.34778712739107037,0,validation
0,0.11408169435201314,0,validation
0,0.37167088091573,0,validation
0,0.29465464801326147,0,validation
0,0.1511426325096877,0,validation
1,0.22377364702308572,0,validation
0,0.2504324931459494,0,validation
0,0.15230838295628144,0,validation
0,0.1917247306905297,0,validation
0,0.04831498166104493,0,validation
0,0.0715998522609077,0,validation
0,0.12261666208796126,0,validation
1,0.17482225135141174,0,validation
0,0.23461381835662382,0,validation
0,0.37732757778668147,0,validation
1,0.12114729773549457,0,validation
0,0.1290752257385413,0,validation
0,0.163992859542039,0,validation
0,0.1093027366151029,0,validation
1,0.2563345105379992,0,validation
1,0.4465319196405241,0,validation
0,0.2812482474328921,0,validation
1,0.19494863705923998,0,validation
0,0.20849788724397036,0,validation
1,0.9999999998967446,1,validation
0,0.08021880258667324,0,validation
0,0.1591789984451513,0,validation
0,0.09559986226174028,0,validation
1,0.9999999999467937,1,validation
1,0.3783141595277571,0,validation
0,0.10233803283231184,0,validation
0,0.18619564437541827,0,validation
1,0.999999999946571,1,validation
0,0.33675123661840106,0,validation
0,0.14635836693830653,0,validation
0,0.4104830041431121,0,validation
0,0.09104846126905708,0,validation
0,0.21377987785889724,0,validation
0,0.18178552220052144,0,validation
1,0.33737533395138464,0,validation
0,0.12569627733955702,0,validation
1,0.33189695253016993,0,validation
1,0.19726745270230683,0,validation
1,0.9999999999844527,1,validation
1,0.41632662431648043,0,validation
0,0.17127889338593177,0,validation
0,0.33749542562902884,0,validation
1,0.757575399225287,1,validation
0,0.19425774934202047,0,validation
0,0.12394038203625611,0,validation
0,0.1743700630528232,0,validation
1,0.9999999999554663,1,validation
0,0.12601760866490933,0,validation
1,0.20950938084411702,0,validation
0,0.1549529374667273,0,validation
0,0.0632786501703351,0,validation
0,0.2506837261347898,0,validation
0,0.1687146163653284,0,validation
0,0.03198236567049626,0,validation
0,0.12703166740021019,0,validation
0,0.07333068074590308,0,validation
0,0.21684597510898926,0,validation
0,0.1731678760589325,0,validation
0,0.7746312821998357,1,validation
1,0.34358462908806464,0,validation
0,0.1775517928061066,0,validation
0,0.2089035451219877,0,validation
0,0.07161980972325178,0,validation
0,0.44543996917595474,0,validation
0,0.2358539815539925,0,validation
0,0.18842574058174058,0,validation
0,0.052692372770123896,0,validation
0,0.09837303825560005,0,validation
1,0.2140777182979637,0,validation
0,0.19426427577377353,0,validation
0,0.37287635619278586,0,validation
0,0.07838844800794198,0,validation
0,0.10616935699209538,0,validation
0,0.420103581857696,0,validation
0,0.233651605770222,0,validation
0,0.17661107703912002,0,validation
0,0.22622254959137442,0,validation
0,0.13598289140283726,0,validation
0,0.1444184541539776,0,validation
1,0.36659378438821255,0,validation
0,0.2234825005623171,0,validation
1,0.999999999839458,1,validation
0,0.08716337693397003,0,validation
0,0.11847069305250679,0,validation
0,0.19042838495520573,0,validation
0,0.08276242860649978,0,validation
1,0.9999999999429698,1,validation
0,0.3728618595799866,0,validation
0,0.3194535140644037,0,validation
0,0.05994409998900704,0,validation
0,0.06616203167791625,0,validation
0,0.1365807731224875,0,validation
0,0.04218938930059076,0,validation
1,0.9999999999807712,1,validation
0,0.11280162379839088,0,validation
0,0.18335998479022897,0,validation
0,0.34845550855555785,0,validation
0,0.14288682458267712,0,validation
0,0.17585559001943787,0,validation
1,0.29165249803168536,0,validation
1,0.12479983618596519,0,validation
0,0.13122732807854937,0,validation
0,0.1544848866865654,0,validation
0,0.11194497129165683,0,validation
1,0.7912515472475373,1,validation
0,0.14447621558888024,0,validation
0,0.3324383837687424,0,validation
1,0.9999999999698266,1,validation
1,0.16224824978094532,0,validation
0,0.10364169873810139,0,validation
0,0.2707074975273558,0,validation
0,0.3128958753313775,0,validation
0,0.31887918160169054,0,validation
0,0.2134470570265296,0,validation
0,0.2305662586245772,0,validation
1,0.06129198773561117,0,validation
0,0.12422992834262127,0,validation
0,0.09429380876849758,0,validation
0,0.055545068453091324,0,validation
0,0.09191922574219319,0,validation
0,0.0790844286055456,0,validation
0,0.07447909518176253,0,validation
1,0.9999999999708669,1,validation
1,0.30362134350791525,0,validation
1,0.7231794206964837,1,validation
0,0.08374349649625659,0,validation
0,0.40868433815974753,0,validation
1,0.9999999999707949,1,validation
0,0.26759178318122406,0,validation
0,0.24512948660832712,0,validation
0,0.21958519611629665,0,validation
0,0.3136536330618438,0,validation
0,0.08860162040469247,0,validation
0,0.3089535314775451,0,validation
1,0.9999999998326672,1,validation
0,0.19592100685448868,0,validation
0,0.2916397314655276,0,validation
0,0.0899147600369872,0,validation
0,0.11833535817219429,0,validation
0,0.4026493078390993,0,validation
0,0.2291465303744308,0,validation
0,0.24427546960207402,0,validation
0,0.13015730717109403,0,validation
0,0.3458113430679984,0,validation
0,0.2891342562041364,0,validation
0,0.08822220028476513,0,validation
1,0.9999999998373461,1,validation
0,0.11754409058105822,0,validation
1,0.23429297402516622,0,validation
0,0.21274752694470975,0,validation
0,0.12054377424182472,0,validation
0,0.23436454855199915,0,validation
0,0.3409792646229051,0,validation
0,0.12648153569533363,0,validation
0,0.10459658130579934,0,validation
0,0.2487351110083865,0,validation
1,0.10866727317003833,0,validation
1,0.6136409299692195,1,validation
0,0.27794174986968445,0,validation
0,0.10961493987995735,0,validation
0,0.14898955858600296,0,validation
1,0.999999999959152,1,validation
0,0.20703989099068376,0,validation
1,0.4388867669108649,0,validation
0,0.3006469988742735,0,validation
0,0.19413077147565283,0,validation
0,0.31226410186094256,0,validation
0,0.17206049805124535,0,validation
0,0.13645708113381422,0,validation
0,0.07119780788515685,0,validation
0,0.20159372169459733,0,validation
0,0.05043977968808456,0,validation
0,0.22237171186148377,0,validation
0,0.19865725874138734,0,validation
0,0.1629855520007159,0,validation
0,0.22239260751581608,0,validation
0,0.12022821270371767,0,validation
0,0.19437004886143502,0,validation
0,0.15799093591930166,0,validation
1,0.34960584901605435,0,validation
0,0.2221644703200322,0,validation
0,0.190292285367896,0,validation
0,0.23512657334105738,0,validation
1,0.9999999999485223,1,validation
0,0.2477724692771813,0,validation
0,0.15865182866156186,0,validation
0,0.31997924574532627,0,validation
0,0.08327677914546999,0,validation
0,0.0816700322761734,0,validation
1,0.5395866775851141,1,validation
1,0.4869898675019284,0,validation
1,0.999999999939309,1,validation
0,0.39326549534077226,0,validation
0,0.05698352770664363,0,validation
0,0.061773294566105995,0,validation
0,0.09602107868849623,0,validation
1,0.9999999999433369,1,validation
0,0.0819509321948048,0,validation
1,0.999999999932653,1,validation
0,0.35788091784131715,0,validation
0,0.24144325407618758,0,validation
1,0.9999999999598372,1,validation
0,0.1341388655915668,0,validation
0,0.22848984010646803,0,validation
0,0.26879365016741824,0,validation
1,0.2744616377708382,0,validation
0,0.12906252576771815,0,validation
1,0.9999999999879619,1,validation
0,0.22659457199167676,0,validation
0,0.2995118360745607,0,validation
1,0.3002076122360218,0,validation
0,0.11641010613526016,0,validation
0,0.13402887520737555,0,validation
0,0.12927291565603594,0,validation
0,0.21513222070012208,0,validation
0,0.1916700795501307,0,validation
0,0.3957492355772365,0,validation
0,0.16118034275692972,0,validation
1,0.1264859759362635,0,validation
1,0.21088049592701077,0,validation
0,0.11457251074797922,0,validation
1,0.9999999999966733,1,validation
0,0.07660879389779875,0,validation
0,0.118981548468526,0,validation
0,0.2788412998265003,0,validation
1,0.36860294230235874,0,validation
0,0.06950192727154243,0,validation
0,0.214004623523276,0,validation
0,0.09853601426164453,0,validation
0,0.2890226159600551,0,validation
1,0.2126534985909267,0,validation
0,0.16318517795393933,0,validation
0,0.4792359906026924,0,validation
0,0.2890202484673141,0,validation
0,0.0834584972406108,0,validation
0,0.09139072964764451,0,validation
1,0.14365661207544053,0,validation
1,0.9999999999889617,1,validation
0,0.2506245922663539,0,validation
0,0.13183097122087795,0,validation
0,0.14026462258235198,0,validation
0,0.13553686870046575,0,validation
0,0.25521576258110623,0,validation
0,0.051025229181007103,0,validation
1,0.5352312998997351,1,validation
0,0.1008262488141255,0,validation
1,0.9999999999844436,1,validation
1,0.9999999999756086,1,validation
0,0.15008982343519564,0,validation
0,0.09930778531450171,0,validation
0,0.13046351876227974,0,validation
0,0.22556718197235182,0,validation
0,0.16908665792581273,0,validation
1,0.231198451091824,0,validation
0,0.28083303263768333,0,validation
0,0.35044805628368886,0,validation
1,0.2621451736840189,0,validation
0,0.13919277725549117,0,validation
0,0.1791853399268634,0,validation
0,0.05658874733947878,0,validation
0,0.13315828366458393,0,validation
0,0.12610226944205702,0,validation
0,0.13476919613032562,0,validation
0,0.2534591558336947,0,validation
0,0.06935151556809309,0,validation
1,0.9999999999385683,1,validation
1,0.23804134808633848,0,validation
0,0.1679059846484867,0,validation
0,0.11187299303957025,0,validation
0,0.12536653794565947,0,validation
0,0.236450549432808,0,validation
0,0.15904862271252468,0,validation
1,0.26241910220968845,0,validation
0,0.11358523036349903,0,validation
1,0.3381276626747646,0,validation
1,0.1341862720798766,0,validation
1,0.9999999999955365,1,validation
0,0.21205576694379177,0,validation
0,0.23816768198023722,0,validation
0,0.17232802515459797,0,validation
1,0.3144726701167701,0,validation
0,0.07602191072372708,0,validation
0,0.26737812427885577,0,validation
1,0.13579276243064412,0,validation
1,0.9999999999705873,1,validation
1,0.9999999999150306,1,validation
0,0.14443968475160462,0,validation
0,0.26158446415511444,0,validation
0,0.21334834885446688,0,validation
1,0.9999999999943601,1,validation
0,0.3007469703336138,0,validation
0,0.12588030471595363,0,validation
1,0.35646876906093217,0,validation
0,0.28317823924518165,0,validation
1,0.22973135576418532,0,validation
0,0.07252846302979327,0,validation
0,0.12297127363909569,0,validation
0,0.08379528496587844,0,validation
0,0.19840310886037663,0,validation
1,0.9999999998757847,1,validation
0,0.14062828768199087,0,validation
0,0.14005389436394666,0,validation
0,0.0769132501056737,0,validation
0,0.1354938794916323,0,validation
0,0.2926381505028286,0,validation
1,0.999999999962081,1,validation
1,0.5766430831437057,1,validation
1,0.9999999999419793,1,validation
1,0.19969980872261833,0,validation
0,0.1989412353259225,0,validation
1,0.9999999998690783,1,validation
0,0.1537537234335603,0,validation
1,0.9999999999899845,1,validation
0,0.04136618946482014,0,validation
0,0.3357500219843386,0,validation
1,0.14856335137898052,0,validation
0,0.06573454619511596,0,validation
0,0.09425552943302525,0,validation
0,0.16060939844488847,0,validation
0,0.1393237329945317,0,validation
0,0.08529664017859208,0,validation
1,0.15958888813181074,0,validation
0,0.09629633209025273,0,validation
1,0.06389623122074305,0,validation
1,0.24403747542942048,0,validation
0,0.09748696851015094,0,validation
0,0.05292572092862776,0,validation
1,0.4523855451673454,0,validation
1,0.4435015968659777,0,validation
1,0.14005002275560455,0,validation
1,0.25824710779195836,0,validation
0,0.13086999523571188,0,validation
0,0.3009873845722291,0,validation
0,0.11955496216721516,0,validation
0,0.1256992808760306,0,validation
0,0.1387133153260117,0,validation
0,0.25406859933395176,0,validation
1,0.8852673492776422,1,validation
0,0.09367117783199137,0,validation
0,0.20908098005209735,0,validation
0,0.19064191378429468,0,validation
0,0.14284697171190672,0,validation
0,0.4226200366468834,0,validation
0,0.203342759459324,0,validation
0,0.2327964976403974,0,validation
1,0.999999999967663,1,validation
1,0.28251954304260396,0,validation
0,0.17874511180369027,0,validation
0,0.047772982193193946,0,validation
0,0.15514071190535245,0,validation
0,0.13010884762316602,0,validation
0,0.07686418836172416,0,validation
0,0.24588295807701258,0,validation
0,0.2279182693122126,0,validation
0,0.1523405356136478,0,validation
0,0.19286869656107827,0,validation
0,0.12411267618959519,0,validation
1,0.9999999999846219,1,validation
0,0.25344773225814127,0,validation
0,0.09717545313926033,0,validation
0,0.16923736098359501,0,validation
0,0.12338106941142786,0,validation
0,0.3259820516721884,0,validation
0,0.21470165628977533,0,validation
0,0.29492811534101837,0,validation
0,0.13809623049432235,0,validation
0,0.4756816324145796,0,validation
1,0.18175098913963,0,validation
0,0.0990244398107718,0,validation
0,0.14238409188171378,0,validation
0,0.20665106962318527,0,validation
0,0.17954576936208552,0,validation
1,0.06679612414062644,0,validation
0,0.14818336948197905,0,validation
0,0.09360293894921948,0,validation
1,0.2880729340871729,0,validation
0,0.3237456672839932,0,validation
0,0.13917774601758268,0,validation
0,0.19793398067473977,0,validation
0,0.12487237345027431,0,validation
1,0.9999999999727824,1,validation
1,0.9999999999605882,1,validation
0,0.24072630728761119,0,validation
0,0.20960889297186858,0,validation
0,0.29107154807516367,0,validation
0,0.1551154678616352,0,validation
1,0.999999999955197,1,validation
0,0.1074477133722953,0,validation
1,0.9999999999297247,1,validation
0,0.1683530910366855,0,validation
1,0.12488865406058691,0,validation
1,0.38698607525383805,0,validation
0,0.27268557645686636,0,validation
0,0.23280739881412085,0,validation
0,0.09002472279767212,0,validation
0,0.16362079502375004,0,validation
0,0.08215894942872048,0,validation
0,0.11521565119965449,0,validation
0,0.2679166698263555,0,validation
0,0.1336818765828676,0,validation
1,0.9999999999713702,1,validation
1,0.7806198617652075,1,validation
1,0.20142401971968327,0,validation
0,0.16616204567508128,0,validation
0,0.29949406474941137,0,validation
0,0.3847711390236985,0,validation
0,0.11827726601050892,0,validation
0,0.1009890499786181,0,validation
0,0.18329036054166797,0,validation
1,0.9999999999973781,1,validation
0,0.09583132426271858,0,validation
1,0.9999999999728735,1,validation
0,0.13542821656795978,0,validation
0,0.09587158975378586,0,validation
1,0.15626694199221094,0,validation
1,0.21200693790703623,0,validation
0,0.0772497472953743,0,validation
0,0.1738087632706174,0,validation
1,0.9999999999359357,1,validation
1,0.12326331457739413,0,validation
0,0.2733778284551129,0,validation
0,0.16405952894640496,0,validation
0,0.0732584947786136,0,validation
1,0.99999999999165,1,validation
0,0.12509855867493,0,validation
0,0.057531204918689016,0,validation
0,0.08231740785580091,0,validation
0,0.2790920429511103,0,validation
1,0.9999999999401379,1,validation
0,0.2696506459953113,0,validation
0,0.1426224633770782,0,validation
1,0.9999999999241185,1,validation
0,0.12136129658790917,0,validation
0,0.10829677236302723,0,validation
0,0.2807820236512996,0,validation
0,0.058612974145762886,0,validation
1,0.4957616693002179,0,validation
1,0.9999999999554068,1,validation
1,0.2677210445113138,0,validation
0,0.0639924775061024,0,validation
0,0.06482148025523722,0,validation
0,0.1764100570287871,0,validation
0,0.1706046899350526,0,validation
0,0.2669010191655502,0,validation
0,0.17204758156215075,0,validation
0,0.08431655640548338,0,validation
0,0.2792479350102831,0,validation
1,0.9999999999111919,1,validation
0,0.060731200876593075,0,validation
0,0.047880189555240135,0,validation
0,0.3217029064011028,0,validation
0,0.17081798089206296,0,validation
1,0.9999999999475828,1,validation
0,0.11586577562771204,0,validation
0,0.25755242605062323,0,validation
0,0.208600409567643,0,validation
0,0.3844430399192986,0,validation
0,0.14774889293514534,0,validation
1,0.34116579554918536,0,validation
0,0.2901296382100989,0,validation
0,0.22572844349295415,0,validation
0,0.1143841634447019,0,validation
0,0.2159401336122704,0,validation
1,0.189227779041871,0,validation
0,0.16878943634119625,0,validation
0,0.2074043526059862,0,validation
0,0.08907994856026044,0,validation
0,0.06622610133855192,0,validation
0,0.1780971252765812,0,validation
0,0.08631476958208527,0,validation
0,0.06823305649136154,0,validation
0,0.14720538144155743,0,validation
0,0.04083311130562616,0,validation
1,0.9999999999401732,1,validation
0,0.16869211186176075,0,validation
0,0.089414648613687,0,validation
0,0.160780698718413,0,validation
0,0.09710885577566225,0,validation
0,0.06595801543338994,0,validation
0,0.14738538366703396,0,validation
0,0.2576372787397934,0,validation
0,0.07520057412550732,0,validation
0,0.23061530202541086,0,validation
0,0.0553739899077983,0,validation
0,0.14198368595428953,0,validation
1,0.9999999998857694,1,validation
0,0.06556246092795628,0,validation
0,0.10071092382824577,0,validation
0,0.06394682248534064,0,validation
0,0.08762211772492119,0,validation
0,0.23983400320338782,0,validation
0,0.08713211516966372,0,validation
0,0.17007369240048428,0,validation
0,0.16149558663051247,0,validation
0,0.11484220188106056,0,validation
0,0.34998704560786215,0,validation
0,0.18595641653961412,0,validation
0,0.36900517023910456,0,validation
0,0.4519064719069122,0,validation
0,0.27512386273659833,0,validation
0,0.14880674721710815,0,validation
0,0.188638370868098,0,validation
0,0.06841050805028118,0,validation
0,0.0707327764391068,0,validation
0,0.1763520487478097,0,validation
1,0.17822010954660183,0,validation
0,0.29628448487439596,0,validation
0,0.27817024549064906,0,validation
0,0.07534171159426516,0,validation
0,0.46781990274485163,0,validation
0,0.056035830746038406,0,validation
0,0.07378894906961808,0,validation
0,0.12590346501844066,0,validation
0,0.14004207647847952,0,validation
0,0.06796528789829989,0,validation
0,0.3097769566319066,0,validation
0,0.12180154504929412,0,validation
0,0.5564657332343816,1,validation
0,0.27960948991797674,0,validation
0,0.3545324599446981,0,validation
1,0.19302407997437304,0,validation
0,0.20538293084902043,0,validation
0,0.29974060020721416,0,validation
0,0.18901857979769293,0,validation
0,0.06056331015891444,0,validation
1,0.5111789673423464,1,validation
1,0.9999999999838114,1,validation
1,0.17536081130215567,0,validation
0,0.13292526456810688,0,validation
1,0.43804339806109727,0,validation
0,0.053699414688541176,0,validation
0,0.24059326691508187,0,validation
0,0.2417967822444364,0,validation
0,0.06852119617380208,0,validation
0,0.05848869516650762,0,validation
0,0.17230530258080695,0,validation
1,0.9999999999657578,1,validation
0,0.10337198695509335,0,validation
0,0.2071644519158641,0,validation
0,0.12423862158780374,0,validation
1,0.4449350057110688,0,validation
0,0.20294219610900477,0,validation
0,0.12614918457297894,0,validation
1,0.9999999999383344,1,validation
0,0.33286160583207836,0,validation
0,0.041305270140948695,0,validation
1,0.2515395532462922,0,validation
0,0.17188239741651573,0,validation
0,0.10291678215057537,0,validation
1,0.24835364526516004,0,validation
1,0.9999999999685178,1,validation
0,0.2514196618685647,0,validation
1,0.9999999998908471,1,validation
0,0.154020183046836,0,validation
0,0.04554422919882209,0,validation
0,0.13633069220535765,0,validation
1,0.3822444704777168,0,validation
0,0.14220910336414075,0,validation
0,0.11236904073451004,0,validation
0,0.14855755495354964,0,validation
0,0.1357779621598944,0,validation
0,0.36085607207676534,0,validation
0,0.15685070251495248,0,validation
1,0.9999999999826734,1,validation
0,0.20158965040898166,0,validation
0,0.1362899309329979,0,validation
0,0.15373011808215212,0,validation
0,0.20348521378227688,0,validation
0,0.24559582842515693,0,validation
0,0.22675017993398078,0,validation
0,0.05703428134759573,0,validation
0,0.05658320605466468,0,validation
1,0.24234919396622404,0,validation
0,0.2075565871462945,0,validation
0,0.15335087535072098,0,validation
1,0.09773873159868975,0,validation
0,0.046334776109240465,0,validation
1,0.23192931065885095,0,validation
0,0.4334255990756076,0,validation
1,0.9999999999322617,1,validation
1,0.18497393214664185,0,validation
1,0.9999999999608344,1,validation
0,0.11397445602643919,0,validation
0,0.08572625313024097,0,validation
0,0.1675181196327583,0,validation
0,0.12059098653004192,0,validation
0,0.24787924572538275,0,validation
0,0.11631268236329408,0,validation
0,0.08574700563624998,0,validation
0,0.15447490372340697,0,validation
1,0.9999999999394185,1,validation
0,0.20913951591377972,0,validation
0,0.21805000293355614,0,validation
1,0.9999999999396065,1,validation
0,0.30079358593088584,0,validation
1,0.31475028104020514,0,validation
0,0.306728670406723,0,validation
0,0.1892388672699727,0,validation
0,0.0572231296703276,0,validation
1,0.15523568241992966,0,validation
1,0.9999999999683198,1,validation
0,0.18329243572065687,0,validation
0,0.3508723269468186,0,validation
1,0.9999999999933407,1,validation
1,0.9999999999878173,1,validation
0,0.3448930768975071,0,validation
1,0.16394379761010133,0,validation
0,0.2859461060302141,0,validation
0,0.09523336661753157,0,validation
0,0.24227400600019458,0,validation
0,0.1703007634394215,0,validation
0,0.3770649840647071,0,validation
0,0.08169403661672779,0,validation
0,0.28810019693303507,0,validation
1,0.9999999999438982,1,validation
0,0.40709044169739,0,validation
0,0.10899848810617183,0,validation
0,0.18145173419679217,0,validation
0,0.2844820224445107,0,validation
0,0.14235149091298463,0,validation
0,0.14660981470982512,0,validation
1,0.9999999999286551,1,validation
1,0.9999999999895808,1,validation
1,0.9999999999052789,1,validation
0,0.42428838562001386,0,validation
1,0.9999999999404343,1,validation
0,0.25820798514321247,0,validation
0,0.1962294967904515,0,validation
0,0.06334047155374534,0,validation
1,0.3568256641147801,0,validation
0,0.176144658341843,0,validation
0,0.24533061703199027,0,validation
1,0.31109757370315616,0,validation
0,0.16816706600473935,0,validation
0,0.146966732556618,0,validation
0,0.15586581718488562,0,validation
0,0.4304867245094956,0,validation
0,0.19976364227923088,0,validation
0,0.14923908631419378,0,validation
0,0.12850700293586842,0,validation
1,0.7666682780240217,1,validation
0,0.1259737219383464,0,validation
0,0.11826484055139658,0,validation
0,0.3669828720081208,0,validation
0,0.09741043666891999,0,validation
0,0.11278173473275714,0,validation
0,0.11737130177623246,0,validation
0,0.4040526030802268,0,validation
0,0.0836050906042873,0,validation
0,0.14296192876431202,0,validation
1,0.6720169585300044,1,validation
0,0.10069878230506885,0,validation
0,0.12996229851644697,0,validation
0,0.10896238071304563,0,validation
1,0.6918681444640301,1,validation
0,0.06393742656349771,0,validation
0,0.07160528862797833,0,validation
0,0.11048677724527158,0,validation
1,0.9999999998944844,1,validation
0,0.12796576684389055,0,validation
0,0.04995398227941224,0,validation
0,0.4025212183077341,0,validation
0,0.09862011428054275,0,validation
0,0.0687383133365603,0,validation
0,0.5849828101826628,1,validation
0,0.17051596935415617,0,validation
1,0.3878672180725612,0,validation
0,0.10089749057836439,0,validation
0,0.18646138610514165,0,validation
1,0.17665867369510987,0,validation
1,0.9999999999309346,1,validation
0,0.16277569826472985,0,validation
0,0.09734483995654261,0,validation
0,0.16804368498061173,0,validation
0,0.20966526226132112,0,validation
0,0.20695671569943302,0,validation
1,0.18409913479363016,0,validation
0,0.1690096635836284,0,validation
1,0.9999999999413318,1,validation
0,0.0945197309909696,0,validation
0,0.14690965868405376,0,validation
0,0.07582820980665113,0,validation
0,0.1584516559657739,0,validation
0,0.11112195543679135,0,validation
0,0.17323104781051224,0,validation
0,0.22142205960328448,0,validation
0,0.12952307477845612,0,validation
0,0.21644371806305038,0,validation
1,0.9999999998839095,1,validation
0,0.33841018125988576,0,validation
0,0.13360148936149377,0,validation
0,0.2976706482535933,0,validation
0,0.28654027163372525,0,validation
0,0.09414947989685314,0,validation
1,0.9999999999321183,1,validation
0,0.2110110011566167,0,validation
0,0.1848625352663982,0,validation
1,0.27547382467153547,0,validation
1,0.9999999999198665,1,validation
0,0.6700980911632991,1,validation
0,0.15117680189259036,0,validation
0,0.17886263459053875,0,validation
1,0.9999999999660194,1,validation
0,0.11898813053511322,0,validation
1,0.9999999999478395,1,validation
1,0.16201554985374492,0,validation
0,0.18873555096228248,0,validation
0,0.2096381311133813,0,validation
0,0.20323915126472789,0,validation
0,0.06927743297348911,0,validation
0,0.3784701582803858,0,validation
0,0.23469443604803736,0,validation
1,0.28066232442799716,0,validation
1,0.3502561577622452,0,validation
1,0.16266689660366407,0,validation
0,0.11834542067051429,0,validation
1,0.48890628805182273,0,validation
1,0.9999999998556153,1,validation
0,0.20687114603478937,0,validation
0,0.15933100242587186,0,validation
0,0.2622225886196368,0,validation
0,0.22943791938772531,0,validation
0,0.18539310935235506,0,validation
1,0.9999999999651181,1,validation
0,0.16581696989885086,0,validation
0,0.22576104316771617,0,validation
0,0.27322467930984023,0,validation
0,0.21576123022599006,0,validation
1,0.37082107292944444,0,validation
0,0.16649422711306108,0,validation
0,0.08690153790613078,0,validation
0,0.2383243394979455,0,validation
1,0.9999999998795253,1,validation
0,0.3536214877770089,0,validation
0,0.18362178956151803,0,validation
1,0.3243909855749529,0,validation
0,0.2022760252943717,0,validation
1,0.9999999999554248,1,validation
0,0.14420658013406717,0,validation
0,0.09300311541331535,0,validation
0,0.10516571140292526,0,validation
0,0.06996020689145882,0,validation
0,0.2944329548996047,0,validation
0,0.06228846556738707,0,validation
0,0.3984145145865409,0,validation
0,0.15149784617266743,0,validation
0,0.2542193135940208,0,validation
0,0.13032605238852515,0,validation
0,0.21443809210841233,0,validation
0,0.2031224207391369,0,validation
0,0.22182975817354017,0,validation
0,0.11336427490610167,0,validation
0,0.07923826830316559,0,validation
0,0.2080504146507873,0,validation
0,0.09891843895619151,0,validation
0,0.429673736886267,0,validation
1,0.18642497174930173,0,validation
1,0.9999999999844356,1,validation
1,0.999999999995828,1,validation
1,0.14259203919397279,0,validation
1,0.9999999999799172,1,validation
1,0.9999999999784708,1,validation
0,0.12736328531813626,0,validation
0,0.18291966553663974,0,validation
1,0.4371241475968658,0,validation
0,0.13792094748609343,0,validation
0,0.16736358778564148,0,validation
0,0.11017353699518033,0,validation
0,0.2608289004334346,0,validation
0,0.3429048402607179,0,validation
1,0.9999999999084881,1,validation
0,0.1336910945501806,0,validation
0,0.2948731210906772,0,validation
0,0.3100415302156621,0,validation
1,0.9999999999948113,1,validation
0,0.32145560595667483,0,validation
0,0.08454399328186754,0,validation
0,0.28834821344665423,0,validation
0,0.08077182123946594,0,validation
0,0.24314530808313126,0,validation
1,0.5344331206540434,1,validation
0,0.13478967091966973,0,validation
0,0.08006411403868974,0,validation
0,0.20656907813475764,0,validation
0,0.16334891004053456,0,validation
0,0.14016123884282963,0,validation
1,0.9999999998790488,1,validation
0,0.4598939939756065,0,validation
0,0.17657008221840584,0,validation
0,0.10620315525559242,0,validation
0,0.2673280567920932,0,validation
1,0.8034845506215855,1,validation
0,0.2203748939323566,0,validation
0,0.15268391031126968,0,validation
0,0.17310098330572013,0,validation
1,0.2827677544907876,0,validation
1,0.5761691232716428,1,validation
1,0.16127621593512254,0,validation
1,0.3655048231678494,0,validation
0,0.21900561281494907,0,validation
1,0.9999999999361535,1,validation
1,0.7267017421350258,1,validation
0,0.1299716405263476,0,validation
0,0.11236543415915108,0,validation
1,0.14600068024938231,0,validation
0,0.32044482573492994,0,validation
0,0.10947347677349165,0,validation
0,0.23204719752741026,0,validation
0,0.08721152243338698,0,validation
0,0.18184969630793782,0,validation
0,0.45678551167234527,0,validation
1,0.9999999999458729,1,validation
0,0.13220298853794252,0,validation
1,0.20567567190949787,0,validation
0,0.19397066629672985,0,validation
0,0.14900743023185828,0,validation
0,0.22596514416754837,0,validation
1,0.1823651034681942,0,validation
0,0.1342725175335391,0,validation
0,0.4633997079693519,0,validation
0,0.07176559164985498,0,validation
0,0.19860897572726652,0,validation
1,0.12142411666427577,0,validation
0,0.14382918536930694,0,validation
0,0.0834752700264079,0,validation
1,0.2820722221393309,0,validation
1,0.14773461562876508,0,validation
0,0.14639341680555593,0,validation
1,0.9999999999563154,1,validation
0,0.13913311109703272,0,validation
0,0.0944659706045255,0,validation
1,0.9999999999645524,1,validation
1,0.9999999999558633,1,validation
0,0.5210546396756387,1,validation
0,0.0672215589296548,0,validation
0,0.0600129878750002,0,validation
0,0.25818410427274446,0,validation
0,0.09775694960797071,0,validation
0,0.2600796541262214,0,validation
1,0.9999999998984976,1,validation
1,0.3245807418812563,0,validation
0,0.1956975774645958,0,validation
1,0.9999999999870757,1,validation
0,0.07478782567261553,0,validation
0,0.14911733788128056,0,validation
0,0.22353416869709763,0,validation
0,0.5369861742237282,1,validation
0,0.1316275989016281,0,validation
0,0.28699451380404967,0,validation
0,0.1643920714368297,0,validation
0,0.4538280308348115,0,validation
1,0.26536163764576737,0,validation
1,0.15925207953005838,0,validation
0,0.12161599459849638,0,validation
0,0.27165248990185126,0,validation
0,0.2580571061644313,0,validation
0,0.15813632048870552,0,validation
0,0.05945897806802799,0,validation
0,0.3773692788309644,0,validation
0,0.12045858509235573,0,validation
0,0.04059496435795961,0,validation
0,0.1274046763211725,0,validation
1,0.9999999999667992,1,validation
0,0.2128798324449359,0,validation
1,0.9999999999838387,1,validation
0,0.32112414352812235,0,validation
0,0.14503678275680404,0,validation
0,0.13637842840260736,0,validation
1,0.9999999998264468,1,validation
0,0.09562393776248514,0,validation
0,0.17976954617182425,0,validation
0,0.18185598369780132,0,validation
0,0.1439131124358686,0,validation
0,0.18013547958985893,0,validation
0,0.21535149415138657,0,validation
1,0.9999999999091886,1,validation
1,0.431853406676159,0,validation
0,0.22782037050591633,0,validation
0,0.1491667140328429,0,validation
0,0.3339835710812308,0,validation
0,0.3860862695835052,0,validation
0,0.22835811541778722,0,validation
0,0.17357692361954086,0,validation
0,0.2114511941604038,0,validation
0,0.08810083453637582,0,validation
1,0.2114730100555842,0,validation
1,0.6147667032312444,1,validation
1,0.9999999999396356,1,validation
1,0.20412222336337751,0,validation
1,0.2721847910163017,0,validation
0,0.38600074267900375,0,validation
0,0.23665579877885445,0,validation
0,0.18904757950794165,0,validation
1,0.9999999998221658,1,validation
0,0.14514649641695074,0,validation
0,0.1358390876269101,0,validation
0,0.1889813093723541,0,validation
0,0.11135981302811748,0,validation
0,0.09455928273106468,0,validation
1,0.9999999999731259,1,validation
0,0.2619329494295742,0,validation
0,0.10969760651761506,0,validation
1,0.23690461888956446,0,validation
1,0.9999999999832749,1,validation
0,0.24404296243474446,0,validation
1,0.5947330341925602,1,validation
0,0.08157032277193293,0,validation
0,0.4906066201916342,0,validation
0,0.22036632212814689,0,validation
0,0.13919106235411718,0,validation
1,0.9999999999479119,1,validation
1,0.9999999999569105,1,validation
0,0.11428420989002266,0,validation
1,0.33005131460890924,0,validation
1,0.04336049068272892,0,validation
1,0.5190104801145826,1,validation
0,0.13434383621320428,0,validation
0,0.11925179570100228,0,validation
0,0.10295613549013709,0,validation
0,0.2625366703800019,0,validation
1,0.9999999999386402,1,validation
0,0.6202180816471694,1,validation
0,0.23686882194958012,0,validation
0,0.7923603435709671,1,validation
1,0.9999999999492253,1,validation
0,0.12647606607049156,0,validation
0,0.20428316411126848,0,validation
0,0.03700896203736085,0,validation
0,0.3691383922425265,0,validation
1,0.2823865079941784,0,validation
0,0.15415009587046033,0,validation
1,0.9999999998346312,1,validation
1,0.41208611460880606,0,validation
1,0.9999999999273179,1,validation
0,0.39198164384601836,0,validation
1,0.9999999999635898,1,validation
0,0.2725468861633533,0,validation
0,0.1024358663864679,0,validation
1,0.9999999999405342,1,validation
1,0.9999999999682943,1,validation
1,0.5360090043931378,1,validation
0,0.12796323284393105,0,validation
0,0.15305497960583872,0,validation
0,0.1824936280314512,0,validation
0,0.09792476703660885,0,validation
0,0.1325449762035304,0,validation
1,0.448376404350903,0,validation
0,0.15474760409511665,0,validation
0,0.1462446634077337,0,validation
0,0.21978310964812459,0,validation
0,0.6454227974588733,1,validation
0,0.07954438792756698,0,validation
0,0.20328369597011595,0,validation
0,0.3014398751898428,0,validation
0,0.19268462913317877,0,validation
0,0.29192006016103184,0,validation
0,0.11970490200290108,0,validation
0,0.1415098401256453,0,validation
0,0.14826700611489202,0,validation
0,0.23891614265448716,0,validation
0,0.27075022844004176,0,validation
0,0.41748688162652775,0,validation
0,0.0915114313473848,0,validation
0,0.20642233361813972,0,validation
0,0.26761782418857333,0,validation
0,0.13586243302086146,0,validation
0,0.09142338192750615,0,validation
0,0.2076088188084358,0,validation
0,0.30160175207057793,0,validation
0,0.11339598212708701,0,validation
0,0.2556370249945459,0,validation
1,0.3068664646027236,0,validation
0,0.11839841953157747,0,validation
1,0.727742886261462,1,validation
1,0.9999999999299474,1,validation
0,0.1458514451029623,0,validation
0,0.23290226348198534,0,validation
0,0.10696187878180839,0,validation
0,0.20463975640980223,0,validation
1,0.9999999999953813,1,validation
1,0.9999999999355986,1,validation
0,0.2175908304565925,0,validation
0,0.18487775769797032,0,validation
1,0.17111801375080657,0,validation
0,0.31673270450054813,0,validation
0,0.1388081949112074,0,validation
0,0.12426489078060195,0,validation
0,0.19184687276594753,0,validation
1,0.2551729353585096,0,validation
0,0.21353008388700592,0,validation
0,0.1753791760873736,0,validation
0,0.08725371928570967,0,validation
0,0.2223897323786185,0,validation
1,0.9999999999748166,1,validation
1,0.35104230396613756,0,validation
1,0.11836366285761228,0,validation
0,0.5493253887707015,1,validation
0,0.20414911400964478,0,validation
0,0.1992304274717395,0,validation
0,0.26747138528163367,0,validation
0,0.27574504524184357,0,validation
0,0.17119768128698773,0,validation
0,0.19166678658218056,0,validation
1,0.47558587247272227,0,validation
0,0.12299544832488217,0,validation
0,0.3554851926405164,0,validation
0,0.18544677696423764,0,validation
1,0.22330606933956168,0,validation
0,0.1281479901221826,0,validation
0,0.09553636704296796,0,validation
0,0.8159179529982845,1,validation
0,0.0949670628485391,0,validation
1,0.2109138466641314,0,validation
0,0.176309239102277,0,validation
0,0.254226214652653,0,validation
0,0.707274359407601,1,validation
0,0.1678355365604047,0,validation
0,0.2382220113257395,0,validation
0,0.20591524179694184,0,validation
1,0.999999999901477,1,validation
0,0.2782226072950593,0,validation
0,0.0759922540454926,0,validation
0,0.1259496032914975,0,validation
0,0.12761679487740882,0,validation
0,0.20092538125559978,0,validation
0,0.12440141981907865,0,validation
0,0.30923656428565116,0,validation
0,0.2023331968227603,0,validation
1,0.20669581570283926,0,validation
0,0.05097774044160558,0,validation
1,0.9999999999428737,1,validation
1,0.5953529903908146,1,validation
0,0.2455475980944383,0,validation
1,0.5497949157099274,1,validation
0,0.21697018055879505,0,validation
0,0.2686841600982097,0,validation
0,0.14930781903552462,0,validation
1,0.28679829546844576,0,validation
1,0.3122903039007275,0,validation
0,0.23693172589909262,0,validation
0,0.27775438181839346,0,validation
1,0.16121050757492938,0,validation
0,0.247280512329373,0,validation
0,0.2684961540965113,0,validation
0,0.17601683567536283,0,validation
0,0.0933766839774892,0,validation
0,0.26569143413434426,0,validation
0,0.14742244446551223,0,validation
0,0.22081816776775778,0,validation
0,0.7126893199000535,1,validation
1,0.7689328155433158,1,validation
0,0.13186914649030823,0,validation
1,0.07096600609461877,0,validation
0,0.15694836072524224,0,validation
1,0.2579016419336991,0,validation
1,0.19504525018584218,0,validation
0,0.3109013864886784,0,validation
0,0.19785535700185444,0,validation
0,0.2514915910239809,0,validation
0,0.12447053503889806,0,validation
1,0.1487696577918377,0,validation
1,0.9999999999724623,1,validation
0,0.12114921011201478,0,validation
1,0.9999999999724059,1,validation
1,0.9999999999581652,1,validation
1,0.3676650785756956,0,validation
1,0.999999999962337,1,validation
1,0.9999999999971623,1,validation
0,0.11385444178304159,0,validation
1,0.9999999997771194,1,validation
0,0.10574058371846218,0,validation
0,0.19493981107604672,0,validation
1,0.07553886866121029,0,validation
0,0.265036372537105,0,validation
0,0.20347135168646072,0,validation
0,0.20286253879545757,0,validation
0,0.40745386757985874,0,validation
0,0.14922620408012927,0,validation
0,0.4526620791441193,0,validation
0,0.11343891608857198,0,validation
1,0.15853487937279723,0,validation
1,0.9999999998973064,1,validation
0,0.15521877394992092,0,validation
0,0.27993260914889195,0,validation
0,0.25846165347660893,0,validation
0,0.2735059513562584,0,validation
1,0.9999999999888567,1,validation
0,0.29504835233652155,0,validation
0,0.1714518573353194,0,validation
0,0.36262253152802504,0,validation
0,0.1286869299837925,0,validation
0,0.22447691632132985,0,validation
0,0.1564801179698256,0,validation
0,0.24182245480033665,0,validation
1,0.9999999999591898,1,validation
0,0.1336391549585241,0,validation
0,0.23112519625031377,0,validation
0,0.05491337803625579,0,validation
1,0.319450491368874,0,validation
0,0.31886547496312995,0,validation
0,0.07475776528346481,0,validation
0,0.156793207895272,0,validation
0,0.13349009722078778,0,validation
0,0.1586581437169425,0,validation
0,0.20727687538110595,0,validation
0,0.0972286718745994,0,validation
0,0.18273115110123095,0,validation
0,0.20313729966209954,0,validation
1,0.9999999999663562,1,validation
0,0.15029248099858072,0,validation
0,0.3393056083883876,0,validation
0,0.1824283236501882,0,validation
0,0.11030247196546465,0,validation
1,0.9999999999551237,1,validation
0,0.47334400927418463,0,validation
0,0.3739505566003146,0,validation
0,0.09616738981535142,0,validation
1,0.18786411388312957,0,validation
1,0.5021238227586277,1,validation
1,0.2544212564970425,0,validation
1,0.4227534684161823,0,validation
1,0.3887222981398437,0,validation
1,0.9999999998060782,1,validation
0,0.23995945464102414,0,validation
0,0.10450649499834588,0,validation
0,0.14639434798206027,0,validation
0,0.08323132944777173,0,validation
0,0.11463164495871687,0,validation
0,0.4006323798407613,0,validation
1,0.9999999998979543,1,validation
0,0.0815682791411745,0,validation
0,0.24435670307286558,0,validation
1,0.221060285667203,0,validation
0,0.5002346852891806,1,validation
0,0.22191868477729237,0,validation
1,0.04533632693693467,0,validation
0,0.09673407385569979,0,validation
0,0.12812882925448446,0,validation
0,0.04791157891729368,0,validation
0,0.15609460063826797,0,validation
1,0.06606944051370359,0,validation
0,0.17424029610198555,0,validation
0,0.12084331493153375,0,validation
1,0.3220511782970669,0,validation
0,0.18706086738100286,0,validation
0,0.22764074256327535,0,validation
0,0.18228446427486905,0,validation
1,0.9999999999389528,1,validation
0,0.1369377624297962,0,validation
0,0.2310815486566373,0,validation
1,0.2064934795002278,0,validation
0,0.5085683192034707,1,validation
0,0.13678424479947024,0,validation
0,0.1929624725110658,0,validation
0,0.31971649002575275,0,validation
0,0.17751340454562903,0,validation
1,0.3296470365527487,0,validation
1,0.9999999999972142,1,validation
0,0.13987017832423299,0,validation
0,0.09079715028787809,0,validation
0,0.21889851212560257,0,validation
0,0.05163617147116063,0,validation
0,0.2852032076763055,0,validation
0,0.2446953278526228,0,validation
1,0.42737573899519904,0,validation
0,0.13998937291346902,0,validation
0,0.20945738217703444,0,validation
0,0.1191858643475231,0,validation
0,0.060382948677067824,0,validation
0,0.30167402403325166,0,validation
0,0.07462972073112131,0,validation
0,0.2645293112783099,0,validation
1,0.10954619737783093,0,validation
0,0.15386401674590922,0,validation
0,0.3392686189574044,0,validation
0,0.10505344165760154,0,validation
0,0.1450925549266859,0,validation
0,0.09693457045944298,0,validation
0,0.04139859321947659,0,validation
0,0.2729744231497031,0,validation
0,0.2686004743998621,0,validation
0,0.0990759770953967,0,validation
0,0.23377313986399112,0,validation
0,0.20918664677300028,0,validation
1,0.9999999999251135,1,validation
0,0.058588647000447885,0,validation
0,0.17711557777421286,0,validation
0,0.17607672753006684,0,validation
0,0.14402414630872182,0,validation
0,0.24200507335903082,0,validation
1,0.2928390302756042,0,validation
0,0.10563416822330869,0,validation
1,0.9999999999600255,1,validation
0,0.20286413415903926,0,validation
0,0.3041658380115162,0,validation
0,0.2090314247003757,0,validation
0,0.14828900632580824,0,validation
0,0.07322148658841189,0,validation
0,0.12370632931779357,0,validation
0,0.3045718371380891,0,validation
1,0.999999999927182,1,validation
0,0.19587640930974323,0,validation
1,0.9999999999486808,1,validation
0,0.14245242201810895,0,validation
1,0.6980227312967526,1,validation
0,0.11883318767442497,0,validation
0,0.12754458290352838,0,validation
1,0.999999999996287,1,validation
0,0.07184281529420225,0,validation
0,0.22504462807615216,0,validation
0,0.16898311960047524,0,validation
0,0.1425731700003009,0,validation
1,0.11170005332022558,0,validation
0,0.21349993137014225,0,validation
0,0.08994010316654164,0,validation
0,0.19719664274575618,0,validation
0,0.24039788544147692,0,validation
1,0.9999999998948408,1,validation
0,0.25153227499092257,0,validation
0,0.18910768833591915,0,validation
0,0.27098145337580515,0,validation
1,0.1327484602717756,0,validation
0,0.13740944303641936,0,validation
0,0.22841040891975845,0,validation
0,0.05487346324495194,0,validation
0,0.3424196483424463,0,validation
1,0.10283115941391355,0,validation
0,0.1362876625456572,0,validation
0,0.45942146425002744,0,validation
0,0.044397897226038416,0,validation
0,0.19963914861695334,0,validation
0,0.19438036953527887,0,validation
0,0.08941746482216276,0,validation
1,0.3453797389741387,0,validation
0,0.22178623794460448,0,validation
0,0.15140964864263168,0,validation
0,0.18211622048783768,0,validation
0,0.10474722880700378,0,validation
0,0.2178537414898077,0,validation
0,0.7875352586733405,1,validation
1,0.6545222003132473,1,validation
0,0.16479119923836935,0,validation
0,0.13964089630981436,0,validation
0,0.36714672604393284,0,validation
0,0.321812695787049,0,validation
1,0.9999999999792817,1,validation
0,0.21931040987287753,0,validation
0,0.3454451753160499,0,validation
0,0.24080609969793296,0,validation
1,0.13188037373028855,0,validation
1,0.1249631376405543,0,validation
0,0.2420638041275182,0,validation
1,0.26824116548218835,0,validation
0,0.2078090967980058,0,validation
0,0.06885313981260682,0,validation
0,0.0811121493992731,0,validation
0,0.17244591390533984,0,validation
0,0.1051063486406385,0,validation
1,0.2649936470934812,0,validation
0,0.13879573961344627,0,validation
0,0.15626289915038835,0,validation
0,0.23209340160772488,0,validation
0,0.2461361376122229,0,validation
0,0.13882228607459568,0,validation
0,0.2179007891591344,0,validation
0,0.10576392089444646,0,validation
0,0.09360686894380865,0,validation
0,0.22270911667957888,0,validation
0,0.06950195989932303,0,validation
1,0.23850413428517775,0,validation
0,0.1999127405754581,0,validation
1,0.24157538520656097,0,validation
0,0.20323048911142777,0,validation
1,0.9999999999078522,1,validation
0,0.21490353598310755,0,validation
1,0.09023848813189801,0,validation
0,0.26106373184253434,0,validation
0,0.2759015387243399,0,validation
0,0.07645126393910728,0,validation
0,0.11441258941626446,0,validation
0,0.23238199543975702,0,validation
0,0.48495154510670846,0,validation
0,0.11070859135485207,0,validation
1,0.9999999999975537,1,validation
0,0.13325175681676463,0,validation
0,0.2210289459257721,0,validation
0,0.1806326370424793,0,validation
1,0.28454927562019233,0,validation
1,0.12905157180878948,0,validation
1,0.49246789389974777,0,validation
0,0.22079263763843335,0,validation
0,0.09408845701864774,0,validation
0,0.371501759544319,0,validation
1,0.2767937838949421,0,validation
1,0.3322126106229001,0,validation
0,0.15741305505926215,0,validation
0,0.1692946507367019,0,validation
1,0.25775481097252556,0,validation
0,0.467437589264132,0,validation
1,0.12293624920866897,0,validation
0,0.35420077867004046,0,validation
0,0.11593551807979713,0,validation
0,0.523421117914885,1,validation
1,0.9999999999607507,1,validation
0,0.20227670837321673,0,validation
1,0.1210763397240308,0,validation
0,0.22366002210115213,0,validation
1,0.2944367546023955,0,validation
1,0.9999999999781295,1,validation
0,0.29790339217902784,0,validation
0,0.18031981072037687,0,validation
0,0.323667142615996,0,validation
1,0.999999999946982,1,validation
0,0.2511544830717224,0,validation
0,0.12136654850542895,0,validation
0,0.3669041308405736,0,validation
0,0.10959186410553363,0,validation
0,0.10946727875571795,0,validation
0,0.21830448898095536,0,validation
1,0.4165703707000237,0,validation
1,0.9999999999670182,1,validation
0,0.08280386125876799,0,validation
0,0.45937598388589806,0,validation
0,0.07603902780570604,0,validation
0,0.30850338147939066,0,validation
0,0.25333731742046883,0,validation
0,0.18673871650683274,0,validation
1,0.15941402079578004,0,validation
0,0.09241057444559228,0,validation
0,0.3088381457399432,0,validation
0,0.07560601878860365,0,validation
1,0.43638599078109763,0,validation
1,0.9999999999860201,1,validation
0,0.13172520384029884,0,validation
0,0.33881423052237397,0,validation
0,0.15777932014491283,0,validation
1,0.9999999998370575,1,validation
1,0.20176911641468906,0,validation
0,0.11060671797656182,0,validation
0,0.4558884102216057,0,validation
0,0.19159137599445064,0,validation
1,0.19810486834143343,0,validation
0,0.1069437066537948,0,validation
0,0.19611622084319993,0,validation
1,0.999999999917577,1,validation
1,0.9999999999594329,1,validation
0,0.3119909208265697,0,validation
0,0.1586973516465008,0,validation
0,0.21246773431957616,0,validation
0,0.12355638579728119,0,validation
0,0.22344333536011832,0,validation
0,0.28426400841500465,0,validation
0,0.15615139525346236,0,validation
0,0.1916191120955437,0,validation
0,0.1613719702431862,0,validation
0,0.2641983465350562,0,validation
0,0.13629326936185002,0,validation
0,0.1849406718230306,0,validation
0,0.22976860121704035,0,validation
0,0.3720338894499615,0,validation
0,0.21520434951175915,0,validation
0,0.24546667857308152,0,validation
0,0.7756704098559271,1,validation
0,0.12793954853655926,0,validation
1,0.416791029433499,0,validation
0,0.0992777630628956,0,validation
0,0.10603745417924244,0,validation
0,0.23403389957916731,0,validation
0,0.2785100530191081,0,validation
1,0.21880010339681122,0,validation
0,0.06264279649177122,0,validation
0,0.18949561810837887,0,validation
0,0.0924729203437352,0,validation
0,0.311320913295481,0,validation
0,0.17958376546785706,0,validation
0,0.15404037429096584,0,validation
0,0.1594982883795132,0,validation
1,0.1466750995321537,0,validation
0,0.2530489444627398,0,validation
0,0.1911175083781814,0,validation
0,0.28611139698530713,0,validation
0,0.11210745851869319,0,validation
0,0.05285786755287351,0,validation
0,0.20215365992298098,0,validation
0,0.32379564550133916,0,validation
1,0.9999999999509275,1,validation
0,0.18818470934498738,0,validation
0,0.09892406830600085,0,validation
0,0.05663307258414772,0,validation
0,0.08590510913656987,0,validation
0,0.19509296679039756,0,validation
0,0.29222575679620844,0,validation
0,0.2008077740707104,0,validation
0,0.29697138009257595,0,validation
1,0.9999999999955731,1,validation
0,0.8530963187803196,1,validation
1,0.9999999999817539,1,validation
0,0.5736026581789317,1,validation
0,0.3209153884680062,0,validation
0,0.10050944293753915,0,validation
0,0.08846034081794747,0,validation
0,0.4058224527046525,0,validation
0,0.1409641755736578,0,validation
0,0.1672272482695324,0,validation
0,0.06226996829620422,0,validation
1,0.3115997520072504,0,validation
0,0.1989707560940807,0,validation
0,0.17212195709608702,0,validation
0,0.2676678537444742,0,validation
0,0.13362273991231202,0,validation
0,0.23530280771918768,0,validation
0,0.04717173942423067,0,validation
0,0.12547336262490907,0,validation
0,0.09155419380182138,0,validation
0,0.3415945248637482,0,validation
0,0.16125523426771374,0,validation
0,0.22049861976186805,0,validation
0,0.04083532648603356,0,validation
0,0.09103749372467217,0,validation
0,0.11401863674197331,0,validation
0,0.07746625492932746,0,validation
1,0.9999999999833433,1,validation
0,0.2811297494874065,0,validation
1,0.16522353130616463,0,validation
0,0.16094234797989054,0,validation
0,0.389577918576161,0,validation
0,0.11151527695239492,0,validation
0,0.2658076859087582,0,validation
0,0.2287631384493705,0,validation
1,0.9999999999611102,1,validation
0,0.1851487570479185,0,validation
1,0.3771296201607555,0,validation
0,0.09449715865340615,0,validation
0,0.10633699261403767,0,validation
0,0.21280601482626615,0,validation
0,0.1027086260137741,0,validation
1,0.9999999999648896,1,validation
1,0.9999999999428215,1,validation
0,0.09818249703343067,0,validation
0,0.15647114446815594,0,validation
0,0.17076088808789147,0,validation
0,0.07341702686165921,0,validation
0,0.21727939587872067,0,validation
1,0.9999999999477298,1,validation
1,0.30542051287310495,0,validation
1,0.9999999999908591,1,validation
0,0.06524038009436756,0,validation
0,0.12521161523014565,0,validation
0,0.17366556138346906,0,validation
1,0.3117885894644328,0,validation
0,0.4085564990069089,0,validation
0,0.13305693071844207,0,validation
0,0.13220650245411883,0,validation
0,0.12768119419934393,0,validation
0,0.17548516638119374,0,validation
0,0.1257571132933149,0,validation
0,0.19756933135488072,0,validation
0,0.29615790332319575,0,validation
0,0.1080895191695593,0,validation
0,0.26300658046418723,0,validation
0,0.15437775265029455,0,validation
0,0.2774133484201195,0,validation
0,0.06309091201623807,0,validation
1,0.9999999999672933,1,validation
0,0.5071599461567985,1,validation
0,0.4727855335831858,0,validation
0,0.1311654101785952,0,validation
0,0.11552311817566749,0,validation
0,0.23087926511806756,0,validation
0,0.17116614343815775,0,validation
0,0.20017200749034775,0,validation
0,0.16491270547643916,0,validation
0,0.25872686358130914,0,validation
0,0.09853545832902538,0,validation
1,0.9999999999547216,1,validation
1,0.9999999999771108,1,validation
1,0.2747597665768416,0,validation
0,0.1694366844996805,0,validation
1,0.4083704636775376,0,validation
0,0.060335805139214355,0,validation
0,0.12120659296694349,0,validation
0,0.06112595271964921,0,validation
1,0.1734243398347257,0,validation
1,0.10536577141203901,0,validation
0,0.1604257602040531,0,validation
0,0.35619083172734345,0,validation
0,0.1033038870083505,0,validation
0,0.10656924099965,0,validation
1,0.6440847716297646,1,validation
0,0.09258597289029537,0,validation
0,0.37409770336339937,0,validation
0,0.1644318963562138,0,validation
0,0.06758842765724613,0,validation
0,0.05695595498168057,0,validation
0,0.1280568173797325,0,validation
1,0.8134216532305542,1,validation
0,0.10379592269463848,0,validation
1,0.31347459050249515,0,validation
0,0.23791685377444796,0,validation
0,0.19634601726085793,0,validation
1,0.39198794762100264,0,validation
0,0.13430817116612576,0,validation
0,0.12584890790845976,0,validation
0,0.19939794007531553,0,validation
1,0.9999999999472793,1,validation
1,0.1266921658004256,0,validation
0,0.40239794702316806,0,validation
0,0.2019970024099004,0,validation
0,0.07223362123208091,0,validation
0,0.7952114921845906,1,validation
0,0.1261259546814893,0,validation
0,0.2709967245263281,0,validation
0,0.18326725092878138,0,validation
0,0.22258540697628576,0,validation
0,0.23194295344417282,0,validation
1,0.20950014150839455,0,validation
0,0.1364782705494643,0,validation
0,0.0871959261012966,0,validation
0,0.11909590345752274,0,validation
0,0.3573414591588923,0,validation
0,0.12913422649497452,0,validation
1,0.6607542154287179,1,validation
1,0.9999999999865179,1,validation
0,0.14699374481022442,0,validation
1,0.10891724370754988,0,validation
1,0.9999999998953633,1,validation
0,0.18580084090093113,0,validation
0,0.06474621276774135,0,validation
0,0.3453318456355139,0,validation
0,0.08010165602576164,0,validation
0,0.0901733938880979,0,validation
0,0.29656552622818066,0,validation
0,0.0838646857876279,0,validation
0,0.057073641565253685,0,validation
1,0.18133519725894598,0,validation
0,0.11765793340631876,0,validation
1,0.9999999999167213,1,validation
1,0.5493780073466027,1,validation
0,0.058316715980768444,0,validation
0,0.13162052587517756,0,validation
1,0.18178886420574653,0,validation
0,0.14872572005657,0,validation
0,0.24304274254172953,0,validation
1,0.999999999993139,1,validation
1,0.9999999999450022,1,validation
0,0.10848955251683395,0,validation
0,0.20149917443392598,0,validation
0,0.12651066155021123,0,validation
0,0.18908322249955198,0,validation
0,0.12713112456521836,0,validation
1,0.7521572529166506,1,validation
0,0.3576356417693112,0,validation
0,0.11835878327043041,0,validation
1,0.4654209086042035,0,validation
1,0.9999999999958389,1,validation
0,0.11248009189349427,0,validation
0,0.39741235570721567,0,validation
1,0.9999999999590663,1,validation
1,0.16161131495034076,0,validation
1,0.999999999946672,1,validation
0,0.23531932367418243,0,validation
0,0.18124467216265297,0,validation
0,0.2222413426529181,0,validation
0,0.15538273214445822,0,validation
0,0.10111052715659184,0,validation
1,0.3406214916694621,0,validation
0,0.15738700050238552,0,test
0,0.3272368834123275,0,test
0,0.23026779014470808,0,test
0,0.18016523214409905,0,test
1,0.9999999999311455,1,test
1,0.9999999999707807,1,test
1,0.9999999999918374,1,test
1,0.21015442270647192,0,test
0,0.080078596806372,0,test
0,0.17395872486390032,0,test
1,0.28128616697302206,0,test
0,0.06887104561105753,0,test
1,0.14912831191244239,0,test
0,0.18741986160187146,0,test
1,0.9999999999239775,1,test
1,0.24830432793492158,0,test
0,0.1954685459720124,0,test
0,0.06128905429620746,0,test
0,0.11946102968513997,0,test
0,0.27431268889154936,0,test
0,0.08326155364613598,0,test
0,0.06705507703012356,0,test
0,0.12831483028395443,0,test
1,0.22189292920414988,0,test
0,0.24704499455175913,0,test
1,0.420394965512139,0,test
0,0.25992827629639165,0,test
0,0.06819543021778215,0,test
0,0.2773496951035693,0,test
1,0.9999999999921629,1,test
0,0.1083933330219091,0,test
1,0.34105821861917346,0,test
0,0.07914935830185056,0,test
0,0.06920269578037996,0,test
0,0.3202435647365277,0,test
1,0.9999999999258438,1,test
0,0.2356576381172637,0,test
0,0.18265560661702174,0,test
0,0.23941638436427698,0,test
0,0.20039981022994202,0,test
0,0.2021161381136198,0,test
0,0.14199736770242605,0,test
0,0.3445748335915127,0,test
0,0.10138330637537397,0,test
0,0.6249452658104967,1,test
0,0.1936438840299238,0,test
0,0.09152491973451882,0,test
1,0.1402606741857486,0,test
0,0.04331749837912398,0,test
0,0.20065082661016606,0,test
0,0.13848368215636628,0,test
0,0.14799572998391136,0,test
0,0.2198936107155451,0,test
1,0.37391558532091146,0,test
0,0.2564612053409232,0,test
0,0.12012178572684458,0,test
1,0.9999999999577924,1,test
0,0.062149948745031006,0,test
0,0.3360895107411645,0,test
0,0.161250446853412,0,test
0,0.15212902551751556,0,test
0,0.10630330722509562,0,test
0,0.10845627338742941,0,test
1,0.9999999998907185,1,test
0,0.09259578614239283,0,test
0,0.20121237856501104,0,test
0,0.1255054302106438,0,test
0,0.14738117010592602,0,test
0,0.14238372748425968,0,test
0,0.2998215007495228,0,test
1,0.2965254296620848,0,test
1,0.2944829674318929,0,test
0,0.10845433004562964,0,test
0,0.10689863995206254,0,test
0,0.136903784021509,0,test
0,0.1688652870326184,0,test
1,0.44340911032484603,0,test
0,0.2025512046411582,0,test
0,0.24448350396127355,0,test
1,0.43612583752607725,0,test
0,0.3761893038933346,0,test
1,0.9999999999352367,1,test
1,0.9999999999933677,1,test
0,0.057788832613779095,0,test
0,0.17858432255717527,0,test
0,0.16451773995780394,0,test
1,0.4629864794845008,0,test
0,0.1695831008936585,0,test
0,0.19199463109153886,0,test
0,0.2145105441917709,0,test
0,0.14072796501055806,0,test
0,0.21675536343662485,0,test
0,0.12794504525711436,0,test
0,0.07970825063644223,0,test
0,0.3049267453462512,0,test
0,0.13788962997640758,0,test
1,0.9999999999693163,1,test
0,0.10392367457968596,0,test
1,0.06991239898771597,0,test
0,0.15064969056097943,0,test
1,0.9999999999467426,1,test
1,0.2519760730412961,0,test
0,0.10946781839108087,0,test
0,0.18513089899401053,0,test
1,0.37802704684557337,0,test
0,0.29466333300125824,0,test
1,0.9999999999327409,1,test
1,0.32026155337918155,0,test
1,0.09732767187408278,0,test
0,0.1752275789026089,0,test
1,0.1122358656248344,0,test
1,0.9999999999918179,1,test
0,0.19260397483386493,0,test
0,0.22484559581939403,0,test
0,0.20516440011744397,0,test
0,0.3337703433241893,0,test
0,0.14285615188094447,0,test
0,0.2712916221666702,0,test
0,0.24293996636351686,0,test
0,0.33633406347417244,0,test
0,0.380489331445985,0,test
1,0.9999999999965943,1,test
1,0.9999999999858704,1,test
0,0.09053348354346996,0,test
0,0.13892388391171726,0,test
0,0.19594622247072116,0,test
0,0.3490224863230567,0,test
1,0.9999999998780058,1,test
1,0.9999999999652203,1,test
0,0.47754151920398635,0,test
1,0.9999999999393483,1,test
1,0.9999999999618225,1,test
0,0.1696525403734785,0,test
0,0.23277300079932584,0,test
0,0.4482647900286377,0,test
1,0.3579276979301479,0,test
1,0.9999999999297173,1,test
0,0.25796993531736956,0,test
0,0.27476764980355334,0,test
1,0.9999999998645956,1,test
0,0.10015654693033564,0,test
0,0.17800079945270264,0,test
0,0.26095917359976833,0,test
1,0.7091612592344182,1,test
0,0.1894449641700326,0,test
0,0.18338455035334655,0,test
0,0.21188599525295593,0,test
1,0.1652060505055034,0,test
0,0.06940597610312435,0,test
0,0.31496673477974163,0,test
0,0.1687105254721453,0,test
1,0.23387035251332322,0,test
0,0.22052656697066186,0,test
0,0.2056436875956696,0,test
0,0.3711281253229574,0,test
0,0.12999429939689958,0,test
0,0.1891140687339226,0,test
0,0.5122323591254925,1,test
0,0.06525270885667976,0,test
0,0.07106206138318417,0,test
0,0.14373203078648258,0,test
0,0.1217508991904257,0,test
0,0.13379435973111134,0,test
0,0.10917477269765369,0,test
0,0.23215631771049552,0,test
1,0.2883756694023326,0,test
0,0.15416536259380484,0,test
0,0.11062534075253164,0,test
0,0.3842924363005466,0,test
0,0.06074696658875447,0,test
0,0.12903949862051523,0,test
0,0.1726414919891237,0,test
0,0.13998408740441826,0,test
0,0.30484768567835313,0,test
0,0.18631125106341823,0,test
0,0.19553858057808426,0,test
0,0.11589062597057681,0,test
0,0.20933916627865484,0,test
0,0.35468338846503944,0,test
0,0.21963051460406177,0,test
1,0.9999999999912059,1,test
0,0.19548076816105428,0,test
0,0.14202882214640256,0,test
0,0.197178292581009,0,test
0,0.3149970485930422,0,test
0,0.12774151346674464,0,test
1,0.18132111854943378,0,test
0,0.16415818323605338,0,test
1,0.2728672282864131,0,test
0,0.11012640054155068,0,test
0,0.2539275370246129,0,test
0,0.2635465108878786,0,test
1,0.06367823247500017,0,test
0,0.08554230387199921,0,test
1,0.9999999999715654,1,test
0,0.06749153425090137,0,test
0,0.1491776094219062,0,test
1,0.10061389595845098,0,test
0,0.5299159675515462,1,test
1,0.27548428105685613,0,test
0,0.2340199089749621,0,test
1,0.23578291764667986,0,test
1,0.39650062817408255,0,test
0,0.2046889976731562,0,test
0,0.11170775518892823,0,test
1,0.38234201658393563,0,test
0,0.19006426770848636,0,test
0,0.29146789784868765,0,test
0,0.11525304424705478,0,test
0,0.18349230040565728,0,test
0,0.11524345505536437,0,test
1,0.5152914409904112,1,test
1,0.21159664991059735,0,test
0,0.2068964975886397,0,test
0,0.21287288145942737,0,test
0,0.259077692319618,0,test
1,0.9999999999500611,1,test
0,0.3858082729276412,0,test
1,0.4345158359999278,0,test
0,0.025346295521574802,0,test
0,0.10766231207474576,0,test
0,0.07710327059814717,0,test
0,0.08048158795849024,0,test
0,0.20968573498810014,0,test
0,0.1902890285546397,0,test
0,0.2773896878361474,0,test
1,0.9999999999817373,1,test
0,0.15491880283522577,0,test
0,0.13153043559008415,0,test
0,0.0982565627754181,0,test
0,0.20241619495718557,0,test
0,0.17846461567589827,0,test
0,0.2390801234789195,0,test
1,0.999999999929859,1,test
0,0.06941413525884163,0,test
0,0.1604696041146949,0,test
0,0.10027131003847461,0,test
0,0.2290926987267343,0,test
0,0.14405097768563935,0,test
0,0.22188448284776735,0,test
0,0.12113516856070608,0,test
0,0.11854472594597791,0,test
0,0.2976535453391443,0,test
1,0.9999999998788829,1,test
0,0.2530486786627504,0,test
1,0.10026546142801962,0,test
1,0.2913844478145395,0,test
1,0.9999999999696974,1,test
0,0.04692970560461702,0,test
0,0.20456484081725482,0,test
0,0.14932883690244694,0,test
0,0.33995576548538164,0,test
0,0.33820034217483586,0,test
1,0.26211274456056805,0,test
0,0.5816234364602219,1,test
1,0.9999999999056468,1,test
1,0.9999999999584961,1,test
0,0.23828378145726092,0,test
1,0.9999999999899096,1,test
1,0.999999999938497,1,test
0,0.1717572301117544,0,test
1,0.1323644209223709,0,test
0,0.09754451751960236,0,test
0,0.4359775154423241,0,test
0,0.06094794471115894,0,test
0,0.3684272295661948,0,test
1,0.9999999999450861,1,test
1,0.19314046217199957,0,test
1,0.15298733066646958,0,test
0,0.06697117819297733,0,test
0,0.17637405630085842,0,test
0,0.07709279322313001,0,test
0,0.1171853345727462,0,test
1,0.3782655522740795,0,test
0,0.0804420558125498,0,test
0,0.49987973816612485,0,test
1,0.2186887698355114,0,test
0,0.10783340161537905,0,test
0,0.16485468806540687,0,test
0,0.41258785469217124,0,test
1,0.9999641782925198,1,test
0,0.10541191982285371,0,test
0,0.16029834819030514,0,test
0,0.16165798702572687,0,test
0,0.13936678425103202,0,test
0,0.07136671753656641,0,test
0,0.08359485431034445,0,test
0,0.06449438114312078,0,test
1,0.9999999999141667,1,test
0,0.10483622542033992,0,test
0,0.17002959960825456,0,test
1,0.9999999999361413,1,test
0,0.30267512906863725,0,test
0,0.05106378612214994,0,test
0,0.46729404617573767,0,test
0,0.1689696724521438,0,test
0,0.23748270833485183,0,test
1,0.12322375521550982,0,test
0,0.15133118206062326,0,test
0,0.038687929854230384,0,test
0,0.12643579268985639,0,test
0,0.28962448103417143,0,test
0,0.12681613532792937,0,test
0,0.10098119148714557,0,test
0,0.2900597232656359,0,test
0,0.11504090790210438,0,test
0,0.1077951910910091,0,test
0,0.08523745843571037,0,test
0,0.12473153953430875,0,test
1,0.3748716103508944,0,test
0,0.20257189126900538,0,test
1,0.9999999999217106,1,test
0,0.13260468396512662,0,test
1,0.2845299501494019,0,test
0,0.35844625693828724,0,test
0,0.2771519851430794,0,test
1,0.999999999962228,1,test
0,0.16007824984196095,0,test
0,0.27011712096122376,0,test
1,0.2721318099354877,0,test
0,0.20352120534923065,0,test
1,0.6315265781526864,1,test
0,0.3935707009625005,0,test
0,0.15708198442938365,0,test
0,0.06113055411755014,0,test
0,0.4382354667951951,0,test
0,0.2721752915015462,0,test
0,0.279347478880736,0,test
0,0.0842756398533957,0,test
1,0.29346226597571756,0,test
0,0.3497339644274669,0,test
1,0.14872472433721579,0,test
0,0.19199381986756833,0,test
1,0.2176998021861896,0,test
0,0.1787000047853377,0,test
0,0.16297946143404374,0,test
0,0.2492778888462622,0,test
0,0.13748755005542404,0,test
0,0.13703221843727892,0,test
1,0.9999999998864733,1,test
0,0.04450350104816568,0,test
1,0.7057864354703809,1,test
0,0.10912808667943201,0,test
1,0.9999999998410574,1,test
0,0.10880583510540902,0,test
0,0.3389436674108209,0,test
1,0.9999999999604594,1,test
0,0.10735983726094757,0,test
0,0.15934848025058798,0,test
0,0.09756974623960672,0,test
0,0.1193377184365427,0,test
1,0.0691193185683589,0,test
0,0.2110068982082515,0,test
0,0.13256930011640422,0,test
0,0.23542274762084486,0,test
1,0.39759711157642763,0,test
0,0.49163354388440744,0,test
0,0.1953192061282736,0,test
0,0.57228966415273,1,test
1,0.9999999999560247,1,test
0,0.12504021729792494,0,test
1,0.2508030967971755,0,test
0,0.11987386574353354,0,test
0,0.20232685795096553,0,test
0,0.38605496250695676,0,test
0,0.215386464944361,0,test
0,0.2664836638777997,0,test
0,0.15877419277520632,0,test
0,0.2400181973412628,0,test
1,0.43441791343951813,0,test
1,0.8621358886832028,1,test
0,0.2989819572531035,0,test
0,0.29164079558242245,0,test
0,0.24850342466094572,0,test
0,0.2034044035692775,0,test
1,0.9999999999498148,1,test
0,0.31463497069458396,0,test
0,0.16026579450498854,0,test
0,0.0800395471447838,0,test
1,0.9999999999550142,1,test
1,0.9999999999594338,1,test
1,0.15238921514087173,0,test
0,0.12161863984670403,0,test
1,0.9999999999427986,1,test
0,0.07442497807218594,0,test
1,0.3461156775765576,0,test
0,0.5037211180851588,1,test
0,0.16286097379713152,0,test
0,0.14584433392790716,0,test
0,0.24703144057054566,0,test
0,0.6149878707367139,1,test
0,0.1937947244656285,0,test
0,0.08243201547460365,0,test
0,0.08583527355137398,0,test
0,0.0735370085854591,0,test
0,0.2394978186864764,0,test
0,0.45364850166998777,0,test
0,0.24333527234859484,0,test
0,0.1975402330780294,0,test
1,0.4203213026612468,0,test
0,0.08913124388076546,0,test
1,0.2865528156300282,0,test
0,0.21353309794956754,0,test
1,0.3878624512934385,0,test
0,0.0885844035553719,0,test
0,0.10206356325939772,0,test
1,0.999999999941874,1,test
0,0.08019385057362217,0,test
0,0.15791379358574728,0,test
0,0.13099186957807976,0,test
0,0.11326862501363992,0,test
0,0.3059394618819772,0,test
0,0.1852261231079853,0,test
0,0.2312403584486159,0,test
0,0.27364180711988356,0,test
0,0.20872337176112027,0,test
0,0.255019591829724,0,test
0,0.3658101510810401,0,test
0,0.04588095808788311,0,test
0,0.11192202620987944,0,test
1,0.45592584332466723,0,test
0,0.25571351908493173,0,test
0,0.16465307854177172,0,test
0,0.14621462589600523,0,test
0,0.09799950837218648,0,test
1,0.15897355346252284,0,test
0,0.2785755907170114,0,test
0,0.15322604908433599,0,test
1,0.14491243196211778,0,test
1,0.999999999911491,1,test
0,0.11139439722189907,0,test
1,0.47325524880887787,0,test
0,0.1627123005971658,0,test
1,0.8809497282348484,1,test
1,0.1693224101699854,0,test
1,0.24424427502481416,0,test
0,0.18021269714571075,0,test
1,0.9999999999757438,1,test
0,0.05402276057294273,0,test
0,0.5442843938726224,1,test
0,0.1299834284081773,0,test
0,0.152742836825077,0,test
0,0.2968803136398314,0,test
0,0.09348882480213266,0,test
0,0.04460775849490194,0,test
1,0.99999999993997,1,test
0,0.12658148097842237,0,test
0,0.473501986451736,0,test
0,0.2203137426226811,0,test
0,0.27896832270342964,0,test
0,0.11953983644905306,0,test
1,0.9999999999558582,1,test
0,0.10334987745406433,0,test
0,0.30063409369251726,0,test
0,0.1818458501359461,0,test
1,0.6606197552681339,1,test
1,0.2470626754273681,0,test
0,0.07176708799913416,0,test
0,0.1535280390120231,0,test
0,0.08096300421898235,0,test
0,0.24815504811125674,0,test
0,0.2664961284044161,0,test
0,0.1899432231255373,0,test
0,0.2188132557576547,0,test
1,0.4043913286441709,0,test
0,0.14024521410828034,0,test
0,0.06648423316258656,0,test
0,0.22857750103356092,0,test
0,0.34874482044609284,0,test
0,0.13975598961675725,0,test
1,0.42217894487160373,0,test
0,0.22516294579739476,0,test
0,0.18440998567130085,0,test
1,0.20173976558647763,0,test
1,0.9999999999593487,1,test
0,0.16313189246523951,0,test
0,0.17968724726312532,0,test
1,0.9999999999319342,1,test
0,0.2538543936009691,0,test
1,0.5289879303996521,1,test
0,0.13508825465315374,0,test
1,0.999999999942141,1,test
0,0.07996812614434674,0,test
1,0.3310458991768575,0,test
0,0.329975021268522,0,test
0,0.11883581948869688,0,test
0,0.2763217954529681,0,test
1,0.9999999999711138,1,test
0,0.16866793557919804,0,test
0,0.18117208253962266,0,test
1,0.08144834478239468,0,test
0,0.15158223080124683,0,test
0,0.07581818862165525,0,test
0,0.26947199866700555,0,test
0,0.33533695678198144,0,test
0,0.16675203938088923,0,test
0,0.15061594098579975,0,test
0,0.24317310518116175,0,test
0,0.15566392092771816,0,test
0,0.30411025228720734,0,test
0,0.22383014599618228,0,test
1,0.9999999999935576,1,test
1,0.16159404077847578,0,test
0,0.15453027975945752,0,test
1,0.4185621154462975,0,test
0,0.24404368044033353,0,test
1,0.9999999999680618,1,test
0,0.15913641980557067,0,test
0,0.25789538468049383,0,test
0,0.09211789015269536,0,test
0,0.18744771231066462,0,test
0,0.26999853920335154,0,test
0,0.24865450953838517,0,test
0,0.07967479344574899,0,test
0,0.2377699351099652,0,test
0,0.11223512630227134,0,test
1,0.9999999999916698,1,test
0,0.45785884507655217,0,test
0,0.2101768316945702,0,test
1,0.37744843396734373,0,test
0,0.20677298866214514,0,test
0,0.12254268795549092,0,test
1,0.3379715810471991,0,test
1,0.6577052454331844,1,test
0,0.2048041582300087,0,test
0,0.16772875802561757,0,test
1,0.0920258890673387,0,test
0,0.36133235107017536,0,test
0,0.21139700880288045,0,test
1,0.5154933953509078,1,test
0,0.21161958733265698,0,test
0,0.31108256472582474,0,test
0,0.2610288577811097,0,test
0,0.20798799299924134,0,test
0,0.2342337127930746,0,test
1,0.202834215981882,0,test
0,0.1128029958878453,0,test
0,0.34282859394381415,0,test
1,0.2735921285248287,0,test
0,0.07570498423738928,0,test
0,0.18839609686326944,0,test
0,0.041450557907482054,0,test
0,0.11263673417257132,0,test
0,0.09305821801640639,0,test
0,0.30832633501059326,0,test
0,0.38396344474347016,0,test
0,0.17830420139056685,0,test
1,0.9999999999424685,1,test
0,0.051015325844733755,0,test
0,0.5344854323377002,1,test
0,0.5343023503291594,1,test
0,0.19489152583266062,0,test
1,0.9999999999612823,1,test
0,0.23878968940991072,0,test
1,0.7306623170590354,1,test
0,0.08205946700687225,0,test
0,0.2261390856141769,0,test
1,0.9999999999962517,1,test
0,0.18543850908089501,0,test
0,0.6279455234615586,1,test
0,0.28252200840836356,0,test
0,0.13102618981542588,0,test
0,0.2292098139712901,0,test
0,0.1312353295633568,0,test
0,0.19488581659037152,0,test
0,0.29439045582330337,0,test
0,0.2537230468867158,0,test
0,0.03305485554106551,0,test
0,0.2435177617170788,0,test
0,0.15491858621212592,0,test
1,0.6455397141438891,1,test
0,0.2584642870063543,0,test
0,0.33296196418429763,0,test
0,0.05752333991968938,0,test
0,0.2114931806753186,0,test
0,0.23245871501845264,0,test
0,0.12722603387498702,0,test
1,0.9999999999710059,1,test
0,0.14127890058597048,0,test
0,0.09737128072180973,0,test
0,0.08953279596070139,0,test
0,0.10497111961671747,0,test
0,0.3791522237934458,0,test
0,0.2453549155882082,0,test
0,0.11451556488478723,0,test
0,0.15206414085370684,0,test
0,0.09956195425771046,0,test
0,0.19221538368974955,0,test
0,0.17900884802605996,0,test
0,0.11244344206514366,0,test
0,0.19085962017198477,0,test
0,0.18209701323167735,0,test
0,0.17656181061398743,0,test
0,0.12601865718722657,0,test
1,0.9999999999575211,1,test
1,0.814069278325569,1,test
0,0.16250216712436436,0,test
0,0.10224384863944531,0,test
0,0.2978443215581401,0,test
0,0.6012459755112354,1,test
1,0.38881111765542864,0,test
0,0.2541771565088622,0,test
0,0.10555904272451858,0,test
0,0.12242505869744802,0,test
1,0.09334784051554598,0,test
1,0.21938646202107187,0,test
0,0.1747726176914222,0,test
0,0.11289527390887973,0,test
0,0.08821103694509659,0,test
1,0.3789318954765913,0,test
1,0.49571631577748054,0,test
0,0.37611494457605954,0,test
0,0.1566692910614739,0,test
0,0.42549554128811984,0,test
0,0.15919720306719326,0,test
0,0.4315359624195973,0,test
0,0.25041336335328973,0,test
0,0.12144308132993442,0,test
1,0.23930510222697268,0,test
0,0.1568815874407442,0,test
1,0.9999999999791098,1,test
1,0.9999999999176417,1,test
0,0.1425930635269748,0,test
0,0.30474324805091374,0,test
0,0.34115434015299373,0,test
1,0.15350167902259207,0,test
0,0.21233596721452588,0,test
1,0.2791555692093816,0,test
1,0.09858162963263245,0,test
0,0.16775960515637256,0,test
0,0.2508890007324264,0,test
0,0.221887307269652,0,test
0,0.6663045756057182,1,test
0,0.3444926357933167,0,test
1,0.9999999999803404,1,test
0,0.19814730453112064,0,test
0,0.09197497255272312,0,test
0,0.20760427619829325,0,test
1,0.9999999999568243,1,test
0,0.20087067197025701,0,test
0,0.2501214678255691,0,test
0,0.13352590395891295,0,test
0,0.19116003796312578,0,test
0,0.13764455181780086,0,test
1,0.16712778106491066,0,test
0,0.2839809550673723,0,test
1,0.053243165438661935,0,test
0,0.14528745063190726,0,test
1,0.9999999999579678,1,test
1,0.9999999999890243,1,test
0,0.20775578153105784,0,test
0,0.1652853164265493,0,test
0,0.08951634041571473,0,test
1,0.37393463418240125,0,test
0,0.06027716845327115,0,test
0,0.1932854531955258,0,test
1,0.9999999999619387,1,test
0,0.03377866708067807,0,test
0,0.04605519956253471,0,test
0,0.34813127098195257,0,test
0,0.36110585958957725,0,test
0,0.42114236986899717,0,test
1,0.16290185702885313,0,test
0,0.21176944275407308,0,test
0,0.23640085741480957,0,test
0,0.11396114680195536,0,test
0,0.1929316922914153,0,test
0,0.4150632953319495,0,test
0,0.26539088149828727,0,test
0,0.12130476028199619,0,test
0,0.33054328980647896,0,test
0,0.05658884116453395,0,test
1,0.1288980597245795,0,test
0,0.07047762670165729,0,test
0,0.2723676747625418,0,test
0,0.2307108295331459,0,test
1,0.8962915425107142,1,test
0,0.17959812501639852,0,test
1,0.8207986639302026,1,test
1,0.3143923140947909,0,test
0,0.09646035820170588,0,test
0,0.07683815146182425,0,test
0,0.1817338851786219,0,test
0,0.20114515942017885,0,test
1,0.9999999999530997,1,test
0,0.2544631336913398,0,test
1,0.2706170788989886,0,test
1,0.9999999999647182,1,test
1,0.15344819570763155,0,test
0,0.22862706995580426,0,test
0,0.10316467210930112,0,test
0,0.4598320576054133,0,test
0,0.17953031267013211,0,test
0,0.1979064472140798,0,test
0,0.16966966594096805,0,test
0,0.12964155200277303,0,test
1,0.26538792427465396,0,test
0,0.0787530984790218,0,test
0,0.20147854178322955,0,test
0,0.19387946799820574,0,test
0,0.10516407777416131,0,test
0,0.15854940455571734,0,test
0,0.2052072689868151,0,test
1,0.4759292799812043,0,test
0,0.12372065577657836,0,test
1,0.36500017675485164,0,test
0,0.13245918103063897,0,test
0,0.31287051635845753,0,test
0,0.13190594014613735,0,test
0,0.12727894487628919,0,test
0,0.2644656860708303,0,test
0,0.06650696296841806,0,test
0,0.19581142531888615,0,test
0,0.10613208922431795,0,test
0,0.2881554669500511,0,test
0,0.22417201954266408,0,test
1,0.876112326348867,1,test
0,0.1087141172917612,0,test
1,0.20824566856460383,0,test
0,0.08567245084712191,0,test
1,0.1990579822516322,0,test
0,0.2032681146226522,0,test
1,0.9999999999597424,1,test
0,0.1095904043231914,0,test
0,0.18662909248912202,0,test
0,0.1916117795998109,0,test
1,0.9999999999971985,1,test
0,0.08552042945541084,0,test
0,0.04195319052030899,0,test
0,0.3619861179446655,0,test
0,0.22375876544060783,0,test
0,0.27140773600438756,0,test
1,0.46242520144400995,0,test
1,0.9999999999902323,1,test
0,0.24126278111904273,0,test
0,0.24461135611136575,0,test
1,0.7621327035212547,1,test
0,0.4638932880836999,0,test
0,0.09875854983462794,0,test
0,0.23752373746052913,0,test
0,0.2642261281150245,0,test
0,0.1798521966418289,0,test
0,0.18316394855910276,0,test
0,0.3547008116127629,0,test
0,0.14086845479475618,0,test
0,0.23311592319796468,0,test
0,0.13079361733300315,0,test
0,0.19658382507684902,0,test
0,0.3626508608027384,0,test
0,0.07601188259805852,0,test
0,0.060408198443376665,0,test
0,0.22693188571774922,0,test
0,0.07736174096877615,0,test
0,0.13617234821484794,0,test
0,0.10265040746457267,0,test
0,0.3224331360210291,0,test
1,0.9999999999698559,1,test
0,0.33592853285863905,0,test
0,0.25370276444427714,0,test
0,0.19438649322702384,0,test
0,0.1535673888464009,0,test
1,0.9999999999857396,1,test
1,0.11052227337852424,0,test
0,0.0947668769180283,0,test
0,0.20699926675225053,0,test
0,0.20544209462768392,0,test
1,0.999999999944907,1,test
0,0.07519473528491195,0,test
1,0.07707727544859251,0,test
1,0.30896152012254824,0,test
0,0.3860686406594606,0,test
0,0.46261364764608576,0,test
0,0.11588735334663192,0,test
0,0.08154163508163786,0,test
0,0.08443574988579819,0,test
0,0.06960029897873388,0,test
0,0.4855581714250133,0,test
0,0.07730463232272979,0,test
0,0.29332031661701796,0,test
0,0.19294732973461107,0,test
1,0.9999999999807285,1,test
0,0.29069533519783675,0,test
1,0.05806703824304752,0,test
0,0.1291788946256906,0,test
1,0.32808440542136436,0,test
0,0.5685788012562814,1,test
0,0.22109597183331703,0,test
0,0.12109829075131502,0,test
1,0.10414579203437392,0,test
0,0.24828073208382742,0,test
0,0.20921425876419164,0,test
0,0.195585886615854,0,test
0,0.25234992353150865,0,test
0,0.47888772893269854,0,test
0,0.08687249789962295,0,test
1,0.9999999999862388,1,test
0,0.12515078372991711,0,test
0,0.332579398694196,0,test
0,0.3747150263843421,0,test
1,0.9999999999774607,1,test
0,0.27493461501994054,0,test
0,0.10405157418531975,0,test
0,0.23102511732889278,0,test
0,0.17950449847298483,0,test
0,0.10614970041171151,0,test
0,0.45475626562151533,0,test
0,0.3371739573450041,0,test
1,0.5853598937571931,1,test
0,0.26421659073737785,0,test
0,0.16228313075359918,0,test
0,0.2565967947441782,0,test
1,0.9999999999966545,1,test
0,0.3214740752747194,0,test
0,0.1322470206921314,0,test
0,0.23147797447245466,0,test
0,0.2542105333446651,0,test
0,0.2529512728510748,0,test
0,0.35297819330319213,0,test
0,0.23005353022241218,0,test
0,0.22538394866938466,0,test
0,0.058573315513107314,0,test
0,0.1759150138876268,0,test
0,0.14580668608741873,0,test
0,0.11656059222075274,0,test
0,0.1242274414636728,0,test
1,0.9999999998770079,1,test
0,0.13743947098248935,0,test
1,0.59644177059035,1,test
0,0.3503260719608523,0,test
1,0.9999999999384832,1,test
1,0.9999999999377887,1,test
1,0.7464059493678261,1,test
1,0.2627423729435804,0,test
0,0.4070794934478693,0,test
0,0.23930928403049004,0,test
0,0.09643045183047695,0,test
0,0.24167246769731732,0,test
0,0.08587921172447126,0,test
0,0.1141762081712321,0,test
0,0.13813291809725162,0,test
0,0.183968637360579,0,test
0,0.06550728926766225,0,test
1,0.9999999998585178,1,test
0,0.12485559213045026,0,test
0,0.08987796609258873,0,test
0,0.09719773791020511,0,test
0,0.199873414255191,0,test
1,0.999999999963838,1,test
0,0.09849258493774599,0,test
0,0.18376303005683745,0,test
0,0.28787467338272793,0,test
1,0.2141088851437105,0,test
1,0.34973989423811075,0,test
0,0.1035653048581978,0,test
1,0.9999999999956701,1,test
0,0.09059810371980924,0,test
1,0.25618154443860963,0,test
0,0.15584908456486332,0,test
0,0.1255480234787484,0,test
0,0.21630331268596836,0,test
1,0.9999999998830416,1,test
0,0.16796707936463548,0,test
1,0.9999999999577491,1,test
0,0.19324643097984137,0,test
1,0.999999999853564,1,test
1,0.200485707093676,0,test
0,0.16280451541787205,0,test
0,0.18166642243275669,0,test
0,0.16685097536884774,0,test
0,0.22678861477891443,0,test
0,0.217533705249659,0,test
1,0.16166769590856278,0,test
0,0.17878986087165455,0,test
1,0.31097496939993896,0,test
0,0.10672292215212774,0,test
0,0.14292179381076986,0,test
0,0.10458216796698837,0,test
1,0.9999999999269984,1,test
0,0.15501869079883634,0,test
0,0.1599450337759198,0,test
0,0.058732919240099,0,test
0,0.25034899552947765,0,test
1,0.3022639691842992,0,test
0,0.23596226425454503,0,test
0,0.44442573840091015,0,test
1,0.37392161968562776,0,test
0,0.26240511994848537,0,test
0,0.11880732476001063,0,test
0,0.23796720388442294,0,test
0,0.17939110343718917,0,test
1,0.9999999999475477,1,test
0,0.19313881280569825,0,test
0,0.30687919042552814,0,test
0,0.434213302884618,0,test
0,0.235298510055934,0,test
0,0.16152330245516539,0,test
0,0.5970979442929911,1,test
1,0.2354052545353422,0,test
1,0.37743984450134155,0,test
0,0.31913664790356877,0,test
0,0.15221590585332534,0,test
0,0.12142468643163683,0,test
0,0.08734166721547894,0,test
0,0.09367533478534854,0,test
1,0.9999999999725717,1,test
0,0.22698795674722047,0,test
0,0.11710060848445206,0,test
0,0.08756105938099076,0,test
1,0.07122550349565918,0,test
0,0.24443538846122795,0,test
1,0.10766597202924266,0,test
0,0.08152994659344268,0,test
1,0.9999999999661884,1,test
1,0.19990109840261136,0,test
0,0.13654838401798147,0,test
0,0.5588409913973067,1,test
1,0.3828351343426081,0,test
0,0.1254274405860554,0,test
0,0.4016232884444874,0,test
1,0.9999999999954288,1,test
0,0.10244937797120197,0,test
0,0.2960089995421625,0,test
1,0.18077684452082718,0,test
0,0.27241042632308526,0,test
0,0.09162736366330185,0,test
0,0.211831177536168,0,test
0,0.036800749100803394,0,test
1,0.9999999999586557,1,test
1,0.9999999998342459,1,test
0,0.3996323335207441,0,test
1,0.999999999923306,1,test
0,0.12412564627688773,0,test
0,0.13882932821906951,0,test
0,0.12912602347762944,0,test
0,0.13821707154018742,0,test
0,0.06102738947086898,0,test
0,0.23345134185954813,0,test
1,0.07225937346228602,0,test
0,0.1305726636546919,0,test
0,0.05748518752946772,0,test
1,0.6010997002153826,1,test
0,0.24961974519779506,0,test
1,0.1469393542718458,0,test
1,0.5310808995769287,1,test
1,0.42796095096664954,0,test
0,0.17765432907192658,0,test
1,0.9999999999531879,1,test
0,0.08269132227821191,0,test
0,0.06492869318989025,0,test
1,0.5071051213962144,1,test
0,0.25295766181966667,0,test
0,0.07597028437076779,0,test
0,0.37097854082017845,0,test
0,0.19331965926050462,0,test
0,0.1365860169067013,0,test
0,0.5352495691555088,1,test
0,0.22588450739736757,0,test
1,0.3383664544901257,0,test
0,0.5258136422025846,1,test
0,0.10414156398305388,0,test
0,0.0908637242716133,0,test
0,0.5379818289681467,1,test
0,0.0644396827380793,0,test
1,0.15718628053400183,0,test
0,0.268721555095021,0,test
0,0.1725787626762454,0,test
0,0.3712516476074821,0,test
0,0.171397553475299,0,test
1,0.12736197954769873,0,test
0,0.2523008377282083,0,test
0,0.5959632936171004,1,test
0,0.15549487144871849,0,test
0,0.4708267423150139,0,test
0,0.2209546790821158,0,test
0,0.3579874485914254,0,test
0,0.19711762868566268,0,test
0,0.8128218949353933,1,test
0,0.22499851185853603,0,test
1,0.16311832919374472,0,test
0,0.05990485360636721,0,test
0,0.10188385350459196,0,test
0,0.16056056971787766,0,test
0,0.20063615779068378,0,test
0,0.05728688665203956,0,test
0,0.10706199890862975,0,test
1,0.999999999933014,1,test
1,0.9999999999225966,1,test
0,0.14735412469254688,0,test
1,0.5010011564402327,1,test
1,0.18627147485758364,0,test
1,0.24003578197871742,0,test
0,0.23690522048958054,0,test
0,0.3236449888433867,0,test
0,0.45911207770111195,0,test
1,0.9999999998358831,1,test
0,0.11773482177687525,0,test
0,0.14772600926618765,0,test
0,0.13488860088180674,0,test
0,0.3055403500050631,0,test
0,0.1523215849301785,0,test
0,0.2756964296440947,0,test
1,0.38801572084841324,0,test
1,0.24864335612399388,0,test
1,0.17192494975625344,0,test
0,0.35491063337246553,0,test
0,0.1408696758251149,0,test
0,0.47694640137100663,0,test
0,0.21549875549116668,0,test
0,0.06536865168642905,0,test
0,0.08253451430257285,0,test
1,0.9999999999000431,1,test
1,0.12447471381640787,0,test
0,0.2611820352494205,0,test
0,0.2981463701950504,0,test
0,0.12877597866098156,0,test
0,0.2985494845231622,0,test
0,0.29101243137327126,0,test
0,0.07132989632703804,0,test
0,0.5100714229489274,1,test
0,0.28163829264883866,0,test
0,0.2943441043182279,0,test
1,0.9999999999952796,1,test
0,0.08878935108164913,0,test
0,0.5046469149424829,1,test
1,0.143177128046286,0,test
0,0.16990901055622645,0,test
0,0.22327582904906762,0,test
0,0.19890058061383736,0,test
0,0.06269855627130735,0,test
0,0.3024250221867605,0,test
0,0.2119541812730498,0,test
0,0.0832929609020017,0,test
0,0.2607119516234079,0,test
1,0.9999999999691049,1,test
0,0.12462926406235267,0,test
0,0.48156109217684817,0,test
0,0.14975401098190183,0,test
0,0.3157920123728989,0,test
0,0.17249213801777682,0,test
0,0.11491224203660276,0,test
1,0.28433903952720063,0,test
0,0.19910113919208064,0,test
0,0.07685015783283564,0,test
1,0.9999999998698914,1,test
1,0.24683445804722923,0,test
0,0.10639729174441886,0,test
1,0.16203661261557492,0,test
0,0.11437867411255057,0,test
1,0.18168778934549923,0,test
0,0.12538329749010463,0,test
0,0.23483310675162236,0,test
0,0.10959869441448616,0,test
0,0.18641313953115068,0,test
0,0.24858855977442398,0,test
0,0.11912025623001261,0,test
0,0.17113991489296537,0,test
0,0.16368486752094472,0,test
0,0.30469605661914057,0,test
0,0.3495653351866598,0,test
1,0.9999999999393208,1,test
0,0.09194624223391056,0,test
0,0.09086265675124014,0,test
1,0.9999999999336415,1,test
1,0.17557919700277028,0,test
0,0.373058218738065,0,test
0,0.17636007488407016,0,test
0,0.12116644326184882,0,test
1,0.9999999999610285,1,test
0,0.3759135286096274,0,test
0,0.21505942956140958,0,test
0,0.16373083657306367,0,test
0,0.24726472756781168,0,test
0,0.059430452703703285,0,test
0,0.4369281253093509,0,test
0,0.30877109816275417,0,test
0,0.08151176604367376,0,test
0,0.3007203006131083,0,test
1,0.6693983481941703,1,test
1,0.9999999999795106,1,test
0,0.33606222089299975,0,test
1,0.9999999998949467,1,test
0,0.2602743754447279,0,test
0,0.08702553516374567,0,test
0,0.5030485871642328,1,test
0,0.28187547865286633,0,test
0,0.13140961253956113,0,test
1,0.28031277154741413,0,test
0,0.23326395590674748,0,test
0,0.13608982663007763,0,test
0,0.13874447092284117,0,test
1,0.16826511856312568,0,test
0,0.15463966254593567,0,test
0,0.07955064471916551,0,test
0,0.20500593225324415,0,test
0,0.06345987771591956,0,test
0,0.15379874054327441,0,test
0,0.12531662384503178,0,test
0,0.1900704127021529,0,test
0,0.3157019759874002,0,test
0,0.1316532598660941,0,test
0,0.14083065223243874,0,test
1,0.999999999970913,1,test
0,0.0843445995468864,0,test
0,0.1688336068435314,0,test
0,0.12469866742546731,0,test
1,0.19782849661612623,0,test
0,0.2639977311940504,0,test
0,0.11545862255821174,0,test
0,0.21704337059219117,0,test
1,0.18203532586380966,0,test
0,0.12388478155197755,0,test
0,0.19568338653033185,0,test
0,0.3476013232902673,0,test
1,0.9999999999623097,1,test
1,0.4017648945276115,0,test
1,0.9999999999378746,1,test
1,0.1371191650149841,0,test
0,0.21433506829970125,0,test
0,0.14985627176726737,0,test
0,0.053135903442041096,0,test
0,0.06920260489452329,0,test
1,0.9999999999802822,1,test
0,0.28098536554042286,0,test
0,0.07349926333783008,0,test
0,0.0513350175886908,0,test
1,0.9999999999107767,1,test
0,0.15639474345052445,0,test
1,0.2750316966991259,0,test
0,0.14835070242156062,0,test
0,0.07856371699991753,0,test
0,0.150749436467265,0,test
0,0.5244171459679703,1,test
0,0.14053248236117544,0,test
0,0.16593162847246723,0,test
0,0.258171433321269,0,test
0,0.08622214503118779,0,test
1,0.9999999999514018,1,test
0,0.12465597612548263,0,test
0,0.37018141507666946,0,test
0,0.10939488500582,0,test
0,0.11590402959075682,0,test
1,0.3311846580229674,0,test
0,0.28746080130562596,0,test
1,0.1254940769449166,0,test
0,0.10719489348824346,0,test
0,0.1139829415097169,0,test
1,0.121203223620798,0,test
0,0.1647317487239235,0,test
0,0.11332084619714146,0,test
0,0.13132136920093523,0,test
0,0.07998313916667081,0,test
1,0.9999999999340783,1,test
1,0.24327874519574894,0,test
0,0.06540492923411158,0,test
0,0.22603046572062566,0,test
0,0.26457000429446353,0,test
1,0.2716594052165122,0,test
1,0.9999999999283238,1,test
1,0.9999999999850879,1,test
0,0.3296539395299266,0,test
0,0.24964878555024556,0,test
0,0.45740006330351696,0,test
0,0.07790885145814434,0,test
0,0.11307566944435589,0,test
0,0.21702798271650714,0,test
0,0.03984996224360523,0,test
0,0.06239837930783277,0,test
0,0.1856069908941118,0,test
0,0.08544128317959253,0,test
0,0.23041061508465185,0,test
1,0.23808520421935114,0,test
0,0.39313925155663,0,test
0,0.08402746613734631,0,test
0,0.4693322704399043,0,test
0,0.293855412331793,0,test
0,0.06044786634703452,0,test
0,0.10718501211016263,0,test
0,0.16043758412692147,0,test
0,0.2994763550869705,0,test
0,0.4475644392001454,0,test
1,0.9999999999720914,1,test
1,0.16105247817528878,0,test
0,0.18362088009909822,0,test
0,0.22124010786913642,0,test
0,0.2024073513911678,0,test
0,0.13203538483447042,0,test
0,0.16601261999372047,0,test
1,0.6413401702028512,1,test
0,0.1075055133490015,0,test
0,0.044731805634226435,0,test
0,0.0817130525824133,0,test
1,0.9999999999911402,1,test
0,0.3000545322417913,0,test
0,0.8021632553829376,1,test
1,0.9999999999688303,1,test
1,0.15707566338773843,0,test
0,0.20635791926798225,0,test
0,0.10215318605502885,0,test
0,0.14994406981382855,0,test
1,0.9999999999819102,1,test
0,0.23997935885424715,0,test
0,0.14546848150076677,0,test
0,0.06888054534114159,0,test
0,0.05721317387310134,0,test
0,0.1795684422092931,0,test
0,0.2694975609041652,0,test
0,0.10126167095352603,0,test
0,0.20492226869283642,0,test
0,0.15370086974414401,0,test
1,0.1998558899280516,0,test
0,0.1426693030538371,0,test
0,0.1130821260590599,0,test
1,0.999999999982101,1,test
0,0.09565741430240572,0,test
0,0.1956180790606723,0,test
1,0.9999999999073099,1,test
1,0.9999999999793654,1,test
0,0.0720874906790838,0,test
1,0.9999999999490201,1,test
0,0.24219614370042833,0,test
0,0.08005819337590439,0,test
0,0.15184278008980093,0,test
0,0.15522820644376545,0,test
1,0.18843264595544057,0,test
0,0.17217099306816525,0,test
0,0.09661592415915612,0,test
0,0.15221446655398943,0,test
1,0.4888278774916081,0,test
0,0.32893405057749237,0,test
1,0.3105325529799158,0,test
0,0.07717800202933331,0,test
0,0.2122417322017985,0,test
0,0.04695495055800141,0,test
1,0.48476740272860264,0,test
0,0.22238332618659673,0,test
0,0.10190024564203203,0,test
1,0.5958083890961186,1,test
0,0.37066804575089213,0,test
0,0.1309989327714264,0,test
0,0.14884290936787542,0,test
1,0.5300127915209305,1,test
0,0.23615921526854786,0,test
0,0.21097791146566625,0,test
1,0.39237522465499103,0,test
0,0.23955755626464525,0,test
0,0.6085560967981708,1,test
0,0.07855250571140944,0,test
0,0.3740182721905322,0,test
0,0.17284929683286182,0,test
1,0.1962186084194403,0,test
0,0.24099248827762074,0,test
0,0.34174746744575657,0,test
0,0.16493586715669847,0,test
0,0.2667930007743392,0,test
1,0.4087524270187979,0,test
0,0.23404583851210115,0,test
0,0.19955629322738788,0,test
0,0.11049093725759311,0,test
1,0.9999999999134268,1,test
1,0.9999999999681453,1,test
0,0.5414501063708912,1,test
0,0.24549801158612156,0,test
0,0.13335915895310244,0,test
0,0.2482491154384675,0,test
0,0.13455492035772168,0,test
1,0.9999999999750608,1,test
0,0.21955476691423492,0,test
1,0.24703879110083277,0,test
0,0.1513005908199702,0,test
1,0.9999999998965612,1,test
0,0.15115675526383857,0,test
0,0.06310346849982044,0,test
1,0.20480904337634626,0,test
0,0.1363394854466725,0,test
1,0.9999999999938776,1,test
0,0.2717780538340865,0,test
0,0.2814786617221547,0,test
0,0.2793780190266591,0,test
0,0.29563026038959933,0,test
1,0.9999999998803089,1,test
0,0.20251832218175184,0,test
0,0.13521260618619457,0,test
1,0.7897819992606011,1,test
0,0.1562878591026644,0,test
1,0.1902846046361225,0,test
0,0.14382631685717076,0,test
0,0.14477720811641284,0,test
0,0.3737589091970404,0,test
0,0.19327958887767693,0,test
1,0.16649839169730504,0,test
0,0.19585324026118492,0,test
1,0.9999999999635396,1,test
1,0.20830073050266823,0,test
1,0.16410165587732317,0,test
0,0.11213881861120222,0,test
0,0.1343389356350673,0,test
0,0.38374995237141885,0,test
1,0.5677414728981741,1,test
0,0.14358215626456766,0,test
0,0.2818362517803798,0,test
0,0.2422542146622533,0,test
0,0.22332409579522125,0,test
0,0.17328365561541198,0,test
0,0.07078803651122655,0,test
0,0.4831642369406434,0,test
0,0.18426241868448728,0,test
1,0.9999999999552789,1,test
0,0.04694063921144088,0,test
0,0.596160851312811,1,test
0,0.1693295175842494,0,test
0,0.18928918300022607,0,test
0,0.1319086035755064,0,test
0,0.20197181811453407,0,test
0,0.07993929086885969,0,test
0,0.1202426880097482,0,test
1,0.9999999999622906,1,test
1,0.09916316966584832,0,test
0,0.20486890196537813,0,test
1,0.39370586547217357,0,test
0,0.12165085857329826,0,test
0,0.44161256537068183,0,test
0,0.2654232304721934,0,test
0,0.23214170825796326,0,test
0,0.5122351965238768,1,test
0,0.1553598518365157,0,test
0,0.10299458045374597,0,test
1,0.9999999999412441,1,test
0,0.2486844935717315,0,test
0,0.045371719318948275,0,test
0,0.15057450949150675,0,test
0,0.2204455017478881,0,test
0,0.22031905309633434,0,test
0,0.12377822487564465,0,test
1,0.9999999999493512,1,test
0,0.21342423722860757,0,test
0,0.12095204220424766,0,test
0,0.12552521460239163,0,test
0,0.19486869044902827,0,test
0,0.07821355932075684,0,test
0,0.14263351464661514,0,test
0,0.2911861026717495,0,test
0,0.20293003885247515,0,test
1,0.9999999999883351,1,test
0,0.13339097448062717,0,test
0,0.28844884285810957,0,test
0,0.13581604343842638,0,test
1,0.7793520317604665,1,test
0,0.1687233043241809,0,test
0,0.1628143438984591,0,test
0,0.03889909881994304,0,test
1,0.7655654612651123,1,test
0,0.12879711754491635,0,test
0,0.10804646409327924,0,test
0,0.1627283276486874,0,test
0,0.16689930252232985,0,test
0,0.15748456874890043,0,test
1,0.23902077067477115,0,test
0,0.17572963830499658,0,test
1,0.9999999999490414,1,test
0,0.18240304360939827,0,test
0,0.3026883541918537,0,test
1,0.9999999999582656,1,test
0,0.10287931548913565,0,test
0,0.14424073620472597,0,test
0,0.25563956424829626,0,test
0,0.1386056284483933,0,test
0,0.14743247866683637,0,test
0,0.14012515965602082,0,test
1,0.8547650943967441,1,test
0,0.07561575923708105,0,test
0,0.1702330486517579,0,test
0,0.08237049619335493,0,test
0,0.3233952561238699,0,test
1,0.7668657684476841,1,test
1,0.41098015327211457,0,test
0,0.6679883667663001,1,test
0,0.08391727932926729,0,test
0,0.2321947724580369,0,test
0,0.13001890524755316,0,test
1,0.4249128130888206,0,test
0,0.22743272265740389,0,test
1,0.9999999999520073,1,test
0,0.137476134765222,0,test
0,0.3199545162484877,0,test
0,0.25766619467000396,0,test
0,0.21288837368442215,0,test
0,0.18192931876476187,0,test
0,0.13242656246420986,0,test
0,0.15121669555443557,0,test
1,0.16460133490730408,0,test
0,0.45593396920008233,0,test
0,0.15293631014849846,0,test
0,0.1758819711113857,0,test
0,0.3069775236982088,0,test
0,0.08504609584686586,0,test
0,0.18898233047867738,0,test
0,0.10660814004801553,0,test
0,0.17534865837917693,0,test
0,0.14714318402333446,0,test
1,0.9999999999907561,1,test
0,0.10738651136408292,0,test
0,0.19967648393060294,0,test
1,0.29427074737177134,0,test
0,0.15647523574965064,0,test
0,0.09671608275831704,0,test
0,0.2622110330286557,0,test
0,0.21742448647250023,0,test
1,0.9999999999614146,1,test
0,0.23271246922241298,0,test
1,0.25406109673718325,0,test
0,0.27702482041206744,0,test
0,0.06893904920122595,0,test
0,0.29201369723273796,0,test
0,0.15828934681664486,0,test
0,0.08683340527740992,0,test
0,0.2616262583765055,0,test
0,0.12553680348093532,0,test
1,0.9999999999954008,1,test
0,0.17726441398305043,0,test
0,0.24909960033925937,0,test
1,0.9999999999483651,1,test
0,0.1642751892018458,0,test
1,0.7101651909899451,1,test
0,0.10161323275681561,0,test
0,0.09810382411734601,0,test
0,0.22175990252140573,0,test
1,0.9999999999784936,1,test
1,0.22142071066394325,0,test
1,0.16101954258026327,0,test
0,0.41285376285532677,0,test
0,0.47613672359720594,0,test
0,0.22769708139825945,0,test
0,0.5656738577173321,1,test
0,0.1315714326921415,0,test
0,0.11680082540801406,0,test
0,0.7032362903150458,1,test
1,0.4012681894909735,0,test
0,0.20507856708948044,0,test
0,0.17522759088730758,0,test
0,0.0843008517664804,0,test
0,0.21949410480057238,0,test
0,0.14980220807489245,0,test
0,0.07450883971308796,0,test
1,0.5660305238531727,1,test
1,0.2878978227795451,0,test
1,0.9999999998384541,1,test
0,0.07766786208739605,0,test
0,0.3079583127140661,0,test
1,0.09596681278501312,0,test
0,0.13037976686180103,0,test
0,0.0732001144044745,0,test
0,0.14211339085395955,0,test
0,0.19732523858246723,0,test
0,0.08886386434525223,0,test
0,0.20112798243991983,0,test
0,0.26290513980029484,0,test
1,0.9999999998588025,1,test
1,0.1305281173312794,0,test
0,0.11839648524766208,0,test
1,0.30646014807033045,0,test
0,0.1681072026132515,0,test
1,0.13009264645348495,0,test
0,0.31028112194819635,0,test
1,0.9999999999597151,1,test
0,0.16647273817317668,0,test
0,0.3861646245411688,0,test
0,0.268009041430815,0,test
1,0.999999999990923,1,test
0,0.2674113350095451,0,test
0,0.06089413496430034,0,test
0,0.057070221083950406,0,test
0,0.3554336551453683,0,test
1,0.9999999999949891,1,test
1,0.13012564085482356,0,test
0,0.2849568513163427,0,test
0,0.07243565093141423,0,test
0,0.1663441950417705,0,test
0,0.20470024855969868,0,test
0,0.10684148701698196,0,test
0,0.12208046333245723,0,test
0,0.398642805946191,0,test
1,0.2919368956700049,0,test
0,0.24144767379657672,0,test
0,0.13862396948234254,0,test
0,0.17493731760668751,0,test
0,0.23925282395970285,0,test
0,0.22097283531448267,0,test
0,0.07569932231892951,0,test
0,0.3337180923058129,0,test
0,0.2460940199443362,0,test
1,0.9999999999653735,1,test
1,0.9999999998921256,1,test
1,0.22498231178207145,0,test
0,0.07631823227294664,0,test
0,0.12533526179595114,0,test
0,0.3962402501746926,0,test
0,0.3399890025286477,0,test
0,0.1740937883618252,0,test
0,0.06607369828460871,0,test
0,0.13572629785571458,0,test
0,0.09890825137193834,0,test
1,0.9999999999405274,1,test
0,0.18844316797871466,0,test
0,0.2568544711490577,0,test
0,0.25551931285009144,0,test
0,0.08530502347471534,0,test
1,0.20477957724515708,0,test
0,0.1415127047607889,0,test
0,0.0764122457735932,0,test
0,0.1482635845714144,0,test
0,0.2069937805998219,0,test
0,0.2623798557085345,0,test
0,0.20933615785598378,0,test
1,0.9999999999685107,1,test
1,0.7753732996253866,1,test
0,0.13223998600529197,0,test
0,0.1448612424332522,0,test
0,0.1368096512359133,0,test
0,0.13213884557851163,0,test
1,0.9999999999584321,1,test
1,0.28873719940884185,0,test
0,0.1946164695878768,0,test
0,0.10760240132773327,0,test
0,0.23096551490460487,0,test
1,0.999999999954704,1,test
0,0.053110300235736076,0,test
0,0.14387706510515402,0,test
0,0.15240756340571104,0,test
1,0.9999999998760549,1,test
0,0.1101484552012714,0,test
0,0.21417164096404445,0,test
0,0.13087349207766538,0,test
1,0.18941098516325477,0,test
1,0.9999999999646998,1,test
0,0.12614437022453875,0,test
0,0.09336183765764358,0,test
0,0.10496902936468347,0,test
0,0.21936126672000608,0,test
1,0.412287845081339,0,test
0,0.11628664447462861,0,test
0,0.07237814376418242,0,test
0,0.3251926652581231,0,test
0,0.21493917541203297,0,test
0,0.25003568200880166,0,test
0,0.11555812510232574,0,test
0,0.1280565520947879,0,test
0,0.14244526829211623,0,test
0,0.14621715975958477,0,test
0,0.07062037325527652,0,test
0,0.07602907124331874,0,test
1,0.9999999999825746,1,test
0,0.225114556990248,0,test
0,0.47830461378508426,0,test
0,0.2898877138401602,0,test
1,0.3788823300058209,0,test
0,0.083653610836745,0,test
0,0.05474003327020066,0,test
0,0.08949010891510298,0,test
0,0.13947601172847396,0,test
0,0.4867122553521841,0,test
1,0.4104297529012982,0,test
0,0.12937993152718916,0,test
0,0.4121861761521162,0,test
0,0.4572246854603288,0,test
1,0.12529616856081263,0,test
0,0.12835986182601705,0,test
0,0.1949784615466172,0,test
0,0.17583145919519247,0,test
0,0.20219522673838491,0,test
0,0.11165810999022327,0,test
1,0.21775778181960254,0,test
1,0.5098519520988679,1,test
0,0.17494858220907392,0,test
0,0.15782926542615996,0,test
0,0.265330599765486,0,test
1,0.2043663019976622,0,test
0,0.18127463765572843,0,test
0,0.08202205504840931,0,test
0,0.43573312030904854,0,test
1,0.48967174485575204,0,test
1,0.9999999999324438,1,test
0,0.6036904610570993,1,test
0,0.216812768133896,0,test
0,0.235868451966945,0,test
1,0.34573692318344096,0,test
0,0.07376810065182601,0,test
0,0.056676646644588144,0,test
0,0.5949806865265166,1,test
0,0.24502283439293732,0,test
0,0.2673995656227527,0,test
0,0.11856996661397871,0,test
0,0.10659288766924502,0,test
0,0.22467453280663896,0,test
1,0.3043267765237666,0,test
0,0.11941264987960004,0,test
0,0.10034859594091187,0,test
0,0.08465020989975958,0,test
0,0.22903625555476956,0,test
1,0.9999999999449429,1,test
1,0.34654371077813945,0,test
1,0.417499859491884,0,test
0,0.07940172330234298,0,test
1,0.9999999999829969,1,test
0,0.04802509932441767,0,test
0,0.22343260697024978,0,test
0,0.17132077927997105,0,test
0,0.10584277000277166,0,test
1,0.9999999999967044,1,test
0,0.1876876083132346,0,test
0,0.5401172904714707,1,test
0,0.19627591890826956,0,test
0,0.18142000389163143,0,test
0,0.1675515431280376,0,test
1,0.2927821961924663,0,test
0,0.40916521071643247,0,test
0,0.21760580743335467,0,test
1,0.1689166614848278,0,test
0,0.13852645423731796,0,test
1,0.9999999999618934,1,test
0,0.1251340795322051,0,test
0,0.14955040927454963,0,test
0,0.1600922223118172,0,test
1,0.7169627203709178,1,test
0,0.42248186444218955,0,test
0,0.2558887622497875,0,test
0,0.16614375821505545,0,test
0,0.21420056731898945,0,test
0,0.3660722130987254,0,test
1,0.9999999999604972,1,test
0,0.0893184203460017,0,test
0,0.48580189067347,0,test
0,0.18365048212556254,0,test
0,0.2716198765064,0,test
0,0.21445325340138127,0,test
1,0.999999999994944,1,test
0,0.38218582652619787,0,test
0,0.18348778845504216,0,test
0,0.24617142745134574,0,test
0,0.23949277819593176,0,test
0,0.2142139527357162,0,test
0,0.14740371991781645,0,test
0,0.08525043890536968,0,test
0,0.25409338154511996,0,test
0,0.1782462209434455,0,test
0,0.3502144045588819,0,test
0,0.07800974118272715,0,test
0,0.07404377174581633,0,test
0,0.1306523135246204,0,test
0,0.26674282605701805,0,test
0,0.2766246995099544,0,test
0,0.28009322821325544,0,test
0,0.09748357311417047,0,test
1,0.05176272306773311,0,test
1,0.18586241880331986,0,test
0,0.13361609997797264,0,test
0,0.1044473111908168,0,test
0,0.09124297726998391,0,test
0,0.2795309002252969,0,test
0,0.09743093534186513,0,test
1,0.2331874929644563,0,test
0,0.08904839132446726,0,test
0,0.05363286894249123,0,test
0,0.07472869889150655,0,test
1,0.3933359691325921,0,test
1,0.9999999999816906,1,test
0,0.171689874010994,0,test
0,0.0821122354452649,0,test
0,0.48869789909861094,0,test
1,0.9999999999038893,1,test
0,0.21918478641011677,0,test
1,0.9999999999728799,1,test
0,0.5245071454122494,1,test
0,0.11131587020013711,0,test
0,0.3205226953693718,0,test
0,0.10021090098986067,0,test
0,0.2596886683235862,0,test
0,0.2917273170486357,0,test
0,0.030471202166351363,0,test
0,0.30420234896854614,0,test
1,0.4459143156540622,0,test
0,0.07286925767687134,0,test
1,0.9999999999566787,1,test
0,0.04266074947374599,0,test
0,0.5370424319679489,1,test
0,0.08511243939549012,0,test
0,0.22503213837658875,0,test
0,0.16310652540800993,0,test
0,0.10475796241865043,0,test
0,0.09159643160432497,0,test
0,0.0640947745395653,0,test
1,0.9999999999663338,1,test
0,0.09751549936938499,0,test
1,0.40203463204767903,0,test
1,0.9999999998591522,1,test
0,0.1715236233674467,0,test
0,0.13265610040899561,0,test
1,0.9999999999843536,1,test
0,0.06524539362915341,0,test
1,0.6890727129741342,1,test
0,0.20444579296774723,0,test
0,0.12762636499859573,0,test
0,0.4094523087974891,0,test
0,0.03307653555877799,0,test
0,0.30696751227719743,0,test
1,0.9999999999563369,1,test
0,0.2854578328237196,0,test
0,0.2932245603800932,0,test
0,0.20073464716075556,0,test
0,0.32903632869816796,0,test
0,0.257990607791427,0,test
0,0.1010393874199299,0,test
0,0.16482322524032514,0,test
1,0.999999999979367,1,test
1,0.9999999999337073,1,test
1,0.32207728941657837,0,test
0,0.30285126207919855,0,test
0,0.12858652588692943,0,test
0,0.2263785375716047,0,test
0,0.25841345909158775,0,test
0,0.11231500596450601,0,test
0,0.08290033682362989,0,test
0,0.2433984899734462,0,test
0,0.04651091254603164,0,test
0,0.07694959068537609,0,test
0,0.19653972655928933,0,test
0,0.18599922239394992,0,test
1,0.3040364014923653,0,test
0,0.3258626071690246,0,test
0,0.12427033104207942,0,test
0,0.27811931329842643,0,test
1,0.4051144769415278,0,test
1,0.26484837503766656,0,test
0,0.053844094838769056,0,test
1,0.4330609312763877,0,test
0,0.12294208170260859,0,test
0,0.1507383674549129,0,test
1,0.07530773302911323,0,test
0,0.1507895191831681,0,test
0,0.13819676388152863,0,test
0,0.12369450831082111,0,test
0,0.19851404516472168,0,test
0,0.3618010417163086,0,test
0,0.25992752481862236,0,test
0,0.24851730047854423,0,test
0,0.19889937328983853,0,test
0,0.30667740275218164,0,test
0,0.07891498525545476,0,test
0,0.2701596907159413,0,test
1,0.9999999999475102,1,test
0,0.1583641504709391,0,test
0,0.06244419294632871,0,test
0,0.10532315988862269,0,test
0,0.13066404210456983,0,test
0,0.1028869949670183,0,test
0,0.08302131181672708,0,test
1,0.1781962734490273,0,test
0,0.07019147667739886,0,test
0,0.2952283829886918,0,test
1,0.9999999999561671,1,test
0,0.08794627417147317,0,test
1,0.6101529692469283,1,test
0,0.23436144401617956,0,test
0,0.43802093929830127,0,test
0,0.10790218317097595,0,test
0,0.16793706194477087,0,test
0,0.32053578547278183,0,test
1,0.09631888429414491,0,test
1,0.3778622594723506,0,test
0,0.163986859030518,0,test
0,0.10489131009366046,0,test
1,0.4056488956832573,0,test
0,0.1644204682686691,0,test
0,0.05310811750710846,0,test
0,0.1526351848323958,0,test
0,0.26469076724435225,0,test
1,0.5194362878757555,1,test
0,0.1047034017581182,0,test
0,0.12322783641321378,0,test
0,0.19728132860611886,0,test
0,0.10921751973890904,0,test
0,0.12141063669104082,0,test
0,0.08031369433518082,0,test
1,0.9999999999537341,1,test
0,0.1351506650334999,0,test
0,0.27593862458051915,0,test
0,0.17753777560278608,0,test
0,0.26286824857131286,0,test
0,0.05801537459663404,0,test
0,0.179231382751672,0,test
0,0.13582380483008663,0,test
1,0.9999999998768181,1,test
0,0.05714981800109451,0,test
1,0.99999999995859,1,test
0,0.21519112620334718,0,test
1,0.9999999999708087,1,test
0,0.10001151532938056,0,test
0,0.15533129881384697,0,test
0,0.32039353917767416,0,test
0,0.07618910297917957,0,test
0,0.1451363476077135,0,test
1,0.32624018993554105,0,test
0,0.24143891296350878,0,test
0,0.07131730541717014,0,test
1,0.9999999999030007,1,test
0,0.0820517163063373,0,test
1,0.10237527314861872,0,test
1,0.4063611078746146,0,test
0,0.21020879123248104,0,test
0,0.08910776274617188,0,test
1,0.2596949737609219,0,test
0,0.216764612960166,0,test
0,0.10553761792902393,0,test
0,0.42848986576765935,0,test
0,0.08593777975096727,0,test
1,0.1863647265772956,0,test
0,0.08563086232747107,0,test
0,0.1536407123467676,0,test
0,0.1717718803051784,0,test
0,0.16440828448034853,0,test
0,0.21959397836127112,0,test
0,0.2513291383765621,0,test
1,0.22927567368793722,0,test
0,0.40613257668267777,0,test
0,0.24154500108341714,0,test
0,0.16095984339453298,0,test
0,0.2710963791273335,0,test
0,0.16568304225358377,0,test
1,0.25076142170057136,0,test
0,0.13751851671627263,0,test
0,0.23641433276349946,0,test
0,0.08272148478809425,0,test
0,0.21692305577276355,0,test
0,0.1830262174811669,0,test
0,0.06822763915694315,0,test
0,0.08539136766815766,0,test
0,0.1613526186041457,0,test
0,0.13903388457454743,0,test
0,0.14648595686025023,0,test
0,0.12126335131864227,0,test
0,0.15427245543272847,0,test
0,0.09562086660739406,0,test
0,0.20742668635468892,0,test
0,0.2554645305493323,0,test
0,0.3605048529584361,0,test
0,0.2509522897393214,0,test
0,0.06285832252342628,0,test
0,0.28581103745315284,0,test
0,0.49727424993963604,0,test
1,0.9999999999408478,1,test
0,0.20627580114044677,0,test
0,0.13476387807164053,0,test
0,0.15846594316340676,0,test
1,0.5360920614983574,1,test
0,0.13383235609195235,0,test
0,0.43790947734477526,0,test
0,0.3275432173116987,0,test
1,0.9999999999749416,1,test
0,0.08524645949819884,0,test
0,0.21548067066826562,0,test
0,0.2779623660297333,0,test
0,0.28125163173507434,0,test
0,0.14953365125661994,0,test
0,0.4157516808083192,0,test
0,0.11113955205302667,0,test
0,0.13633123149275567,0,test
0,0.28213811901385566,0,test
1,0.08454576872448041,0,test
1,0.30330403009712276,0,test
0,0.16527901423840516,0,test
0,0.35534587721447547,0,test
0,0.5758088356878861,1,test
0,0.1338273215628814,0,test
1,0.2573878803558587,0,test
0,0.1970664327176933,0,test
1,0.9999999999093248,1,test
0,0.3446498650316861,0,test
0,0.2119510403599506,0,test
1,0.9999999999455342,1,test
0,0.06116477780324139,0,test
0,0.16708120213361927,0,test
0,0.35988060995195875,0,test
0,0.2940830754340523,0,test
1,0.9999999999494771,1,test
1,0.08417982686038525,0,test
0,0.5425520531044409,1,test
0,0.2278041727028995,0,test
0,0.10039755092385674,0,test
0,0.14296611744518334,0,test
0,0.19179036994548515,0,test
0,0.09425646575687088,0,test
0,0.13222543461037067,0,test
1,0.9999999999352376,1,test
0,0.42252050082007764,0,test
0,0.07838840506418046,0,test
0,0.05060744489696619,0,test
0,0.08577542650584177,0,test
0,0.0845994292885662,0,test
0,0.22780074023101812,0,test
0,0.29539866882647176,0,test
1,0.9999999999919826,1,test
0,0.3206573525029722,0,test
0,0.12375969255057313,0,test
1,0.999999999936493,1,test
0,0.27699734261425785,0,test
1,0.9999999998615452,1,test
0,0.4801061493994456,0,test
0,0.099723398946404,0,test
1,0.9999999999496139,1,test
0,0.36663097862695493,0,test
0,0.21734768018424494,0,test
0,0.13209319769476718,0,test
1,0.10661392323780239,0,test
0,0.2694451473853704,0,test
0,0.4494391072883212,0,test
0,0.32212347608525915,0,test
0,0.4995213556447911,0,test
0,0.18546296204627868,0,test
1,0.320068676616901,0,test
0,0.09950064584733195,0,test
0,0.1926878816216578,0,test
1,0.9999999999138804,1,test
0,0.0779663780337833,0,test
0,0.173684691710861,0,test
0,0.27371561302550246,0,test
1,0.13896346317139266,0,test
0,0.1560574344511847,0,test
0,0.08856505796732368,0,test
0,0.1274025548014486,0,test
0,0.3099813324321276,0,test
0,0.059063176084927164,0,test
0,0.07585685423606102,0,test
0,0.1452649757316493,0,test
0,0.15853632419801292,0,test
0,0.16374594611286308,0,test
1,0.9999999999836631,1,test
0,0.1000185056587817,0,test
1,0.2291443143600092,0,test
0,0.23329691817278625,0,test
0,0.11367722769797702,0,test
0,0.13880838473813686,0,test
1,0.7672558898552266,1,test
0,0.24347382429339234,0,test
0,0.1750840277619186,0,test
0,0.19412248341294386,0,test
0,0.1368798155529625,0,test
1,0.5587274519312183,1,test
0,0.25338693686442476,0,test
1,0.9999999999562406,1,test
0,0.26507669070708584,0,test
0,0.24421715047141843,0,test
1,0.2463909318221827,0,test
0,0.13615904665086834,0,test
1,0.999999999955272,1,test
0,0.3689889714266274,0,test
0,0.3239561612322015,0,test
0,0.17513590320287822,0,test
0,0.13208571165176775,0,test
0,0.16179123215977606,0,test
0,0.5978826042011003,1,test
0,0.37989501009419235,0,test
0,0.10448022723105105,0,test
0,0.1520072388403035,0,test
0,0.4189655680020968,0,test
0,0.1620669130992686,0,test
0,0.14937189748678906,0,test
0,0.24421672506798955,0,test
0,0.23487723110877642,0,test
1,0.9999999999799658,1,test
0,0.09148279418309144,0,test
0,0.2582893807870366,0,test
0,0.14288840658216878,0,test
0,0.14100782462725966,0,test
1,0.116359041717307,0,test
0,0.11778718148327576,0,test
0,0.11099858339969207,0,test
0,0.10768000139411747,0,test
0,0.16926398937675577,0,test
0,0.18102666169893572,0,test
1,0.9999999998316991,1,test
0,0.1223365384243,0,test
0,0.07780742501846184,0,test
0,0.08375235734391843,0,test
0,0.1180606875013518,0,test
0,0.04687568921658406,0,test
1,0.9999999999347282,1,test
0,0.19201278249867573,0,test
0,0.40083676829397435,0,test
0,0.10069934835508106,0,test
0,0.07439915335045794,0,test
0,0.1637038418532598,0,test
1,0.26529120112108634,0,test
0,0.22966109716147354,0,test
0,0.2433484376522618,0,test
0,0.1130200330827291,0,test
0,0.0855183938915474,0,test
0,0.06793244618340911,0,test
0,0.08716865711793638,0,test
0,0.26166908609117356,0,test
0,0.1996674467225582,0,test
0,0.30408854043468037,0,test
0,0.11125173345753288,0,test
0,0.1556241805574951,0,test
0,0.18515527722275305,0,test
0,0.12446789088978143,0,test
1,0.9999999998485527,1,test
0,0.0787952108582996,0,test
0,0.4356687471596489,0,test
1,0.3234552485769245,0,test
0,0.2139118771006358,0,test
0,0.15954286065628182,0,test
0,0.26435527231014133,0,test
1,0.9999999999690035,1,test
0,0.10848383302735197,0,test
0,0.22395961882671803,0,test
0,0.1845705625046305,0,test
1,0.5610366253713782,1,test
1,0.42200526860772586,0,test
0,0.11359006752957183,0,test
0,0.12738972914855762,0,test
0,0.0861688944731766,0,test
1,0.9999999999708173,1,test
0,0.23482008338982774,0,test
0,0.2434410022906616,0,test
0,0.11160220015401749,0,test
0,0.17311011155152858,0,test
0,0.17807622107869106,0,test
0,0.18256730628280962,0,test
0,0.13145378110118136,0,test
0,0.11444348759950788,0,test
0,0.16298214303668745,0,test
0,0.27021879475608557,0,test
0,0.16008969481973082,0,test
0,0.431622230212149,0,test
0,0.0837201714651188,0,test
0,0.19436133777667944,0,test
0,0.28091642346229156,0,test
0,0.28202863646260834,0,test
1,0.67960042024851,1,test
0,0.2095002539373873,0,test
1,0.3436937730996562,0,test
1,0.9999999999432991,1,test
0,0.16248875157463094,0,test
1,0.1716389443221927,0,test
0,0.15176224276229205,0,test
0,0.2912531280991195,0,test
0,0.08830803539215272,0,test
0,0.0799028033591163,0,test
0,0.17713782929622265,0,test
0,0.17074912916525023,0,test
0,0.08759193860857963,0,test
1,0.30772680361823024,0,test
1,0.09498027591767685,0,test
0,0.266027759032567,0,test
0,0.0992560706097772,0,test
0,0.2969692313044639,0,test
0,0.1607846390708713,0,test
1,0.9999999999200919,1,test
0,0.31794184770951583,0,test
0,0.21887965772744386,0,test
1,0.31263685060954477,0,test
0,0.21856520137542468,0,test
0,0.15071818772600917,0,test
0,0.07606381991880407,0,test
0,0.1593289747459804,0,test
0,0.12326273740647185,0,test
1,0.8441281526327045,1,test
0,0.26749154994951,0,test
0,0.11750109607406174,0,test
0,0.321946582963306,0,test
0,0.08179863123799905,0,test
1,0.9999999999838538,1,test
0,0.6382298022162053,1,test
1,0.6494065871123585,1,test
1,0.32035987860101106,0,test
0,0.09933971822275212,0,test
1,0.2695523159146098,0,test
0,0.07182114087433569,0,test
0,0.41568579517796683,0,test
0,0.23218593114911243,0,test
0,0.42289145577412557,0,test
0,0.08330502429135525,0,test
0,0.24694893401816786,0,test
0,0.19464999500555405,0,test
0,0.2628560643256176,0,test
1,0.99999999996527,1,test
0,0.12872819639940294,0,test
0,0.09757343917480385,0,test
0,0.05799416083410949,0,test
0,0.0797028986968848,0,test
0,0.325972896208831,0,test
0,0.1173427578750879,0,test
0,0.4244101808459053,0,test
0,0.05661391682977078,0,test
0,0.22704665391002302,0,test
0,0.05208373412699766,0,test
0,0.08372332484710542,0,test
1,0.9999999999530997,1,test
0,0.1729154772989028,0,test
0,0.2504068198031879,0,test
0,0.3408952888039951,0,test
0,0.11972345044965763,0,test
0,0.17503660712719793,0,test
0,0.23626194280871626,0,test
1,0.9999999999838807,1,test
1,0.5338151470343634,1,test
0,0.21878022260751046,0,test
0,0.12290679795876266,0,test
0,0.15938589143418394,0,test
0,0.15319318115770597,0,test
0,0.31217826217227035,0,test
0,0.17591882082161028,0,test
1,0.15749518461521947,0,test
0,0.4003540951339738,0,test
0,0.2599187047902249,0,test
0,0.3005616948429922,0,test
0,0.11502325635954616,0,test
0,0.13599670163621103,0,test
0,0.10523281308370498,0,test
0,0.12129705222563614,0,test
0,0.2943980384746063,0,test
1,0.9999999999813944,1,test
1,0.3860506589615274,0,test
0,0.05747117962481303,0,test
1,0.9999999999272156,1,test
0,0.20928120319508356,0,test
0,0.19871835845430721,0,test
1,0.9999999999452416,1,test
0,0.2157996485129017,0,test
0,0.1529372174346978,0,test
1,0.19428329854426676,0,test
0,0.4295287256077092,0,test
0,0.3456987377396082,0,test
1,0.126867128540514,0,test
1,0.9999999999781146,1,test
0,0.22396248918877684,0,test
1,0.5807329290652716,1,test
0,0.09348911566979813,0,test
1,0.7152957666423431,1,test
0,0.264979817808011,0,test
1,0.18444114041470952,0,test
0,0.29583051454842885,0,test
1,0.6222234646559645,1,test
0,0.17313136810658938,0,test
0,0.3098751442916169,0,test
0,0.2237773205982733,0,test
0,0.0726765242705447,0,test
0,0.28968492746611146,0,test
1,0.4282305462747435,0,test
0,0.14422525090297503,0,test
1,0.22877172214273875,0,test
1,0.7601416576306801,1,test
0,0.4190854293435247,0,test
1,0.25909323391478034,0,test
1,0.19648805803313926,0,test
0,0.035047160412706245,0,test
1,0.9999999998772429,1,test
0,0.1813517255067952,0,test
0,0.4397597122911293,0,test
0,0.13184593173399053,0,test
0,0.19208401907734468,0,test
0,0.19450801690080616,0,test
0,0.3535407657560968,0,test
0,0.2808093755369211,0,test
1,0.31935951295690806,0,test
1,0.3800489118088489,0,test
0,0.09018227804834834,0,test
1,0.9999999999075366,1,test
0,0.11013288781125327,0,test
1,0.9999999998064217,1,test
0,0.22734402847184387,0,test
1,0.9999999999649054,1,test
0,0.13479868976964426,0,test
0,0.26913828445871524,0,test
0,0.055599786504303375,0,test
0,0.25804394201898273,0,test
0,0.20073749350359824,0,test
0,0.239727750788762,0,test
1,0.11554170671065361,0,test
0,0.06482422948831425,0,test
1,0.4648346286745382,0,test
0,0.4122715748666559,0,test
0,0.15990628311277896,0,test
0,0.15077177904879835,0,test
0,0.23522399831767327,0,test
0,0.08150286334208123,0,test
1,0.9999999998089195,1,test
1,0.9999999999410794,1,test
0,0.24703941970015347,0,test
0,0.06408390738353698,0,test
1,0.1260141622482301,0,test
1,0.9999999999878848,1,test
0,0.17824593646086734,0,test
0,0.2081277481343221,0,test
1,0.9999999999675568,1,test
1,0.9999999999933711,1,test
0,0.21089358593411536,0,test
0,0.23623175939182256,0,test
0,0.21035013104843137,0,test
0,0.11399600727868475,0,test
0,0.11327746329335768,0,test
1,0.9999999999732201,1,test
0,0.6145097059392,1,test
0,0.23592240677062,0,test
0,0.15639934214038964,0,test
0,0.10098668615116072,0,test
0,0.18545232908325987,0,test
0,0.056198994308321766,0,test
1,0.9999999999666056,1,test
0,0.1357787198149168,0,test
0,0.13304451206031048,0,test
0,0.11875083797438758,0,test
0,0.05346927181779574,0,test
1,0.9999999999947604,1,test
0,0.2487557354569101,0,test
0,0.30134147191555216,0,test
0,0.20322992013380306,0,test
0,0.13282857340799706,0,test
0,0.09161302978065246,0,test
0,0.13434347260827392,0,test
0,0.3328243530271451,0,test
0,0.14036440113852408,0,test
0,0.13765726606682252,0,test
0,0.2919198218954981,0,test
1,0.3342260090054238,0,test
1,0.9999999999192197,1,test
0,0.38341695031238265,0,test
1,0.6987328458949013,1,test
0,0.09571074424593776,0,test
1,0.4435134857180633,0,test
0,0.40709327222429753,0,test
0,0.07200410261080982,0,test
0,0.10273097836511057,0,test
0,0.07824278763595965,0,test
0,0.044167495647915,0,test
0,0.43653787803922295,0,test
0,0.1279641850750731,0,test
0,0.38128599737241126,0,test
0,0.17473496982634892,0,test
0,0.14850359345349906,0,test
0,0.1538893122363141,0,test
0,0.10841272408225024,0,test
1,0.9999999999500331,1,test
0,0.17773587348852674,0,test
0,0.26413386356987395,0,test
0,0.25145126610366164,0,test
0,0.3968500548600813,0,test
1,0.06592238014011159,0,test
0,0.059153784014321066,0,test
1,0.9999999999687357,1,test
0,0.14061565717737226,0,test
0,0.049717783786483734,0,test
0,0.15759642974496796,0,test
0,0.12651345996609084,0,test
0,0.1742268209477665,0,test
0,0.1319526273629249,0,test
0,0.21181466157994916,0,test
0,0.21147814702483275,0,test
1,0.9999999999487312,1,test
1,0.10980867086895772,0,test
1,0.6766050451925643,1,test
0,0.3435277905238426,0,test
0,0.07283110086289035,0,test
0,0.09283083225384503,0,test
1,0.9999999999283402,1,test
1,0.3185910156668257,0,test
0,0.48961865876715993,0,test
1,0.8148205073318746,1,test
1,0.5827618637853824,1,test
0,0.2778276279615091,0,test
1,0.9999999999263425,1,test
1,0.999999999942073,1,test
1,0.9999999999417042,1,test
0,0.24006460098712779,0,test
0,0.1494548440992168,0,test
0,0.14762148793891705,0,test
1,0.9999999999215541,1,test
0,0.27314890243136775,0,test
0,0.2578145728776341,0,test
1,0.25379427290962125,0,test
0,0.1932371273791582,0,test
0,0.11053002210455616,0,test
0,0.14926055453097434,0,test
0,0.0941227337934822,0,test
0,0.3388398247072422,0,test
1,0.9999999998967963,1,test
0,0.15912021036122978,0,test
0,0.246293101625681,0,test
1,0.2255991082489363,0,test
0,0.15710699804455655,0,test
0,0.22671064345214947,0,test
0,0.1733730450910948,0,test
0,0.1752347039391688,0,test
0,0.0879815934990944,0,test
0,0.10188558688769994,0,test
0,0.1595950830223756,0,test
0,0.20962378541238064,0,test
0,0.14703424926627606,0,test
0,0.274245713572829,0,test
0,0.3091770875231724,0,test
0,0.1474792799999113,0,test
1,0.23795608247237268,0,test
0,0.20511654360285558,0,test
0,0.18716571158935164,0,test
0,0.09887350251242605,0,test
1,0.9999999999330269,1,test
0,0.27530747319142845,0,test
0,0.12115941111869959,0,test
0,0.05282244196560083,0,test
1,0.9999999999439582,1,test
0,0.5855979625326396,1,test
0,0.1323711392743031,0,test
0,0.11033060848189867,0,test
0,0.27558793412800003,0,test
0,0.3261245780405587,0,test
1,0.2724070423605506,0,test
0,0.18474828824830813,0,test
0,0.2347173071622347,0,test
0,0.1274264957776493,0,test
0,0.18202185954360425,0,test
1,0.9999999999513847,1,test
1,0.9999999999604821,1,test
1,0.999999999938513,1,test
0,0.09336052755708289,0,test
0,0.08591276026425257,0,test
0,0.15782014821074808,0,test
0,0.10213804476410628,0,test
0,0.07285207427499789,0,test
0,0.23203774006795377,0,test
0,0.29136649249182955,0,test
1,0.999999999949938,1,test
0,0.47868491507224853,0,test
1,0.2195469687014286,0,test
0,0.35461063519959135,0,test
1,0.9999999999691123,1,test
0,0.14580932975146518,0,test
0,0.13561100358905917,0,test
0,0.27841320464928304,0,test
0,0.1439075167372222,0,test
0,0.2856093598534778,0,test
0,0.10477579338949944,0,test
1,0.9999999999714266,1,test
1,0.1715089870812527,0,test
0,0.09852448613911255,0,test
0,0.212627808295594,0,test
0,0.1605001269762236,0,test
1,0.999999999931213,1,test
0,0.1373142651342786,0,test
0,0.08026301901071141,0,test
0,0.21110382394086724,0,test
0,0.3156912513696372,0,test
0,0.08607643444903469,0,test
1,0.8002738017100214,1,test
0,0.3297224140997449,0,test
0,0.15727971619904413,0,test
0,0.31297765073095046,0,test
0,0.20157299354603292,0,test
0,0.12313635425918096,0,test
0,0.129492529272452,0,test
0,0.07649017773273836,0,test
0,0.15001589946782387,0,test
0,0.22844173024547682,0,test
0,0.17761894404751122,0,test
0,0.27518500151278835,0,test
0,0.11515618800911945,0,test
1,0.2715959425842877,0,test
1,0.9999999999404787,1,test
0,0.09723627479409915,0,test
1,0.9999999999919991,1,test
0,0.0749312779307141,0,test
0,0.16571531262226732,0,test
0,0.1963539628424052,0,test
1,0.9999999999121472,1,test
1,0.9999999998978775,1,test
0,0.27289760681891245,0,test
0,0.1716913650472968,0,test
1,0.9999999999459801,1,test
0,0.12340392902393651,0,test
1,0.1625919009371211,0,test
0,0.1542973681936181,0,test
0,0.2371130273681068,0,test
0,0.3074704785786115,0,test
1,0.1376823625849578,0,test
0,0.06547953971494631,0,test
0,0.4444386659247416,0,test
0,0.18757217222758898,0,test
0,0.1981847524649559,0,test
1,0.999999999955367,1,test
1,0.21652393281506596,0,test
0,0.34541011804503147,0,test
0,0.24715299729658968,0,test
0,0.485480121114852,0,test
0,0.07817636047937015,0,test
0,0.09806881213972357,0,test
1,0.2863053963043377,0,test
0,0.33578636995119016,0,test
1,0.170805524660633,0,test
0,0.12524465966759968,0,test
0,0.24766344602763396,0,test
0,0.18150001465470855,0,test
1,0.9999999999182851,1,test
0,0.15055914125630251,0,test
0,0.4635407088134584,0,test
1,0.24136441417476792,0,test
0,0.09525994714623896,0,test
1,0.1436093062565873,0,test
0,0.3363850270667982,0,test
0,0.15069328310404265,0,test
0,0.061409458480379,0,test
0,0.17481444993372297,0,test
0,0.07836085045986411,0,test
0,0.24274858486523837,0,test
1,0.34634015507316396,0,test
1,0.31176580770138357,0,test
0,0.044117278448948805,0,test
1,0.3810650997034246,0,test
0,0.24927988743404195,0,test
0,0.12327290888532731,0,test
0,0.17359855071192581,0,test
1,0.9999999999173492,1,test
0,0.0880915046846599,0,test
0,0.11802077073863813,0,test
0,0.2634181835358958,0,test
0,0.22776460707205004,0,test
0,0.09689845139107009,0,test
1,0.7920897107404143,1,test
0,0.15096728580459903,0,test
1,0.9999999999645166,1,test
0,0.2485133158900114,0,test
1,0.9999999999851688,1,test
1,0.19700241227889465,0,test
0,0.1705677254628261,0,test
0,0.21938841865695263,0,test
0,0.17742224660156194,0,test
0,0.07380845130467349,0,test
1,0.0909673032667033,0,test
0,0.2015206405162323,0,test
0,0.08408286990680344,0,test
0,0.06953067996265129,0,test
0,0.1745542458817282,0,test
0,0.18433552040453424,0,test
0,0.21247927420945323,0,test
1,0.9999999998497506,1,test
1,0.999999999919682,1,test
0,0.09510741601219609,0,test
1,0.23505532999807752,0,test
1,0.3050215465085082,0,test
0,0.10614264729670113,0,test
0,0.08821628404169163,0,test
0,0.12981471608224837,0,test
0,0.06177507676844803,0,test
0,0.429728993555383,0,test
0,0.10266744642348676,0,test
0,0.21923078465855453,0,test
0,0.5646678219007839,1,test
0,0.1882190920029981,0,test
0,0.20505485844140453,0,test
1,0.9999999999480345,1,test
1,0.09061650207354413,0,test
0,0.1608045479583162,0,test
1,0.9999999999811864,1,test
0,0.13544212261902513,0,test
1,0.5211809068686385,1,test
1,0.37558858466685036,0,test
0,0.1634032761433435,0,test
0,0.2099648752463102,0,test
1,0.9999999999693914,1,test
1,0.25185779769348215,0,test
0,0.16979630618486205,0,test
0,0.3408097363838259,0,test
1,0.9999999999782752,1,test
0,0.0918840525905255,0,test
0,0.33025995006752223,0,test
0,0.2048536420218035,0,test
1,0.9999999999449172,1,test
0,0.20419651787981968,0,test
1,0.20244187993251697,0,test
0,0.16834644600212584,0,test
0,0.17517993376838883,0,test
1,0.9999999999769074,1,test
0,0.07828008434318838,0,test
1,0.18228024644185978,0,test
1,0.9999999999971212,1,test
0,0.0890355321181463,0,test
0,0.1669693305314374,0,test
1,0.9999999998824207,1,test
0,0.24415219879064842,0,test
0,0.35275226298314355,0,test
0,0.4711243733997702,0,test
0,0.3560089663057265,0,test
0,0.2307663546585136,0,test
0,0.13126202564068568,0,test
0,0.07013223285250508,0,test
0,0.13083199690992597,0,test
0,0.09566812225545113,0,test
1,0.9999999999780176,1,test
0,0.16203715697316398,0,test
0,0.09022412456916572,0,test
0,0.11051894441194865,0,test
1,0.08278314516066625,0,test
0,0.1275221926300393,0,test
0,0.08144264155030646,0,test
0,0.16171370236403346,0,test
0,0.11042028752832599,0,test
1,0.5836289186117938,1,test
0,0.2719376516596155,0,test
0,0.03778108307905652,0,test
0,0.09332297926650195,0,test
0,0.33532832307900395,0,test
0,0.18375147593747548,0,test
1,0.34438847442027715,0,test
1,0.3010631732374132,0,test
1,0.40894819007827177,0,test
1,0.9999999998584495,1,test
1,0.3221072611030214,0,test
0,0.4188261208744278,0,test
0,0.25330587863075243,0,test
0,0.1520462927951045,0,test
0,0.19995470787052805,0,test
0,0.09881386343239405,0,test
0,0.2729138920943324,0,test
1,0.29244973542808494,0,test
1,0.4093671293168287,0,test
1,0.999999999927415,1,test
0,0.05877010379531963,0,test
1,0.6074537012378903,1,test
1,0.9999999999610798,1,test
0,0.3651331117507104,0,test
1,0.41548956910421614,0,test
0,0.12756636411311983,0,test
0,0.2611093197542232,0,test
0,0.14616582233581296,0,test
1,0.35879854626272945,0,test
1,0.9999999999950662,1,test
0,0.19041626604898754,0,test
1,0.9999999999942892,1,test
0,0.18889556562923382,0,test
0,0.20981146717924704,0,test
0,0.11760961235254859,0,test
0,0.11410699829869274,0,test
0,0.05808908489057016,0,test
0,0.4418132407529751,0,test
1,0.09320737804594569,0,test
0,0.19466980128525674,0,test
0,0.062060794871447146,0,test
0,0.24818948931829893,0,test
0,0.14282457065164444,0,test
1,0.9999999999485103,1,test
1,0.9999999999880869,1,test
1,0.999999999970943,1,test
0,0.08023602921746933,0,test
1,0.9999999999493445,1,test
0,0.14907350357707513,0,test
0,0.391619608515535,0,test
0,0.15235403583018706,0,test
1,0.5435307279167598,1,test
0,0.17118750759656143,0,test
1,0.999999999954992,1,test
1,0.9999999999593245,1,test
0,0.13673097284648916,0,test
0,0.05476954156064824,0,test
0,0.14651941966982027,0,test
0,0.23926796198241657,0,test
0,0.07261258251796043,0,test
1,0.7547210923721457,1,test
0,0.1252327462593121,0,test
0,0.25133488231713574,0,test
0,0.2107657687423232,0,test
1,0.2087155400207395,0,test
0,0.11731115672873167,0,test
1,0.9999999998824318,1,test
0,0.11937385150049219,0,test
0,0.410223225622752,0,test
0,0.09069255607041762,0,test
0,0.07816843997721774,0,test
0,0.20322354430817907,0,test
1,0.19555788960749945,0,test
0,0.1467352406145061,0,test
1,0.42816096313425867,0,test
0,0.17580012154856312,0,test
0,0.17978806908634118,0,test
1,0.9999999999092033,1,test
0,0.37904098937812797,0,test
0,0.22642288481273373,0,test
0,0.12234251517613433,0,test
0,0.18046506698004786,0,test
0,0.1671114351881072,0,test
1,0.9999999999019082,1,test
0,0.08022073052966101,0,test
0,0.41268908111213554,0,test
0,0.25186526129624615,0,test
1,0.9999999999498905,1,test
0,0.17639943095348318,0,test
0,0.39119709630679855,0,test
1,0.9999999999616085,1,test
1,0.20749730647458703,0,test
0,0.3782864623240968,0,test
0,0.15229943380696503,0,test
0,0.16079594891443158,0,test
0,0.05982778706605873,0,test
1,0.25164282049677966,0,test
0,0.2226892042311479,0,test
0,0.3830670939860091,0,test
0,0.3115317234416401,0,test
0,0.08745530345358904,0,test
0,0.18238556320107913,0,test
0,0.18042945635358384,0,test
0,0.15189140554337344,0,test
0,0.33194238899973527,0,test
0,0.07512025380097734,0,test
0,0.12194049106247315,0,test
0,0.22674458173143522,0,test
0,0.240318068971834,0,test
1,0.08822607032774549,0,test
0,0.16786638257276415,0,test
0,0.2400111015436348,0,test
0,0.13996508604834598,0,test
1,0.14176122120594578,0,test
0,0.11406178760623219,0,test
0,0.20451625061044282,0,test
0,0.08092547820868003,0,test
1,0.18084907060348127,0,test
1,0.9999999999293081,1,test
0,0.164371425459849,0,test
0,0.17711897176828353,0,test
1,0.999999999959267,1,test
0,0.269847178494525,0,test
0,0.0952176685458291,0,test
0,0.1653652325730417,0,test
0,0.21478939027411018,0,test
1,0.46508257967024813,0,test
0,0.10338805708501102,0,test
0,0.23305485204087267,0,test
0,0.08502988173870277,0,test
0,0.11831748035147248,0,test
1,0.9999999999506188,1,test
1,0.26502950798905955,0,test
1,0.23367509900848452,0,test
1,0.30393142071037565,0,test
0,0.0925509361820683,0,test
0,0.05321852844676819,0,test
0,0.15845324602491687,0,test
0,0.12037831585323702,0,test
1,0.23637950992177875,0,test
0,0.2182522368565355,0,test
0,0.10683224427722345,0,test
0,0.06836497420923457,0,test
0,0.306266723819133,0,test
0,0.19183434859934345,0,test
0,0.5408473469323511,1,test
0,0.22702029305427987,0,test
1,0.9999999999975169,1,test
0,0.24947369916388998,0,test
0,0.21588494931191643,0,test
0,0.2158763061111096,0,test
0,0.35495056776026684,0,test
0,0.19594969790131495,0,test
0,0.2258000671840269,0,test
0,0.4391988158318241,0,test
0,0.16485134253634673,0,test
0,0.2277400370058116,0,test
1,0.7608976999738922,1,test
1,0.3851664862108261,0,test
1,0.999999999968096,1,test
1,0.9999999998745601,1,test
0,0.07653424404293152,0,test
0,0.1947857237802092,0,test
1,0.9999999999182325,1,test
0,0.07119828813403876,0,test
0,0.10732173308448062,0,test
0,0.0598678481241843,0,test
0,0.24860909108233425,0,test
0,0.2645308722552404,0,test
1,0.9999999999956204,1,test
0,0.1753164457100563,0,test
1,0.5526627027001727,1,test
0,0.16720753059822832,0,test
1,0.9999999999544895,1,test
0,0.24081052549663215,0,test
0,0.6285871371381049,1,test
0,0.04025081947216812,0,test
1,0.9999999999553233,1,test
0,0.25102659760686014,0,test
0,0.07475190574521927,0,test
1,0.3844365920108782,0,test
0,0.0891442563752544,0,test
0,0.16228086933329944,0,test
1,0.6555356634346384,1,test
1,0.37969852619875827,0,test
1,0.9999999999964186,1,test
0,0.14325813949135555,0,test
0,0.24688104779046266,0,test
1,0.14587376074506378,0,test
0,0.060153113179874554,0,test
0,0.2137252400438576,0,test
1,0.24235379264238271,0,test
0,0.2725568049728203,0,test
0,0.1655720944860921,0,test
0,0.2551837027893847,0,test
0,0.29047909911446257,0,test
0,0.20617159799408244,0,test
0,0.275185263869744,0,test
0,0.07189765626335429,0,test
1,0.2734829082145863,0,test
0,0.3863010062135327,0,test
0,0.09000758661860565,0,test
0,0.2414162919335103,0,test
0,0.2179401890412517,0,test
1,0.9999999999132627,1,test
0,0.2558614081005748,0,test
0,0.09658978067410887,0,test
0,0.11620902785943428,0,test
0,0.36758980920520146,0,test
0,0.3156167479437976,0,test
0,0.2599053029984373,0,test
0,0.18470034846993208,0,test
0,0.17006811609511027,0,test
0,0.06844911822412544,0,test
0,0.04097350693373635,0,test
1,0.9999999999092475,1,test
0,0.2569185978718292,0,test
0,0.1237034166866274,0,test
0,0.09986852564599506,0,test
1,0.7593354039951704,1,test
1,0.9999999999829847,1,test
0,0.18132059622976066,0,test
0,0.2472148000117745,0,test
0,0.2475023751128882,0,test
0,0.15349820446459128,0,test
0,0.15721169526789547,0,test
0,0.28697269799335523,0,test
0,0.13731355810252216,0,test
1,0.9999999999407363,1,test
0,0.08111038047813227,0,test
0,0.14756061090043962,0,test
0,0.14299813802059663,0,test
0,0.13498947365237784,0,test
0,0.365331622114449,0,test
1,0.9999999999200799,1,test
0,0.14343593680547093,0,test
0,0.13462456989813945,0,test
0,0.14106012965971154,0,test
1,0.9999999999499858,1,test
0,0.1365213428196203,0,test
0,0.11089800891598182,0,test
0,0.15050052821111828,0,test
1,0.5728231895615815,1,test
0,0.20243137504023748,0,test
1,0.3698208508786759,0,test
0,0.10816975585153119,0,test
0,0.2315117422981564,0,test
0,0.3071284719412182,0,test
0,0.1991217574493162,0,test
1,0.7137698969287337,1,test
0,0.1328229588392821,0,test
0,0.12922420802100143,0,test
0,0.14277065967487082,0,test
0,0.14903000754250276,0,test
0,0.5064316221061926,1,test
0,0.38492309123496876,0,test
0,0.0641125588306434,0,test
1,0.8080483632544947,1,test
1,0.9999999999942033,1,test
0,0.14688203385643436,0,test
0,0.18323740629655744,0,test
0,0.12120622785842726,0,test
0,0.13249290762469906,0,test
1,0.25121151510594586,0,test
0,0.29582121926660826,0,test
1,0.9999999999823981,1,test
0,0.21433280648269248,0,test
0,0.1632523928364891,0,test
1,0.9999999999419558,1,test
0,0.137570485118048,0,test
0,0.04631466496702946,0,test
0,0.25954715096048514,0,test
0,0.3059185272874551,0,test
0,0.19459681180614502,0,test
0,0.27299764740755394,0,test
0,0.5165573571956221,1,test
0,0.13863774667163134,0,test
0,0.15812594624417975,0,test
0,0.11096708146881258,0,test
0,0.09981874030652647,0,test
0,0.2777990124452028,0,test
0,0.11911228209178126,0,test
0,0.07826999824569594,0,test
0,0.14532058246665355,0,test
0,0.10112633590635593,0,test
0,0.16157263010428283,0,test
0,0.1986530524643488,0,test
0,0.22943946965260717,0,test
0,0.1907023001139618,0,test
1,0.22134001779029938,0,test
1,0.9999999999500466,1,test
0,0.21044236472264555,0,test
0,0.14693212103578196,0,test
0,0.16962891533090735,0,test
0,0.1572687303875899,0,test
1,0.9999999999814266,1,test
0,0.23769878683632736,0,test
0,0.2161210884194284,0,test
0,0.2813371562887288,0,test
0,0.03661173612045245,0,test
0,0.15302756225886094,0,test
0,0.22844689419941513,0,test
0,0.22784427499999318,0,test
1,0.18725379042071158,0,test
0,0.46197714209386204,0,test
0,0.06441042388365607,0,test
0,0.21127517370065158,0,test
0,0.17563532338233295,0,test
1,0.24472329746920798,0,test
1,0.9999999999634059,1,test
0,0.10222639204369716,0,test
1,0.9999999999112616,1,test
0,0.06174309053448758,0,test
1,0.4078688077179492,0,test
0,0.06393575830658518,0,test
0,0.05015748671452467,0,test
0,0.24140883478988628,0,test
1,0.1569418133746976,0,test
0,0.1214780720582124,0,test
0,0.20404910435116855,0,test
1,0.9999999999447864,1,test
0,0.21138295038740398,0,test
0,0.08389696416493798,0,test
0,0.16756201818466257,0,test
0,0.3476077937962525,0,test
0,0.13965228275995895,0,test
0,0.0477542901313592,0,test
0,0.18785643821184791,0,test
0,0.19468382968759124,0,test
0,0.10866544818660613,0,test
0,0.25636274604472375,0,test
1,0.3543584983529918,0,test
0,0.14549792634693923,0,test
0,0.23913697529540304,0,test
0,0.04928719810786237,0,test
0,0.2148806965897271,0,test
1,0.07482999135715221,0,test
1,0.34834528101711293,0,test
0,0.14778614265599307,0,test
1,0.36029902303985684,0,test
0,0.2242120406776572,0,test
0,0.21961257666675227,0,test
0,0.10969135416095314,0,test
0,0.19142215585620434,0,test
0,0.07717943599023654,0,test
1,0.2234884106298674,0,test
0,0.08610994633475504,0,test
0,0.27495492323478526,0,test
1,0.4517831757966279,0,test
0,0.05924621576759504,0,test
1,0.23027490622932809,0,test
1,0.08132687714272527,0,test
0,0.09164441628153681,0,test
1,0.9999999999853002,1,test
0,0.1484635365836025,0,test
0,0.03381841081159563,0,test
0,0.14771436676304456,0,test
0,0.30651416217926686,0,test
0,0.1014089072711496,0,test
0,0.0754541572194271,0,test
0,0.15421810680081866,0,test
0,0.2596036253096904,0,test
0,0.20637514369920099,0,test
0,0.10153387560234249,0,test
0,0.24959734300028283,0,test
1,0.999999999923177,1,test
0,0.03900337262279858,0,test
0,0.21592391083805235,0,test
1,0.08507079441812299,0,test
0,0.21959249895787725,0,test
0,0.1764574945513398,0,test
1,0.37000035041026685,0,test
0,0.27237086597355786,0,test
0,0.2349843554480186,0,test
1,0.18870196885620083,0,test
1,0.9999999999870905,1,test
0,0.2692143933263567,0,test
0,0.20833116445048588,0,test
1,0.2719308187719892,0,test
0,0.0670930185577344,0,test
1,0.999999999987746,1,test
0,0.24088008957232637,0,test
0,0.1569376314846249,0,test
0,0.13601826802584308,0,test
0,0.3198948365994075,0,test
0,0.29150398586071746,0,test
0,0.08398294484862445,0,test
0,0.20271258326572436,0,test
0,0.07712856694589088,0,test
0,0.09477385476920558,0,test
1,0.9999999999737532,1,test
0,0.16551257944649708,0,test
0,0.20912625226072937,0,test
0,0.3396796818264083,0,test
0,0.07555924560930637,0,test
1,0.32135774291576796,0,test
0,0.21627614613296497,0,test
0,0.23588748017239344,0,test
0,0.2760020605429909,0,test
0,0.2847892217594771,0,test
0,0.13099559485827267,0,test
0,0.20904858168764023,0,test
0,0.086816341023303,0,test
0,0.18498517875589665,0,test
0,0.5032216868003613,1,test
0,0.16163652046319313,0,test
0,0.23408969442432473,0,test
0,0.15445196901336633,0,test
0,0.14618928363197606,0,test
0,0.0633699605653209,0,test
0,0.11340050314741174,0,test
0,0.2721665367757256,0,test
0,0.14067480011061761,0,test
0,0.34206119998041873,0,test
0,0.16328664125821166,0,test
0,0.14179896589228458,0,test
0,0.22291029749767746,0,test
0,0.38355297026457613,0,test
0,0.14096981020252064,0,test
1,0.27742562963290346,0,test
0,0.1341960412841722,0,test
0,0.14698278392722475,0,test
0,0.0863756550891776,0,test
0,0.1841058451550737,0,test
0,0.06127206562623153,0,test
1,0.9999999999319409,1,test
1,0.3549982489972588,0,test
1,0.4464823333665301,0,test
0,0.1561798654188188,0,test
0,0.13711265971752956,0,test
1,0.9999999999862033,1,test
1,0.9999999999847984,1,test
0,0.2758849685891436,0,test
0,0.40016100550914213,0,test
1,0.9999999999474283,1,test
0,0.1508293410232525,0,test
1,0.1531794549353955,0,test
0,0.19869932438425272,0,test
0,0.24358241887515972,0,test
1,0.9999999998316531,1,test
0,0.17618335046752767,0,test
0,0.0871759882267771,0,test
0,0.332123106885868,0,test
0,0.2016806205845118,0,test
0,0.1080701626750283,0,test
0,0.040642884814454674,0,test
0,0.16199074286909362,0,test
0,0.17073240033885553,0,test
0,0.104561366608154,0,test
1,0.29022618955440316,0,test
0,0.17172604168943156,0,test
0,0.16049236389147134,0,test
1,0.9999999999594353,1,test
1,0.1758497507456979,0,test
1,0.9999999999534543,1,test
0,0.1636545027321257,0,test
0,0.1185719906247911,0,test
0,0.07481907283049384,0,test
0,0.31000733486778,0,test
0,0.24247896419100382,0,test
0,0.15088360279413618,0,test
0,0.16453057501999396,0,test
1,0.20400712556580686,0,test
1,0.9999999999410243,1,test
0,0.06969473778434662,0,test
0,0.12292374954200362,0,test
0,0.09217457000837503,0,test
1,0.5225398199791906,1,test
0,0.332339427156585,0,test
0,0.05888145827715004,0,test
0,0.35566207635670205,0,test
0,0.22151082425983576,0,test
0,0.6254639238327887,1,test
1,0.09231258277703105,0,test
0,0.271182482311517,0,test
0,0.17974428737777223,0,test
0,0.2856337156209656,0,test
1,0.7826544392240262,1,test
0,0.15582630435908118,0,test
1,0.19147097772406838,0,test
1,0.4156778485457849,0,test
0,0.22360025932486996,0,test
0,0.1900985387737457,0,test
0,0.2862251344242943,0,test
1,0.999999999850296,1,test
1,0.2316163262609877,0,test
0,0.11258276925813225,0,test
1,0.12571218331436446,0,test
0,0.4739997381977368,0,test
0,0.04774643030415556,0,test
0,0.09122345387576798,0,test
0,0.2504833170301755,0,test
0,0.2569552335173588,0,test
0,0.2778223390697767,0,test
0,0.1715000418921466,0,test
0,0.13694714563916588,0,test
0,0.13301083415199846,0,test
0,0.15054304682749184,0,test
0,0.20790896316051574,0,test
0,0.14319351373054193,0,test
0,0.16377552830642675,0,test
1,0.99999999996719,1,test
0,0.2012318438039515,0,test
0,0.12034987714971561,0,test
0,0.08103743158832467,0,test
0,0.16326559981247857,0,test
0,0.10115267666601158,0,test
1,0.9999999999815514,1,test
0,0.1409715368781285,0,test
1,0.9999999999920057,1,test
0,0.07663881752873745,0,test
1,0.1714658041020584,0,test
0,0.21050087427348296,0,test
0,0.3055560392426705,0,test
0,0.17838947873416386,0,test
0,0.10827344654811813,0,test
1,0.21624402688068167,0,test
0,0.16178824535270186,0,test
0,0.25220201088211547,0,test
0,0.35055786359998514,0,test
0,0.07225766463243648,0,test
1,0.2156348351753708,0,test
0,0.1093498494935749,0,test
0,0.07177301639124664,0,test
0,0.14079825419559217,0,test
1,0.40941870292961713,0,test
0,0.1420417450096098,0,test
0,0.15289773857129738,0,test
0,0.13685646212555191,0,test
1,0.9999999998794826,1,test
0,0.25840297106143334,0,test
0,0.08348050109269384,0,test
0,0.14180625983870876,0,test
0,0.2044961465048011,0,test
0,0.05169269072845947,0,test
0,0.19376765418319417,0,test
0,0.38971873333412604,0,test
0,0.19543498081825741,0,test
0,0.07292348872592729,0,test
0,0.1855582171645376,0,test
1,0.1451790062689946,0,test
0,0.0874613738889819,0,test
1,0.13934165868861326,0,test
1,0.9999999998764728,1,test
0,0.22833465438008288,0,test
1,0.9999999999905229,1,test
0,0.3092877488344565,0,test
0,0.13394986795722136,0,test
0,0.11149755259386501,0,test
0,0.40493537590372,0,test
0,0.159062464737844,0,test
0,0.10351023686142215,0,test
0,0.13138785919131615,0,test
0,0.1839553979819073,0,test
0,0.1463475698022866,0,test
0,0.09666525857836837,0,test
0,0.16146745798098072,0,test
1,0.4288207173923027,0,test
0,0.2440974719217932,0,test
0,0.28639255017660425,0,test
0,0.13373326206290048,0,test
0,0.26430489099482996,0,test
0,0.12380023640728463,0,test
1,0.9999999999910067,1,test
0,0.10764714084587614,0,test
1,0.7148872852970282,1,test
0,0.2859743109557956,0,test
1,0.13164670013065133,0,test
0,0.2383470996337136,0,test
0,0.1093943043362653,0,test
0,0.0723965458857475,0,test
1,0.9999999998836206,1,test
0,0.08982797252337013,0,test
0,0.2261531902783269,0,test
0,0.201324270229775,0,test
0,0.402155954963129,0,test
0,0.23703841440389398,0,test
0,0.2500639781564639,0,test
0,0.23026307269188107,0,test
0,0.19145999071649075,0,test
0,0.09502136299144433,0,test
0,0.2460968493481213,0,test
1,0.9999999999369868,1,test
1,0.9999999999411826,1,test
0,0.21169222454111758,0,test
0,0.2760936322758417,0,test
0,0.5293245422454477,1,test
1,0.19558820210300568,0,test
0,0.3202875000687312,0,test
1,0.13502056898351367,0,test
0,0.6787282323164834,1,test
0,0.07717524258329646,0,test
1,0.1803496807341807,0,test
0,0.09637503908246126,0,test
0,0.16728743661323636,0,test
0,0.17217980545603967,0,test
1,0.9999999999957525,1,test
0,0.3490646778218748,0,test
0,0.16275936373214528,0,test
1,0.9999999998666789,1,test
0,0.26567704961153654,0,test
0,0.375536253381936,0,test
0,0.1298127698836983,0,test
0,0.22894506039450713,0,test
0,0.26719218025624897,0,test
0,0.14592402722400835,0,test
1,0.35027845290439236,0,test
0,0.04959131600224645,0,test
0,0.4396934370031823,0,test
1,0.18697208603785298,0,test
1,0.9999999999948672,1,test
0,0.08259641061857853,0,test
1,0.999999999785268,1,test
0,0.10298834141611242,0,test
0,0.12333365063731336,0,test
0,0.2525170738823435,0,test
0,0.112569203155042,0,test
0,0.21647565478745753,0,test
0,0.291011861077894,0,test
0,0.20674449802404962,0,test
0,0.24605971663135745,0,test
0,0.14036492283734406,0,test
0,0.355147735985757,0,test
0,0.26006591498714154,0,test
0,0.14877881125675485,0,test
1,0.8406554136794372,1,test
0,0.06858662428470313,0,test
0,0.21074393744216086,0,test
1,0.24905150360192665,0,test
0,0.3274315636843954,0,test
0,0.14793897959211483,0,test
0,0.1853939534632756,0,test
1,0.4743765177970433,0,test
0,0.15356360490717258,0,test
0,0.11266099610742476,0,test
0,0.27317574658616994,0,test
0,0.31788719718195324,0,test
0,0.22242679165089504,0,test
0,0.16556525409389883,0,test
0,0.12440879463915623,0,test
0,0.09860863359405715,0,test
0,0.28468460206227125,0,test
1,0.9999999999507012,1,test
1,0.9999999999540294,1,test
0,0.07374052258711689,0,test
1,0.48772465229298945,0,test
0,0.13579464278329065,0,test
1,0.9999999999434543,1,test
0,0.23354142542093287,0,test
0,0.23486787812264753,0,test
0,0.09740433114497166,0,test
0,0.2886010245743476,0,test
0,0.11402847836221582,0,test
1,0.9999999999960691,1,test
0,0.19915868902345069,0,test
0,0.12540503209873322,0,test
1,0.9999999999551439,1,test
0,0.2608494324502005,0,test
0,0.35064846434600305,0,test
0,0.09501132911239944,0,test
0,0.09647972890128041,0,test
0,0.0518911147555681,0,test
0,0.10042010039628882,0,test
0,0.13990543490075316,0,test
0,0.4417011443943868,0,test
0,0.15453739908676437,0,test
0,0.26615484518716925,0,test
0,0.363305597283061,0,test
1,0.2544491138686655,0,test
0,0.14315824997411083,0,test
0,0.07080237708201019,0,test
0,0.16412658484161788,0,test
1,0.10917833865335533,0,test
0,0.15388037317057535,0,test
0,0.36538064940874926,0,test
1,0.2547320303980518,0,test
0,0.12648683340243266,0,test
1,0.5880002717477866,1,test
0,0.2779802457854658,0,test
0,0.14990146455361833,0,test
0,0.10996125100658705,0,test
0,0.23086211796336,0,test
1,0.9999999999203164,1,test
0,0.09821352843225017,0,test
0,0.1971761850800142,0,test
0,0.08748695479582741,0,test
0,0.18016623878204882,0,test
1,0.23290203046533112,0,test
1,0.9999999999282501,1,test
0,0.22187408512396495,0,test
1,0.4148584425345471,0,test
0,0.10610111340886204,0,test
1,0.18228048984401474,0,test
0,0.04454657002712146,0,test
1,0.3595716187917064,0,test
1,0.43385322067068693,0,test
0,0.16208582064889993,0,test
0,0.12379533535603279,0,test
1,0.5642505234868137,1,test
0,0.10525798100859605,0,test
0,0.07632002290514794,0,test
0,0.09223982232254244,0,test
0,0.17688061450876838,0,test
1,0.9999999999856652,1,test
0,0.08914346399938303,0,test
1,0.9999999999489018,1,test
0,0.26565586708093036,0,test
0,0.27076438173151857,0,test
1,0.9999999999754376,1,test
0,0.24574659155824174,0,test
0,0.1188571821557058,0,test
0,0.14998125482775326,0,test
1,0.27662185942243234,0,test
0,0.1517296846404773,0,test
0,0.13995823470592975,0,test
0,0.30392350302079774,0,test
1,0.2363048520579816,0,test
1,0.9999999998063538,1,test
0,0.08947647249805916,0,test
1,0.9999999999450131,1,test
1,0.13254965908292415,0,test
0,0.2390859902756547,0,test
0,0.23280560511588733,0,test
1,0.4709212774659567,0,test
0,0.10189216597896672,0,test
1,0.13842209724010887,0,test
0,0.5859090219448848,1,test
0,0.28337201198293716,0,test
0,0.054037868641562556,0,test
0,0.23741120489668027,0,test
0,0.15112349690231267,0,test
0,0.629465590901343,1,test
0,0.2584839590506634,0,test
0,0.1291593798801925,0,test
1,0.9999999999443208,1,test
0,0.07390646256933076,0,test
0,0.24362779829387862,0,test
0,0.1054216191663557,0,test
0,0.4121802136623097,0,test
0,0.19034275966887435,0,test
1,0.14022339866538344,0,test
0,0.1985353130076931,0,test
0,0.06371874336503495,0,test
1,0.9999999998951206,1,test
1,0.9999999999628133,1,test
0,0.07838783195765171,0,test
0,0.25607761127744283,0,test
0,0.05741985962228034,0,test
1,0.7769148140689511,1,test
0,0.16730941799216179,0,test
0,0.08371834114931546,0,test
0,0.1992826144591378,0,test
0,0.17362329742451374,0,test
0,0.2521875188151023,0,test
1,0.9999999998376716,1,test
0,0.23725417037106375,0,test
0,0.22497971089256982,0,test
0,0.133629723651657,0,test
0,0.07751947321919349,0,test
0,0.15547851969107207,0,test
0,0.36673125660602396,0,test
0,0.054795542596788545,0,test
0,0.13333406632894979,0,test
0,0.36525597415906347,0,test
0,0.24292822858522475,0,test
0,0.28466223280470554,0,test
1,0.6506781736353449,1,test
0,0.45182466152297207,0,test
0,0.07743323688316472,0,test
0,0.10871664336075157,0,test
0,0.10671594301904161,0,test
0,0.3857868242767851,0,test
1,0.5142927014756534,1,test
1,0.8696774377511924,1,test
0,0.19968419900595122,0,test
0,0.43938577556057024,0,test
0,0.14277770223631245,0,test
0,0.12202972979097088,0,test
0,0.16293156634894276,0,test
0,0.22069470401611355,0,test
0,0.19034080551733268,0,test
0,0.30625416145930423,0,test
1,0.9999999999145981,1,test
0,0.08331644560769765,0,test
0,0.33261342610679173,0,test
0,0.10321541005411798,0,test
0,0.180812849630435,0,test
0,0.2517306158919838,0,test
0,0.0832104268619369,0,test
0,0.30170173736345807,0,test
1,0.9999999999770852,1,test
0,0.07780626680845124,0,test
0,0.06860167766101744,0,test
0,0.07640183189025879,0,test
0,0.14629138710812978,0,test
1,0.2108415416855954,0,test
0,0.2524787462514969,0,test
0,0.2909457341603006,0,test
0,0.036329064858744306,0,test
1,0.9999999999816234,1,test
0,0.13457394998508296,0,test
1,0.13571832431729092,0,test
0,0.18766577850828356,0,test
1,0.9999999999903149,1,test
1,0.9999999999340379,1,test
0,0.0932184838121099,0,test
0,0.08497242703984226,0,test
0,0.1592744076233019,0,test
0,0.13353599992210383,0,test
0,0.11399150269421159,0,test
1,0.7487965857661731,1,test
0,0.22568548232925,0,test
0,0.09486056142226207,0,test
0,0.10068423261336269,0,test
1,0.9999999999954399,1,test
0,0.08174124225430861,0,test
0,0.11046204372918339,0,test
0,0.1290205810691765,0,test
0,0.32620832821306067,0,test
0,0.42375709281622626,0,test
0,0.12260930080144228,0,test
0,0.13202634802742988,0,test
0,0.10012197788844399,0,test
1,0.24256809651888403,0,test
0,0.2896566142682288,0,test
1,0.9999999998915703,1,test
1,0.99999999998421,1,test
0,0.09674123037383738,0,test
1,0.9999999999581144,1,test
0,0.13601108452463295,0,test
0,0.19837278165763805,0,test
0,0.12862571459844338,0,test
0,0.1195434801011431,0,test
0,0.2741776442559317,0,test
0,0.3179044292867452,0,test
0,0.4299721549394528,0,test
0,0.10312937191830494,0,test
0,0.2000570811842287,0,test
0,0.07522929344163026,0,test
1,0.07386740296329788,0,test
1,0.9999999999419016,1,test
0,0.268537359849493,0,test
0,0.2529943562820162,0,test
0,0.22151327629260414,0,test
0,0.295900520704927,0,test
0,0.05827733241752477,0,test
0,0.2599776691799704,0,test
1,0.4120513695812734,0,test
1,0.2823419160584552,0,test
1,0.7356620822659259,1,test
1,0.9999999999584748,1,test
0,0.13532555420851672,0,test
0,0.2132700447916825,0,test
0,0.17089211772505103,0,test
0,0.20856139028325354,0,test
0,0.18394260972765428,0,test
0,0.2932526411091033,0,test
0,0.12190485841075097,0,test
0,0.1439053203884662,0,test
0,0.30679067677303823,0,test
0,0.12163625509426529,0,test
0,0.22948431235868166,0,test
0,0.11908589030029722,0,test
0,0.21142384296496156,0,test
0,0.13808116038457477,0,test
0,0.2778723996314196,0,test
0,0.12835034987837438,0,test
1,0.31745694085399434,0,test
0,0.09775571211277044,0,test
0,0.10337038183418033,0,test
0,0.12306637901007764,0,test
0,0.1653466819744436,0,test
0,0.18742094901324186,0,test
0,0.15077205582184017,0,test
0,0.22935150182868536,0,test
1,0.28340728156966793,0,test
0,0.10194991447668285,0,test
1,0.9999999999659428,1,test
0,0.226672843927937,0,test
0,0.07383844350359349,0,test
0,0.0866056301868486,0,test
0,0.2614309689332088,0,test
0,0.08052826716434022,0,test
0,0.2762033776432775,0,test
1,0.9999999999621736,1,test
0,0.210848170435163,0,test
1,0.4342701112340043,0,test
0,0.22425874851537725,0,test
0,0.1033124120681177,0,test
0,0.2512224163891174,0,test
0,0.17949804826435536,0,test
0,0.16006240073334219,0,test
1,0.9999999999423965,1,test
0,0.16315884407654885,0,test
0,0.1809366476788961,0,test
0,0.1904513668676887,0,test
0,0.16120734919634166,0,test
0,0.07759592481396596,0,test
0,0.5302233349991035,1,test
1,0.13793649199650126,0,test
1,0.9999999999900882,1,test
1,0.9999999999066462,1,test
0,0.1980971519460593,0,test
0,0.15768283355715548,0,test
1,0.11138573311154565,0,test
0,0.159572201473881,0,test
0,0.26696758025223183,0,test
1,0.9999999999653653,1,test
0,0.059203765504840654,0,test
1,0.43813708271005364,0,test
0,0.025208856561284385,0,test
0,0.16127375465632812,0,test
1,0.9999999999548901,1,test
0,0.21488143912953223,0,test
1,0.2350589766254124,0,test
0,0.08765915690394431,0,test
0,0.25698128694355454,0,test
0,0.1371681822743102,0,test
0,0.31277678836058925,0,test
0,0.17670397663821016,0,test
1,0.9999999999591727,1,test
1,0.9999999999592717,1,test
0,0.26127317417895424,0,test
0,0.3097123272654777,0,test
0,0.08056401423906234,0,test
0,0.07626580141905868,0,test
1,0.21906778232054988,0,test
0,0.283547396652706,0,test
1,0.08701134133057888,0,test
0,0.27256284601631187,0,test
0,0.2794767234592528,0,test
0,0.1328843774604785,0,test
1,0.44425009573950164,0,test
0,0.07161958971434829,0,test
0,0.1260286236224346,0,test
1,0.18726733464270845,0,test
0,0.19261800645668356,0,test
0,0.058538635348043995,0,test
1,0.10006865190784729,0,test
0,0.07950771467055677,0,test
1,0.999999999924329,1,test
0,0.14581217091775095,0,test
0,0.10559713623323481,0,test
1,0.9999999999788558,1,test
0,0.10231383488176911,0,test
0,0.2196203443219184,0,test
0,0.07648972013302927,0,test
0,0.24701913782029092,0,test
1,0.9999999998925571,1,test
0,0.08187809831951302,0,test
0,0.2045783719327158,0,test
0,0.10381741972129081,0,test
1,0.9999999999244964,1,test
0,0.196655555013867,0,test
0,0.21065625785622136,0,test
0,0.116278660790095,0,test
0,0.10563730272972152,0,test
0,0.2711863060124603,0,test
0,0.2678481636714655,0,test
1,0.999999999953407,1,test
1,0.9999999999428215,1,test
0,0.2618067064654709,0,test
0,0.4067114024902093,0,test
1,0.9999999999401252,1,test
0,0.0758791186140469,0,test
0,0.20435235737607924,0,test
0,0.1660048429003037,0,test
0,0.19517695408156074,0,test
0,0.15649469700020968,0,test
1,0.9999999999687608,1,test
0,0.1077743728776543,0,test
0,0.17687749990807702,0,test
0,0.1710719935444839,0,test
1,0.9999999999548252,1,test
1,0.9999999999691194,1,test
0,0.14989696566779132,0,test
0,0.39391703620452784,0,test
1,0.32275357554729883,0,test
1,0.2048068711542338,0,test
1,0.17130861358463206,0,test
0,0.05319993928406317,0,test
0,0.3607881790894629,0,test
0,0.11049059177149075,0,test
1,0.9999999999618008,1,test
0,0.2385087228239827,0,test
0,0.08614088912677433,0,test
1,0.1517788289738097,0,test
0,0.343894007816003,0,test
0,0.1989861543452285,0,test
0,0.3890895167732354,0,test
0,0.09101564338166913,0,test
1,0.631952185696332,1,test
0,0.0891408311803694,0,test
0,0.06597625962106435,0,test
0,0.1229302161783399,0,test
0,0.10368132917448722,0,test
0,0.5154333507561003,1,test
1,0.09127438116645495,0,test
1,0.9999999999884717,1,test
0,0.08953265602079276,0,test
1,0.999999999921173,1,test
0,0.18738095191141863,0,test
0,0.13909202856054304,0,test
1,0.45073512396714566,0,test
0,0.19844537615086721,0,test
1,0.309741271226165,0,test
0,0.13631986352402187,0,test
0,0.23647288675243971,0,test
1,0.3103333274153225,0,test
0,0.24519448288737902,0,test
0,0.10872569762399356,0,test
0,0.27956617870583717,0,test
0,0.31166815519546287,0,test
0,0.15214910111097407,0,test
0,0.23210976589357415,0,test
1,0.4982760402273007,0,test
0,0.377188427040212,0,test
1,0.20269582659817265,0,test
0,0.16266314362475437,0,test
0,0.22236091066161603,0,test
0,0.2627543890124385,0,test
1,0.21683124875623666,0,test
0,0.08328973750258617,0,test
0,0.5568166291900853,1,test
0,0.3984277596832318,0,test
1,0.9999999999293274,1,test
0,0.13343797821455425,0,test
0,0.17316396103293233,0,test
0,0.07338283335411185,0,test
0,0.08908967117310111,0,test
0,0.12698258641841828,0,test
0,0.24535768160982172,0,test
0,0.18616622501243124,0,test
1,0.9999999999722944,1,test
1,0.29472683449072806,0,test
0,0.37590474030118654,0,test
1,0.512840769625442,1,test
0,0.06015506852131482,0,test
1,0.16358423842425182,0,test
0,0.4212929449431298,0,test
0,0.20271647580544672,0,test
0,0.07135563984501653,0,test
0,0.16828706315077144,0,test
0,0.1496600820459143,0,test
0,0.17873049889360296,0,test
1,0.9999999999091282,1,test
0,0.08341075345950784,0,test
0,0.0608625192761967,0,test
0,0.06126366276913371,0,test
0,0.1310762795901752,0,test
0,0.32248953360638544,0,test
0,0.2890609819851422,0,test
0,0.17194378282798498,0,test
0,0.237939325942613,0,test
0,0.1349021765889186,0,test
0,0.11686446693468892,0,test
0,0.24175852965512237,0,test
0,0.14271039258222873,0,test
1,0.25216243526914783,0,test
0,0.2252372449319513,0,test
1,0.23318040644871246,0,test
0,0.2680938238115921,0,test
0,0.09619047000660504,0,test
0,0.3318849654954899,0,test
1,0.9999999999551041,1,test
0,0.14473772796219014,0,test
0,0.8197478060458827,1,test
0,0.08869623144925255,0,test
0,0.14335091647468376,0,test
0,0.07395120847727696,0,test
0,0.10594731185348671,0,test
0,0.11360664374150571,0,test
1,0.8414077996680964,1,test
0,0.13627595483808377,0,test
0,0.07357550748351309,0,test
0,0.4564807807961287,0,test
0,0.14484708322097264,0,test
0,0.3544580384716231,0,test
0,0.31505901663479435,0,test
0,0.21765956086477262,0,test
0,0.22127771138508873,0,test
0,0.18104449284018068,0,test
0,0.242852179725351,0,test
0,0.17797408177739113,0,test
0,0.1624178214009461,0,test
0,0.27834211756539184,0,test
0,0.15612986188632813,0,test
1,0.9999999999838365,1,test
0,0.17622616672613484,0,test
0,0.09874050962523329,0,test
0,0.23129706879501455,0,test
0,0.0894871945348111,0,test
0,0.06775567486285661,0,test
0,0.15441358182543063,0,test
0,0.20719121590663905,0,test
0,0.05224074652030937,0,test
0,0.42291363678552096,0,test
0,0.14715854919782084,0,test
0,0.48143399756957445,0,test
0,0.18478717988855242,0,test
1,0.07596310089564579,0,test
0,0.17370134385709574,0,test
0,0.20481077020990598,0,test
0,0.3185472855144521,0,test
1,0.19886804614836667,0,test
0,0.39457842298029255,0,test
0,0.11927817769250856,0,test
1,0.9999999999717877,1,test
0,0.16079178786987908,0,test
0,0.3034592070022727,0,test
0,0.36515591310733825,0,test
0,0.22027119242196055,0,test
0,0.14383487239158518,0,test
0,0.09121043137649586,0,test
0,0.27356712181924703,0,test
1,0.9999999999559845,1,test
0,0.32897382872430164,0,test
1,0.9999999999542093,1,test
1,0.3226788633482725,0,test
0,0.2302017176834744,0,test
0,0.3129601831355097,0,test
1,0.9999999999621447,1,test
1,0.10381599509904121,0,test
0,0.1282044536078876,0,test
1,0.9999999998942366,1,test
1,0.9999999999276026,1,test
0,0.0804380831484521,0,test
0,0.2121521609016706,0,test
0,0.1171427476681625,0,test
0,0.1263152912298251,0,test
0,0.23375366091733707,0,test
0,0.12147420574239215,0,test
1,0.9999999999247986,1,test
0,0.14520241844195514,0,test
0,0.2143919241940532,0,test
1,0.14715369194860856,0,test
0,0.22884198367849873,0,test
0,0.46505398032126366,0,test
0,0.200033246435884,0,test
0,0.2679587699701364,0,test
1,0.9999999999325686,1,test
0,0.21308672755882022,0,test
1,0.06944309855149881,0,test
0,0.22279267433114064,0,test
0,0.25166975516328444,0,test
0,0.22019730776329757,0,test
0,0.14875882660491832,0,test
1,0.999999999955629,1,test
0,0.058049191776149534,0,test
0,0.21434515977904506,0,test
0,0.20787478179184402,0,test
0,0.18177384077995,0,test
0,0.2721605811098614,0,test
0,0.14090849990572002,0,test
0,0.25781758623156253,0,test
0,0.07734705993388137,0,test
0,0.22153289002713053,0,test
0,0.3200362381417273,0,test
0,0.10393817277087043,0,test
0,0.13036872561103424,0,test
1,0.30520524116045145,0,test
0,0.1801660085500212,0,test
1,0.9999999999335998,1,test
0,0.14999855928970576,0,test
0,0.25038991850136355,0,test
0,0.17609981234237712,0,test
0,0.0832472920281613,0,test
0,0.13446761843986302,0,test
1,0.47865857003612927,0,test
0,0.32941094277218386,0,test
0,0.11032800733812319,0,test
0,0.14995614092356205,0,test
0,0.2956256999990032,0,test
0,0.21300711777233522,0,test
0,0.2213435936264823,0,test
0,0.3491617405474342,0,test
0,0.10717041332477192,0,test
0,0.2782467593896787,0,test
0,0.17774862359662286,0,test
0,0.06020730881443914,0,test
0,0.1644173570476371,0,test
1,0.3148969778793538,0,test
0,0.13495105050228942,0,test
0,0.20768202560851418,0,test
0,0.16165157958254045,0,test
1,0.9999999999729952,1,test
0,0.32389327916665517,0,test
0,0.20199995388921543,0,test
0,0.33269475504299545,0,test
0,0.13463977439103464,0,test
0,0.14685974034081914,0,test
0,0.13855516428756057,0,test
0,0.3954726359730675,0,test
0,0.15206819465510477,0,test
1,0.999999999840161,1,test
0,0.24010567389703813,0,test
0,0.1980538000485546,0,test
0,0.21322705405186626,0,test
0,0.10275854452421514,0,test
0,0.10092051903685213,0,test
0,0.2588023827933447,0,test
0,0.06017940827502879,0,test
0,0.10759211278769715,0,test
0,0.1264682851636828,0,test
0,0.32773383149430024,0,test
0,0.15467312265530025,0,test
0,0.15688103715314095,0,test
0,0.1687801476438669,0,test
0,0.173607520972181,0,test
0,0.24464285127754376,0,test
1,0.2429524624163945,0,test
0,0.1585918117566557,0,test
0,0.09876641248232056,0,test
0,0.06253046643730428,0,test
0,0.2724780651597636,0,test
0,0.1741315988037326,0,test
0,0.041768531791508134,0,test
1,0.32020496858641967,0,test
0,0.1548364431814131,0,test
1,0.9999999999338445,1,test
0,0.09846858058369452,0,test
0,0.10302112601330793,0,test
0,0.1241292997644368,0,test
0,0.14382673911704383,0,test
1,0.3627746316285093,0,test
0,0.07042825174875902,0,test
0,0.1128056753343609,0,test
1,0.9999999999959333,1,test
1,0.9999999999744487,1,test
0,0.06457287628473604,0,test
0,0.07644852370769431,0,test
0,0.06915879049308958,0,test
1,0.9999999999388574,1,test
0,0.32539547560543686,0,test
0,0.13517304245428963,0,test
0,0.0844275397443528,0,test
0,0.12810188888371382,0,test
0,0.05286217000307245,0,test
0,0.08144348035835806,0,test
1,0.9999999998914624,1,test
0,0.16759804039420126,0,test
0,0.3866832632176937,0,test
0,0.1491359440789707,0,test
0,0.19118648476397496,0,test
1,0.31026723908132914,0,test
1,0.9999999999965812,1,test
0,0.10956142617008295,0,test
0,0.15588338114637862,0,test
1,0.28780224309238495,0,test
0,0.33876267047909286,0,test
0,0.26315012132256993,0,test
1,0.3497284040302235,0,test
1,0.36352798981553647,0,test
1,0.16063686410982403,0,test
0,0.2389970875104122,0,test
1,0.16902864472360682,0,test
0,0.05229942698779494,0,test
0,0.24260708625974484,0,test
1,0.3570798732786622,0,test
1,0.9999999999579523,1,test
0,0.08981948933690045,0,test
0,0.15593441858621843,0,test
0,0.1687430825031804,0,test
1,0.6303343813302533,1,test
0,0.2529407466149737,0,test
0,0.10592848195028391,0,test
0,0.30003823629788273,0,test
0,0.16743884581052096,0,test
0,0.13791565110711212,0,test
1,0.2949909105227155,0,test
1,0.2757269801375172,0,test
0,0.17550585382744738,0,test
1,0.9999999998344224,1,test
0,0.08780671927203546,0,test
0,0.23881735884594713,0,test
0,0.09091864858912418,0,test
0,0.03127614285979531,0,test
0,0.1072045230608995,0,test
0,0.1984744837799534,0,test
0,0.14447590541629524,0,test
0,0.23218266992262973,0,test
0,0.2695531394843266,0,test
1,0.3876564561395349,0,test
0,0.1360350609436434,0,test
0,0.09285230193498291,0,test
1,0.09650067508139597,0,test
0,0.3006252274847274,0,test
1,0.10595426955293105,0,test
0,0.14775964256234508,0,test
1,0.9999999999277709,1,test
1,0.2917443326014587,0,test
0,0.22957740369556942,0,test
0,0.3988751119647754,0,test
0,0.2604321540251405,0,test
0,0.2695172626287004,0,test
0,0.09663686662980217,0,test
0,0.07296069795822295,0,test
0,0.25626003206661946,0,test
0,0.20870537801816677,0,test
1,0.12995259798897008,0,test
0,0.11631217642288051,0,test
0,0.13618594616754273,0,test
0,0.17672876232288906,0,test
1,0.9999999999564904,1,test
0,0.3634743602152148,0,test
1,0.3190283521818894,0,test
1,0.9999999999931268,1,test
0,0.07659931094968535,0,test
0,0.43360653719655123,0,test
1,0.999999999991164,1,test
0,0.0705213577392417,0,test
1,0.999999999925326,1,test
1,0.2436806782017917,0,test
0,0.2958605978347063,0,test
0,0.3492326256477217,0,test
0,0.20247318167396378,0,test
0,0.1406586191727621,0,test
1,0.9999999998964988,1,test
0,0.12711606302314357,0,test
0,0.09343217814218145,0,test
0,0.16060692915685046,0,test
0,0.14903304837401146,0,test
0,0.3173619779960932,0,test
0,0.15119745991166272,0,test
1,0.9999999999611489,1,test
0,0.28107619211862567,0,test
0,0.4294344817908937,0,test
0,0.2703655938209111,0,test
0,0.08640973120028678,0,test
1,0.36915839827160324,0,test
0,0.08714749576749299,0,test
1,0.9999999999949549,1,test
0,0.12118295259245525,0,test
0,0.1353022157915428,0,test
0,0.42529269189007163,0,test
0,0.16828493412753268,0,test
0,0.13487149106758647,0,test
0,0.23491202183059587,0,test
0,0.5201343986486606,1,test
0,0.16687739724623066,0,test
0,0.17673296150130538,0,test
1,0.9999999999751188,1,test
0,0.2214129164789656,0,test
0,0.1072546939254234,0,test
1,0.29857629828178495,0,test
0,0.2341318897319915,0,test
1,0.1348692452541861,0,test
0,0.12736640022832865,0,test
1,0.9999999999624507,1,test
0,0.15233140097416753,0,test
0,0.09973141302184077,0,test
1,0.9999999999117637,1,test
1,0.20977010436002141,0,test
0,0.07431941465803978,0,test
1,0.9999999999737532,1,test
0,0.1428170830599898,0,test
0,0.21125746051223268,0,test
0,0.06110689211158035,0,test
0,0.08416494630649635,0,test
0,0.0948248019140596,0,test
0,0.07244927788887179,0,test
1,0.999999999996781,1,test
1,0.14312310910424933,0,test
0,0.3418809163507058,0,test
0,0.0771057736866229,0,test
0,0.11165959406195647,0,test
0,0.14647457978895367,0,test
1,0.999999999834559,1,test
0,0.06453515352934308,0,test
0,0.19452848944981196,0,test
1,0.9999999999254578,1,test
1,0.9999999999251266,1,test
0,0.10131748332614618,0,test
0,0.1981283559246337,0,test
0,0.20150932194159585,0,test
1,0.9999999999043128,1,test
0,0.08997573416528366,0,test
0,0.4467155398791729,0,test
1,0.11263097490061567,0,test
0,0.34026986712337626,0,test
0,0.09019356161610227,0,test
0,0.21948434805236322,0,test
0,0.16266673728600245,0,test
1,0.9999999998714499,1,test
0,0.07336308369225848,0,test
0,0.10730093423618535,0,test
0,0.27942794754448885,0,test
1,0.19427975355161034,0,test
0,0.16360429883899472,0,test
0,0.2604153265048729,0,test
0,0.04433875049101481,0,test
0,0.38108670369461245,0,test
1,0.09997651746554329,0,test
1,0.23208099619439995,0,test
0,0.1205061499361981,0,test
0,0.1696925408780468,0,test
1,0.9999999997894242,1,test
0,0.14305047309886335,0,test
0,0.21500596677501108,0,test
0,0.4443847382596355,0,test
1,0.9999999999979008,1,test
0,0.05340227296312947,0,test
0,0.42838343075298163,0,test
0,0.22925393679332925,0,test
1,0.3100704863614591,0,test
1,0.18624998820508973,0,test
0,0.11680931072527727,0,test
0,0.13284698313024695,0,test
1,0.9999999999913765,1,test
0,0.1728298758799081,0,test
1,0.32468071402513005,0,test
0,0.0427292572672245,0,test
0,0.07335883826369738,0,test
0,0.17605878964768923,0,test
0,0.14578561384043368,0,test
0,0.1177876126003031,0,test
0,0.285521693264501,0,test
0,0.18708798297468912,0,test
0,0.21617992213847384,0,test
0,0.09473177075931281,0,test
0,0.06909296712788025,0,test
0,0.11998375048033973,0,test
0,0.23986274319566495,0,test
1,0.26516278659864667,0,test
0,0.07325646181512506,0,test
1,0.9999999999957581,1,test
0,0.09842018206443134,0,test
0,0.08607856024373597,0,test
0,0.16210846417582214,0,test
0,0.07931044372968422,0,test
0,0.17000722715127203,0,test
0,0.12494544443509671,0,test
0,0.24305576224889486,0,test
0,0.1675742133190699,0,test
0,0.07955972181529364,0,test
0,0.3452160879064936,0,test
0,0.07465419278866542,0,test
0,0.17247820609661058,0,test
0,0.1711778984097118,0,test
1,0.999999999974295,1,test
1,0.2752540336721002,0,test
1,0.6272644370975872,1,test
1,0.9999999999876197,1,test
0,0.2809067825682456,0,test
0,0.07442696575000478,0,test
0,0.37028036516237584,0,test
0,0.13941482601024063,0,test
0,0.1724513505195508,0,test
0,0.08152817143065684,0,test
0,0.32877122037423745,0,test
0,0.20253523696742076,0,test
0,0.18034351430902043,0,test
0,0.061604408115934844,0,test
1,0.19584041546984754,0,test
1,0.15851851925180835,0,test
0,0.18821526412024242,0,test
1,0.3480504137338701,0,test
0,0.17645671242613367,0,test
1,0.9999999999584168,1,test
0,0.12511397945099267,0,test
0,0.23632713188668558,0,test
0,0.26566387098815114,0,test
0,0.1261966994833251,0,test
0,0.23786100746696703,0,test
0,0.10032641511900707,0,test
0,0.23192323510404173,0,test
0,0.14483546014156265,0,test
0,0.08897153656361628,0,test
0,0.3070707885751884,0,test
0,0.12536062530581357,0,test
0,0.05573833033828164,0,test
0,0.12295384879681241,0,test
1,0.5515190925226738,1,test
0,0.19546692856211045,0,test
1,0.9999999999206459,1,test
0,0.05618496411018082,0,test
1,0.48474557706933774,0,test
0,0.22927803419357426,0,test
0,0.19247476050457185,0,test
0,0.4155627682213243,0,test
0,0.21215007251742016,0,test
0,0.060389848189911485,0,test
0,0.18075610717476168,0,test
1,0.9999999999617428,1,test
0,0.22807923075714778,0,test
1,0.9999999998744069,1,test
0,0.4078155964766869,0,test
0,0.17571763329788126,0,test
0,0.10989054800580143,0,test
0,0.2629188179787304,0,test
0,0.06774326291784168,0,test
1,0.19788579553352637,0,test
0,0.2090054141332289,0,test
1,0.9999999999698301,1,test
0,0.2368196799008771,0,test
0,0.3301675675664442,0,test
0,0.15526409724474202,0,test
0,0.2126722047991438,0,test
0,0.5047100895330852,1,test
1,0.09054912615525972,0,test
1,0.9999999998623981,1,test
1,0.13869779665682527,0,test
0,0.24051448298385938,0,test
0,0.18988483142165644,0,test
0,0.15380523793459178,0,test
0,0.09935778245966695,0,test
0,0.1450058460986665,0,test
0,0.16518365895380693,0,test
0,0.18519844465871324,0,test
1,0.9999999999785201,1,test
0,0.12250516003837167,0,test
0,0.26447403799732144,0,test
0,0.33139408552161737,0,test
0,0.1457537595049937,0,test
0,0.30126230886229943,0,test
0,0.12886482732731702,0,test
0,0.2659584591354853,0,test
1,0.19863052207760995,0,test
0,0.15453412058857105,0,test
1,0.14553725018699257,0,test
0,0.1800741889093674,0,test
1,0.999999999879206,1,test
1,0.2964324382638131,0,test
0,0.20103397441611104,0,test
1,0.9999999999938927,1,test
1,0.25733750984009623,0,test
0,0.1440838852397449,0,test
1,0.999999999925758,1,test
1,0.9999999999082252,1,test
0,0.06864911821226678,0,test
0,0.26657418987261444,0,test
0,0.18146369531557627,0,test
0,0.06794347117269618,0,test
0,0.1533018683247034,0,test
1,0.14180659169392876,0,test
1,0.9999999999864866,1,test
0,0.032449024301641184,0,test
0,0.2539296492203552,0,test
0,0.04810073336887179,0,test
0,0.30803586523625615,0,test
1,0.19355009699923134,0,test
0,0.15347248972478425,0,test
0,0.23677760187124094,0,test
0,0.22501787276644455,0,test
0,0.11347683518679776,0,test
1,0.2542210827086853,0,test
1,0.14634107593513498,0,test
0,0.4814812670652687,0,test
0,0.04462892471455666,0,test
0,0.1753039833305948,0,test
0,0.14850973294747918,0,test
0,0.1554671598992481,0,test
0,0.17139434141796128,0,test
1,0.9999999999625213,1,test
1,0.9999999999855607,1,test
1,0.41409207291678557,0,test
0,0.18739939479488155,0,test
0,0.19793614603490747,0,test
1,0.9999999999715841,1,test
0,0.17856019613762103,0,test
1,0.2690756531259487,0,test
0,0.2526383934179066,0,test
0,0.15664564813128257,0,test
0,0.11585819872549263,0,test
0,0.44290847413225737,0,test
1,0.9999999999326139,1,test
0,0.1608638128675897,0,test
1,0.185089381747442,0,test
1,0.9999999999834115,1,test
1,0.46996460297883713,0,test
0,0.16067747025665208,0,test
0,0.22399529748563027,0,test
0,0.3029352632293202,0,test
0,0.2935087857863886,0,test
0,0.08861498551497761,0,test
1,0.9999999997689653,1,test
0,0.26486780715052394,0,test
0,0.15735022384427483,0,test
0,0.2646964271395618,0,test
0,0.11934004168447054,0,test
0,0.2061746832152072,0,test
1,0.9999999999677347,1,test
0,0.42117099135780356,0,test
0,0.09350842373581963,0,test
0,0.15612454121929012,0,test
0,0.19131778720220116,0,test
0,0.4922360157902702,0,test
0,0.14930964690831172,0,test
0,0.2610846942378124,0,test
0,0.2075804067464789,0,test
0,0.31573527281539254,0,test
0,0.18186044622204064,0,test
0,0.125346097683392,0,test
0,0.6004668772265622,1,test
0,0.16751675445327355,0,test
0,0.4398398076874497,0,test
0,0.31625216548418045,0,test
0,0.0709091788567266,0,test
1,0.24845443204034862,0,test
0,0.1641900060788039,0,test
0,0.2833224763026874,0,test
0,0.30486427104711805,0,test
1,0.7374463426309777,1,test
0,0.18508714138508886,0,test
1,0.15413266815835622,0,test
0,0.15957151789991159,0,test
1,0.4760173696180489,0,test
0,0.09470667338332404,0,test
0,0.08031395150700378,0,test
0,0.2609401132881787,0,test
0,0.17480991137858698,0,test
0,0.24027149048475763,0,test
1,0.9999999999067453,1,test
0,0.11679626984736591,0,test
1,0.3282007160631192,0,test
0,0.18862952719805248,0,test
1,0.9999999999589257,1,test
0,0.09004272667879164,0,test
0,0.14684217423687138,0,test
0,0.22605916248398625,0,test
0,0.13270619915832546,0,test
0,0.45899999741488745,0,test
0,0.13723162912361236,0,test
1,0.34580064340544436,0,test
0,0.2337195598524073,0,test
0,0.17482355023075036,0,test
0,0.20121658668410095,0,test
0,0.11544000974562381,0,test
0,0.2445466687251887,0,test
0,0.29197091659951324,0,test
1,0.9999999999963332,1,test
1,0.7195946472568209,1,test
0,0.22787138022025877,0,test
0,0.36883884124972494,0,test
0,0.12245125775614245,0,test
1,0.5105846785917846,1,test
0,0.16694503786015727,0,test
0,0.4791783252600721,0,test
0,0.0709322056651811,0,test
0,0.6694822537639207,1,test
0,0.20130230506716756,0,test
0,0.09924297882570643,0,test
0,0.13608337047184577,0,test
0,0.1481002166732637,0,test
1,0.0837800416448594,0,test
0,0.4719038499560441,0,test
0,0.13668103355907787,0,test
0,0.20009517861464413,0,test
0,0.361867089456738,0,test
1,0.9999999999112854,1,test
0,0.24287783116060566,0,test
0,0.09106167785202551,0,test
0,0.12922233656735363,0,test
0,0.2684144448996879,0,test
0,0.18218654671917087,0,test
0,0.11196809523199953,0,test
0,0.278336537109978,0,test
1,0.26813894941893146,0,test
0,0.17425194443856545,0,test
0,0.12393976344643079,0,test
0,0.4330636006622301,0,test
1,0.09683342661029871,0,test
0,0.16117349384198887,0,test
1,0.8088075559181239,1,test
0,0.45846538655454566,0,test
1,0.12526831256562232,0,test
0,0.18197323653636996,0,test
0,0.13971589730897246,0,test
0,0.10530185691506007,0,test
0,0.15829666155988242,0,test
0,0.07858565989959258,0,test
0,0.23609011509090588,0,test
1,0.9999999999757869,1,test
0,0.12937057056977358,0,test
0,0.25777683388568495,0,test
1,0.999999999957575,1,test
0,0.29890165796701085,0,test
0,0.16658718870152475,0,test
1,0.9999999999858074,1,test
1,0.9999999998999067,1,test
1,0.24715730219018672,0,test
0,0.2396749006848956,0,test
0,0.2083924247211928,0,test
0,0.19215420262192526,0,test
0,0.1757268442334506,0,test
1,0.0535159783425986,0,test
0,0.07848826208073484,0,test
1,0.9999999999347666,1,test
0,0.1497693094862497,0,test
1,0.9999999999061329,1,test
1,0.23972872176380242,0,test
1,0.9999999998748961,1,test
0,0.0867254796017547,0,test
0,0.2476993196470029,0,test
0,0.19229180933853465,0,test
1,0.18334766436871147,0,test
0,0.5089551652683121,1,test
0,0.39089842647974865,0,test
1,0.9999999999390616,1,test
0,0.05436292323320688,0,test
1,0.9999999999581448,1,test
0,0.2970650085928111,0,test
0,0.163414372479958,0,test
0,0.15032804284622783,0,test
0,0.16430504551038924,0,test
1,0.2988764137200823,0,test
0,0.20739113508587004,0,test
1,0.06033829633046549,0,test
0,0.2609800334323535,0,test
0,0.16121927708117878,0,test
0,0.18229781404546436,0,test
0,0.0972452900527379,0,test
1,0.9999999999871889,1,test
0,0.14325740632474993,0,test
0,0.06853300394588699,0,test
1,0.37415430560170826,0,test
0,0.29585804754358297,0,test
1,0.9999999999710403,1,test
0,0.4103506632435471,0,test
1,0.9999999999881899,1,test
0,0.20782045788814843,0,test
1,0.25316096268183136,0,test
1,0.26284366534382547,0,test
0,0.08006231656144273,0,test
0,0.33077247690888234,0,test
1,0.35122379882984117,0,test
0,0.2504070590966498,0,test
0,0.12338032851690227,0,test
1,0.5379866112707231,1,test
0,0.21776831397007473,0,test
1,0.9999999999588904,1,test
1,0.9999999999677218,1,test
1,0.44162767990946994,0,test
0,0.06016668202910561,0,test
0,0.08646097420512246,0,test
0,0.13003754021549715,0,test
0,0.08079492448951728,0,test
0,0.0911446522441203,0,test
1,0.9999999999779743,1,test
0,0.4204121856906185,0,test
1,0.2995062078213472,0,test
0,0.1310197564734784,0,test
1,0.09657893384408421,0,test
0,0.14557730728864704,0,test
0,0.21172096382460087,0,test
0,0.3899214005494061,0,test
0,0.12277093940300417,0,test
0,0.1339006066280104,0,test
0,0.21860761152424896,0,test
0,0.08943020316936526,0,test
1,0.6436464277898444,1,test
0,0.26172269611253796,0,test
0,0.06523133276768239,0,test
0,0.08257010134755585,0,test
0,0.21414689732421352,0,test
0,0.14651951300597246,0,test
0,0.21715300765297307,0,test
0,0.2514493639324621,0,test
0,0.09204753480321279,0,test
0,0.28539035516797706,0,test
0,0.3340516866539003,0,test
0,0.28638909843623434,0,test
0,0.2259909748116909,0,test
0,0.157173474025683,0,test
0,0.06733330073263108,0,test
0,0.29482972388784934,0,test
0,0.1715768386550282,0,test
0,0.17154944431764155,0,test
1,0.255515153361477,0,test
1,0.9999999999541063,1,test
0,0.3826219175222152,0,test
0,0.1413550267184755,0,test
0,0.2679491583643471,0,test
0,0.16552665477860276,0,test
1,0.9999999999975206,1,test
0,0.14750006281878733,0,test
0,0.3032353790995722,0,test
1,0.1623818223095536,0,test
0,0.16016242114831764,0,test
0,0.22539144840918932,0,test
0,0.05500867784692537,0,test
0,0.17128498023804054,0,test
0,0.17278659016441014,0,test
0,0.1954364997715197,0,test
0,0.07197890081200599,0,test
0,0.15244816760149013,0,test
0,0.05136636254057583,0,test
0,0.2792798213809582,0,test
0,0.27497018433636494,0,test
0,0.27437388154486536,0,test
0,0.15455301330740084,0,test
0,0.18785550606998602,0,test
0,0.635737693841903,1,test
0,0.380401427784237,0,test
0,0.20534585328366697,0,test
0,0.3415839267364778,0,test
0,0.21198599988137665,0,test
0,0.1032151911406642,0,test
0,0.11378814178683312,0,test
0,0.1231543779701201,0,test
0,0.1438984557095479,0,test
0,0.4648771464079735,0,test
0,0.08605440403461358,0,test
1,0.4743707831521376,0,test
0,0.1405607213130787,0,test
1,0.9999999999564089,1,test
0,0.24964141565508466,0,test
1,0.16077438719076917,0,test
1,0.20321690609305645,0,test
1,0.9999999999960214,1,test
0,0.20633604340792688,0,test
1,0.46930518991149955,0,test
0,0.1885217844007774,0,test
0,0.24423811639845472,0,test
0,0.1443643553334999,0,test
0,0.09909874345378974,0,test
0,0.23739265132350715,0,test
0,0.3647522608494122,0,test
0,0.1748159886949157,0,test
0,0.24916552763438324,0,test
1,0.3435186044361646,0,test
0,0.26714026182549283,0,test
0,0.27363841061587774,0,test
1,0.20192968524411456,0,test
0,0.16914914598626232,0,test
0,0.2406783700258782,0,test
0,0.13223734928780587,0,test
1,0.9999999999266749,1,test
0,0.3544760823109187,0,test
0,0.14700397431218817,0,test
0,0.0823250841816724,0,test
0,0.22078120558478614,0,test
1,0.9999999999777531,1,test
0,0.2297190595844549,0,test
1,0.1806354324137074,0,test
0,0.2728198477988753,0,test
0,0.11132798258075274,0,test
0,0.16313898588956344,0,test
0,0.18867385471233927,0,test
0,0.12667042413432883,0,test
0,0.3040403980776536,0,test
0,0.2427076322091545,0,test
0,0.22423973661991037,0,test
0,0.0935132717723502,0,test
0,0.15285736422268026,0,test
1,0.035542379266835594,0,test
1,0.9999999999714464,1,test
0,0.1001570792244146,0,test
0,0.10763728594463645,0,test
0,0.2659923857903683,0,test
0,0.14508933533982865,0,test
0,0.23892023433334525,0,test
0,0.4368269492768938,0,test
0,0.6133684329476692,1,test
0,0.20031574672679384,0,test
0,0.17718756299651822,0,test
0,0.145135879059867,0,test
1,0.9999999999105957,1,test
0,0.19774285077997203,0,test
0,0.20608848203081984,0,test
0,0.13341122099796193,0,test
0,0.36996449949880167,0,test
0,0.2148068310210975,0,test
0,0.29519130123971987,0,test
0,0.10924613365015184,0,test
0,0.3958654860829281,0,test
0,0.3580728122094248,0,test
0,0.29761080884614965,0,test
1,0.0666796243591554,0,test
0,0.10809077385372903,0,test
1,0.9999999999857698,1,test
0,0.3563380381523642,0,test
0,0.08221625589297119,0,test
0,0.10841593443600606,0,test
0,0.23038636233001256,0,test
1,0.269358332010753,0,test
0,0.30235492527933605,0,test
0,0.32422790114588296,0,test
1,0.9999999999713349,1,test
0,0.10508349808030988,0,test
0,0.14360654070725068,0,test
1,0.36084787025851583,0,test
0,0.14911876725756368,0,test
1,0.21460688403307746,0,test
0,0.07613987073800979,0,test
1,0.9999999999615579,1,test
1,0.9999999998472715,1,test
1,0.4432765375990933,0,test
0,0.0910986093395282,0,test
0,0.12465888873806484,0,test
0,0.16100520188628206,0,test
0,0.3374718313635838,0,test
1,0.6335728442008589,1,test
0,0.28045643560315464,0,test
0,0.24274239146360035,0,test
0,0.14014681558301073,0,test
1,0.27501516859425673,0,test
0,0.05948101943133436,0,test
1,0.38117875800866446,0,test
1,0.7290866548823238,1,test
0,0.1161607296512606,0,test
0,0.1253788980893034,0,test
0,0.17563132822062433,0,test
0,0.27583529711677446,0,test
0,0.11695238008395134,0,test
1,0.9999999999940858,1,test
0,0.13510919733097265,0,test
1,0.1314946709513345,0,test
0,0.15042864997381486,0,test
0,0.24876719065843692,0,test
0,0.06482853756333716,0,test
0,0.16439157724580972,0,test
0,0.18388242273476052,0,test
1,0.999999999996463,1,test
0,0.13953033972804302,0,test
1,0.9999999999251039,1,test
0,0.15118671859185834,0,test
0,0.16484715254695262,0,test
0,0.18561366360582487,0,test
0,0.18366532096358418,0,test
0,0.1636525699553392,0,test
1,0.19823366715667606,0,test
1,0.42589239174662624,0,test
0,0.16645757065499348,0,test
0,0.17845080331209984,0,test
0,0.22796124737382206,0,test
0,0.22102547869070135,0,test
1,0.9999999999403371,1,test
0,0.29054388933164055,0,test
0,0.1523565265959791,0,test
1,0.6668193120956457,1,test
0,0.14044965139507815,0,test
0,0.3595289561900211,0,test
0,0.0936662763403577,0,test
1,0.25170692710718845,0,test
0,0.15188704280378185,0,test
0,0.13423828910429808,0,test
0,0.1327352377069039,0,test
0,0.6810031373895129,1,test
1,0.1247396010323411,0,test
1,0.2778123210813372,0,test
1,0.5481831806792644,1,test
0,0.1551621075207281,0,test
0,0.17899995466593302,0,test
1,0.2547698966589846,0,test
1,0.4538086064123586,0,test
0,0.05751837074611352,0,test
0,0.09783078887517103,0,test
1,0.99999999994971,1,test
0,0.22231593341316916,0,test
1,0.2507733616015317,0,test
1,0.09476009016624677,0,test
0,0.052510380690204236,0,test
0,0.14577345774133252,0,test
0,0.2234602872053576,0,test
1,0.4742745939596266,0,test
1,0.1942572095808043,0,test
0,0.08562292765297552,0,test
0,0.31959949213865124,0,test
0,0.2975793898028756,0,test
0,0.08023992331124492,0,test
0,0.15198704937589586,0,test
0,0.08424916349587863,0,test
0,0.18885847352249838,0,test
1,0.21323739378322837,0,test
0,0.18766522283464648,0,test
0,0.2044636102454582,0,test
0,0.227055580303088,0,test
0,0.070774402368348,0,test
0,0.13491797219055368,0,test
0,0.10077079563272907,0,test
1,0.9999999998733335,1,test
1,0.05043231776990579,0,test
1,0.2263864830842444,0,test
1,0.3189842286951427,0,test
0,0.40882301831647067,0,test
1,0.8283456320457453,1,test
1,0.23891139848086113,0,test
0,0.24591113166761353,0,test
0,0.10479125291086805,0,test
1,0.3363982522594425,0,test
0,0.1439931674870631,0,test
0,0.22065513341267434,0,test
1,0.10811436402458292,0,test
1,0.9999999999848246,1,test
0,0.2534958879191283,0,test
1,0.21464004891801977,0,test
1,0.4313760948817854,0,test
1,0.9999999998884557,1,test
0,0.11420408257344003,0,test
0,0.1760810538198552,0,test
0,0.11543402212776772,0,test
0,0.2200309677672438,0,test
1,0.1079998578048534,0,test
0,0.1370356253338598,0,test
1,0.99999999998699,1,test
0,0.341211628819536,0,test
0,0.07313030738216961,0,test
1,0.337398559849517,0,test
0,0.10187815271080713,0,test
0,0.22659847894493865,0,test
0,0.17391318068412528,0,test
1,0.9999999999616869,1,test
0,0.2315952256631406,0,test
0,0.34368119444490164,0,test
0,0.3021055363921428,0,test
0,0.14317854249236922,0,test
0,0.14245965240465477,0,test
0,0.11590210749132082,0,test
0,0.14815894244780345,0,test
1,0.9999999999576417,1,test
0,0.20423084956967485,0,test
0,0.4242293692771776,0,test
1,0.361278097094258,0,test
1,0.5452698612545909,1,test
0,0.21499413793193312,0,test
0,0.48020656806999135,0,test
0,0.21004541328372697,0,test
0,0.36227612556449884,0,test
1,0.37535774589875387,0,test
0,0.5179230013053993,1,test
0,0.22154456731413036,0,test
1,0.9999999999571547,1,test
0,0.22548730714602883,0,test
0,0.21424512989931185,0,test
0,0.2376105370472626,0,test
1,0.999999999981898,1,test
0,0.14973830569108337,0,test
0,0.08452454786791268,0,test
0,0.0884135374511287,0,test
0,0.4067090824878675,0,test
0,0.19335033202139398,0,test
1,0.9999999999727527,1,test
0,0.40138251909921907,0,test
0,0.2042434278076911,0,test
0,0.3486166668512131,0,test
1,0.30361509031642436,0,test
1,0.1403125437845398,0,test
0,0.1933498426668078,0,test
1,0.1230938554381539,0,test
1,0.9999999999079738,1,test
0,0.1234194676642871,0,test
0,0.06910732024819645,0,test
0,0.13713002719106654,0,test
1,0.9999999999572047,1,test
0,0.20252013003815142,0,test
0,0.04447270648727133,0,test
0,0.13249097981932068,0,test
1,0.9999999999039126,1,test
0,0.09684693976323684,0,test
0,0.12751677851259785,0,test
0,0.057774859981429005,0,test
1,0.11446082438505001,0,test
1,0.4436958020668408,0,test
0,0.17906217318826023,0,test
0,0.5005636505669411,1,test
0,0.39976649778775664,0,test
0,0.20377241837994073,0,test
0,0.4982631562277723,0,test
0,0.21209815264242426,0,test
0,0.1434891453369253,0,test
1,0.9999999999849458,1,test
1,0.999999999848314,1,test
0,0.30369752489854424,0,test
0,0.1841161922804665,0,test
0,0.21371430122022178,0,test
0,0.04839309287195382,0,test
0,0.24470620546060387,0,test
0,0.2820414561195161,0,test
0,0.36825648326580845,0,test
0,0.12696900857134824,0,test
0,0.147090496747087,0,test
0,0.12296497011676445,0,test
0,0.08530659235543168,0,test
0,0.17928066677488705,0,test
0,0.45013135623517575,0,test
0,0.2188399726957066,0,test
0,0.30247154442047997,0,test
0,0.061325268272827665,0,test
0,0.23561362719895246,0,test
0,0.22145647389220516,0,test
0,0.09419924572891698,0,test
1,0.9999999999733349,1,test
1,0.24825910952437058,0,test
0,0.1603175389333047,0,test
1,0.9999999999063958,1,test
0,0.060650058244638566,0,test
1,0.9999999999586904,1,test
0,0.3327127906883472,0,test
0,0.19253204651799094,0,test
0,0.21561626207877718,0,test
0,0.07620066374663709,0,test
0,0.3092573353700684,0,test
0,0.13235330609971552,0,test
0,0.18202724615176752,0,test
1,0.9999999999408686,1,test
1,0.5250560674458364,1,test
0,0.24257121820241515,0,test
0,0.20935122304790674,0,test
1,0.13274993707267763,0,test
0,0.1725474076592103,0,test
0,0.2425542825620485,0,test
0,0.20711855205915164,0,test
1,0.5367076976425483,1,test
0,0.1359319915121069,0,test
0,0.08339504729923423,0,test
0,0.20459349441149025,0,test
1,0.2357413763066613,0,test
0,0.08997604636195267,0,test
0,0.4277225035882335,0,test
0,0.11521382695242399,0,test
0,0.3183232306856005,0,test
1,0.33626341204649896,0,test
1,0.3736343408693906,0,test
1,0.2915000765819348,0,test
1,0.9999999999426668,1,test
0,0.11510993426445448,0,test
0,0.0704495215138119,0,test
0,0.10903422590759057,0,test
1,0.9999999999491527,1,test
0,0.12127539157839327,0,test
0,0.12105786056668147,0,test
0,0.10906267708125035,0,test
0,0.07828264772494226,0,test
0,0.052098056410443176,0,test
0,0.1608478661413542,0,test
0,0.12203378957915423,0,test
1,0.17864859992114726,0,test
1,0.9999999999397817,1,test
0,0.040239528758177295,0,test
0,0.5420733105473289,1,test
1,0.9999999998955786,1,test
0,0.03600983688983821,0,test
0,0.15288677397756023,0,test
1,0.9999999999553397,1,test
1,0.1470669907340293,0,test
0,0.049315741531934736,0,test
1,0.36071787120730836,0,test
1,0.16171645097888773,0,test
1,0.29722999716784015,0,test
1,0.9999999999664446,1,test
0,0.164106469496377,0,test
1,0.9999999999171507,1,test
1,0.9999999998961275,1,test
1,0.09996361501783808,0,test
1,0.9999999999478584,1,test
1,0.30681616139073825,0,test
1,0.9999999999690035,1,test
0,0.19516496293059185,0,test
0,0.12369383009459045,0,test
0,0.1996481076532196,0,test
0,0.11667014614278053,0,test
0,0.10199951475003263,0,test
0,0.17986123709386231,0,test
0,0.18608383310289178,0,test
0,0.22788879328309833,0,test
0,0.31093485212995625,0,test
1,0.9999999999425031,1,test
0,0.09898872091394639,0,test
0,0.2178666787857537,0,test
0,0.15437366266387315,0,test
1,0.9999999999281965,1,test
0,0.20779565882924303,0,test
0,0.0625588279227523,0,test
0,0.11148639550189468,0,test
0,0.19989725801302394,0,test
0,0.3332582533976172,0,test
0,0.10356261694755996,0,test
0,0.06277896381606939,0,test
0,0.14219043954938518,0,test
0,0.15444448786924703,0,test
0,0.07225635430996263,0,test
0,0.12580934617247377,0,test
1,0.9999999999839451,1,test
1,0.9999999999884481,1,test
1,0.9999999998634275,1,test
0,0.16553856432918063,0,test
0,0.23414646872590233,0,test
1,0.38676482281400704,0,test
0,0.304461494245386,0,test
0,0.05873444496402465,0,test
1,0.6607230076774095,1,test
0,0.047494766047662645,0,test
1,0.9999999999431128,1,test
0,0.10637802387942234,0,test
1,0.2110407991343708,0,test
0,0.1272836093260849,0,test
0,0.0605970864973892,0,test
0,0.15800693941506003,0,test
0,0.08355035743835507,0,test
0,0.22974117429641833,0,test
1,0.7913844997301515,1,test
0,0.1182146943968474,0,test
0,0.056930711471534445,0,test
0,0.21683011655984127,0,test
0,0.27752384129769403,0,test
0,0.3159353780108068,0,test
0,0.3631448053079316,0,test
0,0.18850208284324105,0,test
1,0.9999999998528095,1,test
0,0.08045597587424812,0,test
0,0.3966569451783054,0,test
0,0.05035066768009497,0,test
0,0.18749676526361342,0,test
0,0.24420966366850377,0,test
1,0.7896584135477736,1,test
0,0.17108829996145453,0,test
0,0.18246781370870482,0,test
0,0.25335525037983253,0,test
0,0.13380296968816813,0,test
0,0.5171933788696421,1,test
0,0.24546888690923643,0,test
0,0.30803875471362613,0,test
0,0.09694295340259695,0,test
0,0.7179143998373044,1,test
0,0.38653994639524664,0,test
1,0.9999999999794316,1,test
0,0.11894562622364306,0,test
1,0.18331198398260318,0,test
1,0.2079182103761985,0,test
0,0.18082961789897029,0,test
1,0.999999999954837,1,test
0,0.25834248409920646,0,test
0,0.5729970538171126,1,test
0,0.1268919979163124,0,test
0,0.16782290484532694,0,test
1,0.9999999999934697,1,test
0,0.0747707604930109,0,test
0,0.11939154785958556,0,test
1,0.28462263101319374,0,test
0,0.3476311138892971,0,test
0,0.04737686189523665,0,test
0,0.2302485635445409,0,test
0,0.1016914013155532,0,test
0,0.3025828214004438,0,test
0,0.29820083335194103,0,test
0,0.11882508317776264,0,test
0,0.08095191309697886,0,test
0,0.14959904312185252,0,test
0,0.2985999747663763,0,test
0,0.4631884875106532,0,test
1,0.4856364604217269,0,test
1,0.2704689914449884,0,test
0,0.308053681056665,0,test
0,0.4318499238729623,0,test
0,0.2579385559703456,0,test
1,0.5311058004888095,1,test
1,0.9999999999945222,1,test
0,0.06227230818982461,0,test
0,0.1482197411619799,0,test
0,0.3353673440269523,0,test
0,0.24229797060155864,0,test
0,0.065909617377559,0,test
0,0.08192102680295868,0,test
0,0.26064186434669867,0,test
0,0.1455002672274287,0,test
1,0.5443281193128193,1,test
0,0.1827619593409678,0,test
1,0.9999999999545364,1,test
0,0.20573192496260195,0,test
0,0.5623625135639645,1,test
0,0.37564391145200554,0,test
1,0.9999999999782003,1,test
1,0.24247906952893575,0,test
0,0.08680016685394959,0,test
0,0.17896200312443977,0,test
0,0.09994807128244848,0,test
0,0.2741390255229462,0,test
0,0.20785297238088943,0,test
0,0.4854482727318318,0,test
1,0.159067290902564,0,test
1,0.31812695636324934,0,test
1,0.999999999939444,1,test
1,0.9999999999261819,1,test
1,0.9999999998751763,1,test
1,0.17213263888767852,0,test
0,0.09575866677044173,0,test
0,0.33457612812556653,0,test
0,0.11422464004733827,0,test
1,0.9999999999592382,1,test
0,0.25609668847776035,0,test
0,0.07460855957166562,0,test
1,0.9999999999561877,1,test
0,0.1132226316410362,0,test
0,0.21993051752463327,0,test
0,0.21111010247193412,0,test
0,0.13422637311875488,0,test
0,0.06617287611920435,0,test
0,0.128779224003637,0,test
1,0.9999999999383007,1,test
0,0.5142873372351526,1,test
1,0.9999999999717977,1,test
0,0.13095729473370393,0,test
1,0.20155471967095512,0,test
1,0.9999999999865217,1,test
0,0.10305105248085002,0,test
0,0.14071596365880393,0,test
0,0.25763142346310264,0,test
0,0.13417495956666173,0,test
0,0.14742188166809178,0,test
1,0.2369587205039827,0,test
1,0.3219326446877374,0,test
1,0.3339264741583761,0,test
1,0.9999999999826503,1,test
1,0.2767843310468968,0,test
1,0.29342598989533736,0,test
0,0.050398883871005974,0,test
0,0.09455689737370106,0,test
1,0.9999999999254836,1,test
0,0.24370993729756774,0,test
0,0.2844887648301626,0,test
0,0.08810970388897964,0,test
0,0.1574845487133655,0,test
0,0.20181206572571556,0,test
0,0.2618175164033933,0,test
0,0.154442069394975,0,test
0,0.05566422574218805,0,test
0,0.03628718884849542,0,test
1,0.9999999999454241,1,test
0,0.2857649549223968,0,test
1,0.9999999999627895,1,test
0,0.18733954229034114,0,test
0,0.17020884584974366,0,test
1,0.9999999998586921,1,test
0,0.16645000093826076,0,test
0,0.14488910420113885,0,test
0,0.33101033437497906,0,test
0,0.14616802200587045,0,test
0,0.0818142971135264,0,test
1,0.28543013091690883,0,test
0,0.1671106017214509,0,test
0,0.06719366688914878,0,test
0,0.373128275055209,0,test
0,0.19313164549950057,0,test
0,0.13135821950332402,0,test
0,0.2599436566050311,0,test
0,0.17179459330290855,0,test
0,0.11977063730115214,0,test
1,0.9999999999414313,1,test
0,0.19015450766925446,0,test
0,0.49657772760947533,0,test
0,0.19605337736531903,0,test
1,0.9999999999501152,1,test
0,0.2553209176241036,0,test
0,0.21093831488705506,0,test
0,0.23167505900962854,0,test
0,0.40626814527764193,0,test
0,0.10950402195850867,0,test
0,0.18760066838467365,0,test
0,0.11612969176889205,0,test
0,0.21651614763407873,0,test
0,0.19278940745284853,0,test
1,0.9999999998516158,1,test
0,0.3673718650487255,0,test
0,0.11666075383179268,0,test
0,0.04415783337378079,0,test
1,0.23712686736398855,0,test
0,0.21773408782880257,0,test
0,0.25786761595857277,0,test
1,0.9999999999578377,1,test
1,0.19653247510343996,0,test
0,0.2004772893757546,0,test
1,0.9999999999974123,1,test
0,0.22903888749291523,0,test
0,0.0729161240268652,0,test
0,0.37969114491891376,0,test
0,0.23939068240589395,0,test
0,0.18906196262534775,0,test
0,0.09302720619209981,0,test
0,0.08658061587559251,0,test
0,0.22282032845207186,0,test
1,0.857582051604396,1,test
1,0.9999999999475302,1,test
0,0.5448656256961069,1,test
0,0.2664114870166076,0,test
1,0.5546822851168824,1,test
1,0.2568074377100197,0,test
0,0.31977896271259726,0,test
0,0.2439555513936366,0,test
0,0.1506760163540486,0,test
0,0.09800264031136609,0,test
0,0.2382809783624985,0,test
0,0.233093909632615,0,test
0,0.28668020159004515,0,test
0,0.16415826892347496,0,test
0,0.3373463516767679,0,test
0,0.2302477727578335,0,test
0,0.06442248748577699,0,test
0,0.14595900239932355,0,test
0,0.1046760494029041,0,test
0,0.13746071733705045,0,test
0,0.42710472995829035,0,test
0,0.2998613132512251,0,test
1,0.9999999999276539,1,test
0,0.15958690239624118,0,test
0,0.0572025607061067,0,test
0,0.17745720503497647,0,test
1,0.9999999999241751,1,test
0,0.11283998273131694,0,test
0,0.04852809732759504,0,test
0,0.12155744502900394,0,test
0,0.06763181869211868,0,test
0,0.11902935445649984,0,test
0,0.24368105125829922,0,test
1,0.280234410141742,0,test
0,0.3066500621239652,0,test
0,0.19611114729631934,0,test
0,0.19088222110343775,0,test
0,0.12494606665975484,0,test
1,0.9999999999429419,1,test
0,0.10707438329423051,0,test
0,0.24431287791519085,0,test
0,0.42743122324772326,0,test
1,0.9999999999865572,1,test
0,0.09304942812903892,0,test
0,0.06544122630311491,0,test
1,0.6463841829621242,1,test
0,0.3083050243748065,0,test
1,0.9999999999434199,1,test
0,0.07282432524886738,0,test
0,0.27854790076801356,0,test
0,0.31858862884381967,0,test
0,0.09560862761143914,0,test
0,0.17273716240153536,0,test
0,0.2592870948169022,0,test
0,0.12817561050886608,0,test
0,0.04955117714901498,0,test
1,0.9999999998493252,1,test
0,0.11820734453819917,0,test
0,0.11242764859382301,0,test
1,0.30876158849515983,0,test
0,0.12875591301379763,0,test
1,0.9999999998389963,1,test
0,0.2771499161178142,0,test
0,0.1376587765069462,0,test
0,0.18213279638712757,0,test
0,0.2392322827924365,0,test
0,0.33084851651978864,0,test
0,0.2108925860791876,0,test
0,0.09170084758846317,0,test
1,0.3535272468501906,0,test
1,0.9999999999711207,1,test
0,0.3324837471707102,0,test
0,0.12128881633218762,0,test
0,0.11841137018062824,0,test
1,0.1790284357286033,0,test
0,0.40959997299624296,0,test
0,0.1630771989890752,0,test
0,0.12036140795059308,0,test
1,0.4298714537976807,0,test
0,0.16075908326799326,0,test
0,0.45520553693440347,0,test
0,0.3717774776459762,0,test
0,0.12948861201458287,0,test
0,0.1637742462676779,0,test
0,0.1830151712719825,0,test
0,0.5737737317676397,1,test
0,0.18970825103018427,0,test
0,0.079722526892741,0,test
0,0.3002428997761591,0,test
0,0.09540047587528916,0,test
0,0.13728224505618622,0,test
0,0.11345522947103508,0,test
0,0.22030336183065455,0,test
0,0.09000127419969736,0,test
0,0.21963903592696005,0,test
0,0.2181982502382415,0,test
1,0.3015967527933781,0,test
0,0.18187325381562697,0,test
1,0.16666700566103812,0,test
1,0.9999999999387366,1,test
0,0.23256055892020774,0,test
0,0.0708622370125581,0,test
0,0.2599412362895631,0,test
0,0.21668077829259078,0,test
0,0.18620470872154715,0,test
0,0.2707393408294716,0,test
0,0.41966046107099186,0,test
1,0.12080273319443803,0,test
0,0.3624497127633945,0,test
0,0.11939393210598975,0,test
1,0.534331855605769,1,test
0,0.08528651771545145,0,test
0,0.11913696065063013,0,test
0,0.15392519879733887,0,test
0,0.21624714889858668,0,test
1,0.5784539729719625,1,test
1,0.2198983488878729,0,test
0,0.10158748522493788,0,test
0,0.23154649956896722,0,test
0,0.14297976206282922,0,test
0,0.2034946709915177,0,test
0,0.16700603821033494,0,test
0,0.1132486460261068,0,test
0,0.2638086495691844,0,test
0,0.27618313244072534,0,test
0,0.09667542715339948,0,test
0,0.17775857040321483,0,test
0,0.39526131299353817,0,test
1,0.9999999999244626,1,test
0,0.34164709674739663,0,test
1,0.9999999999527289,1,test
1,0.21413369630463464,0,test
0,0.08198922894389771,0,test
1,0.24382432357882738,0,test
0,0.11670561918885118,0,test
1,0.9999999999573215,1,test
0,0.12497186898157218,0,test
0,0.11962014382330197,0,test
0,0.15358369413273135,0,test
0,0.04791011676643947,0,test
0,0.15968214343973103,0,test
0,0.3036984191338147,0,test
0,0.10406130399893358,0,test
0,0.26070556440565257,0,test
0,0.17431174236547675,0,test
0,0.1442326999842219,0,test
0,0.134526675992463,0,test
1,0.4200395142711708,0,test
0,0.17174530578656277,0,test
0,0.3799617888401814,0,test
0,0.26635187926749615,0,test
0,0.21104792026679994,0,test
0,0.38740223203522955,0,test
0,0.17357077526570658,0,test
0,0.12159417310320461,0,test
0,0.23847250378271023,0,test
0,0.3111963444045392,0,test
0,0.2571239662248872,0,test
0,0.2731054495877797,0,test
1,0.9999999999638454,1,test
0,0.14979740495897811,0,test
0,0.11484632619819525,0,test
0,0.14097899218087062,0,test
0,0.23293905573084966,0,test
0,0.24065898811370523,0,test
0,0.1162454549350707,0,test
0,0.04606209920647285,0,test
0,0.4680879427763666,0,test
0,0.0580962436341554,0,test
0,0.057338970286882424,0,test
1,0.5535414734388446,1,test
0,0.19397854291806738,0,test
0,0.2835971662152745,0,test
0,0.34098097650416276,0,test
0,0.251684468467488,0,test
1,0.9999999999815083,1,test
0,0.12416934090728034,0,test
0,0.3198246359256326,0,test
0,0.08082551498708457,0,test
0,0.3347594009184029,0,test
0,0.1303629623963256,0,test
1,0.9999999999317701,1,test
0,0.3284282049412152,0,test
1,0.9999999999831846,1,test
0,0.12849409253417085,0,test
0,0.06324844255750173,0,test
0,0.1360656440081254,0,test
0,0.3919530267790091,0,test
0,0.15306471129039875,0,test
1,0.2950115845411548,0,test
0,0.07087524532347722,0,test
0,0.35360700223238895,0,test
0,0.19023791550464866,0,test
0,0.1684866287445921,0,test
0,0.48191086390043764,0,test
1,0.40542583427900597,0,test
0,0.2166593380613827,0,test
1,0.07871436363306059,0,test
0,0.10174115860654039,0,test
0,0.1872790043439672,0,test
1,0.9999999999712392,1,test
0,0.31392500744113616,0,test
0,0.1610503401000563,0,test
0,0.4169331199216036,0,test
1,0.1498353326618878,0,test
0,0.23498732767781363,0,test
0,0.16506883443295112,0,test
1,0.9999999999564604,1,test
0,0.0904495156226937,0,test
0,0.26057941434151605,0,test
1,0.226989338240527,0,test
0,0.10634707207107152,0,test
0,0.1811946533445804,0,test
0,0.06885070183288501,0,test
0,0.16825905434135377,0,test
0,0.130535201139722,0,test
0,0.20664915616483662,0,test
1,0.3949524599684098,0,test
0,0.2717466516542617,0,test
1,0.4212416204245555,0,test
0,0.1190091886165463,0,test
0,0.08363164306799492,0,test
0,0.13286088931088935,0,test
1,0.9999999998921953,1,test
0,0.24451454116269297,0,test
0,0.07882014973729669,0,test
0,0.1283906393291811,0,test
1,0.2826509690102616,0,test
1,0.11749870307956138,0,test
0,0.22351401139696542,0,test
1,0.44800585979326824,0,test
0,0.21660536872592226,0,test
0,0.12896011952632463,0,test
0,0.24409684294756673,0,test
0,0.06530855005347368,0,test
0,0.07117900917966352,0,test
0,0.1556547645672524,0,test
0,0.3908001573108915,0,test
1,0.5892983983932965,1,test
0,0.1643318048595938,0,test
0,0.28952783299870594,0,test
0,0.25359160916424983,0,test
0,0.06717398893201919,0,test
1,0.87662688370801,1,test
0,0.145472350017045,0,test
0,0.14762832616760935,0,test
1,0.3052364223283652,0,test
0,0.21807280968579182,0,test
1,0.625709934397357,1,test
0,0.16947825997822225,0,test
0,0.43819069084842155,0,test
1,0.3507167717410174,0,test
1,0.21578040715508637,0,test
1,0.11196238751236343,0,test
0,0.15742334376419007,0,test
0,0.10845931321768325,0,test
1,0.9999999999488287,1,test
0,0.35049353115049986,0,test
1,0.9999999998187334,1,test
0,0.12739109525809436,0,test
0,0.15415333173675463,0,test
0,0.18433920492604258,0,test
1,0.855796482842823,1,test
0,0.09380532306643607,0,test
1,0.9999999999688569,1,test
0,0.2650094424514792,0,test
0,0.16295912797162435,0,test
0,0.18851951489689156,0,test
1,0.2368554730617868,0,test
0,0.17118961585483652,0,test
0,0.10142807182963345,0,test
0,0.2932159342471446,0,test
0,0.241079779326,0,test
0,0.17288401899611536,0,test
0,0.2094894486544462,0,test
0,0.16510983821967032,0,test
0,0.19097861794633103,0,test
0,0.1947828838623255,0,test
0,0.0875653829262059,0,test
0,0.1210036861710186,0,test
0,0.2686294353571005,0,test
0,0.2254674137598448,0,test
0,0.3096529437733618,0,test
0,0.08748370725972691,0,test
0,0.10599623664798757,0,test
0,0.10726224679201361,0,test
0,0.25957467793737043,0,test
0,0.11540633842119305,0,test
0,0.09866393265473626,0,test
1,0.9999999998880986,1,test
0,0.19864512241259388,0,test
0,0.04451978614076481,0,test
0,0.12954687883281224,0,test
0,0.2427568560825629,0,test
0,0.07614703494974837,0,test
1,0.4912452426439484,0,test
0,0.2211061012839737,0,test
0,0.18464600671430684,0,test
0,0.305754412693745,0,test
0,0.22641489827723899,0,test
0,0.08185560122923267,0,test
0,0.28177754361432555,0,test
0,0.20203688213361667,0,test
0,0.0867031738621332,0,test
1,0.6203365842537921,1,test
1,0.17881033712550953,0,test
0,0.07008108050524028,0,test
0,0.05999400964050078,0,test
0,0.1978395494133106,0,test
1,0.9999999999577729,1,test
1,0.9999999999408256,1,test
1,0.1995671684785439,0,test
0,0.06493733851690382,0,test
0,0.3670607568792224,0,test
0,0.08438269694780547,0,test
0,0.06124996199342378,0,test
0,0.15968748825810417,0,test
0,0.08378807716445237,0,test
1,0.10603914198973902,0,test
0,0.18299985278616798,0,test
0,0.38866810703555943,0,test
0,0.08741900302824937,0,test
0,0.17591070330532335,0,test
0,0.28736115458460537,0,test
0,0.2594009035380023,0,test
0,0.19359280578732616,0,test
1,0.15568441117294854,0,test
0,0.25094478913519835,0,test
0,0.19944654953247484,0,test
0,0.21170818031314415,0,test
0,0.05865358531295067,0,test
0,0.14529769795369626,0,test
1,0.9999999998962592,1,test
0,0.13454976824100262,0,test
1,0.999999999959893,1,test
0,0.15166860133039145,0,test
0,0.27839743860056,0,test
1,0.7633828770457217,1,test
0,0.04711798234576502,0,test
0,0.2261310651146333,0,test
0,0.08982540501871088,0,test
0,0.11684567305622538,0,test
0,0.10673372228499411,0,test
0,0.10153807597747101,0,test
1,0.999999999968693,1,test
1,0.9999999999687681,1,test
0,0.0948866133485497,0,test
0,0.055082931286988414,0,test
0,0.2600688536949997,0,test
0,0.08855616396407152,0,test
0,0.16468291043529576,0,test
0,0.1456225228896278,0,test
0,0.21276493704169175,0,test
0,0.09909092974147296,0,test
0,0.1787453235547177,0,test
0,0.12219047119487532,0,test
0,0.34293657017866935,0,test
0,0.08797594119773755,0,test
0,0.08914897807217094,0,test
0,0.1695727275611236,0,test
1,0.26753208976720944,0,test
0,0.19338212870913551,0,test
0,0.14473352995234012,0,test
0,0.09872566449451677,0,test
1,0.7128615655970101,1,test
1,0.9999999999475526,1,test
0,0.09496774331914347,0,test
0,0.1491310276991406,0,test
0,0.2240101443836948,0,test
0,0.42152250783012285,0,test
0,0.3089771947455091,0,test
0,0.32919244813433673,0,test
0,0.17910917138658441,0,test
0,0.428486811238407,0,test
0,0.07161065206704738,0,test
0,0.31505426782257345,0,test
0,0.26595795614504975,0,test
0,0.4696000763780154,0,test
0,0.20329599529237513,0,test
0,0.10157996686699718,0,test
0,0.22810963813243626,0,test
0,0.06623877826535876,0,test
1,0.814112712677847,1,test
1,0.2475545728835149,0,test
0,0.2764591239946231,0,test
0,0.20689030640878708,0,test
0,0.11614101303903371,0,test
0,0.08646741249869641,0,test
0,0.1378567472965312,0,test
0,0.1353570880600549,0,test
0,0.2970469111856164,0,test
0,0.14429310988629143,0,test
1,0.1470857936459665,0,test
1,0.5736372224474584,1,test
0,0.18559681727911237,0,test
0,0.3796885578006322,0,test
0,0.284676195552474,0,test
0,0.08581502553439622,0,test
0,0.26379060049585806,0,test
0,0.15664654218729973,0,test
1,0.999999999939347,1,test
0,0.2111609763802271,0,test
0,0.2797507270440921,0,test
0,0.19639638593907785,0,test
0,0.2808174932064332,0,test
0,0.07888166971174326,0,test
1,0.999999999872764,1,test
0,0.1117244724744628,0,test
0,0.21970540729113505,0,test
0,0.07632061387439763,0,test
0,0.08273789692779665,0,test
1,0.24926067853050635,0,test
0,0.18850557795951137,0,test
0,0.2978995976372715,0,test
0,0.1089903630743378,0,test
0,0.3762525474755645,0,test
0,0.23211380543513327,0,test
1,0.09312551149844427,0,test
0,0.139400354458157,0,test
1,0.9999999999502218,1,test
1,0.9999999999348437,1,test
1,0.9999999999384461,1,test
0,0.25576674014157297,0,test
0,0.21237739032169145,0,test
0,0.2645128760523023,0,test
0,0.08952275378935863,0,test
0,0.09064863555921408,0,test
1,0.1554649653420137,0,test
0,0.11110024540418523,0,test
0,0.2402417380641671,0,test
1,0.9999999999399052,1,test
0,0.0703266739691417,0,test
0,0.07378957187764949,0,test
1,0.3297408691669714,0,test
1,0.999999999897019,1,test
0,0.2549848958324841,0,test
0,0.2686940282192793,0,test
1,0.236409744985848,0,test
0,0.10510570186850866,0,test
0,0.2506509758868475,0,test
0,0.09106670458377666,0,test
0,0.0913942915768212,0,test
0,0.47829792718599917,0,test
0,0.16337675903086396,0,test
1,0.11961959590117201,0,test
0,0.31339567509391014,0,test
0,0.30034487369898405,0,test
1,0.149107043508293,0,test
0,0.10626516953025641,0,test
1,0.9999999999353928,1,test
0,0.12387088242917571,0,test
0,0.25493968664890965,0,test
1,0.47193417052909853,0,test
0,0.13278392199425335,0,test
1,0.999999999984277,1,test
1,0.9999999999641418,1,test
0,0.1116019411491759,0,test
1,0.999999999956354,1,test
0,0.21619664722681103,0,test
0,0.32083272613033703,0,test
1,0.9999999999954565,1,test
1,0.36387413468876806,0,test
0,0.3814949111658798,0,test
0,0.1642863125559567,0,test
1,0.5189063472574401,1,test
1,0.268443693209755,0,test
0,0.23765703280063386,0,test
1,0.9999999999911449,1,test
1,0.9999999999380451,1,test
0,0.12480407147523202,0,test
0,0.11178790865217889,0,test
1,0.18968621385948886,0,test
1,0.22488534149963904,0,test
1,0.6771565547582601,1,test
1,0.9999999998601807,1,test
0,0.12612749505574086,0,test
1,0.9999999999714513,1,test
0,0.14917983002938662,0,test
0,0.4328749543087155,0,test
0,0.1759702460164406,0,test
0,0.11785007496292756,0,test
1,0.21112138199231326,0,test
1,0.06469384186029434,0,test
0,0.049169437342402,0,test
0,0.12343370479356705,0,test
0,0.05871463781589888,0,test
0,0.19109582806321407,0,test
0,0.10731495261530932,0,test
0,0.14090249506811875,0,test
1,0.9999999999509284,1,test
1,0.999999999914706,1,test
0,0.1965310214118373,0,test
0,0.2655417292286752,0,test
1,0.9999999999975393,1,test
0,0.2140238001114279,0,test
0,0.24031657211197985,0,test
0,0.27110368186376466,0,test
1,0.2716364255000332,0,test
1,0.999999999896005,1,test
0,0.1950536813858614,0,test
0,0.16577949370467576,0,test
1,0.9999999999417688,1,test
0,0.10131785857489395,0,test
0,0.0565872693696548,0,test
0,0.4544747412115152,0,test
1,0.99999999990939,1,test
0,0.23304631650470609,0,test
0,0.4038106294436351,0,test
1,0.9999999999815965,1,test
0,0.2957190099824092,0,test
0,0.09432402244691701,0,test
0,0.26840742445438653,0,test
0,0.09429050517950678,0,test
0,0.0463489470545412,0,test
0,0.1720624445054292,0,test
0,0.11945674912303718,0,test
0,0.23817797614198616,0,test
0,0.10792235747518034,0,test
0,0.39598543715839796,0,test
0,0.25577290671228153,0,test
1,0.3266292937842017,0,test
1,0.9999999999628812,1,test
0,0.09956044353397599,0,test
0,0.028945194528464266,0,test
0,0.06937479948381134,0,test
0,0.08078615758094151,0,test
0,0.17953666136815682,0,test
0,0.2828820695900523,0,test
0,0.08595891385816097,0,test
0,0.10431225777963091,0,test
0,0.14377050593211102,0,test
0,0.1471077219166746,0,test
1,0.4116271404757322,0,test
0,0.283431926246004,0,test
1,0.19050817506191453,0,test
0,0.4164714638403597,0,test
0,0.07141476520571156,0,test
1,0.9999999999664211,1,test
0,0.1286927763163128,0,test
0,0.3578042009397452,0,test
1,0.9999999999572977,1,test
0,0.2302371587311403,0,test
0,0.12003987712148569,0,test
0,0.16994003089997473,0,test
1,0.3401953211611413,0,test
1,0.5545734081892493,1,test
1,0.8267526721663163,1,test
0,0.3637977067068002,0,test
0,0.14973324760319714,0,test
0,0.15503812533921843,0,test
1,0.07373677279995038,0,test
0,0.23397237447797398,0,test
0,0.22500923213110216,0,test
0,0.2732055176554667,0,test
0,0.16027389876672538,0,test
1,0.3838480331087668,0,test
0,0.5384358880433029,1,test
1,0.3839443906510876,0,test
1,0.15690512436208554,0,test
0,0.11521797812818053,0,test
0,0.09486525124384534,0,test
0,0.23010007153787265,0,test
0,0.1683879292469252,0,test
0,0.05087888062043646,0,test
0,0.10054168594163904,0,test
0,0.07459866721319985,0,test
0,0.14619383482495285,0,test
1,0.06010149955217719,0,test
0,0.29080392540431876,0,test
0,0.10269845443500442,0,test
0,0.11517772688593167,0,test
0,0.08102345008350248,0,test
0,0.06917361784768179,0,test
0,0.09906991342494317,0,test
0,0.23775940898245304,0,test
0,0.12493367455442314,0,test
0,0.14942063676166775,0,test
0,0.16533996452418984,0,test
1,0.34643353104165325,0,test
1,0.9999999998611413,1,test
0,0.07324438455695077,0,test
0,0.16054185779066196,0,test
0,0.23645717179704082,0,test
0,0.2537515306590524,0,test
0,0.09804329795754348,0,test
1,0.9999999999098514,1,test
0,0.16461338319499194,0,test
0,0.520591911702147,1,test
0,0.25118907090864406,0,test
0,0.18097307279545985,0,test
0,0.12148062000016742,0,test
1,0.9999999999770672,1,test
0,0.19080051400599257,0,test
0,0.1660417687637829,0,test
1,0.9999999999411662,1,test
1,0.9999999999416436,1,test
0,0.17529222028012664,0,test
0,0.4830312700533891,0,test
0,0.17010992123325255,0,test
0,0.07522815674597347,0,test
0,0.1288676718432778,0,test
0,0.17257299457733222,0,test
0,0.22213685332960112,0,test
0,0.17592600617512522,0,test
0,0.15748101181984808,0,test
0,0.1835673368867097,0,test
0,0.2939581837020643,0,test
1,0.9999999999843558,1,test
1,0.9999999999310838,1,test
0,0.17136869913867497,0,test
0,0.3287834211482438,0,test
0,0.17194099020573939,0,test
0,0.17702630682213216,0,test
0,0.26816859315221186,0,test
0,0.08446427071463636,0,test
0,0.17780143447473398,0,test
1,0.9999999999874933,1,test
0,0.2779433890866795,0,test
1,0.09760255837650705,0,test
0,0.07463196081898266,0,test
0,0.20079679516144566,0,test
0,0.16620363977504296,0,test
0,0.09505387983226056,0,test
0,0.2656029486947255,0,test
0,0.19967698018930913,0,test
0,0.4776695067284802,0,test
0,0.17240344443229152,0,test
0,0.3290922878051595,0,test
0,0.4459299175393942,0,test
1,0.22573203295372843,0,test
1,0.9999999998813567,1,test
0,0.12769310902797884,0,test
0,0.2913950362929972,0,test
0,0.11443687989189953,0,test
0,0.2581865174776929,0,test
0,0.042546621553865696,0,test
0,0.14507354904561054,0,test
1,0.06854978692317136,0,test
0,0.058138321560174754,0,test
0,0.09268051571022311,0,test
1,0.9999999999841203,1,test
0,0.07137531966714404,0,test
0,0.20239259637553242,0,test
0,0.15191008545404064,0,test
0,0.3157923285879499,0,test
0,0.2530167483458795,0,test
0,0.19040215148120995,0,test
0,0.14356180129473972,0,test
1,0.24474349947072407,0,test
0,0.25377060722530437,0,test
0,0.6833357794883426,1,test
0,0.3571705577775004,0,test
0,0.08792750363139047,0,test
0,0.268704081335865,0,test
0,0.12033439667524126,0,test
0,0.07551449735228677,0,test
0,0.08042571358338951,0,test
0,0.08134207272027512,0,test
0,0.2884680311496008,0,test
0,0.1376385461287621,0,test
0,0.3880987549458554,0,test
0,0.05545909041309926,0,test
0,0.20630885056505002,0,test
0,0.3462729185177688,0,test
1,0.9999999999564866,1,test
0,0.4036602445744107,0,test
1,0.9999999999774927,1,test
1,0.9999999999943481,1,test
1,0.2597042004417818,0,test
0,0.2695987316729185,0,test
1,0.5377120286215319,1,test
1,0.9999999999735434,1,test
0,0.03485747104562935,0,test
0,0.22049973698793102,0,test
0,0.3537411012594078,0,test
0,0.13809300142429423,0,test
0,0.1603793210973361,0,test
0,0.13013285334744404,0,test
1,0.9999999999892895,1,test
1,0.9999999998929539,1,test
0,0.06872235476188232,0,test
0,0.08174589669727692,0,test
1,0.9999999999756131,1,test
1,0.3420227360051486,0,test
0,0.09256060420512639,0,test
0,0.16375524450875312,0,test
1,0.08246271405847794,0,test
0,0.1884674899464557,0,test
0,0.031524000129363954,0,test
0,0.3357117809686909,0,test
0,0.23915816288330616,0,test
1,0.18304519509564246,0,test
1,0.9999999999760116,1,test
0,0.3049049945494655,0,test
0,0.1347421928256335,0,test
0,0.397083228324178,0,test
0,0.6387162740574762,1,test
0,0.29836787368263257,0,test
0,0.20660920946924782,0,test
0,0.12140191644327247,0,test
1,0.3480381006458466,0,test
0,0.12551026889243394,0,test
1,0.45900406477988553,0,test
0,0.0740137306598009,0,test
0,0.09388313478265788,0,test
0,0.1662655596174177,0,test
0,0.10131188743755472,0,test
0,0.062156323469592115,0,test
0,0.4388153092488506,0,test
1,0.9999999999549156,1,test
0,0.269130442230653,0,test
0,0.1710057597424891,0,test
0,0.300298771639737,0,test
0,0.16267895288530965,0,test
0,0.06845883014086185,0,test
0,0.4454771113073903,0,test
1,0.9999999999475797,1,test
0,0.08299989600849447,0,test
1,0.9999999999918143,1,test
0,0.20566667166102354,0,test
0,0.2758420765337921,0,test
1,0.9999999999591929,1,test
0,0.20408725860609825,0,test
0,0.15223218191325433,0,test
1,0.9999999999540246,1,test
0,0.24526165233198044,0,test
0,0.2750241892227882,0,test
0,0.09076682684852123,0,test
0,0.2363370581669388,0,test
0,0.0835268678592062,0,test
0,0.1770542973312265,0,test
1,0.9999999999613509,1,test
0,0.33324911703833704,0,test
1,0.9999999999963531,1,test
0,0.14961847743716072,0,test
0,0.2310936912250411,0,test
0,0.271310013221641,0,test
0,0.1626954058797062,0,test
0,0.1302817324528135,0,test
1,0.9999999999397859,1,test
0,0.16568933453831777,0,test
1,0.999999999992861,1,test
1,0.9999999999759466,1,test
0,0.19538077601772605,0,test
0,0.16026033226597092,0,test
0,0.2843934228590249,0,test
0,0.18596341741977254,0,test
0,0.05176351004799937,0,test
0,0.17947164323323853,0,test
0,0.23966584156417997,0,test
0,0.11540760007266007,0,test
0,0.05409584082049773,0,test
0,0.18581478852409744,0,test
0,0.2858466751763883,0,test
1,0.2116283041881955,0,test
0,0.09086305110195766,0,test
1,0.5178128791244092,1,test
0,0.24169069758330558,0,test
1,0.14985265333497363,0,test
1,0.2040492330741188,0,test
0,0.17730787526522448,0,test
0,0.2501845461293442,0,test
0,0.09508913072665816,0,test
0,0.11806146070533963,0,test
0,0.4527196751032279,0,test
0,0.1268753809563496,0,test
0,0.36300274281677347,0,test
0,0.26671788829857984,0,test
0,0.6764666581314684,1,test
1,0.2377742639740622,0,test
0,0.21516782919236738,0,test
0,0.09027154911538986,0,test
1,0.6838140890402553,1,test
0,0.2981022664981018,0,test
0,0.13984603680829832,0,test
1,0.9999999999713158,1,test
0,0.07656698025332137,0,test
0,0.12648893556671512,0,test
0,0.3411041826453714,0,test
0,0.13556531211728934,0,test
0,0.07218900018267994,0,test
0,0.2560830144462368,0,test
1,0.21298573295005074,0,test
0,0.3133781670678711,0,test
1,0.20635942947816144,0,test
0,0.09095027743887396,0,test
0,0.28211757424936934,0,test
0,0.20054666428227855,0,test
0,0.11905612524110887,0,test
1,0.3942080267637856,0,test
1,0.2462866060362403,0,test
0,0.21150995158750016,0,test
0,0.06264907474498099,0,test
0,0.18162668982131358,0,test
0,0.15116895713645767,0,test
0,0.6642413399406047,1,test
0,0.08327913762775285,0,test
0,0.24713407675559787,0,test
0,0.1836679763514951,0,test
1,0.6807061277028402,1,test
0,0.24272136501987082,0,test
1,0.4252976452896872,0,test
0,0.07737927179616746,0,test
0,0.09081860186959764,0,test
1,0.9999999999318341,1,test
0,0.2447731173085969,0,test
1,0.9999999999423939,1,test
0,0.4139125153519803,0,test
0,0.29517494591226207,0,test
0,0.7009742020044881,1,test
1,0.9999999999580671,1,test
0,0.22464837962926718,0,test
0,0.5414402999264947,1,test
0,0.12157844009535966,0,test
1,0.1629545654132201,0,test
1,0.2779851965060418,0,test
0,0.1276491819197073,0,test
0,0.11836227020339277,0,test
1,0.21462565716267415,0,test
0,0.07433402584660163,0,test
0,0.18243588127383256,0,test
0,0.2442056011016353,0,test
0,0.14336565163649417,0,test
1,0.9999999999495011,1,test
0,0.15751559945754048,0,test
0,0.33354553949257104,0,test
0,0.15179272518229336,0,test
0,0.11192707026231291,0,test
1,0.38068471066137427,0,test
0,0.1657021424271439,0,test
1,0.519497286977416,1,test
1,0.1613592428787235,0,test
0,0.10954518305740145,0,test
0,0.08098328382875758,0,test
0,0.18484657739869104,0,test
1,0.16988842203565024,0,test
0,0.4170045252877828,0,test
0,0.3161093813348578,0,test
0,0.14952628180753696,0,test
0,0.15565859499136678,0,test
0,0.08668458331115958,0,test
0,0.14161356315708123,0,test
0,0.38312658110204695,0,test
1,0.9999999998994613,1,test
0,0.13390049579139346,0,test
0,0.15011403344352128,0,test
0,0.12608146173954246,0,test
0,0.26543258894941263,0,test
0,0.10018751570295356,0,test
1,0.8405441856157214,1,test
1,0.4135518339465731,0,test
0,0.14219188808586394,0,test
1,0.34470703057743146,0,test
0,0.19304997918645325,0,test
0,0.1870904554697631,0,test
0,0.19088343307993738,0,test
1,0.3294539914633591,0,test
0,0.14940563358722167,0,test
1,0.7373605929763618,1,test
0,0.11734700886231043,0,test
0,0.07290622271866402,0,test
1,0.9999999999726585,1,test
0,0.2782973925739762,0,test
1,0.5216369639316342,1,test
0,0.0919768539802389,0,test
0,0.1699976393117789,0,test
0,0.1004111658543027,0,test
0,0.1670103276211279,0,test
1,0.999999999957387,1,test
0,0.11245645907218278,0,test
1,0.3855652838427575,0,test
0,0.22567175129173586,0,test
0,0.08200683494694744,0,test
0,0.04185625045660109,0,test
0,0.07362109093746687,0,test
0,0.2358986966823574,0,test
1,0.5262248053888064,1,test
0,0.17259698241942573,0,test
0,0.16216974204104118,0,test
0,0.047880002425562035,0,test
1,0.3921817945792983,0,test
0,0.12903327941924456,0,test
0,0.2251949920859446,0,test
0,0.06416087176726926,0,test
1,0.9999999999622176,1,test
1,0.6824967386815292,1,test
0,0.37139812467504213,0,test
0,0.30421641024058377,0,test
0,0.19764040128876187,0,test
0,0.23466761690697868,0,test
0,0.07621576752365232,0,test
0,0.1214583825869709,0,test
1,0.27475484996653987,0,test
1,0.32309402814231936,0,test
0,0.1406666356017989,0,test
0,0.10070928878288363,0,test
0,0.16100890026032225,0,test
0,0.2245312173118562,0,test
0,0.7843156321810726,1,test
1,0.999999999923191,1,test
0,0.1656393781278589,0,test
0,0.20119593653126677,0,test
0,0.19771860618939857,0,test
0,0.43355256695276795,0,test
0,0.30825604375593246,0,test
1,0.9999999998920135,1,test
1,0.9999999999632387,1,test
0,0.2475249427539601,0,test
0,0.21495002483672307,0,test
0,0.18801750039502496,0,test
1,0.8647019268109365,1,test
0,0.20456089630375957,0,test
0,0.6829582488560709,1,test
0,0.1323648711751439,0,test
0,0.1513719545606313,0,test
1,0.9999999999102174,1,test
0,0.2307193474704265,0,test
1,0.08086404183339127,0,test
1,0.99999999997391,1,test
1,0.2675238776845286,0,test
0,0.11529045682140217,0,test
0,0.23928590769370195,0,test
0,0.33478476257961803,0,test
1,0.10630798563766199,0,test
0,0.18342374373173076,0,test
0,0.2143355519682451,0,test
1,0.296219019218659,0,test
0,0.19330499706157617,0,test
0,0.05654880249798859,0,test
0,0.186355662795447,0,test
0,0.17888621636234114,0,test
0,0.10156166894700039,0,test
0,0.12863587310865177,0,test
0,0.24979126217599446,0,test
0,0.26854613406054506,0,test
0,0.18145786934542554,0,test
0,0.1354697189851579,0,test
0,0.13618266530920686,0,test
0,0.04690807152963266,0,test
0,0.21408497772667934,0,test
0,0.09076817583166422,0,test
0,0.11213840604613257,0,test
0,0.5122577497031605,1,test
1,0.9999999999852807,1,test
0,0.3447163187984355,0,test
1,0.99999999995891,1,test
0,0.1571116418197682,0,test
0,0.08527437454409367,0,test
0,0.15088264099032184,0,test
1,0.9999999999654303,1,test
0,0.24661157737528974,0,test
1,0.32665511069228126,0,test
0,0.13026831821431345,0,test
0,0.08489119568667182,0,test
0,0.21394782231057696,0,test
0,0.14957655005639894,0,test
0,0.5878295883405783,1,test
1,0.22885315833709036,0,test
1,0.9999999999847458,1,test
1,0.8205837731460015,1,test
0,0.11370075260397428,0,test
1,0.31863573430522957,0,test
0,0.09003592523777428,0,test
0,0.10999004547009882,0,test
0,0.10923723894878554,0,test
0,0.702691207747075,1,test
0,0.1484746509155369,0,test
0,0.03645428266919286,0,test
1,0.08840957827632714,0,test
0,0.3497273451835449,0,test
0,0.2840694212137401,0,test
0,0.12360731227219172,0,test
0,0.056374991406826405,0,test
0,0.12632601399546975,0,test
1,0.337668099133327,0,test
0,0.12907751289125494,0,test
0,0.23675566887197955,0,test
1,0.9999999999044704,1,test
1,0.9999999999414326,1,test
1,0.16423727764636836,0,test
0,0.21265691837628536,0,test
0,0.14268612968177932,0,test
0,0.0865305571216545,0,test
0,0.14702351587285414,0,test
0,0.1989639947408933,0,test
1,0.9999999999331741,1,test
0,0.10240015727471134,0,test
1,0.2702897410077942,0,test
0,0.3363200653295433,0,test
0,0.19348461925974436,0,test
1,0.346960685223009,0,test
0,0.08496846626842311,0,test
1,0.30283673707151115,0,test
0,0.11558208384382593,0,test
1,0.999999999901162,1,test
0,0.23564089560426324,0,test
0,0.11346961352097627,0,test
1,0.9999999999359306,1,test
0,0.36586113615633814,0,test
0,0.22300916500915702,0,test
0,0.1650554642370684,0,test
0,0.6077411785587847,1,test
1,0.6697497168924468,1,test
1,0.999999999944879,1,test
1,0.2602613888588217,0,test
0,0.2841428266710816,0,test
1,0.18816340938779985,0,test
0,0.10557439456637088,0,test
0,0.29102043525356747,0,test
0,0.3048668869899166,0,test
0,0.12761116997718255,0,test
0,0.23695417995343143,0,test
0,0.22372963730327272,0,test
0,0.3602194766068682,0,test
0,0.13641114396783524,0,test
0,0.23641520419616152,0,test
1,0.5106493030909895,1,test
1,0.9999999998611173,1,test
0,0.7855224170609002,1,test
0,0.3036105170498185,0,test
0,0.13512164049591144,0,test
0,0.2502753945764877,0,test
0,0.25912048200139376,0,test
1,0.16664091920449428,0,test
0,0.13680408070958472,0,test
0,0.1329876963927557,0,test
0,0.13769122417354937,0,test
0,0.315732687349053,0,test
0,0.28230547348389007,0,test
0,0.2787697504927165,0,test
0,0.5278247064429039,1,test
0,0.7085771187129324,1,test
0,0.09026029291443445,0,test
0,0.5025883315884669,1,test
1,0.9999999999416689,1,test
1,0.08941422416056777,0,test
0,0.07697655912202556,0,test
0,0.2766160133223063,0,test
0,0.21284569193168162,0,test
1,0.6390560344173728,1,test
1,0.21712943711074303,0,test
0,0.26393618280753284,0,test
0,0.10496408829759368,0,test
0,0.28471214582045834,0,test
1,0.9999999999363121,1,test
0,0.26388488364332474,0,test
0,0.18887835280896845,0,test
1,0.16048207431958197,0,test
0,0.17818242667293877,0,test
0,0.28422300673256734,0,test
0,0.1974438643717035,0,test
0,0.059810199570338736,0,test
1,0.422284401862176,0,test
0,0.12850548466737208,0,test
0,0.33313409078782485,0,test
0,0.13085752279654406,0,test
0,0.43397010584298995,0,test
0,0.17887394315776503,0,test
0,0.08723514382003072,0,test
0,0.2620819755196216,0,test
1,0.9999999999335147,1,test
0,0.1426687786903495,0,test
1,0.26796559722409385,0,test
1,0.9999999999502038,1,test
0,0.24898768002364063,0,test
0,0.14011572580325968,0,test
0,0.18797839657144533,0,test
1,0.9999999999674902,1,test
1,0.6422922589033767,1,test
1,0.9999999999685245,1,test
1,0.36921768977585157,0,test
1,0.5564464314531615,1,test
0,0.24886776932762852,0,test
0,0.054347762783875306,0,test
0,0.34656642740420435,0,test
0,0.14109668343993073,0,test
0,0.18288925343694692,0,test
0,0.10114689744201508,0,test
1,0.99999999994861,1,test
0,0.15727748567299862,0,test
0,0.12983240103078084,0,test
0,0.08418030158856642,0,test
1,0.3628058524406122,0,test
0,0.3905900961445532,0,test
1,0.8178653530242553,1,test
1,0.29033837705068616,0,test
0,0.1500666993093418,0,test
0,0.0616612083705144,0,test
0,0.17162921475379064,0,test
0,0.3238549431822706,0,test
0,0.13139200583470165,0,test
1,0.9999999999581901,1,test
0,0.12195535195211578,0,test
0,0.09767043584596652,0,test
0,0.5060825658657814,1,test
1,0.17725662951411508,0,test
0,0.11015112224753008,0,test
0,0.20312760334784036,0,test
0,0.18889774903325304,0,test
0,0.164719066632142,0,test
0,0.17879472841845503,0,test
0,0.08482132724026499,0,test
1,0.9999999999424991,1,test
0,0.16560167462444003,0,test
1,0.33196145483169165,0,test
0,0.32031209838406516,0,test
1,0.17593237243970916,0,test
0,0.09514275565942816,0,test
0,0.2115922473524274,0,test
0,0.25635272971472717,0,test
0,0.07137818935338608,0,test
0,0.2010759626436087,0,test
0,0.22043345957986998,0,test
0,0.12039014141274644,0,test
1,0.3272225197957902,0,test
0,0.259034779452396,0,test
0,0.19672570882584922,0,test
0,0.1520688715220176,0,test
0,0.10991661124072713,0,test
0,0.0539365160765337,0,test
0,0.1370952971975084,0,test
0,0.13460852957856978,0,test
1,0.1876894569896097,0,test
0,0.1633288132470996,0,test
0,0.11697725312648702,0,test
0,0.2679543818304884,0,test
0,0.2539169246905226,0,test
0,0.2987851255292275,0,test
1,0.29380635564991064,0,test
0,0.08739460095646935,0,test
0,0.4341257596409112,0,test
0,0.28138033589358635,0,test
0,0.287632359173441,0,test
0,0.24499451092199045,0,test
0,0.22290558088563286,0,test
0,0.11214619531958081,0,test
0,0.25832508329014175,0,test
0,0.07315694838415654,0,test
0,0.12297114472567476,0,test
0,0.09544677838566949,0,test
0,0.38711078845696517,0,test
0,0.15885615146710078,0,test
0,0.1612242630059795,0,test
0,0.23399439174056905,0,test
0,0.15010309616908432,0,test
0,0.31274640956062105,0,test
0,0.038183184369868985,0,test
0,0.17417425724815583,0,test
0,0.1695010857731293,0,test
0,0.11069565452663051,0,test
0,0.09555951942290353,0,test
0,0.15071308970052025,0,test
0,0.2627621839593619,0,test
1,0.07684014541818683,0,test
0,0.21959135884361305,0,test
0,0.09086951114451683,0,test
0,0.08921689957995814,0,test
1,0.23933843179287514,0,test
0,0.19775004325103557,0,test
1,0.9999999999606803,1,test
0,0.14549596501737233,0,test
0,0.07577341431344863,0,test
0,0.23722239938429515,0,test
1,0.9999999999600675,1,test
0,0.0825052982058051,0,test
0,0.3035388751856396,0,test
0,0.11600955920249872,0,test
0,0.14738097916243476,0,test
0,0.1123221288194249,0,test
0,0.29934484738586326,0,test
1,0.9999999999821185,1,test
0,0.14693723326449157,0,test
1,0.19105676727777873,0,test
0,0.2015219201440031,0,test
1,0.9999999999011902,1,test
1,0.352635561812614,0,test
0,0.04682747718657874,0,test
0,0.264696896763642,0,test
0,0.15016907659136802,0,test
0,0.09359476460248493,0,test
0,0.36220472886613997,0,test
0,0.23701942047628913,0,test
0,0.3704959145087593,0,test
0,0.12301893926146239,0,test
0,0.5507636410615019,1,test
0,0.08701676773255616,0,test
0,0.12057718746268711,0,test
0,0.06455476543994476,0,test
0,0.3536794400260594,0,test
1,0.2719443927494991,0,test
0,0.18735173995164078,0,test
0,0.15977482800517107,0,test
0,0.17207121929910305,0,test
0,0.19057738004370242,0,test
0,0.06341290949242903,0,test
0,0.07145449342860523,0,test
0,0.47180517734260397,0,test
1,0.177212715683202,0,test
0,0.2698827097320213,0,test
1,0.9999999999948619,1,test
0,0.09471965839876925,0,test
0,0.2368026508476033,0,test
0,0.2250481591175924,0,test
0,0.136740346140462,0,test
0,0.2786719254234868,0,test
0,0.15669397016619852,0,test
0,0.1312119887376203,0,test
0,0.16579813114158506,0,test
0,0.11121909952916167,0,test
0,0.13861243085081246,0,test
0,0.11971968141920891,0,test
0,0.16870413653589658,0,test
0,0.07611349429060937,0,test
1,0.9999999998933584,1,test
0,0.12138717963126121,0,test
0,0.24428192479825017,0,test
0,0.28465496825159364,0,test
0,0.22789161004791006,0,test
1,0.9999999999468399,1,test
1,0.15993735359942804,0,test
0,0.12647022884118536,0,test
0,0.0939510337184403,0,test
0,0.09804426248939285,0,test
1,0.1942627463370785,0,test
0,0.1662423370621611,0,test
0,0.13565309300271,0,test
0,0.21116946733681868,0,test
0,0.14349288545557812,0,test
0,0.1104238049290527,0,test
0,0.1853535610247516,0,test
0,0.1543104699235125,0,test
0,0.2990299740348714,0,test
0,0.07774708432641782,0,test
0,0.10911920832418998,0,test
1,0.18187944498356817,0,test
0,0.1750873684001478,0,test
0,0.0951998464784908,0,test
0,0.2168239034889995,0,test
0,0.1823530196822642,0,test
0,0.08819729595094616,0,test
0,0.2390596796072091,0,test
0,0.13140346280008583,0,test
0,0.04160823211129179,0,test
0,0.06835691896244064,0,test
1,0.6005260217338065,1,test
1,0.5842672700408442,1,test
0,0.14710383109836492,0,test
0,0.11842767809790138,0,test
1,0.6889525490789931,1,test
0,0.23290315634749248,0,test
0,0.0837919604564785,0,test
1,0.7081923479813481,1,test
0,0.11545888517038436,0,test
1,0.18797954923342325,0,test
0,0.5028827255012314,1,test
0,0.5304453399421855,1,test
0,0.10779492286050084,0,test
1,0.28933898867979685,0,test
0,0.15221348016528705,0,test
0,0.09495690834296752,0,test
1,0.9999999999781997,1,test
0,0.05899699592190053,0,test
0,0.06541543555340379,0,test
0,0.19662803456589242,0,test
1,0.2881946419444577,0,test
1,0.16678346558004045,0,test
0,0.1182376629621438,0,test
0,0.10915096161767932,0,test
1,0.16066677548575933,0,test
1,0.9999999999043028,1,test
0,0.42142068614198686,0,test
0,0.16203795224628756,0,test
1,0.6030796650304534,1,test
1,0.4301609128077349,0,test
0,0.11177463045896759,0,test
0,0.1929989651845198,0,test
0,0.07735926787187138,0,test
0,0.18035087203303796,0,test
0,0.0872940966501936,0,test
0,0.18931336133060644,0,test
0,0.3328530260537865,0,test
0,0.07663364854884411,0,test
0,0.11432664093578723,0,test
1,0.9999999999611748,1,test
0,0.1660889257249947,0,test
0,0.09306442092871767,0,test
0,0.4099975458123569,0,test
0,0.3514179883774873,0,test
1,0.9999999999395757,1,test
0,0.2244475260603105,0,test
0,0.13661311264323397,0,test
0,0.13217551096030494,0,test
0,0.074432962172202,0,test
0,0.22736610967984155,0,test
0,0.31340494941712227,0,test
0,0.24354656133214306,0,test
0,0.17444606299209034,0,test
0,0.12349815644618681,0,test
1,0.9999999999499649,1,test
0,0.0670651841985998,0,test
0,0.21642161098966475,0,test
0,0.10507940638342197,0,test
0,0.4605129419521361,0,test
0,0.1686599400224836,0,test
0,0.1889544354079792,0,test
1,0.3444357142687127,0,test
0,0.10320472024829808,0,test
1,0.9999999998763476,1,test
1,0.9999999999158078,1,test
1,0.18180667449226998,0,test
0,0.17734176015678732,0,test
0,0.0635027918691028,0,test
0,0.30125163229776336,0,test
0,0.03957618411032398,0,test
0,0.2005669778677945,0,test
1,0.43391161713552795,0,test
0,0.10508511476109647,0,test
1,0.08698472444098865,0,test
1,0.9999999999590934,1,test
0,0.20070069081004285,0,test
0,0.12958202492232812,0,test
1,0.08986224625339136,0,test
0,0.3569153510328962,0,test
0,0.04728663120319974,0,test
1,0.9999999999657503,1,test
0,0.20757728345584986,0,test
1,0.9999999999678673,1,test
0,0.1671748229801539,0,test
0,0.11554208026308876,0,test
0,0.07163589021996082,0,test
0,0.04441628695927383,0,test
0,0.08081869455589824,0,test
1,0.4174499279038435,0,test
1,0.23347082389499477,0,test
0,0.05382032897768513,0,test
0,0.25248695481456424,0,test
0,0.30989222996121785,0,test
1,0.3445861669538634,0,test
0,0.15521726252527843,0,test
0,0.06902889460129345,0,test
0,0.10516782070629509,0,test
0,0.05745725196189178,0,test
0,0.2518885344974011,0,test
1,0.9999999999493028,1,test
0,0.19716747359343711,0,test
0,0.21275706641449707,0,test
0,0.18178411339962203,0,test
0,0.15779699875846878,0,test
0,0.06400340547850107,0,test
0,0.17098832680141174,0,test
1,0.9999999999627618,1,test
0,0.19124411016532172,0,test
0,0.41457993918437636,0,test
0,0.1268730413754038,0,test
0,0.08529433549738208,0,test
0,0.3289021060844347,0,test
0,0.08391842340423543,0,test
0,0.24396890942539634,0,test
0,0.1231881567175444,0,test
1,0.3871671749866963,0,test
0,0.4525697866710329,0,test
0,0.06496465859255318,0,test
1,0.9999999999734477,1,test
0,0.18980731250444574,0,test
0,0.12134188700008669,0,test
1,0.9999999999271485,1,test
0,0.33479879972904525,0,test
0,0.1358014951972352,0,test
0,0.30569141592571775,0,test
0,0.17854339585833354,0,test
0,0.1117156728699083,0,test
0,0.09935684672311891,0,test
0,0.1089767466737887,0,test
0,0.10883929605973428,0,test
0,0.04073772622995711,0,test
0,0.06347751959175565,0,test
1,0.4211479935583071,0,test
0,0.09069383126486663,0,test
0,0.1547229929937957,0,test
0,0.3046884593299134,0,test
0,0.16569156855581785,0,test
0,0.4242701876330783,0,test
0,0.12685718570140644,0,test
0,0.18102876292236453,0,test
0,0.15389817785164622,0,test
1,0.999999999979055,1,test
0,0.19036371515476502,0,test
0,0.18261818036873484,0,test
0,0.3900432541046751,0,test
0,0.5667790989764906,1,test
0,0.16885963503771056,0,test
0,0.2730922192384784,0,test
0,0.1347719941171456,0,test
0,0.07627160809433313,0,test
0,0.3253410700640039,0,test
0,0.07663689698981291,0,test
0,0.1323317471737983,0,test
1,0.3574654064402318,0,test
0,0.07496104866320472,0,test
0,0.2840993426847624,0,test
0,0.08149956490730485,0,test
1,0.9999999999967788,1,test
0,0.14049982399097005,0,test
0,0.32944603309786685,0,test
0,0.23190114434983095,0,test
1,0.23244543103949541,0,test
0,0.2643460970127239,0,test
1,0.9999999998817721,1,test
0,0.2442399534619655,0,test
1,0.39056396683120564,0,test
1,0.9999999999582678,1,test
1,0.3997562878659857,0,test
0,0.19805740489341864,0,test
0,0.16352951807991756,0,test
0,0.10178165804021116,0,test
0,0.1538831650930065,0,test
0,0.1804220084261048,0,test
0,0.0666398332732789,0,test
0,0.03630209398413292,0,test
0,0.11618688683248239,0,test
1,0.1749026297589424,0,test
1,0.40852461251335737,0,test
1,0.9999999999855169,1,test
0,0.12592157396899678,0,test
0,0.3520447498359708,0,test
1,0.36390994042065533,0,test
0,0.1481562536224135,0,test
0,0.09667554965950967,0,test
0,0.26261549743374163,0,test
1,0.2466071467540159,0,test
1,0.28229154245678467,0,test
0,0.09138131430671902,0,test
0,0.07523340673867408,0,test
1,0.3053156007248434,0,test
0,0.2675876133673296,0,test
0,0.2898088449983579,0,test
0,0.2649559897954349,0,test
0,0.16827649313454834,0,test
0,0.1702977239730499,0,test
1,0.24610309197208655,0,test
0,0.06657122019430424,0,test
0,0.11543366721991274,0,test
1,0.3677250883439155,0,test
0,0.1788863549243406,0,test
0,0.2289902373233514,0,test
1,0.9999999999614557,1,test
1,0.8209183381585534,1,test
0,0.1501131492709072,0,test
1,0.15096017276125528,0,test
1,0.9999999999541123,1,test
0,0.15398155655359191,0,test
1,0.6759242270374657,1,test
0,0.3570606957520228,0,test
1,0.4458998863393452,0,test
0,0.37304215816839914,0,test
0,0.1505256630657466,0,test
1,0.9999999998297986,1,test
0,0.11111594996883795,0,test
0,0.13988941036420882,0,test
0,0.1043093998484502,0,test
0,0.19173796984022226,0,test
0,0.14766921688617005,0,test
0,0.16152036277488954,0,test
1,0.3296824211251527,0,test
0,0.32271804445151114,0,test
0,0.2951309048793045,0,test
0,0.18933595096336564,0,test
1,0.9999999999841751,1,test
0,0.13993043221755175,0,test
1,0.23222013019339524,0,test
0,0.19212903610810647,0,test
0,0.1423942091697277,0,test
1,0.9999999998944984,1,test
0,0.10768971790405533,0,test
0,0.0878089743303881,0,test
1,0.9999999999566764,1,test
1,0.28589775138869106,0,test
0,0.13542503413489676,0,test
1,0.9999999999375078,1,test
0,0.27469117621657607,0,test
1,0.6937116628380952,1,test
1,0.99999999993227,1,test
1,0.9999999998976263,1,test
0,0.07161280310566875,0,test
0,0.21106778661745518,0,test
1,0.999999999932049,1,test
0,0.10239104873498925,0,test
0,0.04915543232113581,0,test
0,0.06264581992926221,0,test
0,0.09509850206619956,0,test
0,0.104326177340118,0,test
0,0.3706613259458549,0,test
1,0.10954386165676773,0,test
0,0.19365660781627564,0,test
1,0.21555851323813272,0,test
0,0.09024698420424061,0,test
0,0.058041820274763366,0,test
0,0.39499897888867247,0,test
0,0.11477089321133989,0,test
0,0.06047706711077889,0,test
0,0.22681618955262195,0,test
0,0.25329857703787406,0,test
0,0.21387066662762516,0,test
0,0.20237636815915017,0,test
0,0.12756833747261012,0,test
1,0.8134680563301399,1,test
0,0.07220334205447167,0,test
0,0.22820056601437153,0,test
1,0.1360730066502691,0,test
0,0.12844441257412142,0,test
0,0.22869812606183104,0,test
0,0.3224058307828712,0,test
1,0.99999999998299,1,test
0,0.08609622494896492,0,test
0,0.235021869248959,0,test
0,0.10241318106272847,0,test
0,0.18416145843081563,0,test
1,0.9999999998775577,1,test
0,0.17364416362037977,0,test
0,0.12351302320023969,0,test
0,0.2030063144916683,0,test
0,0.13023787914037907,0,test
0,0.30812077058568754,0,test
1,0.9999999999862772,1,test
1,0.2536734154051281,0,test
0,0.06980850883722703,0,test
0,0.2379894314211912,0,test
0,0.031728536013519285,0,test
1,0.9999999999390758,1,test
0,0.13226206068443194,0,test
0,0.10748982095173451,0,test
0,0.18079333449801177,0,test
0,0.19336349489750979,0,test
0,0.2611274712143087,0,test
0,0.13663083907487658,0,test
1,0.15942371642321287,0,test
0,0.1728444957116335,0,test
0,0.19625529882384998,0,test
1,0.2458668124766976,0,test
0,0.5968446811907762,1,test
0,0.0918790276466179,0,test
1,0.22403440073463285,0,test
0,0.08701245809470512,0,test
0,0.20237838520489368,0,test
0,0.5241621429506454,1,test
0,0.40611529260237433,0,test
0,0.26126725878449203,0,test
1,0.9999999999593936,1,test
0,0.30441325764568733,0,test
0,0.2563770065004015,0,test
1,0.552928405131304,1,test
0,0.18124347695621706,0,test
0,0.18390563586040173,0,test
0,0.1013845513857731,0,test
1,0.1436590157312303,0,test
1,0.9999999999559819,1,test
0,0.16681605118678816,0,test
1,0.9999999999229576,1,test
0,0.2912294051652932,0,test
0,0.18369475177427214,0,test
0,0.17872156317116578,0,test
1,0.16648953099134628,0,test
0,0.23512229335899862,0,test
1,0.13852817353181163,0,test
0,0.08035909866412373,0,test
0,0.10959097223550385,0,test
0,0.10961127283247644,0,test
0,0.08390517031788067,0,test
0,0.2963000918446752,0,test
0,0.12132947989956251,0,test
0,0.2224864828412755,0,test
0,0.2975708630868968,0,test
0,0.06511147489406618,0,test
0,0.1703047154916263,0,test
0,0.1007013343298099,0,test
0,0.30532824483152815,0,test
0,0.12100198157461758,0,test
0,0.08093630290170617,0,test
0,0.11337145956106914,0,test
1,0.08067944014106762,0,test
0,0.2546725505079456,0,test
0,0.18522655576746033,0,test
0,0.10251061672770825,0,test
0,0.07500427487194837,0,test
0,0.1016844270247223,0,test
0,0.10864807094074863,0,test
0,0.30298503764538554,0,test
0,0.05494365703464297,0,test
0,0.12268369622566051,0,test
1,0.4022243041478281,0,test
1,0.7874064551554233,1,test
0,0.12715673313727155,0,test
0,0.25082570631956724,0,test
1,0.2199080688226321,0,test
0,0.07213749543197027,0,test
0,0.21742102272627684,0,test
1,0.18971210602074626,0,test
1,0.12211437896468329,0,test
0,0.23754685371430084,0,test
1,0.20836826598364494,0,test
0,0.13017435566944152,0,test
0,0.09300510635396693,0,test
0,0.0981202781724354,0,test
1,0.14195610423690355,0,test
0,0.0542616771258763,0,test
0,0.07699440080759344,0,test
1,0.6869148888707618,1,test
0,0.11542999466020021,0,test
0,0.057007968823845595,0,test
0,0.2666540905686458,0,test
1,0.999999999933336,1,test
0,0.35257114326247013,0,test
0,0.1624140597549241,0,test
0,0.1506499544469167,0,test
0,0.1733980932478647,0,test
0,0.06973556821733266,0,test
0,0.2963664821912494,0,test
0,0.4277874499516816,0,test
0,0.07345408935688495,0,test
1,0.16296195771450547,0,test
0,0.0841419764854419,0,test
0,0.143751241181031,0,test
0,0.18967117050142163,0,test
0,0.048157425578655245,0,test
0,0.46111754348483225,0,test
0,0.07624537848822169,0,test
0,0.9010971710991551,1,test
0,0.17630753819934608,0,test
0,0.08450629031463343,0,test
0,0.0773023999719796,0,test
0,0.2578361062331595,0,test
0,0.12370908663913435,0,test
0,0.1062622181868359,0,test
0,0.057674714164025385,0,test
0,0.20297941178468504,0,test
0,0.08906429216835536,0,test
0,0.16675751434668376,0,test
0,0.1521182205726981,0,test
0,0.05963596159799128,0,test
0,0.09822315398495665,0,test
0,0.11282365076372157,0,test
0,0.3578118860874693,0,test
1,0.3857696476052536,0,test
0,0.3931713324392311,0,test
0,0.2500249160689887,0,test
0,0.10096351562529052,0,test
0,0.1631551857725294,0,test
0,0.2722864596735898,0,test
1,0.2236158132627559,0,test
0,0.28888010587956153,0,test
0,0.23406963952220436,0,test
0,0.158597945927594,0,test
0,0.20536198247106457,0,test
0,0.23775720712275916,0,test
1,0.999999999996485,1,test
0,0.057265254333419634,0,test
0,0.2796061197789391,0,test
0,0.28047224670806137,0,test
0,0.28963530436219953,0,test
0,0.3368584616261219,0,test
1,0.2910618953511231,0,test
1,0.7618644603093592,1,test
0,0.12181232017600876,0,test
0,0.07998127282916956,0,test
0,0.14593434003864295,0,test
0,0.22700395386070912,0,test
1,0.40518005439336024,0,test
0,0.6245145554199609,1,test
0,0.06874349969476262,0,test
0,0.23279983087815515,0,test
1,0.999999999962248,1,test
0,0.131156774045565,0,test
0,0.06632370607935828,0,test
0,0.20480189818351982,0,test
1,0.9999999999657272,1,test
0,0.05538518068816491,0,test
0,0.488740410056565,0,test
0,0.18050856268560417,0,test
0,0.1657569601552333,0,test
0,0.5331902934711019,1,test
0,0.2915399647761772,0,test
0,0.21832810816303858,0,test
1,0.999999999963433,1,test
0,0.163231960465176,0,test
1,0.9999999999972005,1,test
1,0.12413848433317858,0,test
1,0.23694039966259833,0,test
1,0.9999999999497986,1,test
0,0.26210944974175604,0,test
0,0.17354465448718062,0,test
0,0.19724275214985065,0,test
0,0.2928297245121424,0,test
0,0.2109073670632965,0,test
0,0.14710445567385208,0,test
0,0.3588173532158948,0,test
0,0.12820694290712453,0,test
0,0.09216289207432991,0,test
0,0.2666445327150673,0,test
0,0.1827056791275897,0,test
0,0.48036270719138735,0,test
0,0.14230735302574885,0,test
1,0.08528570284553243,0,test
0,0.08276640676162389,0,test
0,0.039014947775634336,0,test
0,0.17692612108000838,0,test
1,0.22904015695909344,0,test
0,0.14806388381917127,0,test
0,0.14016091694570912,0,test
0,0.13570768483647155,0,test
0,0.2900618477695777,0,test
0,0.16818919126426213,0,test
0,0.2925357756967654,0,test
1,0.1739694985393067,0,test
0,0.5078139751252717,1,test
1,0.14730261281983204,0,test
1,0.18627122209098146,0,test
0,0.12506756889751006,0,test
1,0.9999999999505269,1,test
0,0.11865808446682123,0,test
1,0.999999999969422,1,test
0,0.16827973122850395,0,test
0,0.07537863910557267,0,test
0,0.38380189531912845,0,test
0,0.2583059565513251,0,test
1,0.25306146547258884,0,test
0,0.1352199929030656,0,test
0,0.3526251604151776,0,test
1,0.23478967280823854,0,test
0,0.04000709452650945,0,test
0,0.4461281928816133,0,test
0,0.33262605872637824,0,test
0,0.33681930321236725,0,test
1,0.26837828327162755,0,test
0,0.12778861588433552,0,test
1,0.9999999999423923,1,test
1,0.9999999999837337,1,test
1,0.8399208078902973,1,test
1,0.5675392857577714,1,test
0,0.15640228139577766,0,test
0,0.6285581482416984,1,test
1,0.19362016552448663,0,test
0,0.05343545629480027,0,test
0,0.30866741611537984,0,test
0,0.3166921268326051,0,test
0,0.11494043054003754,0,test
0,0.11145491121256138,0,test
0,0.4537740534053464,0,test
0,0.09705164923231382,0,test
0,0.10267887167588927,0,test
0,0.2682088173220353,0,test
0,0.18453536258108155,0,test
0,0.16849996598227046,0,test
0,0.11428095309273319,0,test
0,0.2644321286253788,0,test
0,0.16763385694017702,0,test
1,0.3027214824666182,0,test
1,0.9999999998092128,1,test
0,0.1823847257006238,0,test
0,0.12878631476366245,0,test
1,0.33782014013936706,0,test
0,0.1600645550555595,0,test
0,0.11045906823048646,0,test
0,0.22099991085688409,0,test
0,0.06292288690467064,0,test
0,0.0487183499129187,0,test
0,0.09179520478985316,0,test
0,0.19839107216587806,0,test
1,0.9999999999966864,1,test
0,0.21247372107388623,0,test
0,0.1351260370940485,0,test
0,0.11004957304021028,0,test
1,0.9999999999463116,1,test
1,0.12202562267926517,0,test
1,0.08447181179486525,0,test
0,0.19859776898422726,0,test
0,0.10582568508645561,0,test
0,0.16062525306904035,0,test
0,0.49701162607260796,0,test
0,0.32895542703755365,0,test
0,0.18326470538177597,0,test
0,0.12226333093869392,0,test
0,0.3543426599673846,0,test
0,0.3171598532456074,0,test
0,0.3644994668361815,0,test
0,0.2671115106062996,0,test
0,0.1282289030461261,0,test
0,0.43264943085539315,0,test
0,0.05336462099522991,0,test
0,0.057723371785076895,0,test
0,0.29554886890499693,0,test
1,0.21691328120413572,0,test
0,0.07054436581832924,0,test
1,0.20740955198551828,0,test
0,0.17654077351447423,0,test
0,0.22910874645198753,0,test
0,0.16677847820184918,0,test
0,0.2631678509708831,0,test
0,0.10422597514488086,0,test
1,0.20499051930427226,0,test
0,0.1360328711524559,0,test
0,0.07374458025122534,0,test
0,0.2213158316823511,0,test
0,0.12100080552885052,0,test
0,0.08132776103513352,0,test
1,0.9999999999634748,1,test
0,0.16078122815330104,0,test
0,0.2775834330263638,0,test
0,0.11944353173890147,0,test
0,0.07455697547113739,0,test
0,0.27274448994909045,0,test
0,0.1608171802660951,0,test
1,0.1631358695459882,0,test
0,0.17799094710972335,0,test
1,0.7006732663340999,1,test
0,0.0626729180066368,0,test
0,0.1806301955689977,0,test
0,0.41049970134944286,0,test
0,0.17500130808853784,0,test
1,0.9999999999440206,1,test
0,0.1471377261044333,0,test
1,0.5969463651440582,1,test
0,0.09508236831955916,0,test
0,0.08322744831519567,0,test
0,0.1966468546846929,0,test
1,0.9999999999716926,1,test
0,0.31770496641901075,0,test
0,0.20262937675782372,0,test
0,0.41844311857316024,0,test
0,0.0654388804304903,0,test
0,0.15912570632081463,0,test
0,0.23807142207225807,0,test
1,0.20081698618403765,0,test
0,0.20241186415258483,0,test
0,0.23996184503953452,0,test
0,0.15569618435698787,0,test
0,0.12396548697025123,0,test
0,0.1664023902001702,0,test
0,0.08651687605590735,0,test
0,0.18576102968474364,0,test
1,0.9999999999616596,1,test
1,0.9999999999969589,1,test
1,0.16228985019981879,0,test
0,0.10816477264084232,0,test
0,0.14218415877944365,0,test
0,0.06827965229963015,0,test
0,0.23363614875821911,0,test
0,0.05908155289110009,0,test
0,0.34001791575938006,0,test
1,0.14307340536979377,0,test
1,0.3306976795859935,0,test
0,0.07116188537989403,0,test
0,0.06844834896129307,0,test
0,0.19120939970408402,0,test
0,0.18478446839997495,0,test
1,0.39292433110698166,0,test
0,0.15270660379648518,0,test
1,0.20480826500600313,0,test
0,0.13548657068996725,0,test
0,0.0664376422915894,0,test
0,0.3633106467643683,0,test
0,0.15363716949559822,0,test
0,0.17287339782431568,0,test
0,0.18968551294472735,0,test
0,0.0880988505695918,0,test
0,0.11967697889726221,0,test
1,0.9999999998605822,1,test
0,0.0928916457676724,0,test
0,0.071624097754054,0,test
0,0.07428590187989491,0,test
0,0.1285657361465042,0,test
1,0.9999999999941931,1,test
0,0.2958878054973353,0,test
0,0.057532220143892115,0,test
0,0.225232394155314,0,test
0,0.3092930254295492,0,test
0,0.08280624495152004,0,test
0,0.112016432815708,0,test
0,0.14618523314133347,0,test
0,0.203575742992551,0,test
1,0.9999999999497986,1,test
0,0.3138495767992648,0,test
0,0.251245343519372,0,test
0,0.23894088729959054,0,test
1,0.3321225938930327,0,test
0,0.18228653256343927,0,test
1,0.9999999999012239,1,test
1,0.11086813020219435,0,test
1,0.9999999999953726,1,test
0,0.09421077686061216,0,test
0,0.10506506811251462,0,test
0,0.1578992867030089,0,test
0,0.07026013724052922,0,test
0,0.19501934799682413,0,test
0,0.08144126230762118,0,test
0,0.21395342293933498,0,test
1,0.3986074873649253,0,test
0,0.06910032540836956,0,test
0,0.197208729462826,0,test
0,0.0673192112523553,0,test
0,0.3676505962053662,0,test
1,0.9999999999262761,1,test
0,0.20104935544845373,0,test
0,0.41608573566653717,0,test
1,0.3053963993214463,0,test
0,0.10463330688822718,0,test
1,0.9999999999903186,1,test
1,0.9999999999967086,1,test
0,0.06915690525674865,0,test
0,0.1558481224729068,0,test
1,0.43063746092282484,0,test
0,0.08406407738084522,0,test
1,0.18805764926838156,0,test
1,0.9999999999861162,1,test
0,0.07956084302397202,0,test
1,0.07093596508250716,0,test
0,0.045424858991994235,0,test
0,0.18029747069417854,0,test
0,0.14263631727208087,0,test
0,0.12860689560292737,0,test
0,0.14171334771341082,0,test
0,0.10730833134883923,0,test
1,0.2418622272294939,0,test
1,0.3571817922704741,0,test
0,0.36928811671798806,0,test
0,0.20769173716652797,0,test
0,0.19348291993279235,0,test
0,0.24649675040314906,0,test
0,0.3226819376226158,0,test
1,0.11382759351475856,0,test
0,0.21184223506481045,0,test
0,0.1449922005520126,0,test
0,0.19765935013542188,0,test
0,0.1763923771176271,0,test
0,0.14444954161864934,0,test
0,0.29980860031166295,0,test
0,0.20527900701108587,0,test
0,0.5353348459045254,1,test
0,0.08467818328160252,0,test
0,0.10275651573693578,0,test
0,0.2970146886863996,0,test
0,0.28103799371822075,0,test
0,0.4605772666388002,0,test
0,0.16703126696551818,0,test
0,0.1966798967930015,0,test
0,0.1602711457391754,0,test
0,0.07448954895768088,0,test
0,0.23581485200450902,0,test
1,0.9999999999721108,1,test
0,0.34874945752525544,0,test
1,0.21233369124606197,0,test
1,0.17337090790550394,0,test
0,0.04295242058135794,0,test
0,0.34200414932574197,0,test
0,0.12979446587989513,0,test
1,0.9999999999836144,1,test
1,0.31382155704572784,0,test
1,0.3698265189897274,0,test
1,0.22712933334236116,0,test
0,0.0642717680168503,0,test
0,0.26966976259311437,0,test
1,0.999999999956384,1,test
0,0.04839600800939792,0,test
0,0.14216475503604975,0,test
0,0.12045263383778261,0,test
0,0.029894033394769842,0,test
0,0.1733468576568811,0,test
0,0.11881769377338618,0,test
1,0.2396985753698517,0,test
0,0.24734427659083452,0,test
1,0.2484565742480801,0,test
1,0.5074689443921736,1,test
0,0.13156682248605325,0,test
0,0.2928438702897651,0,test
0,0.24173511697163313,0,test
1,0.4564046447860697,0,test
0,0.20752042312618496,0,test
1,0.8765001845091637,1,test
1,0.9999999999360418,1,test
0,0.1330899662352249,0,test
0,0.12409174560567679,0,test
0,0.13279589537610126,0,test
0,0.11566042656854954,0,test
0,0.17121744323422575,0,test
0,0.11027244706425504,0,test
0,0.13059655682920557,0,test
0,0.3032052597637758,0,test
0,0.16120819734438474,0,test
0,0.28068473956150575,0,test
0,0.23606856486464323,0,test
1,0.45300934256849906,0,test
0,0.1640350785547896,0,test
1,0.46968859888540593,0,test
1,0.9999999999383196,1,test
0,0.15359375787343468,0,test
0,0.14461078438026534,0,test
0,0.271976994677131,0,test
1,0.9999999999784552,1,test
0,0.2908947385188653,0,test
0,0.07193078894449767,0,test
1,0.9999999999648748,1,test
0,0.16594581796437147,0,test
0,0.1869090793579341,0,test
0,0.09763007685841019,0,test
1,0.999999999951741,1,test
0,0.2958122869552228,0,test
0,0.2331325224603849,0,test
0,0.07550162649568126,0,test
0,0.18628726331915557,0,test
0,0.35568994730580356,0,test
0,0.15877940151489964,0,test
0,0.3115075152175263,0,test
0,0.13756281718913976,0,test
1,0.7405565828178098,1,test
0,0.22127900971023637,0,test
0,0.07507771824052636,0,test
1,0.3270043680241617,0,test
1,0.21325802002515318,0,test
0,0.3761109134421539,0,test
0,0.1840163593378042,0,test
0,0.38129046037809416,0,test
0,0.25686317770641315,0,test
0,0.2642777222301699,0,test
0,0.3325245632489851,0,test
0,0.09832624769639257,0,test
1,0.9999999999895937,1,test
0,0.33664082248367055,0,test
1,0.9999999999778681,1,test
0,0.23666503916113035,0,test
1,0.999999999959847,1,test
0,0.20536648337709232,0,test
0,0.19402481116304682,0,test
1,0.5661793851325407,1,test
0,0.23710274334835035,0,test
0,0.0546049527717413,0,test
1,0.6088277329285553,1,test
0,0.16679853304140352,0,test
0,0.3031246120373883,0,test
0,0.19437911748423034,0,test
0,0.07173130655351413,0,test
0,0.07523998920627321,0,test
0,0.31473663311333994,0,test
0,0.23076548646700773,0,test
0,0.13857395160276959,0,test
0,0.09526363609621129,0,test
0,0.2666889578475329,0,test
0,0.35033722186928845,0,test
0,0.14193457278241783,0,test
0,0.08136482977261088,0,test
0,0.12356268481827892,0,test
0,0.09919071954418492,0,test
1,0.35977796013280583,0,test
0,0.23724289490195097,0,test
0,0.1618860863484939,0,test
1,0.634938521314113,1,test
0,0.31216489237419165,0,test
0,0.1737353034310582,0,test
0,0.3024538741249822,0,test
1,0.2286019907429562,0,test
0,0.19197667801504006,0,test
0,0.12291021551616399,0,test
1,0.9999999999840525,1,test
0,0.2036368202664725,0,test
0,0.12000544112508021,0,test
0,0.16791707048963067,0,test
0,0.08641346572520953,0,test
0,0.1914510334897953,0,test
0,0.180061983817283,0,test
0,0.3271909728757916,0,test
1,0.2887779536899308,0,test
0,0.19233618777809128,0,test
0,0.17302172424141302,0,test
1,0.9999999998650357,1,test
0,0.6893940301299751,1,test
1,0.23365390965025568,0,test
0,0.5254017624836231,1,test
0,0.18757727272722952,0,test
0,0.10204357527195483,0,test
0,0.07655084344556388,0,test
1,0.9999999999838691,1,test
0,0.0657476410605053,0,test
0,0.08819520543280616,0,test
0,0.29999715513640024,0,test
0,0.20165178608914627,0,test
0,0.200201359194659,0,test
1,0.40211769164594413,0,test
0,0.20369622412186233,0,test
0,0.11879017466550396,0,test
0,0.08511762440255723,0,test
0,0.18050411368598623,0,test
0,0.12183686733607632,0,test
0,0.20945973478493088,0,test
0,0.09964309844600862,0,test
0,0.08125212503736257,0,test
0,0.2445075745154487,0,test
0,0.11415012602189104,0,test
0,0.06402968086744835,0,test
0,0.11852941866703544,0,test
0,0.10752869863169572,0,test
1,0.1903289010068897,0,test
0,0.1276418064985514,0,test
0,0.12057811109237525,0,test
0,0.15761629145468914,0,test
1,0.9999999999185865,1,test
0,0.2756401120585888,0,test
0,0.05806611811674495,0,test
0,0.2009067894164108,0,test
0,0.22979836447639757,0,test
0,0.16217661138455955,0,test
0,0.4767309753027087,0,test
0,0.1750012242817111,0,test
0,0.14723447737489379,0,test
0,0.05685200885595399,0,test
0,0.3044979580404997,0,test
0,0.42736076978942245,0,test
0,0.12606143813492643,0,test
0,0.14779780877029938,0,test
1,0.9999999999290485,1,test
0,0.17320946284894417,0,test
0,0.13933507289888977,0,test
0,0.1259167444690424,0,test
0,0.22553102764316096,0,test
1,0.47146135962998426,0,test
0,0.052445812910850924,0,test
1,0.9999999999418878,1,test
0,0.05865438702531728,0,test
0,0.12012535255011049,0,test
0,0.28080829048155487,0,test
0,0.06456172279817105,0,test
0,0.08312453886194934,0,test
1,0.9999999999595084,1,test
1,0.16945202068948928,0,test
0,0.1397416832139775,0,test
1,0.999999999879682,1,test
0,0.30750615940409476,0,test
0,0.530396182344284,1,test
1,0.3166288718684668,0,test
1,0.3544565351503603,0,test
0,0.2300595084975522,0,test
0,0.11817253380327696,0,test
0,0.24600891541652892,0,test
0,0.17257492774116853,0,test
0,0.1779963780396729,0,test
1,0.7156528739920158,1,test
0,0.15362593097413543,0,test
0,0.2972209100016583,0,test
0,0.4311573607149149,0,test
0,0.10774488103087661,0,test
0,0.40026424324568083,0,test
0,0.25160509302551654,0,test
0,0.1914241401432418,0,test
0,0.2828304926189406,0,test
0,0.42062734214949005,0,test
0,0.4168942224131031,0,test
0,0.22192258763188397,0,test
1,0.9999999998582336,1,test
1,0.9999999999957949,1,test
0,0.16236655140482573,0,test
1,0.9999999999736904,1,test
0,0.16854430503484957,0,test
1,0.9999999999903646,1,test
1,0.3735162194065679,0,test
1,0.9999999999316425,1,test
0,0.18827016468185567,0,test
1,0.4109578904321997,0,test
0,0.131796483588615,0,test
0,0.11431963657407047,0,test
0,0.30455336579460274,0,test
1,0.26491787449501625,0,test
0,0.24120519748961244,0,test
0,0.2610665706463856,0,test
1,0.9999999999333724,1,test
0,0.2795100612323569,0,test
0,0.05980577327102069,0,test
0,0.23573786391388246,0,test
0,0.19780283812814228,0,test
0,0.23000221881481192,0,test
0,0.14502148159331593,0,test
0,0.19927240139190797,0,test
0,0.28335745480917135,0,test
0,0.18658881767712818,0,test
0,0.3154212128946885,0,test
0,0.23393858553786456,0,test
0,0.1572561077582177,0,test
1,0.3050939373851519,0,test
0,0.3632256330411675,0,test
0,0.3981891022317074,0,test
0,0.1975838107794924,0,test
0,0.08994719617141375,0,test
0,0.28289790443962437,0,test
1,0.9999999999116107,1,test
0,0.10820356028846967,0,test
0,0.08089694744624473,0,test
1,0.33211514527991526,0,test
0,0.1054810467603182,0,test
0,0.1554702250475877,0,test
1,0.2081224401475584,0,test
0,0.2046189378052736,0,test
0,0.13875264488550124,0,test
0,0.07257227639962784,0,test
0,0.18622133254450957,0,test
0,0.18321865679597382,0,test
0,0.11666110539766032,0,test
0,0.22525073620781144,0,test
1,0.3415278058182612,0,test
0,0.18186533651873243,0,test
0,0.09680696318291887,0,test
1,0.12058455659828533,0,test
0,0.1420975369373215,0,test
0,0.23649788628739593,0,test
0,0.21920943182161468,0,test
1,0.8238631415169312,1,test
1,0.3039848808836785,0,test
0,0.13214428742627926,0,test
1,0.9999999999686784,1,test
0,0.808759731756877,1,test
0,0.08955434159588611,0,test
0,0.32131604677821324,0,test
0,0.17641979039411723,0,test
0,0.25045380543626417,0,test
0,0.13789017905072268,0,test
0,0.1401053206744265,0,test
0,0.10341236625477525,0,test
1,0.99999999993143,1,test
0,0.2463103360500599,0,test
1,0.9999999999589306,1,test
1,0.21498297947349343,0,test
0,0.23812926564471662,0,test
0,0.1756273435059859,0,test
0,0.38181851583390136,0,test
0,0.25487648772347116,0,test
0,0.12160925187721754,0,test
1,0.9999999999708289,1,test
1,0.5470986135996594,1,test
0,0.2733662494490721,0,test
1,0.9999999999633344,1,test
0,0.2438142457988152,0,test
0,0.07124433887094862,0,test
1,0.9999999999273392,1,test
0,0.07604141983461601,0,test
1,0.3798351356801267,0,test
0,0.17838720604262714,0,test
0,0.1790518865143117,0,test
0,0.21128979266200387,0,test
0,0.1784371208240571,0,test
0,0.6187174591351335,1,test
0,0.09112110971791619,0,test
0,0.151563172176824,0,test
0,0.2835907576890006,0,test
0,0.09439495068636024,0,test
0,0.2262010165091084,0,test
0,0.2920240954214022,0,test
0,0.049460910825105724,0,test
0,0.10032506499886835,0,test
1,0.9999999999596809,1,test
0,0.1349777703768181,0,test
0,0.1536208311503535,0,test
0,0.10157582194744999,0,test
0,0.03336984415254373,0,test
0,0.16100497527817118,0,test
0,0.37612171049859006,0,test
0,0.23297655065158407,0,test
0,0.13288896375444376,0,test
0,0.22185795082797188,0,test
1,0.27197986099280697,0,test
0,0.21718922710982758,0,test
0,0.18090843177157775,0,test
1,0.1755864936855203,0,test
1,0.9999999999547882,1,test
0,0.32932555791465645,0,test
0,0.1752443300043013,0,test
0,0.35279287425736744,0,test
0,0.1599858146151951,0,test
0,0.06724795116860702,0,test
0,0.16492758618641654,0,test
1,0.533801782261969,1,test
0,0.19274568350771992,0,test
0,0.21562929656612986,0,test
1,0.9999999999548075,1,test
1,0.08468214084621126,0,test
1,0.21579447297978413,0,test
0,0.08936609407003615,0,test
1,0.9999999999830755,1,test
0,0.12772546360988427,0,test
1,0.9999999999720548,1,test
0,0.1800704608598402,0,test
0,0.07276686065221903,0,test
0,0.5580950940817339,1,test
0,0.1656232444492487,0,test
0,0.3884675709460739,0,test
0,0.17853629709071656,0,test
0,0.12342786879595728,0,test
1,0.13302444130490065,0,test
0,0.15184130996910522,0,test
0,0.3046995830043602,0,test
0,0.26733854130072615,0,test
1,0.4756692000095345,0,test
0,0.20352072940507462,0,test
0,0.07634874561417719,0,test
0,0.07917586940050338,0,test
0,0.39709324241170213,0,test
0,0.17928681540557828,0,test
0,0.0957664236768374,0,test
0,0.1545855649057161,0,test
0,0.16975446555114881,0,test
0,0.1391778482073913,0,test
0,0.06816167925999513,0,test
1,0.23365173931543798,0,test
0,0.1585591710330956,0,test
0,0.05508455139961307,0,test
0,0.1548705197505405,0,test
0,0.12360512404813111,0,test
1,0.9999999999802398,1,test
0,0.23340392406998775,0,test
1,0.08943606292292755,0,test
0,0.1787206362135705,0,test
0,0.38491353614005497,0,test
0,0.26547316540924626,0,test
0,0.16942886262643211,0,test
0,0.1627477008159047,0,test
0,0.22437152460150595,0,test
0,0.13150668217065783,0,test
0,0.2812202020351318,0,test
0,0.20361004863712515,0,test
0,0.058299611874249375,0,test
1,0.9999999999539386,1,test
0,0.19961823745785764,0,test
1,0.9999999999481095,1,test
0,0.05274896267498357,0,test
0,0.08855216542971292,0,test
0,0.09228118900269762,0,test
0,0.3364283606343745,0,test
1,0.32362890156115004,0,test
1,0.21006891011705434,0,test
1,0.26955968634492045,0,test
0,0.20733518406459994,0,test
0,0.1860088344238691,0,test
0,0.25187821186774195,0,test
0,0.1901660506592413,0,test
1,0.99999999989998,1,test
0,0.3326879588702321,0,test
1,0.99999999996115,1,test
0,0.3127811646519666,0,test
1,0.99999999992306,1,test
0,0.13610114980914167,0,test
0,0.19739251978791894,0,test
0,0.2972523068427872,0,test
0,0.03724537337827749,0,test
0,0.2958217605558592,0,test
0,0.14582867467981753,0,test
0,0.12939844558489882,0,test
1,0.999999999947851,1,test
1,0.9999999999830922,1,test
0,0.10980044728539276,0,test
0,0.08924231921209899,0,test
0,0.24411947924643557,0,test
0,0.10148603395455262,0,test
0,0.1200195004175462,0,test
0,0.040891006281356,0,test
0,0.1593929873260017,0,test
0,0.18692751318912562,0,test
0,0.15623981232016446,0,test
0,0.2273321196395605,0,test
0,0.14735103887846912,0,test
0,0.37161430769214815,0,test
0,0.47337113561200544,0,test
0,0.05468615518908078,0,test
1,0.11870116174634014,0,test
0,0.16929898906516713,0,test
1,0.1509051976373652,0,test
0,0.14921327956240552,0,test
0,0.23595975794350066,0,test
0,0.17295111887265716,0,test
0,0.05169885546874952,0,test
0,0.25008711247555915,0,test
1,0.18208174970097507,0,test
0,0.5012325445446486,1,test
0,0.08704537517034786,0,test
0,0.5245161338493709,1,test
1,0.9999999999659022,1,test
0,0.1671866494784523,0,test
0,0.22832875676386488,0,test
1,0.2744563636792829,0,test
0,0.31051977477796616,0,test
0,0.2118534375201124,0,test
0,0.24845957393289608,0,test
0,0.1468248909940945,0,test
0,0.43945200385593036,0,test
0,0.15270060870327384,0,test
0,0.23092582300723946,0,test
0,0.12836076192653645,0,test
1,0.21597912469583125,0,test
0,0.3982833876513124,0,test
0,0.2943428987205085,0,test
0,0.2035996431962892,0,test
0,0.24743530510545966,0,test
0,0.2654004830276938,0,test
0,0.2569175659468873,0,test
1,0.9999999999228586,1,test
0,0.43141916002315533,0,test
1,0.9999999999857481,1,test
0,0.15001558194184555,0,test
0,0.1861106264828821,0,test
0,0.3717782638194538,0,test
0,0.8357144896097018,1,test
1,0.608602915954777,1,test
0,0.14081346042328444,0,test
0,0.2652722582471617,0,test
0,0.3733399089086337,0,test
1,0.2478501043014629,0,test
0,0.13564703876387285,0,test
0,0.2078391036975239,0,test
0,0.14010189333337328,0,test
1,0.07659895229723293,0,test
0,0.3433000066732002,0,test
0,0.24547337179457368,0,test
1,0.9999999999782212,1,test
0,0.14291045222046778,0,test
0,0.1305373777905903,0,test
0,0.17437816735146833,0,test
0,0.08438209445612219,0,test
1,0.9999999998361548,1,test
0,0.1420447728008156,0,test
1,0.31744090852339524,0,test
1,0.7485609513159768,1,test
0,0.17025911502925073,0,test
1,0.7300986446286433,1,test
0,0.09798880274141376,0,test
0,0.0868484324350031,0,test
1,0.1330651957263126,0,test
0,0.19694428276926992,0,test
0,0.046653421297934164,0,test
0,0.10243894284947758,0,test
0,0.2231300185915726,0,test
0,0.24287024824798426,0,test
0,0.10502697653275636,0,test
1,0.18683066857957434,0,test
0,0.37379361158096275,0,test
1,0.999999999966602,1,test
0,0.049790316284905115,0,test
1,0.9999999999750153,1,test
1,0.9999999999748177,1,test
1,0.9999999999531468,1,test
1,0.9999999998911167,1,test
0,0.2046126004439638,0,test
1,0.25182619947976936,0,test
0,0.21216357457506843,0,test
1,0.9999999999625369,1,test
0,0.42114555888236094,0,test
0,0.19332810428945826,0,test
1,0.35151608323533795,0,test
0,0.13465735155210318,0,test
0,0.11067671996804754,0,test
0,0.07080772537721475,0,test
0,0.22622844744163273,0,test
0,0.25228498331954197,0,test
0,0.2206645304103219,0,test
0,0.13470115624689288,0,test
0,0.1572583126340177,0,test
1,0.9999999999666962,1,test
0,0.13017060765288,0,test
0,0.2039489450289318,0,test
1,0.09132352988662429,0,test
0,0.07067050266063184,0,test
1,0.9999999999697919,1,test
1,0.999999999985218,1,test
0,0.17011100697607556,0,test
1,0.8142155916958529,1,test
1,0.17906011818615605,0,test
0,0.06394875840057962,0,test
0,0.06427155180162855,0,test
0,0.06588683460123257,0,test
0,0.06494040121617661,0,test
0,0.15904232078480002,0,test
0,0.39484689897690617,0,test
0,0.17773614464397133,0,test
0,0.2163377542986253,0,test
0,0.3209797471900511,0,test
0,0.265345705498358,0,test
1,0.9999999999767191,1,test
0,0.06512542228721374,0,test
0,0.2929790245757712,0,test
0,0.8517514256823373,1,test
0,0.25523842489983073,0,test
1,0.9999999999733664,1,test
0,0.21754202689548588,0,test
0,0.17166622002178222,0,test
0,0.37113412006904567,0,test
0,0.1621982858821012,0,test
0,0.20430641091201646,0,test
0,0.3907662325145774,0,test
1,0.9999999999950977,1,test
1,0.9999999999932856,1,test
0,0.29737027869831684,0,test
0,0.11454170392782524,0,test
0,0.15537905647219666,0,test
0,0.12292382397760206,0,test
0,0.23141059579903636,0,test
0,0.07645758289583775,0,test
1,0.9999999999748579,1,test
0,0.3162989640632487,0,test
1,0.8585295276443451,1,test
1,0.2141208941699345,0,test
0,0.2990215772890702,0,test
0,0.3653096223130938,0,test
0,0.06563411875779576,0,test
0,0.27872912642989933,0,test
0,0.053360883271422126,0,test
0,0.12187650475735684,0,test
1,0.3433050111596055,0,test
0,0.11306364843011048,0,test
0,0.1960288693308935,0,test
0,0.3295527287094477,0,test
0,0.13701885060846727,0,test
0,0.207071023125793,0,test
1,0.3930852850224746,0,test
0,0.11915161098788755,0,test
0,0.16170908973418016,0,test
0,0.20277032586537028,0,test
1,0.9999999999701128,1,test
0,0.14935913915945953,0,test
1,0.999999999993024,1,test
0,0.23581471807162205,0,test
1,0.9999999999733131,1,test
0,0.12346133671031236,0,test
0,0.23024041463380002,0,test
0,0.04884643882558138,0,test
0,0.2581837414722593,0,test
1,0.9999999999454876,1,test
0,0.06369652869224046,0,test
0,0.3365075988170303,0,test
0,0.06999542542415448,0,test
0,0.1547977132483605,0,test
0,0.2848536935411566,0,test
0,0.11090204059275374,0,test
0,0.16693419397140802,0,test
0,0.1641261381998482,0,test
1,0.9092096469244128,1,test
0,0.1853435167763669,0,test
0,0.22200635212035605,0,test
0,0.20179599932907202,0,test
0,0.06583132521469966,0,test
1,0.9999999999973863,1,test
0,0.236601820529115,0,test
0,0.32625779286044526,0,test
0,0.47342111037886814,0,test
0,0.15659027400926645,0,test
0,0.28080912996125085,0,test
1,0.9999999999638078,1,test
0,0.13033913821660045,0,test
0,0.08026051683975635,0,test
0,0.32299812819375623,0,test
1,0.3689180638206199,0,test
0,0.16190323150665137,0,test
0,0.16681467415739284,0,test
1,0.7625056357421043,1,test
1,0.9999999999520779,1,test
0,0.09775893589601828,0,test
0,0.16558847986245637,0,test
0,0.1343312965881001,0,test
1,0.5998268174784179,1,test
0,0.28785360978365543,0,test
0,0.18870030740750068,0,test
1,0.1426264302586382,0,test
0,0.24949523820551534,0,test
0,0.1242255385788286,0,test
1,0.9999999999756768,1,test
1,0.13272430411402236,0,test
0,0.23468302841897715,0,test
0,0.22450179138007484,0,test
0,0.23968510948983127,0,test
0,0.09657471731068254,0,test
0,0.18386065540411145,0,test
0,0.16832771289405438,0,test
0,0.14375769858486737,0,test
0,0.0631883276252584,0,test
1,0.9999999999549634,1,test
1,0.5435692978715672,1,test
0,0.051101519833919626,0,test
0,0.2919795483932595,0,test
0,0.2527502628134719,0,test
1,0.20360910627362303,0,test
0,0.296811239505844,0,test
0,0.18457618851943344,0,test
1,0.999999999885923,1,test
0,0.15968838746643804,0,test
1,0.3766894335022107,0,test
0,0.11663436750144908,0,test
0,0.11433920109347158,0,test
1,0.9999999999731028,1,test
0,0.17551769070148654,0,test
0,0.10385599188326702,0,test
0,0.22504333042132663,0,test
0,0.10693888142637507,0,test
1,0.3083102439217513,0,test
0,0.1426905787569106,0,test
1,0.38573817022880047,0,test
0,0.18830950486751102,0,test
0,0.24729878721648657,0,test
0,0.09399451827660532,0,test
0,0.096750814976055,0,test
0,0.16462670339649269,0,test
1,0.3395639403400992,0,test
0,0.17132440112854158,0,test
0,0.18759655072433945,0,test
1,0.3159786177307096,0,test
1,0.9481392932577883,1,test
0,0.06601839265153175,0,test
1,0.24733673593085725,0,test
0,0.16346140896448022,0,test
0,0.14259149429469867,0,test
0,0.0961826579914776,0,test
0,0.14966792979466848,0,test
0,0.1826706189654648,0,test
0,0.12504886167397122,0,test
0,0.059368826054138325,0,test
0,0.04420571868600667,0,test
0,0.14310452500026474,0,test
0,0.3213993970436071,0,test
0,0.23440384005372572,0,test
0,0.7598313909049981,1,test
1,0.9999999999499243,1,test
0,0.21380862724238603,0,test
0,0.07964107763870167,0,test
1,0.9999999999900968,1,test
0,0.32577075760860646,0,test
0,0.3787768063517988,0,test
0,0.11616820913588631,0,test
0,0.2429672321016593,0,test
0,0.09947464204344206,0,test
0,0.2550517316362174,0,test
0,0.2976377940556344,0,test
0,0.06818422628814137,0,test
0,0.5261843138681854,1,test
1,0.20470578182227164,0,test
0,0.10526180457567842,0,test
0,0.331333184383865,0,test
0,0.6266154519771325,1,test
1,0.16700076674217088,0,test
0,0.20754842677554816,0,test
0,0.13091749374404485,0,test
0,0.1340661193042372,0,test
0,0.22567607822876348,0,test
0,0.22690521633298852,0,test
0,0.19788358327907635,0,test
1,0.9999999999932387,1,test
1,0.28388624859724687,0,test
0,0.22512555266876655,0,test
0,0.12501071822049437,0,test
0,0.10069553815426398,0,test
0,0.07833952626184039,0,test
1,0.592709961463446,1,test
0,0.08214912062919406,0,test
1,0.9999999999840341,1,test
0,0.2679401938411587,0,test
0,0.5011284745572654,1,test
0,0.38509896179818315,0,test
0,0.34015457406000843,0,test
1,0.22742233418650334,0,test
1,0.20078111937478,0,test
0,0.1669273940350488,0,test
1,0.6306073671121131,1,test
1,0.9999999998652589,1,test
0,0.2154264123029038,0,test
0,0.19938433710910825,0,test
1,0.9999999998601969,1,test
1,0.9999999999592546,1,test
0,0.1960668894064039,0,test
0,0.13062299213950723,0,test
0,0.22114950769186872,0,test
0,0.1549433750737726,0,test
0,0.07188222355424757,0,test
0,0.30121809592663873,0,test
0,0.13428540056736563,0,test
0,0.13634742834000432,0,test
0,0.15648951784194917,0,test
0,0.11518417613273438,0,test
0,0.5047447982589678,1,test
1,0.3443173234239299,0,test
0,0.05723812539668677,0,test
0,0.37013003919534065,0,test
0,0.14447514835131217,0,test
0,0.28508309760353545,0,test
1,0.4981323352917173,0,test
1,0.9999999998274591,1,test
0,0.19561121335792617,0,test
0,0.11607636764373765,0,test
1,0.058184721246035714,0,test
1,0.9999999999598943,1,test
0,0.32278445859291877,0,test
0,0.2081589124665909,0,test
0,0.17479031270780682,0,test
1,0.3908783790873624,0,test
0,0.32170453802927523,0,test
0,0.2614324794089065,0,test
0,0.14359168634002487,0,test
0,0.14609318925318715,0,test
0,0.13044696596841704,0,test
0,0.1220255927472994,0,test
0,0.13363322950912765,0,test
0,0.14086626091736665,0,test
0,0.17886681854253067,0,test
0,0.19739620566352378,0,test
0,0.18396585377444272,0,test
0,0.16598527554021764,0,test
1,0.9999999999462745,1,test
0,0.256298908353772,0,test
0,0.23038885251215335,0,test
1,0.999999999956984,1,test
1,0.7201052826045156,1,test
1,0.9999999999563611,1,test
0,0.16418957639709927,0,test
0,0.06802243734861232,0,test
1,0.9999999999620421,1,test
1,0.2130610304558393,0,test
0,0.10021980056456915,0,test
1,0.9999999999828406,1,test
0,0.10468958941755638,0,test
0,0.16918534961957146,0,test
0,0.3007965846286154,0,test
1,0.07632429251543213,0,test
0,0.7219459121326339,1,test
0,0.5701181268566772,1,test
0,0.27788989298936634,0,test
0,0.10554673932064224,0,test
1,0.46859809368503363,0,test
1,0.3226322257551912,0,test
0,0.2642124316305639,0,test
1,0.9999999999743487,1,test
0,0.15074070194389028,0,test
0,0.221455826453895,0,test
0,0.157299079857785,0,test
1,0.9999999999696152,1,test
1,0.9999999999866693,1,test
0,0.07082232089530166,0,test
0,0.08505556359702546,0,test
1,0.9999999999665738,1,test
0,0.09462339038357341,0,test
1,0.9999999999087805,1,test
1,0.2410571379221551,0,test
0,0.17809314315880595,0,test
1,0.2338975045417629,0,test
0,0.11782745340525962,0,test
0,0.4069951320134284,0,test
0,0.1537293062135635,0,test
0,0.15238593611357418,0,test
0,0.14990720588142126,0,test
0,0.10889827852578132,0,test
0,0.09915911326546342,0,test
0,0.09671405914234525,0,test
1,0.09882377777734491,0,test
1,0.24614833294470576,0,test
0,0.38150722609752297,0,test
1,0.1793941114524442,0,test
0,0.10170915234933894,0,test
0,0.058448021808391135,0,test
1,0.13642988577967233,0,test
0,0.4902514460352697,0,test
0,0.16383879582714217,0,test
0,0.23989995861046323,0,test
0,0.15777255992903658,0,test
0,0.04894063348689057,0,test
1,0.26043351942655285,0,test
0,0.3587587326076638,0,test
0,0.21423438677965365,0,test
0,0.280406719586123,0,test
1,0.999999999951148,1,test
1,0.7446049334158589,1,test
0,0.17946865278816415,0,test
0,0.2887511261618746,0,test
0,0.13670999357369337,0,test
0,0.26814485329502374,0,test
0,0.18311917360614657,0,test
0,0.172393590663878,0,test
0,0.8489768092224671,1,test
1,0.07651420687409226,0,test
1,0.9999999999504674,1,test
1,0.21331771112506515,0,test
0,0.069249702017545,0,test
0,0.18883218624108183,0,test
0,0.05039621508417293,0,test
0,0.11582632761399009,0,test
0,0.3564866347789779,0,test
0,0.2504765834571619,0,test
0,0.2631810355689517,0,test
0,0.19896160941293378,0,test
0,0.1433402604825522,0,test
0,0.03920525581338225,0,test
0,0.44801055604217466,0,test
0,0.14800506953453432,0,test
1,0.31762785554643996,0,test
0,0.15241812857191847,0,test
0,0.41324980315111093,0,test
0,0.6244542651589201,1,test
0,0.17028381060967354,0,test
0,0.24831109028060852,0,test
0,0.13192790487065384,0,test
0,0.18998791475074486,0,test
0,0.1186849955171736,0,test
0,0.1310456202058997,0,test
0,0.21675136544872742,0,test
1,0.29922534519802413,0,test
0,0.2632012585848108,0,test
0,0.5688960262568804,1,test
1,0.5453935821147308,1,test
0,0.07452588649568498,0,test
0,0.10924418524173707,0,test
0,0.2155730035677849,0,test
0,0.11060688663704336,0,test
0,0.0904469512202234,0,test
0,0.32042292479929535,0,test
1,0.10887107592059699,0,test
0,0.18088329464511044,0,test
0,0.3027417843592563,0,test
0,0.14100978816270987,0,test
1,0.9999999998742499,1,test
0,0.3157191373055324,0,test
0,0.8034828286067839,1,test
0,0.32166350592242354,0,test
0,0.08182120416007307,0,test
0,0.17438139724088816,0,test
1,0.99999999997111,1,test
1,0.3204276776762729,0,test
0,0.16783336345895733,0,test
0,0.30328119373980006,0,test
0,0.07490374276322548,0,test
1,0.4089943269194371,0,test
0,0.3040930710428012,0,test
0,0.22391163504224704,0,test
0,0.2090440909199407,0,test
0,0.1643259134756958,0,test
0,0.27712172210303154,0,test
0,0.32846481327128363,0,test
0,0.4509155533677787,0,test
1,0.9999999999933962,1,test
0,0.109237349442642,0,test
1,0.9999999998716502,1,test
0,0.2246105091095318,0,test
1,0.15336814321383033,0,test
0,0.12057178918368656,0,test
0,0.1313575961012356,0,test
0,0.3904972538538359,0,test
0,0.2730761989245853,0,test
0,0.3905831397159052,0,test
1,0.12718770757457298,0,test
0,0.16732996227825242,0,test
0,0.11576228798495092,0,test
0,0.13606756214724477,0,test
0,0.07321907932798358,0,test
0,0.19460165403049054,0,test
0,0.07451108131658078,0,test
1,0.9999999999874942,1,test
0,0.07651486359805611,0,test
0,0.12100944345511566,0,test
0,0.07434295647360958,0,test
0,0.08589508249606934,0,test
0,0.07568679121294845,0,test
0,0.16113323788747444,0,test
0,0.17885087626644963,0,test
1,0.9999999999950802,1,test
0,0.19964952337575045,0,test
0,0.24879539922701033,0,test
0,0.25688961484564726,0,test
0,0.09634554241941043,0,test
0,0.3614960446292943,0,test
0,0.09480578435476034,0,test
0,0.2449962866197932,0,test
0,0.10485864759099826,0,test
0,0.048319964455603756,0,test
1,0.5451809085334339,1,test
1,0.9999999999845135,1,test
0,0.11336217913588485,0,test
1,0.9999999998002902,1,test
0,0.09908726806480037,0,test
1,0.2818014971247432,0,test
1,0.21451482289829935,0,test
0,0.12037051873001642,0,test
0,0.4565113015001903,0,test
0,0.1399095925272257,0,test
0,0.1073383760051366,0,test
0,0.17750057627262691,0,test
1,0.2838145684178938,0,test
0,0.08461256275363571,0,test
0,0.2672233577939224,0,test
1,0.9999999999328262,1,test
0,0.06036585126537062,0,test
0,0.13878039188057037,0,test
1,0.9999999999638058,1,test
1,0.999999999886894,1,test
0,0.2636528281737028,0,test
1,0.9999999999857132,1,test
1,0.3927373394385826,0,test
0,0.2823089101547027,0,test
1,0.6951351471439996,1,test
0,0.6225260637029121,1,test
1,0.08634139971405239,0,test
0,0.12933837653880553,0,test
0,0.12701341439959501,0,test
0,0.18159943841373466,0,test
1,0.9999999998989011,1,test
0,0.18693038852318694,0,test
0,0.2893951345999928,0,test
0,0.3618047703299473,0,test
0,0.16891925110563388,0,test
0,0.18507626049882114,0,test
0,0.1282510151134705,0,test
0,0.12998918664346293,0,test
0,0.3441221942334841,0,test
1,0.08559187109458569,0,test
0,0.16423861212245117,0,test
0,0.29135789534612877,0,test
0,0.06785576683843388,0,test
0,0.28583215092370484,0,test
0,0.0793824344136854,0,test
0,0.1351837491495579,0,test
0,0.2092708401482344,0,test
0,0.06647565711804902,0,test
1,0.6166121370749008,1,test
0,0.07044033657303668,0,test
0,0.07356768798397677,0,test
1,0.2176361388822408,0,test
0,0.6321553914097972,1,test
0,0.1284110177795211,0,test
1,0.5415585604120807,1,test
0,0.27760236837619273,0,test
1,0.2987836331682238,0,test
0,0.07732791718128548,0,test
0,0.08911560510156598,0,test
0,0.4266336982295739,0,test
0,0.08844651244978696,0,test
1,0.2566889358849421,0,test
0,0.22955148248844134,0,test
1,0.12403257485388247,0,test
0,0.09698447819543045,0,test
1,0.20790188281911215,0,test
0,0.1785827031392761,0,test
0,0.2616889580117916,0,test
1,0.9999999999371085,1,test
0,0.21799701785320208,0,test
1,0.10517744402218193,0,test
0,0.0848138400853462,0,test
0,0.13747245993711552,0,test
1,0.794153313166202,1,test
0,0.20859925037344426,0,test
0,0.14898955619399865,0,test
0,0.31165445147157256,0,test
1,0.999999999937873,1,test
0,0.15297926842659818,0,test
0,0.12855944804874944,0,test
0,0.12529144000156275,0,test
0,0.10421377218267325,0,test
0,0.30580618382184255,0,test
0,0.19396728764341062,0,test
0,0.19123415436519017,0,test
0,0.09671427458813245,0,test
0,0.41982865266240965,0,test
0,0.291342917060892,0,test
1,0.15918057727023918,0,test
0,0.3332851337777368,0,test
1,0.9999999999750968,1,test
0,0.3150931791615989,0,test
0,0.30600727693758917,0,test
0,0.09167752975268822,0,test
0,0.380240885430922,0,test
0,0.17201618656015172,0,test
0,0.13145663093636453,0,test
0,0.17311881370359983,0,test
0,0.15397965045006543,0,test
0,0.27828335570390367,0,test
0,0.12771357308040793,0,test
0,0.16021059296876336,0,test
0,0.06902864605906152,0,test
1,0.1805360795295299,0,test
0,0.14041875625676145,0,test
0,0.2260798317262127,0,test
0,0.05689427988114587,0,test
1,0.9999999999725269,1,test
0,0.3130318623188097,0,test
0,0.12663866255631273,0,test
0,0.11095764816339658,0,test
1,0.20910552121408876,0,test
0,0.06898631179817455,0,test
1,0.21209832666927458,0,test
0,0.4008438943127211,0,test
0,0.14475123466051332,0,test
0,0.08774565553884053,0,test
0,0.11107809234868296,0,test
0,0.16168474825307338,0,test
0,0.085246796262501,0,test
1,0.7960153441889074,1,test
0,0.2928349651710851,0,test
1,0.2126948408300706,0,test
1,0.8893131801269144,1,test
0,0.18060220508072258,0,test
0,0.17417799647469112,0,test
0,0.32705978599833474,0,test
1,0.9999999999112548,1,test
1,0.9999999998437019,1,test
0,0.13331071312272638,0,test
0,0.11024676560378291,0,test
0,0.06014392194567416,0,test
0,0.17460547828697698,0,test
1,0.3095240191031572,0,test
0,0.2162068111217197,0,test
0,0.3112430493119327,0,test
0,0.3006430879965999,0,test
1,0.9999999999569955,1,test
1,0.9999999999073057,1,test
0,0.19099426618677762,0,test
0,0.12999743453761722,0,test
0,0.356079474426146,0,test
0,0.3108203714496101,0,test
0,0.286686560186223,0,test
0,0.056231139421275,0,test
0,0.26391716655244785,0,test
0,0.14334569788314036,0,test
0,0.8256035964944479,1,test
1,0.29700834921238,0,test
0,0.060919998061787654,0,test
0,0.13272538002278206,0,test
1,0.4133292891705775,0,test
0,0.10527548813621346,0,test
0,0.22160544840922344,0,test
1,0.9999999998114102,1,test
0,0.10601885089194861,0,test
0,0.2305443536471137,0,test
0,0.11303951656359493,0,test
1,0.9999999999163474,1,test
0,0.05989961922906344,0,test
0,0.19046296497933551,0,test
0,0.12713470533603327,0,test
0,0.2637913837706986,0,test
0,0.18130397745469548,0,test
1,0.5584170904731562,1,test
0,0.12431329611086021,0,test
0,0.08480984208848397,0,test
0,0.3004942657077924,0,test
1,0.9999999999582798,1,test
0,0.14886827777543282,0,test
0,0.21727390553031156,0,test
0,0.10029240738069924,0,test
0,0.060405586042609795,0,test
0,0.49024689953666206,0,test
1,0.9999999998650357,1,test
0,0.17481699322894756,0,test
0,0.4108262676406824,0,test
1,0.3209741984183515,0,test
0,0.2860921782175549,0,test
0,0.10647917815145012,0,test
0,0.14386556281845275,0,test
1,0.127729743602885,0,test
1,0.9999999999957476,1,test
0,0.14661040577726875,0,test
0,0.08425063687452627,0,test
0,0.569406837253426,1,test
0,0.4934947854540786,0,test
0,0.15903945365392572,0,test
0,0.1534006314506513,0,test
0,0.21615694526747095,0,test
0,0.09011693358275245,0,test
1,0.999999999978467,1,test
0,0.38503352981666,0,test
0,0.10027940070250396,0,test
0,0.2274988028020298,0,test
0,0.3934443750356337,0,test
1,0.9034868644937987,1,test
0,0.0872593290557029,0,test
0,0.44211280014575827,0,test
0,0.06259300988971488,0,test
0,0.18907671100269938,0,test
0,0.2123283011460193,0,test
0,0.1273123443239794,0,test
0,0.17795421759762423,0,test
0,0.14797340995042968,0,test
0,0.059603510488082864,0,test
0,0.50910966711198,1,test
0,0.295986682520334,0,test
0,0.17803754881743325,0,test
1,0.19467567808496244,0,test
0,0.17899586302869128,0,test
0,0.2766574501780921,0,test
0,0.48027103184252257,0,test
1,0.34034983166100236,0,test
0,0.205850975159726,0,test
0,0.26999298102350666,0,test
1,0.2803942714056626,0,test
0,0.4155805211758901,0,test
0,0.07658659791941706,0,test
1,0.5941608018411945,1,test
1,0.32093399642038506,0,test
0,0.24757017842700668,0,test
0,0.35256382747458825,0,test
0,0.05750948655938179,0,test
1,0.4722754222792405,0,test
0,0.26215090979684863,0,test
0,0.1269130295679311,0,test
0,0.1683517207916639,0,test
1,0.3883897482582672,0,test
0,0.2604539404231663,0,test
0,0.2817507047750644,0,test
1,0.4896437383520706,0,test
1,0.9999999999712608,1,test
1,0.5259074394279576,1,test
0,0.07295154837467178,0,test
0,0.14040008158518363,0,test
0,0.3279495142456324,0,test
1,0.23115683982071888,0,test
0,0.06495186389313298,0,test
0,0.15018999355643184,0,test
0,0.26115730386129465,0,test
0,0.27376709831166546,0,test
0,0.16687369945038275,0,test
0,0.307927697806583,0,test
0,0.36280183157708296,0,test
0,0.19156067258833764,0,test
0,0.05541047315409736,0,test
0,0.1633890456571692,0,test
0,0.22780651449734163,0,test
0,0.17877731900301738,0,test
0,0.3025797970200078,0,test
0,0.0965618891889774,0,test
0,0.10497927018500011,0,test
0,0.526423016225514,1,test
0,0.0543108968195985,0,test
0,0.2664383821364207,0,test
0,0.04746018156964423,0,test
0,0.21775891427159405,0,test
0,0.06162858828097249,0,test
1,0.24222999735711934,0,test
0,0.09855241324690242,0,test
0,0.25219428113562314,0,test
0,0.40850660677937145,0,test
1,0.1626287522137214,0,test
0,0.33051888343486907,0,test
1,0.09829105677030378,0,test
1,0.9999999999705447,1,test
1,0.23043184736245884,0,test
1,0.33927517667981383,0,test
0,0.14236551688132454,0,test
0,0.14006582367185358,0,test
0,0.06585957277167484,0,test
0,0.2115004491601428,0,test
0,0.29554408090759793,0,test
0,0.5929154855021965,1,test
1,0.3179254788645263,0,test
1,0.4157545912199554,0,test
0,0.09316952407263465,0,test
0,0.15072270855924583,0,test
0,0.21040726334747867,0,test
0,0.3414262476693814,0,test
0,0.12444232284391141,0,test
0,0.16973943089609786,0,test
0,0.15156842662268438,0,test
0,0.19846685911297343,0,test
0,0.24085034403213196,0,test
0,0.1855144444566652,0,test
0,0.13541696880151,0,test
0,0.10936692964319307,0,test
1,0.9999999999844769,1,test
0,0.22368759787437648,0,test
0,0.18261274558893856,0,test
1,0.4180669833290602,0,test
0,0.1286131184424925,0,test
1,0.9999999999466533,1,test
0,0.2586793084356976,0,test
1,0.3798160627597948,0,test
0,0.18542043229742422,0,test
0,0.2188858248669688,0,test
0,0.33592365064319357,0,test
0,0.0840475400030408,0,test
1,0.9999999999576075,1,test
0,0.0817669755850679,0,test
0,0.10417595587145657,0,test
0,0.11995507812916553,0,test
0,0.11574032603881303,0,test
0,0.5820010616236938,1,test
1,0.2934015879423896,0,test
0,0.07219196771455412,0,test
0,0.14312618230162077,0,test
1,0.999999999927266,1,test
0,0.12394307812711583,0,test
0,0.4499086800451406,0,test
0,0.16234203426757537,0,test
0,0.1854557205867316,0,test
0,0.19021120872050606,0,test
0,0.3234653396990038,0,test
0,0.048430271005479676,0,test
1,0.99999999994523,1,test
1,0.40007246700160826,0,test
0,0.12546085542924346,0,test
0,0.26534542975451947,0,test
0,0.24566083136633496,0,test
0,0.1312574671384719,0,test
0,0.1948136833205534,0,test
0,0.11299468993933688,0,test
0,0.18295857343714203,0,test
1,0.7909658154357077,1,test
0,0.18739717726849564,0,test
0,0.14618169458944424,0,test
0,0.188731488544046,0,test
0,0.10945095005160317,0,test
0,0.27595503223025647,0,test
0,0.2603661622025734,0,test
0,0.04261642500147028,0,test
0,0.0809530961414727,0,test
1,0.11954857441809069,0,test
0,0.22932438556715118,0,test
0,0.18286851547067917,0,test
0,0.45635083094454465,0,test
0,0.19074730327075287,0,test
1,0.9999999999908158,1,test
0,0.15899735277247876,0,test
0,0.08632916896266685,0,test
1,0.3704297535818661,0,test
0,0.1328481148672509,0,test
0,0.6223879188062088,1,test
0,0.09056621839147833,0,test
0,0.2542898735090569,0,test
0,0.30737868961586556,0,test
0,0.10686147456860466,0,test
0,0.312192560127541,0,test
0,0.0980944384470831,0,test
0,0.27054877801208765,0,test
1,0.99999999989331,1,test
0,0.1516886782631132,0,test
0,0.14389203927239838,0,test
1,0.9999999999074005,1,test
1,0.48707802529914007,0,test
0,0.11068175285268551,0,test
0,0.19193814400693354,0,test
1,0.4135913878375078,0,test
0,0.6198483932363918,1,test
0,0.12238416157344041,0,test
0,0.20280192991335722,0,test
0,0.09404244992681046,0,test
0,0.19689964478163755,0,test
1,0.46786245134543264,0,test
1,0.9999999999434579,1,test
1,0.24659278302798987,0,test
0,0.10417777830535718,0,test
1,0.9999999999337355,1,test
0,0.27099485713723565,0,test
1,0.999999999974847,1,test
0,0.19183271758209336,0,test
0,0.09064213609490732,0,test
0,0.2300934979116171,0,test
0,0.08154582254743419,0,test
0,0.1826982786694123,0,test
1,0.9999999999543403,1,test
0,0.0837737972063148,0,test
0,0.0667589329223863,0,test
0,0.11200098886855128,0,test
0,0.17875469015332554,0,test
0,0.0957725678934018,0,test
0,0.17404621683735746,0,test
0,0.08152884192751203,0,test
1,0.5366228746544013,1,test
1,0.9999999998958784,1,test
0,0.24991577609648877,0,test
0,0.1370364174499064,0,test
1,0.9999999999533848,1,test
0,0.22756522707965984,0,test
0,0.16708614136384944,0,test
0,0.23836812397414736,0,test
0,0.05614755201734537,0,test
0,0.4959282251032016,0,test
0,0.23044953478582844,0,test
0,0.2090047649813516,0,test
0,0.1282609721523874,0,test
0,0.10108277556604613,0,test
0,0.28289637807478885,0,test
0,0.5767019500288965,1,test
0,0.1853477859465113,0,test
0,0.12515603700475927,0,test
1,0.6506255852699456,1,test
1,0.13495521589521567,0,test
0,0.06539249724285429,0,test
0,0.09132468928473261,0,test
1,0.9999999999948146,1,test
0,0.3390431962913552,0,test
0,0.21733787534274804,0,test
0,0.2938957506764283,0,test
1,0.3183571596451335,0,test
1,0.9999999999292768,1,test
0,0.10894521256129913,0,test
0,0.11484343098108094,0,test
0,0.08947352974971745,0,test
1,0.9999999999963629,1,test
0,0.2549498179201731,0,test
1,0.10123212332030082,0,test
0,0.20634726097057443,0,test
1,0.21071420471501645,0,test
0,0.10076672490837597,0,test
0,0.14663068547580663,0,test
1,0.9999999999551865,1,test
0,0.22154577570517425,0,test
0,0.0685888426772636,0,test
0,0.3414781389855938,0,test
0,0.1813109898344317,0,test
1,0.9999999999635025,1,test
0,0.10821650863724762,0,test
0,0.16428040825914386,0,test
1,0.9999999999177716,1,test
1,0.11689384434763374,0,test
0,0.13993493824105718,0,test
1,0.504216993721914,1,test
0,0.08077937209517005,0,test
1,0.9999999998118707,1,test
1,0.4452549516419246,0,test
1,0.9999999999818903,1,test
1,0.9060554331185974,1,test
0,0.1975513874802806,0,test
0,0.2341424000715947,0,test
0,0.2347559618874559,0,test
1,0.9999999999095293,1,test
0,0.09244100468214028,0,test
0,0.27623925535361776,0,test
0,0.16002089755120233,0,test
1,0.17087592495044562,0,test
0,0.0769683209031425,0,test
0,0.0983922147533146,0,test
0,0.23905026023133336,0,test
0,0.484951171608599,0,test
0,0.1397040395286249,0,test
1,0.9999999999736868,1,test
0,0.1060264211579195,0,test
0,0.24955358485320217,0,test
0,0.5188626041293547,1,test
0,0.3438062327762592,0,test
0,0.1288551929027772,0,test
0,0.2790448195664084,0,test
0,0.1367441595123771,0,test
0,0.3411552373135968,0,test
0,0.4033901426668069,0,test
0,0.07579780403682175,0,test
0,0.1845132568787048,0,test
0,0.06721085747507599,0,test
0,0.27728884962856976,0,test
0,0.2439858660566963,0,test
0,0.7049769473789217,1,test
0,0.2026959068650542,0,test
0,0.27387733783725116,0,test
0,0.07105763867191917,0,test
1,0.9999999999542666,1,test
0,0.33063222832031397,0,test
0,0.07268789511221821,0,test
0,0.20963757593196683,0,test
1,0.999999999967571,1,test
0,0.05208025732761894,0,test
1,0.6060743087187328,1,test
0,0.3040900996353965,0,test
0,0.27195967493933504,0,test
1,0.10305886859799744,0,test
0,0.18959523663764077,0,test
0,0.21448491025947972,0,test
0,0.2611749943308507,0,test
0,0.0859897245863929,0,test
1,0.4219691489401407,0,test
0,0.2195705757865836,0,test
1,0.1440986564816739,0,test
0,0.10507027146450164,0,test
0,0.2644269167604287,0,test
1,0.16431726659071588,0,test
0,0.10612510806612377,0,test
1,0.3034367392021378,0,test
1,0.9999999999139857,1,test
0,0.05961458905627877,0,test
0,0.47892640096316746,0,test
0,0.18170382716451783,0,test
1,0.9999999999620637,1,test
1,0.7783025089679712,1,test
0,0.31843685305125446,0,test
0,0.18774219740029008,0,test
0,0.3785034426446264,0,test
0,0.37431335236061114,0,test
1,0.9999999998491083,1,test
1,0.6561059226943143,1,test
0,0.11413996724434658,0,test
1,0.5534559849760459,1,test
0,0.2513992319972544,0,test
0,0.2697642104817077,0,test
0,0.18112136377160112,0,test
0,0.16535652753388153,0,test
0,0.19201242589534454,0,test
0,0.3437355253624576,0,test
1,0.9999999999643452,1,test
0,0.13253098997322738,0,test
0,0.13795856498339615,0,test
0,0.23181893721498512,0,test
0,0.29497371032779507,0,test
1,0.18814618931476934,0,test
1,0.18720203627839124,0,test
1,0.1297247418717498,0,test
1,0.8035290699959162,1,test
0,0.2524273660208379,0,test
0,0.0994337817227934,0,test
0,0.11826594055829269,0,test
0,0.8218096932138118,1,test
1,0.1508181085485027,0,test
1,0.999999999876233,1,test
1,0.9999999999352818,1,test
1,0.7075039143351814,1,test
0,0.18610491092246267,0,test
1,0.9999999999841758,1,test
0,0.4949829606298232,0,test
0,0.24916193013724358,0,test
0,0.3125534710460374,0,test
0,0.30828388977943777,0,test
0,0.0819149591597954,0,test
0,0.2602240627235378,0,test
0,0.2809458575128026,0,test
0,0.232634369154185,0,test
0,0.13479772199607964,0,test
0,0.37727814031578716,0,test
0,0.119257995486124,0,test
0,0.24002054018397612,0,test
1,0.9999999999523554,1,test
1,0.14584275881997177,0,test
1,0.21065968223796705,0,test
0,0.095340362495075,0,test
0,0.26762661520223346,0,test
0,0.09208096134672068,0,test
1,0.7455203928461446,1,test
0,0.1603758544587228,0,test
0,0.474821632720863,0,test
1,0.44520145190322996,0,test
0,0.11989645252516193,0,test
0,0.3928345054017949,0,test
0,0.22499842816125057,0,test
0,0.2701450760666907,0,test
0,0.20772873641325135,0,test
0,0.0931379761664793,0,test
0,0.11443889335655108,0,test
0,0.25838372382611285,0,test
0,0.19281051868056673,0,test
0,0.13019033751568163,0,test
1,0.9999999999312223,1,test
0,0.14585362663966106,0,test
1,0.609176433732997,1,test
0,0.25492323457132493,0,test
0,0.2629208327783669,0,test
0,0.16191482930388865,0,test
1,0.9999999999525309,1,test
0,0.160028330580798,0,test
1,0.29978871870109397,0,test
1,0.4013719708815721,0,test
0,0.35943807528095956,0,test
0,0.08171856767268455,0,test
1,0.999999999994803,1,test
0,0.5416267126695683,1,test
0,0.27179703478773876,0,test
0,0.17157373990231603,0,test
0,0.10884937010775424,0,test
1,0.4122314882872552,0,test
0,0.1536133399732153,0,test
0,0.12649196722980222,0,test
0,0.10448236039586463,0,test
0,0.2981799552734273,0,test
1,0.49673045777445013,0,test
0,0.17532151842378715,0,test
1,0.4411288487639967,0,test
0,0.09033151362331814,0,test
0,0.12210554220886306,0,test
1,0.9999999999505131,1,test
0,0.15373911744403818,0,test
1,0.9999999999710105,1,test
1,0.4007280272235051,0,test
0,0.0946963705928263,0,test
0,0.3120098035332087,0,test
0,0.2771801343982874,0,test
0,0.34298343371195805,0,test
0,0.1999266537682437,0,test
0,0.24917978167145005,0,test
1,0.9999999999282911,1,test
0,0.12751681188414427,0,test
0,0.10654061913018206,0,test
0,0.27802243827809,0,test
1,0.17984428925873033,0,test
0,0.06041817425208229,0,test
1,0.11210657169121223,0,test
0,0.15039421756236965,0,test
1,0.16211934101633832,0,test
0,0.22380016080441825,0,test
0,0.19952345114438141,0,test
1,0.10359688453442036,0,test
1,0.40930079206509057,0,test
0,0.5521522089764845,1,test
1,0.18473881417845034,0,test
0,0.1263305748923484,0,test
0,0.16000603071592825,0,test
1,0.9999999999532425,1,test
0,0.06739078222936305,0,test
0,0.07128613742205918,0,test
1,0.33292204390527397,0,test
1,0.6114010679102189,1,test
0,0.13993971664368327,0,test
0,0.07889264780600966,0,test
0,0.13237940760818862,0,test
0,0.2908324102549314,0,test
0,0.20047144714701112,0,test
0,0.16684084089514226,0,test
0,0.16298958054828955,0,test
0,0.1279747592450354,0,test
0,0.07303232282553795,0,test
1,0.7490673617225357,1,test
0,0.11828306289097165,0,test
0,0.23192965925779774,0,test
0,0.31790669978884567,0,test
1,0.9999999999979281,1,test
0,0.15852077273212478,0,test
1,0.2495915919755317,0,test
0,0.2651974625030182,0,test
0,0.06824575942559993,0,test
0,0.4639672257008693,0,test
0,0.24824618701807163,0,test
0,0.25548934620148833,0,test
1,0.9999999999154876,1,test
0,0.20668008605176819,0,test
0,0.12869368617769938,0,test
0,0.17318650870097213,0,test
1,0.08378163193220295,0,test
1,0.9999999999599118,1,test
0,0.15348753056680686,0,test
1,0.31963330189820555,0,test
1,0.9999999999487343,1,test
0,0.22035258737193286,0,test
0,0.05861336558361049,0,test
0,0.22697811417708888,0,test
1,0.9999999999976497,1,test
0,0.2336423500481784,0,test
0,0.34835243937945354,0,test
0,0.25784634721567057,0,test
1,0.9999999999790128,1,test
1,0.9999999999630729,1,test
0,0.13038068412805026,0,test
0,0.3259995721108789,0,test
0,0.11784996404574133,0,test
0,0.2221009014748036,0,test
1,0.9999999999404774,1,test
0,0.07532949673606798,0,test
1,0.9999999999897466,1,test
1,0.9999999999396856,1,test
1,0.999999999940778,1,test
0,0.03648050471289432,0,test
0,0.3076863169390105,0,test
1,0.4350922997970397,0,test
1,0.25544320682189786,0,test
0,0.09437603218943862,0,test
0,0.08022661170460042,0,test
1,0.3270089316724313,0,test
1,0.9999999999658293,1,test
0,0.3098890583961778,0,test
0,0.5107578449165204,1,test
0,0.12836579534608078,0,test
0,0.12553461396292795,0,test
1,0.19899422477143208,0,test
0,0.12578469629316033,0,test
0,0.18741548736230534,0,test
0,0.147982854678453,0,test
0,0.6297913878086435,1,test
0,0.09513420954790058,0,test
0,0.2563179867127688,0,test
0,0.2515419189296255,0,test
0,0.3033986329894685,0,test
1,0.5559430314436765,1,test
1,0.2676536391626714,0,test
0,0.5157425086843754,1,test
0,0.6377574969024402,1,test
0,0.25423349923110183,0,test
0,0.050606895666638,0,test
0,0.4680000992311539,0,test
0,0.13900981354732533,0,test
0,0.4845481802459035,0,test
0,0.1038902232776757,0,test
0,0.16025193187180006,0,test
1,0.9999999999964913,1,test
0,0.21486301667338514,0,test
0,0.04524089700935848,0,test
1,0.3486466454684308,0,test
0,0.10942164359179393,0,test
0,0.14369467830976929,0,test
0,0.06662835679006293,0,test
0,0.2470604163718822,0,test
0,0.1344462479269696,0,test
0,0.07164912443878405,0,test
0,0.18567225771244775,0,test
0,0.08653778607548857,0,test
0,0.39011218074800874,0,test
0,0.1615537886830624,0,test
1,0.44428385738454607,0,test
0,0.04676170679131559,0,test
0,0.14014188056729904,0,test
0,0.3259557884700795,0,test
0,0.24478705585558722,0,test
0,0.0881629913562671,0,test
0,0.18317435752889077,0,test
0,0.2332457037926109,0,test
0,0.20808200355183762,0,test
0,0.1523319455148277,0,test
1,0.11256449350046756,0,test
0,0.10379887461668899,0,test
1,0.9999999999617504,1,test
0,0.2159325622287937,0,test
0,0.12077555745498447,0,test
0,0.1372391107166509,0,test
0,0.35228571482750365,0,test
0,0.09153168302190637,0,test
1,0.18603804624831977,0,test
0,0.13114886082369825,0,test
0,0.10682319416533492,0,test
0,0.09010729771601442,0,test
0,0.3163807240192968,0,test
0,0.09454761979205589,0,test
0,0.10256039836603982,0,test
0,0.7315801033706213,1,test
1,0.9999999999709441,1,test
1,0.4310597857634426,0,test
1,0.20261484641003533,0,test
0,0.17173416954872997,0,test
0,0.08605183133797448,0,test
1,0.9999999999967286,1,test
0,0.3043931174260389,0,test
0,0.17876783880998035,0,test
1,0.9999999999787708,1,test
0,0.13680619509795125,0,test
1,0.5639392953871414,1,test
1,0.2139580510568122,0,test
1,0.44335436964613006,0,test
0,0.1479731640653876,0,test
0,0.6044556213838271,1,test
1,0.17511697405371873,0,test
0,0.1810221582193736,0,test
0,0.22339763153187708,0,test
0,0.18546435671942071,0,test
1,0.5306115027632172,1,test
0,0.15827287219098457,0,test
1,0.9999999999491387,1,test
1,0.14378352179998846,0,test
0,0.06535131527088062,0,test
0,0.22559445880426324,0,test
0,0.21546173473159508,0,test
1,0.9999999999197211,1,test
0,0.07450375052248825,0,test
0,0.03091115039218695,0,test
0,0.4156070871823598,0,test
1,0.9999999998837446,1,test
1,0.9999999999900637,1,test
0,0.17136608901429973,0,test
0,0.13321608740626306,0,test
0,0.10946156010497926,0,test
0,0.17826176610805836,0,test
1,0.9999999999895681,1,test
0,0.33006240487580946,0,test
0,0.4211239522233377,0,test
0,0.08785906791486109,0,test
0,0.2262749917495412,0,test
0,0.21729000963631073,0,test
0,0.6345395763420887,1,test
0,0.219750345260621,0,test
0,0.2555094271504666,0,test
0,0.6352502598833382,1,test
0,0.09660735030732152,0,test
0,0.09448293631163196,0,test
0,0.27792882988597584,0,test
0,0.47121422479158737,0,test
0,0.11367320036978551,0,test
0,0.33288901854516995,0,test
0,0.1763071586207208,0,test
0,0.3614044053027412,0,test
0,0.20115362695181355,0,test
0,0.17593822020864822,0,test
1,0.9999999999588511,1,test
0,0.09786080963780533,0,test
0,0.22306749942711848,0,test
0,0.1187605679628756,0,test
0,0.17109140133600392,0,test
0,0.1571454428122186,0,test
0,0.5872220814687862,1,test
0,0.22900870223969738,0,test
0,0.15089007286303283,0,test
1,0.9999999999966886,1,test
1,0.999999999975187,1,test
0,0.2673396815627432,0,test
0,0.14645849294728536,0,test
0,0.2450757189093554,0,test
0,0.10503749176085546,0,test
0,0.3693745189868675,0,test
0,0.04976906526363264,0,test
0,0.10428430989061424,0,test
1,0.21840809384576093,0,test
0,0.30203777235295154,0,test
0,0.5040032108522761,1,test
1,0.32600226327245463,0,test
0,0.1345001771243923,0,test
0,0.1780330154520676,0,test
1,0.4202801154697522,0,test
0,0.035395601681881876,0,test
0,0.1398369893863556,0,test
1,0.339245328865151,0,test
0,0.22654920054176358,0,test
0,0.14631561816067135,0,test
0,0.1520685330960408,0,test
1,0.9999999999884772,1,test
0,0.17560275413190046,0,test
1,0.9999999999202329,1,test
1,0.5703014501980967,1,test
0,0.12229244441420718,0,test
0,0.2528832603292189,0,test
0,0.18325317292909538,0,test
0,0.6653645012865447,1,test
0,0.15909714992430288,0,test
0,0.4336321288279574,0,test
0,0.23153754245452982,0,test
0,0.06608851217145707,0,test
0,0.12831094801559167,0,test
1,0.9999999999704863,1,test
0,0.19991256754925665,0,test
0,0.37195896867126865,0,test
0,0.23664702141423893,0,test
0,0.07107223488567715,0,test
0,0.09380791709064744,0,test
0,0.15342778481946745,0,test
0,0.08395745706427701,0,test
1,0.12451697746629542,0,test
0,0.22733114058798504,0,test
1,0.9999999999300799,1,test
1,0.9999999999416482,1,test
0,0.3258743911863392,0,test
0,0.18105896476792643,0,test
1,0.9999999998949114,1,test
0,0.09689797961101772,0,test
1,0.11255923657918249,0,test
0,0.23764806980802747,0,test
0,0.13174912367872973,0,test
0,0.08723602023114,0,test
0,0.0834057075760076,0,test
0,0.18231770370499242,0,test
0,0.09347594439115788,0,test
0,0.12853312694555263,0,test
0,0.07440798011967485,0,test
0,0.0703357602998269,0,test
0,0.14401402430793428,0,test
0,0.5780343470967202,1,test
0,0.2846138802381706,0,test
0,0.1282383238945399,0,test
1,0.9999999999297495,1,test
0,0.1839420516243799,0,test
0,0.10400832584309255,0,test
0,0.10370816281204238,0,test
1,0.3474398957056915,0,test
0,0.1258728260298064,0,test
0,0.10842686194368373,0,test
0,0.0892790480214932,0,test
0,0.07536784206164478,0,test
0,0.07253085635663725,0,test
0,0.16627661338607913,0,test
0,0.0713585558231745,0,test
0,0.09953061862346278,0,test
0,0.21626347060447562,0,test
0,0.5911750997726662,1,test
1,0.11469474281593833,0,test
0,0.17729019500258222,0,test
0,0.14047080725840347,0,test
0,0.1266526443200263,0,test
0,0.26091647850989996,0,test
0,0.2610991041912666,0,test
0,0.1987308559801635,0,test
0,0.060188852493136276,0,test
1,0.9999999998639626,1,test
0,0.3649441757187197,0,test
1,0.9999999999552038,1,test
0,0.09152878059743429,0,test
1,0.8862704946422034,1,test
0,0.09087395880929228,0,test
1,0.08126635612469578,0,test
0,0.17634565524517856,0,test
0,0.23051808246387948,0,test
0,0.22864351386791718,0,test
0,0.15775432204274886,0,test
0,0.08867222230262187,0,test
0,0.37373165772069933,0,test
0,0.07560425458714003,0,test
0,0.2399845278770065,0,test
0,0.12122763797281833,0,test
0,0.07751871337660966,0,test
0,0.07555721315848896,0,test
1,0.048525782424072614,0,test
0,0.302966302487132,0,test
0,0.10454935808311186,0,test
0,0.08874739243339769,0,test
0,0.18424715719434703,0,test
0,0.25585201550393655,0,test
1,0.9999999999451672,1,test
0,0.09220418796466492,0,test
1,0.3577470851939979,0,test
0,0.06982109808248628,0,test
0,0.12064834132810065,0,test
0,0.37270789179311914,0,test
1,0.9999999998572844,1,test
0,0.09069241675773888,0,test
0,0.14433533061419151,0,test
0,0.2958053280210393,0,test
0,0.10664757881333967,0,test
0,0.1488209462793207,0,test
0,0.07573672179918592,0,test
0,0.14566589271512384,0,test
0,0.14610024802035326,0,test
0,0.06223170100417906,0,test
0,0.19413684629956426,0,test
0,0.3579862059251449,0,test
0,0.15916259756962475,0,test
0,0.14512228303895705,0,test
0,0.22465709565791817,0,test
0,0.08639693058142506,0,test
0,0.08960975136095879,0,test
0,0.15179803236793496,0,test
0,0.1937281388699899,0,test
0,0.26432678458144904,0,test
0,0.12556735220862572,0,test
0,0.20050966829992264,0,test
1,0.377458706313501,0,test
1,0.22331514080747955,0,test
0,0.5134859960923257,1,test
1,0.9999999999085099,1,test
0,0.21944109267384357,0,test
0,0.19795869460361323,0,test
0,0.1346280179508571,0,test
1,0.7147244118024982,1,test
0,0.1551689695043612,0,test
0,0.08045696140284375,0,test
1,0.14724291128442252,0,test
0,0.07776795141550892,0,test
0,0.07275337529886777,0,test
0,0.20070125995975333,0,test
0,0.262042227465602,0,test
0,0.23963229747403406,0,test
0,0.16441915840473464,0,test
1,0.9999999998787683,1,test
0,0.21955258311633485,0,test
1,0.07964572070892567,0,test
1,0.9999999999654476,1,test
1,0.9999999999862004,1,test
1,0.27860094503865135,0,test
0,0.3487221553622729,0,test
0,0.16842093495152735,0,test
0,0.09652818999733988,0,test
1,0.20572791650377234,0,test
0,0.22812347963194884,0,test
1,0.20988905392722884,0,test
0,0.09261886764823901,0,test
0,0.4142925141886076,0,test
0,0.0660387847159791,0,test
0,0.4278011559323385,0,test
0,0.1260775287578211,0,test
1,0.19389847658047685,0,test
0,0.4052248352137325,0,test
1,0.2896157095320155,0,test
0,0.16064238580171658,0,test
0,0.4390802251156786,0,test
0,0.21449427011102823,0,test
0,0.16481826051116744,0,test
0,0.17875577963661055,0,test
0,0.050716357334314476,0,test
0,0.19817258627836004,0,test
0,0.1641501835933258,0,test
0,0.11514335477352099,0,test
0,0.0882413775370902,0,test
1,0.9999999999892419,1,test
0,0.2505907767352351,0,test
0,0.1669567536737372,0,test
0,0.1256439458888236,0,test
1,0.22096184330074922,0,test
0,0.2442324586194902,0,test
1,0.19595657872806826,0,test
0,0.06067241475514362,0,test
1,0.5288414553051903,1,test
0,0.25025687336198077,0,test
1,0.199559135058766,0,test
0,0.0635565650369729,0,test
0,0.23530337127388523,0,test
0,0.10825510891720214,0,test
1,0.2361498031470107,0,test
0,0.24256970016071422,0,test
1,0.5485454312554224,1,test
0,0.271194774061198,0,test
0,0.11883983491555886,0,test
0,0.07476527999490502,0,test
0,0.3324924147540412,0,test
0,0.23945838583664356,0,test
0,0.17970953308211524,0,test
0,0.46524798790621774,0,test
0,0.2813970644472778,0,test
0,0.7168628585997737,1,test
1,0.22637621197070434,0,test
0,0.18842968564369122,0,test
0,0.16471780679842346,0,test
0,0.1745905972598219,0,test
0,0.19868025296055983,0,test
0,0.10737988782107334,0,test
1,0.9999999999896634,1,test
1,0.999999999978072,1,test
1,0.9999999999568083,1,test
1,0.20439705387014728,0,test
0,0.07558985521377114,0,test
0,0.39834697251212847,0,test
0,0.13453018045170748,0,test
0,0.07583941498387965,0,test
1,0.11055042437402805,0,test
1,0.999999999963255,1,test
1,0.19856917941350274,0,test
0,0.2001215896025077,0,test
0,0.14097570458253136,0,test
0,0.1280418016326057,0,test
0,0.32371122466941826,0,test
1,0.49885539552425945,0,test
0,0.11311662053091148,0,test
0,0.2875953411853653,0,test
0,0.2171727442159533,0,test
0,0.2494103975366501,0,test
0,0.05461715745801861,0,test
0,0.1744875276942962,0,test
0,0.26488152532302606,0,test
1,0.9999999999589688,1,test
1,0.9999999999547133,1,test
0,0.1632831728106161,0,test
0,0.3583697803024052,0,test
0,0.18299469967248286,0,test
0,0.17937638711718956,0,test
0,0.18063621606139188,0,test
0,0.21717077841683213,0,test
0,0.22952415915696286,0,test
1,0.1140735107049002,0,test
0,0.17137640472580096,0,test
0,0.06242006239782924,0,test
0,0.05622991198788897,0,test
1,0.9999999999092599,1,test
0,0.0943427810283806,0,test
0,0.3515068182048718,0,test
0,0.2088648035691738,0,test
0,0.08224599387098508,0,test
0,0.12086887605270519,0,test
0,0.23536561292071106,0,test
0,0.13862469078688136,0,test
1,0.9999999999293514,1,test
0,0.08268308512369224,0,test
0,0.19320298308693135,0,test
1,0.6641263196964535,1,test
0,0.728453249741176,1,test
0,0.24662507516654636,0,test
0,0.5264667108744346,1,test
1,0.2245001280628443,0,test
0,0.22621082363340755,0,test
0,0.09884014638034973,0,test
0,0.20808705655570206,0,test
0,0.28315248307335616,0,test
0,0.10422256738212254,0,test
0,0.1269031818558714,0,test
0,0.1889786234221531,0,test
0,0.20388831885672215,0,test
0,0.19814567780581036,0,test
0,0.29230382729076554,0,test
0,0.18169071307469276,0,test
0,0.08151388197910305,0,test
0,0.19402237413607668,0,test
1,0.4374202683274136,0,test
0,0.15214397267554144,0,test
1,0.05877982545043249,0,test
0,0.19224131652139903,0,test
0,0.13729160322028264,0,test
1,0.2937355990855064,0,test
0,0.31887163287074205,0,test
1,0.9999999999816029,1,test
0,0.31803130824527664,0,test
0,0.09425697396813497,0,test
0,0.31918533569896534,0,test
1,0.147119296775439,0,test
1,0.32796213885526715,0,test
0,0.23180288475358252,0,test
1,0.3639595717702799,0,test
1,0.2176623344266414,0,test
0,0.0793780789071114,0,test
0,0.0713983219712163,0,test
0,0.29499994380661426,0,test
1,0.17222421701221516,0,test
0,0.3034841185948862,0,test
1,0.3765220822645442,0,test
0,0.12977801662305694,0,test
1,0.9999999999584956,1,test
0,0.15443168209876906,0,test
0,0.590185859839324,1,test
0,0.13618140199820217,0,test
1,0.28120413476963513,0,test
1,0.9999999998379185,1,test
0,0.28367158173456675,0,test
0,0.10829372195571445,0,test
0,0.24086214354806385,0,test
0,0.12143800418510203,0,test
0,0.13239343827887617,0,test
0,0.10718616566771096,0,test
1,0.11462659303010674,0,test
0,0.08702386833449445,0,test
1,0.18025728601278312,0,test
0,0.10591868008253456,0,test
0,0.08873412603851488,0,test
0,0.35818779001915824,0,test
0,0.19254209034594222,0,test
0,0.15860582447959934,0,test
1,0.32384759408308317,0,test
0,0.11656373214127375,0,test
0,0.1048166685462501,0,test
1,0.39409886095443125,0,test
1,0.9999999999860296,1,test
0,0.1187842196987934,0,test
0,0.16896790258045605,0,test
1,0.10556667782714459,0,test
0,0.1531693157905538,0,test
1,0.306142676228582,0,test
0,0.29059820706121653,0,test
0,0.11182921605145031,0,test
1,0.999999999955133,1,test
0,0.1304914833283553,0,test
0,0.24207603953422938,0,test
0,0.14305216548268537,0,test
0,0.1461785254602506,0,test
1,0.22861920979112443,0,test
0,0.053635850124455445,0,test
0,0.09357456738022744,0,test
1,0.4078614287069764,0,test
1,0.9999999999975842,1,test
0,0.14888081896771382,0,test
0,0.2184947976377672,0,test
0,0.18647024135051968,0,test
0,0.1804994937651926,0,test
0,0.22998776332783608,0,test
1,0.9999999999760227,1,test
0,0.15879396251025926,0,test
1,0.5231584352322192,1,test
0,0.2276360529405953,0,test
0,0.36968384037968577,0,test
0,0.16049145408257406,0,test
0,0.10187347352701735,0,test
1,0.1747468478613033,0,test
0,0.09075965482658271,0,test
1,0.999999999898239,1,test
0,0.061634398659423696,0,test
1,0.999999999908276,1,test
0,0.19464777125585883,0,test
0,0.08695741026035994,0,test
0,0.47841162153957345,0,test
0,0.3213366350611039,0,test
0,0.11028240993918717,0,test
0,0.14782139348470383,0,test
0,0.08225969132141109,0,test
1,0.26010763764791467,0,test
1,0.14069932087362255,0,test
0,0.11486571588677742,0,test
0,0.23925069792875917,0,test
0,0.13520061368315048,0,test
1,0.9999999999603923,1,test
0,0.1505157221672205,0,test
0,0.2028388668126195,0,test
0,0.19879432634141192,0,test
1,0.24525860336746547,0,test
0,0.07790847001644315,0,test
1,0.999999999878795,1,test
1,0.10940526300993286,0,test
0,0.3689487829209912,0,test
1,0.1153477273888331,0,test
0,0.13604120123126157,0,test
0,0.22623508636808246,0,test
1,0.2422006864519531,0,test
0,0.3944704606377245,0,test
1,0.4907722899206807,0,test
0,0.19271772472876503,0,test
0,0.1440167946672197,0,test
0,0.08597044777016125,0,test
0,0.2660233174799481,0,test
0,0.15851953647421976,0,test
0,0.09517711988084833,0,test
0,0.2561665836777593,0,test
0,0.13758215244138672,0,test
0,0.19404729588624295,0,test
0,0.25293388938222694,0,test
0,0.19771807012246978,0,test
0,0.11193887291114447,0,test
0,0.10408258694774959,0,test
0,0.056795059810039634,0,test
0,0.26249032880015094,0,test
0,0.1551745559500457,0,test
0,0.11238672138915314,0,test
0,0.18250266273521465,0,test
1,0.9999999999661124,1,test
0,0.12499418228918768,0,test
0,0.1558241781878598,0,test
0,0.0901828825022752,0,test
1,0.9997914746724135,1,test
0,0.1660907117212068,0,test
0,0.1351491272946858,0,test
0,0.2505488826497013,0,test
1,0.37239595008550036,0,test
0,0.149215424144671,0,test
0,0.14902563368995148,0,test
0,0.16485658624216606,0,test
0,0.1688862872456096,0,test
0,0.23996763188152312,0,test
0,0.18541497918074565,0,test
0,0.15454002153010574,0,test
0,0.14922147076155137,0,test
0,0.1684658355911329,0,test
1,0.9999999999889775,1,test
0,0.2142991114321223,0,test
0,0.09912773981491713,0,test
0,0.1511963908905001,0,test
0,0.0577027657928201,0,test
0,0.08585839832113835,0,test
1,0.7230496996462239,1,test
0,0.2816218050875998,0,test
1,0.9999999999421221,1,test
0,0.05615914201707048,0,test
0,0.09133924173933587,0,test
0,0.12735926993949317,0,test
0,0.10862980348292658,0,test
0,0.10548700508337827,0,test
0,0.29945444366737517,0,test
0,0.1866681333900225,0,test
0,0.13257183857006666,0,test
0,0.2865858269485236,0,test
1,0.9999999998579345,1,test
1,0.9999999998444331,1,test
0,0.3584554432631717,0,test
0,0.16168009586241838,0,test
1,0.19421125818186358,0,test
0,0.10890618448115454,0,test
0,0.11918055596495672,0,test
0,0.2520674259097315,0,test
1,0.9999999999619886,1,test
0,0.06979405276501294,0,test
0,0.22992452330058938,0,test
0,0.0745095841580214,0,test
0,0.23638027310727594,0,test
0,0.07733777302347922,0,test
0,0.28446778938565864,0,test
1,0.9999999998966345,1,test
0,0.14907868160575743,0,test
0,0.13037132169373264,0,test
0,0.17037843360804136,0,test
0,0.10329134375761755,0,test
0,0.5099816897069254,1,test
1,0.22220294494505463,0,test
0,0.137519463203104,0,test
1,0.9999999999145908,1,test
0,0.27283918788128675,0,test
1,0.9999999999459281,1,test
0,0.17754991991947472,0,test
1,0.15298906804429324,0,test
0,0.20396330187688355,0,test
1,0.7026053773661735,1,test
0,0.2962039304346186,0,test
0,0.2005779337688472,0,test
0,0.13594017181872042,0,test
1,0.3946974656280275,0,test
0,0.054024947853258475,0,test
0,0.0735672430806705,0,test
0,0.12259390841618414,0,test
0,0.21455015983288242,0,test
1,0.23861008236145007,0,test
0,0.07626354065695118,0,test
0,0.1658484983807054,0,test
0,0.0790644609392427,0,test
1,0.9999999999198026,1,test
0,0.19513887084731507,0,test
0,0.058405358868389115,0,test
0,0.15753482820350687,0,test
1,0.5687464945186624,1,test
1,0.2314721906215492,0,test
0,0.10334182757640972,0,test
0,0.2878549924682321,0,test
0,0.21803919844157266,0,test
0,0.10321854629595534,0,test
0,0.06415839742830123,0,test
0,0.3477057084650692,0,test
0,0.16598886575240335,0,test
0,0.5456399917518321,1,test
0,0.14725523965564533,0,test
1,0.38414145434760993,0,test
0,0.3189032588201614,0,test
0,0.12063768221037141,0,test
0,0.20126504029450756,0,test
0,0.17971503291021573,0,test
0,0.048076854670043884,0,test
0,0.23757498804751945,0,test
0,0.18371116484750266,0,test
0,0.17074690790573946,0,test
0,0.15332907074854935,0,test
0,0.2980581493687146,0,test
1,0.9999999999519527,1,test
0,0.20673838349124776,0,test
0,0.3930153882139825,0,test
0,0.15357799474683084,0,test
0,0.06531248868270213,0,test
1,0.9999999999399829,1,test
0,0.24472874346860563,0,test
0,0.294913832471788,0,test
0,0.1772459781724697,0,test
0,0.30172120578895495,0,test
0,0.058103638554849006,0,test
0,0.26717102293074296,0,test
0,0.3244655084619274,0,test
0,0.12565579987809528,0,test
0,0.13421210588931165,0,test
0,0.12898901135874716,0,test
0,0.0894184929802029,0,test
1,0.9999999999945182,1,test
0,0.08093110261176745,0,test
1,0.9999999999608804,1,test
0,0.27560914598580905,0,test
0,0.20364031612858435,0,test
0,0.11635669792944538,0,test
1,0.9999999999463534,1,test
0,0.20090110495249355,0,test
0,0.18562527096338613,0,test
0,0.18695361807868288,0,test
0,0.46775521319202,0,test
1,0.9999999999618003,1,test
0,0.1948078834367235,0,test
0,0.2582306977063166,0,test
0,0.09844147168493858,0,test
0,0.21554537287246578,0,test
0,0.39225380897193374,0,test
0,0.07828296793992591,0,test
0,0.225300139878769,0,test
1,0.9999999999548395,1,test
0,0.10554244405050799,0,test
0,0.2563258428909685,0,test
1,0.9999999999398141,1,test
0,0.29019959249210653,0,test
0,0.08931787762104947,0,test
0,0.17867872315925037,0,test
0,0.3022576786802929,0,test
0,0.1708326667835724,0,test
1,0.9999999999617868,1,test
0,0.3179329325039084,0,test
0,0.2884577736057711,0,test
0,0.05061802955757322,0,test
0,0.14176114579898763,0,test
1,0.99999999995271,1,test
0,0.06150381178216376,0,test
0,0.17574789682571756,0,test
0,0.20176685841204814,0,test
0,0.13227873511634225,0,test
1,0.29714762067298245,0,test
0,0.26306589415007414,0,test
0,0.2656106744702758,0,test
0,0.29458565011419663,0,test
1,0.9999999999825377,1,test
0,0.13999497619566184,0,test
1,0.4201767335311477,0,test
1,0.2101284107319276,0,test
0,0.3321193514954645,0,test
0,0.19054543819913247,0,test
1,0.27043462725903195,0,test
0,0.15843708660318567,0,test
0,0.292579043675453,0,test
0,0.1784766510449674,0,test
0,0.20328682680957347,0,test
0,0.09968196654748183,0,test
0,0.37718558656253925,0,test
1,0.39806260064001203,0,test
0,0.23002591747277207,0,test
0,0.20419539625017336,0,test
1,0.06510236399629171,0,test
0,0.3887593869027431,0,test
1,0.28016705765647526,0,test
1,0.9999999999538567,1,test
0,0.19194348612164974,0,test
1,0.21592486799008,0,test
0,0.2751813434698009,0,test
0,0.08087164314374899,0,test
1,0.3835177336306026,0,test
0,0.1411433964748796,0,test
0,0.021666712670385144,0,test
1,0.9999999999671971,1,test
0,0.3261387325948657,0,test
0,0.21877471050160044,0,test
0,0.07992168771386918,0,test
0,0.18773729091311592,0,test
0,0.10708827998357076,0,test
0,0.4431484743131665,0,test
1,0.25412754355080547,0,test
0,0.38861914422851596,0,test
0,0.13798069678176217,0,test
0,0.2564088656028215,0,test
1,0.9999999999983824,1,test
0,0.12882454564833223,0,test
1,0.24529699955941234,0,test
1,0.3755580945934115,0,test
0,0.06687967692712231,0,test
1,0.2727873983511142,0,test
0,0.1946397093290922,0,test
0,0.19960729869052063,0,test
0,0.11522620105717968,0,test
1,0.19477990980460774,0,test
1,0.3202734938299066,0,test
0,0.14834506582447682,0,test
0,0.13813596852522134,0,test
0,0.16385958367096407,0,test
0,0.5198864150228754,1,test
0,0.1631892861277859,0,test
0,0.08590063342141509,0,test
0,0.21413633775160298,0,test
0,0.19510067503549397,0,test
0,0.1943816772991413,0,test
0,0.2510118229674088,0,test
1,0.1847172038146826,0,test
0,0.060754115799669446,0,test
1,0.19363891054639054,0,test
1,0.1027025898255269,0,test
0,0.21249166693252702,0,test
0,0.24546985989544534,0,test
0,0.221291486862165,0,test
0,0.0889503326347146,0,test
0,0.1024612319000983,0,test
0,0.2079584434844583,0,test
1,0.9999999999537823,1,test
0,0.09029226554525158,0,test
0,0.10793343628086527,0,test
0,0.07728478591769472,0,test
0,0.23093224400435103,0,test
0,0.19126725961732047,0,test
1,0.5540338243353817,1,test
0,0.2230289264242193,0,test
0,0.0798770632982502,0,test
0,0.08574081227335631,0,test
0,0.28808629089402027,0,test
0,0.46866518832763937,0,test
0,0.22932636960220065,0,test
0,0.28614354810238757,0,test
0,0.21755524451009306,0,test
1,0.2497228557975666,0,test
0,0.3827020741099387,0,test
0,0.48223583267247366,0,test
0,0.284457869948356,0,test
0,0.20138291828354296,0,test
1,0.2700325191433549,0,test
0,0.10088699393899098,0,test
0,0.06167412972782797,0,test
0,0.22539703503640707,0,test
0,0.201977619096848,0,test
0,0.36602593714317744,0,test
0,0.07318048040990528,0,test
0,0.14712007553752568,0,test
0,0.08150191189799905,0,test
1,0.9999999999293323,1,test
0,0.28777661799886917,0,test
1,0.5985874767739486,1,test
0,0.05608152998122341,0,test
0,0.14060015132316916,0,test
1,0.46204501001167847,0,test
0,0.2422269471498691,0,test
0,0.1101269627127491,0,test
0,0.16380983220370376,0,test
0,0.13760721006855767,0,test
0,0.3265598129959095,0,test
1,0.473305688676073,0,test
1,0.5770858331613936,1,test
1,0.6380186935810512,1,test
1,0.9999999999522127,1,test
0,0.3582008096397898,0,test
0,0.059127177327301904,0,test
0,0.14667640360432782,0,test
0,0.20918770585969346,0,test
1,0.9999999999465004,1,test
1,0.15702110637585517,0,test
0,0.21602136210400139,0,test
1,0.9999999998687328,1,test
0,0.054236106259730854,0,test
0,0.13915977011104083,0,test
0,0.17534200382460255,0,test
1,0.1543392648771879,0,test
0,0.22874410079837396,0,test
0,0.08228076436461058,0,test
0,0.1712022399652616,0,test
0,0.1310528026120586,0,test
1,0.9999999999457907,1,test
0,0.20726407538806813,0,test
0,0.42776686480444936,0,test
1,0.08193168833511855,0,test
0,0.08222359044337638,0,test
0,0.10461362865559032,0,test
0,0.22161595413305563,0,test
0,0.3209454387848676,0,test
1,0.4962441398300998,0,test
0,0.22913006998804794,0,test
0,0.05909386456460837,0,test
1,0.15269216743637046,0,test
0,0.22547786392882732,0,test
0,0.1735737559919183,0,test
0,0.2743729159421786,0,test
0,0.14333384796868925,0,test
0,0.11931936491019109,0,test
0,0.32108077311246525,0,test
0,0.5026175654943569,1,test
0,0.15597365455214937,0,test
0,0.25164524632392454,0,test
0,0.22625995188343828,0,test
0,0.13537817640330244,0,test
0,0.1612931184763921,0,test
0,0.3252390978087028,0,test
0,0.1807842424507802,0,test
1,0.9999999999667988,1,test
0,0.06807907330549771,0,test
0,0.2684095413306548,0,test
1,0.9999999999958251,1,test
0,0.09012802004202433,0,test
0,0.2273053466705559,0,test
0,0.30388030642388775,0,test
0,0.20712303523755174,0,test
0,0.10872711856647041,0,test
0,0.14739227206183705,0,test
0,0.11005817031583068,0,test
0,0.17005356055537865,0,test
0,0.2751482406646698,0,test
1,0.5089618100891805,1,test
1,0.9999999999763605,1,test
0,0.21598021129979156,0,test
0,0.21958846802494472,0,test
0,0.4861965907099381,0,test
0,0.15635117310067212,0,test
0,0.2716444338025938,0,test
1,0.33219224210648246,0,test
0,0.12233678568961405,0,test
1,0.8993726437884608,1,test
0,0.107713254834688,0,test
0,0.11297819907521177,0,test
0,0.1386609788050631,0,test
0,0.24965785493417667,0,test
0,0.22879687309225033,0,test
0,0.1854951053973206,0,test
0,0.3565145121615464,0,test
1,0.9999999999856493,1,test
0,0.07931530471251831,0,test
0,0.3006050515200158,0,test
0,0.07886369836012466,0,test
0,0.29947390312177924,0,test
0,0.27893259048956587,0,test
0,0.0776732770065868,0,test
0,0.24397145308684182,0,test
0,0.15304339224095692,0,test
1,0.39504520938666565,0,test
0,0.19920090404553978,0,test
0,0.18597866973375032,0,test
1,0.9999999999496383,1,test
0,0.2948586216813739,0,test
0,0.3747262715880064,0,test
0,0.09058330517277899,0,test
0,0.16564586101531217,0,test
1,0.9999999999274527,1,test
0,0.20389032680141025,0,test
0,0.19814255952035073,0,test
0,0.22934062358143814,0,test
0,0.07844649772471526,0,test
0,0.2758395107010321,0,test
0,0.5675647445129567,1,test
0,0.32476813360338036,0,test
0,0.2961872966189758,0,test
1,0.39160654578672943,0,test
0,0.22216646565930756,0,test
1,0.24439440565353784,0,test
1,0.999999999995635,1,test
0,0.1417155718481528,0,test
0,0.24853134879736974,0,test
0,0.14083451663690402,0,test
1,0.9999999999966191,1,test
0,0.2923422900629245,0,test
0,0.37831135027580526,0,test
0,0.15758602048721881,0,test
0,0.09296089009556699,0,test
0,0.2456576183358861,0,test
0,0.14286065843394477,0,test
0,0.13706218247894467,0,test
1,0.8543861225607454,1,test
0,0.13922938447644692,0,test
0,0.22462846768176725,0,test
0,0.06670856985292446,0,test
0,0.14685986116258395,0,test
0,0.27637254055791377,0,test
0,0.14315927338786363,0,test
1,0.1891350328853026,0,test
0,0.1258174591002554,0,test
1,0.7691830274247825,1,test
0,0.03673541680029059,0,test
0,0.20331691760711737,0,test
0,0.3032959188247972,0,test
0,0.14746758729696355,0,test
0,0.1053903736426451,0,test
0,0.10504730909270973,0,test
0,0.4444503268302653,0,test
0,0.3113743272750891,0,test
0,0.25294325419269603,0,test
0,0.11110546245220289,0,test
1,0.42208214625922386,0,test
0,0.22152349766924384,0,test
0,0.12546825246860155,0,test
0,0.3469059314989671,0,test
0,0.17811365113512725,0,test
1,0.9999999999134432,1,test
0,0.062011934929041765,0,test
0,0.12256582449103424,0,test
0,0.35694128976692857,0,test
0,0.1243595090850325,0,test
0,0.1348798405988224,0,test
1,0.9999999998324602,1,test
0,0.37156507496179164,0,test
0,0.34063253920956826,0,test
1,0.9999999999287907,1,test
0,0.28945936619547435,0,test
0,0.14297740346401797,0,test
0,0.13727120050567232,0,test
1,0.9999999999576015,1,test
0,0.15288377210186382,0,test
0,0.07159513701567305,0,test
0,0.08161867038619124,0,test
0,0.20376178830865443,0,test
0,0.2643941386865944,0,test
1,0.9999999998357101,1,test
0,0.24129129786841788,0,test
0,0.04864501673692677,0,test
0,0.1813074244273778,0,test
1,0.5791323240495957,1,test
0,0.17976545200036978,0,test
0,0.45631160846798324,0,test
0,0.1977543336040803,0,test
0,0.12219889235676651,0,test
0,0.23136412373080598,0,test
0,0.1557511337211641,0,test
1,0.2801469347460242,0,test
0,0.09612663017651034,0,test
0,0.3173451912768573,0,test
0,0.1348873536328877,0,test
1,0.15202982502840193,0,test
0,0.13363192432778975,0,test
0,0.14966461004118153,0,test
0,0.04825035864221895,0,test
0,0.19842998143197366,0,test
0,0.08983715859615138,0,test
1,0.9999999999479963,1,test
0,0.21963247242862635,0,test
0,0.09716985329276173,0,test
1,0.345142312712436,0,test
0,0.1489618997451658,0,test
0,0.24274004273207542,0,test
0,0.14857753991400158,0,test
1,0.9999999998591689,1,test
0,0.07375085766709863,0,test
0,0.25289755693286564,0,test
0,0.17731577216536235,0,test
1,0.9999999998789386,1,test
1,0.9999999999501514,1,test
0,0.1670193839230532,0,test
1,0.9999999999857738,1,test
0,0.11320889662492274,0,test
0,0.05442192207093853,0,test
0,0.16246823180101433,0,test
1,0.4708330389395551,0,test
1,0.30885583170793973,0,test
0,0.261312826688645,0,test
0,0.21216018483124663,0,test
0,0.22338207426447365,0,test
0,0.19290014624182236,0,test
0,0.19547715431827972,0,test
0,0.08648428970149058,0,test
0,0.15068082194061433,0,test
1,0.9999999999802369,1,test
0,0.0824284642068995,0,test
0,0.1655496384203398,0,test
0,0.1359957540247498,0,test
0,0.12838187816218555,0,test
0,0.16313721844931092,0,test
0,0.10483952033422653,0,test
0,0.2630012828694746,0,test
0,0.2702353693142017,0,test
0,0.4121222715361788,0,test
0,0.14038042259084285,0,test
0,0.1419070950936353,0,test
1,0.37566369407595557,0,test
0,0.10350473823395981,0,test
0,0.08919808492263337,0,test
0,0.07407602427856323,0,test
1,0.33105633196107026,0,test
1,0.9999999999613467,1,test
0,0.3393976871386857,0,test
0,0.10567307314738544,0,test
0,0.1334952259656143,0,test
1,0.4528614553948558,0,test
0,0.19071532917657885,0,test
0,0.24593122492845282,0,test
0,0.15345251578252622,0,test
0,0.07777840657567503,0,test
0,0.1813673843509758,0,test
0,0.11714316367736288,0,test
1,0.19083831160054,0,test
0,0.051756927770302226,0,test
1,0.4020531598038046,0,test
0,0.11618140516376453,0,test
1,0.22094384952227655,0,test
1,0.1491030871670879,0,test
0,0.2885157863463574,0,test
0,0.08470402401746924,0,test
0,0.12468786645033063,0,test
1,0.9999999999596427,1,test
1,0.3087024670957189,0,test
0,0.07963496670124792,0,test
0,0.12605590455860619,0,test
0,0.22592699354122506,0,test
0,0.22607211678138117,0,test
1,0.059592990212613495,0,test
0,0.07657826761730982,0,test
0,0.346250824986167,0,test
0,0.2580027082240724,0,test
0,0.146717992238099,0,test
0,0.19892408923796198,0,test
0,0.35374221017890495,0,test
0,0.09324018849993738,0,test
0,0.47206518502061057,0,test
0,0.346962460649363,0,test
0,0.0653868895489351,0,test
0,0.12737148834021758,0,test
1,0.2226879376982491,0,test
0,0.3102736741826325,0,test
0,0.14282170588457824,0,test
0,0.05192230433695049,0,test
0,0.06667061810941698,0,test
0,0.1317911733339412,0,test
0,0.189121193099535,0,test
0,0.10886138093330712,0,test
0,0.19008818306417738,0,test
0,0.25398679273039165,0,test
1,0.9999999999927178,1,test
0,0.10236525650726401,0,test
1,0.10309700158965726,0,test
0,0.11049010159848296,0,test
0,0.1084525073388373,0,test
0,0.13564423449204865,0,test
1,0.27945328914178225,0,test
0,0.18447279487753415,0,test
0,0.3632477625279324,0,test
0,0.14081503517267968,0,test
0,0.30514463004305387,0,test
0,0.056307416208062566,0,test
0,0.14793619970161084,0,test
1,0.6602959256364698,1,test
0,0.11675463383191792,0,test
1,0.9999999999711144,1,test
1,0.47518105192607923,0,test
1,0.9999999997732045,1,test
0,0.6573376218072208,1,test
0,0.5173615988614827,1,test
0,0.14483155601438116,0,test
0,0.09577321793672598,0,test
0,0.15032844832848496,0,test
1,0.18162583708155486,0,test
1,0.9999999999392915,1,test
0,0.42370938135173014,0,test
0,0.22221027740700236,0,test
1,0.3351833021287783,0,test
0,0.11650562470093254,0,test
1,0.27035472227060325,0,test
0,0.3217424618336936,0,test
0,0.26144184923128816,0,test
0,0.21169737228086447,0,test
1,0.11931665174534618,0,test
0,0.12557571336492657,0,test
0,0.14842417849155645,0,test
0,0.19907310530501893,0,test
1,0.7262395406593878,1,test
0,0.10458231104232645,0,test
0,0.2677864435121717,0,test
1,0.3251429269803216,0,test
0,0.189578729606532,0,test
0,0.3030117147030508,0,test
0,0.18579849429178613,0,test
0,0.22551063800654997,0,test
0,0.08461395735667429,0,test
0,0.0771407621917721,0,test
0,0.225078912501158,0,test
0,0.2468560230519386,0,test
0,0.09804230188318924,0,test
0,0.10376291184700438,0,test
0,0.14305600056253098,0,test
0,0.2097321663340517,0,test
0,0.14031343321439577,0,test
0,0.10852378531406538,0,test
0,0.07845547080460515,0,test
0,0.059960912867733154,0,test
1,0.28596103360321984,0,test
0,0.1828031862639764,0,test
0,0.1636479904453575,0,test
0,0.0794510055900935,0,test
1,0.9999999999637437,1,test
0,0.15281636494664186,0,test
1,0.9999999999240574,1,test
0,0.23662713259394097,0,test
0,0.22450688154487194,0,test
0,0.049561251694766266,0,test
0,0.19658491251702156,0,test
0,0.16731084256250478,0,test
0,0.22749322693300503,0,test
0,0.40243797896069017,0,test
1,0.41960874935514525,0,test
0,0.41431822071215874,0,test
1,0.9999999999669555,1,test
0,0.2473189864471154,0,test
0,0.1572859897402944,0,test
0,0.15375826125093192,0,test
0,0.04349264701195512,0,test
0,0.49511678771672546,0,test
0,0.19248004891185064,0,test
0,0.10573675875045054,0,test
1,0.8823872327338559,1,test
1,0.9999999999547629,1,test
0,0.11596520735953027,0,test
0,0.12447775243786487,0,test
1,0.9999999999838172,1,test
1,0.9999999999573916,1,test
0,0.06468274055546855,0,test
0,0.2540295289632162,0,test
0,0.1059424891972995,0,test
0,0.19673004698798094,0,test
1,0.9999999999465325,1,test
1,0.9999999999841382,1,test
0,0.15357255274728687,0,test
0,0.09963207153611485,0,test
0,0.08622771770652475,0,test
0,0.22915913653577494,0,test
0,0.19697393517479597,0,test
0,0.19961104278570782,0,test
0,0.04196285221362593,0,test
0,0.1784392831156025,0,test
1,0.2770938449454609,0,test
0,0.2868148803626296,0,test
1,0.5337459630489786,1,test
0,0.08580687948357664,0,test
0,0.23502113549756892,0,test
0,0.1888289822034639,0,test
0,0.1431237556839331,0,test
0,0.4504364599579063,0,test
0,0.09692850716361141,0,test
0,0.04986252389105581,0,test
1,0.19708624375741376,0,test
0,0.3101315829844091,0,test
1,0.9999999999379641,1,test
0,0.22354333435438742,0,test
0,0.12058239717743605,0,test
0,0.14583560077330573,0,test
0,0.25198297632478966,0,test
0,0.3806835010965121,0,test
0,0.2338239505099218,0,test
0,0.18886913948849104,0,test
1,0.9999999999579323,1,test
0,0.243124593532353,0,test
0,0.3896001824714684,0,test
0,0.1607093898175764,0,test
0,0.10379929042334407,0,test
0,0.10049526052876126,0,test
0,0.23289215532953028,0,test
0,0.1691990412689672,0,test
0,0.41083646739751695,0,test
0,0.26686670939133184,0,test
0,0.12405162355348355,0,test
0,0.09432339485231206,0,test
1,0.15742169164470465,0,test
0,0.1327122349941414,0,test
0,0.1493284467353333,0,test
0,0.24372964360381194,0,test
0,0.1332193263964572,0,test
0,0.1127538214537688,0,test
1,0.6078139307442625,1,test
0,0.08896282150841638,0,test
0,0.2098940539318862,0,test
0,0.06702123139047689,0,test
0,0.07183619568692978,0,test
0,0.23720923691418141,0,test
0,0.20052525447223174,0,test
1,0.14794204271956105,0,test
1,0.25214922346808316,0,test
1,0.11026608395084476,0,test
0,0.20002511124082206,0,test
0,0.05750808099648248,0,test
0,0.2672197348744955,0,test
1,0.3350221704691397,0,test
0,0.5232464180863573,1,test
0,0.24608806733247393,0,test
0,0.07969839396790003,0,test
0,0.05609052032765224,0,test
0,0.11446408962300716,0,test
0,0.28760287709450033,0,test
0,0.1132995704795215,0,test
0,0.1795352371484989,0,test
1,0.07410004986461158,0,test
0,0.2671200419978649,0,test
0,0.13540518066752857,0,test
0,0.14222249326090156,0,test
0,0.13297730056105903,0,test
0,0.2890337096788773,0,test
0,0.3967661015298373,0,test
0,0.11491284853739293,0,test
0,0.15367771445679254,0,test
1,0.9999999999013618,1,test
0,0.26129722682384576,0,test
0,0.10145590356793102,0,test
0,0.09413325327418495,0,test
0,0.24827900371237802,0,test
0,0.3897125788904835,0,test
0,0.19481922845823763,0,test
1,0.9999999999050324,1,test
0,0.21982660782671165,0,test
0,0.07086716408846161,0,test
0,0.17360722079202462,0,test
0,0.17176751085504902,0,test
0,0.11605066774042574,0,test
0,0.22920763893733093,0,test
0,0.14701708114547157,0,test
0,0.21621549094821543,0,test
0,0.17820928263613964,0,test
0,0.11902004319396564,0,test
0,0.0870068784960055,0,test
0,0.22700670833629574,0,test
0,0.22778048813888974,0,test
0,0.1867741263418217,0,test
0,0.152480487934749,0,test
0,0.26673896539410935,0,test
0,0.29201836389359925,0,test
0,0.29027343655508214,0,test
0,0.11774494696564165,0,test
0,0.15448592120784468,0,test
0,0.06512211144089491,0,test
0,0.25320200230894335,0,test
1,0.9999999999951719,1,test
0,0.2813031681020583,0,test
0,0.24018419418148418,0,test
0,0.3840569751181881,0,test
0,0.07896175419179197,0,test
0,0.18496677583358345,0,test
1,0.9999999999512867,1,test
0,0.31472441617575886,0,test
0,0.2684636816306232,0,test
0,0.16075259307300094,0,test
0,0.1934753526834795,0,test
0,0.03993997232284663,0,test
0,0.3835025157989215,0,test
0,0.4095201675197684,0,test
0,0.17303558833451677,0,test
0,0.10625911784349956,0,test
0,0.1733208034852248,0,test
0,0.2409179584560087,0,test
1,0.17391291266190706,0,test
1,0.9999999999430038,1,test
0,0.17511201420074607,0,test
0,0.19513970324449514,0,test
0,0.055095608818176524,0,test
0,0.1470036608422053,0,test
1,0.39091982173470985,0,test
0,0.1777540203577445,0,test
0,0.7001794301715953,1,test
1,0.15254160968446726,0,test
1,0.9999999999960698,1,test
0,0.281942160870027,0,test
1,0.16906304822184287,0,test
1,0.1945198291032871,0,test
0,0.20220579751882062,0,test
0,0.37126152939894475,0,test
0,0.24862087907472438,0,test
0,0.12138048021356716,0,test
0,0.23674927896293121,0,test
0,0.2463255323110159,0,test
0,0.19614461751777743,0,test
0,0.08505462279742096,0,test
0,0.16784714988250482,0,test
0,0.06314383528888272,0,test
0,0.19701870176724942,0,test
0,0.057494211917451694,0,test
0,0.23180150971393246,0,test
0,0.3073044190744964,0,test
0,0.08844166544823925,0,test
0,0.10496234564665281,0,test
1,0.9999999999602183,1,test
0,0.1735080815853122,0,test
1,0.5911129138902947,1,test
1,0.3026457109951715,0,test
0,0.10350606424117086,0,test
1,0.07458296636520209,0,test
0,0.11200375396148331,0,test
0,0.32562980609294034,0,test
0,0.36766914778224363,0,test
0,0.2342042523672173,0,test
0,0.16611597013142415,0,test
0,0.10915512536678337,0,test
1,0.9999999998894054,1,test
0,0.25750716549285524,0,test
1,0.5129257217116576,1,test
0,0.13248413247438273,0,test
0,0.42806672810127705,0,test
0,0.20107962925641618,0,test
0,0.15515898973248324,0,test
0,0.09396660639402744,0,test
0,0.08317775760264531,0,test
0,0.2608872693236468,0,test
0,0.13233071951922043,0,test
0,0.1678656806087543,0,test
0,0.2069074051711508,0,test
0,0.06823298810506635,0,test
0,0.05925652095731208,0,test
0,0.3024114492024652,0,test
0,0.2684157524514807,0,test
0,0.26135900193563455,0,test
1,0.9999999999150551,1,test
0,0.031925081057645105,0,test
0,0.20360480538161466,0,test
0,0.40635132710851857,0,test
0,0.10360177238616398,0,test
0,0.1527941592802278,0,test
0,0.036495283764975524,0,test
0,0.2576579109786824,0,test
1,0.9999999998934745,1,test
0,0.14501514793225598,0,test
1,0.9999999998570055,1,test
0,0.1679989624731372,0,test
0,0.10078047467751788,0,test
0,0.14014681042353863,0,test
0,0.12195047542652084,0,test
0,0.1377700545882813,0,test
0,0.30368054403448047,0,test
0,0.2703761438150437,0,test
0,0.07683670564692507,0,test
1,0.14958279538483624,0,test
1,0.5559086948730745,1,test
1,0.9999999999747493,1,test
1,0.35632874231498246,0,test
1,0.9999999999608842,1,test
0,0.12172466830501358,0,test
0,0.2291309150510864,0,test
0,0.3321211108205549,0,test
1,0.35574118278700806,0,test
0,0.08789245584753337,0,test
0,0.24585867872845682,0,test
1,0.14857241072086136,0,test
0,0.21289375714761266,0,test
0,0.19408477166414226,0,test
0,0.22894966478785242,0,test
0,0.3127482850490727,0,test
0,0.26084095897422,0,test
0,0.2859093094847519,0,test
0,0.14846816747510697,0,test
1,0.5011083934696672,1,test
0,0.0728383718243978,0,test
1,0.9999999999434388,1,test
0,0.16819576763583258,0,test
0,0.4724636654168899,0,test
1,0.9999999999464655,1,test
0,0.3451165112676088,0,test
0,0.08865335335629562,0,test
1,0.9999999999749176,1,test
1,0.27302536979834996,0,test
0,0.29576345200702614,0,test
1,0.9999999998723752,1,test
0,0.18089835165493298,0,test
1,0.3967309226166087,0,test
1,0.29589883902438074,0,test
0,0.20596320508520574,0,test
0,0.38169617474347567,0,test
0,0.37859710393028534,0,test
1,0.9999999999458911,1,test
0,0.07021887320666488,0,test
0,0.07580550438444143,0,test
0,0.24636701774964076,0,test
1,0.9999999998583702,1,test
0,0.1408829206882474,0,test
0,0.44149397148864944,0,test
0,0.2275426602407207,0,test
0,0.3054586246524969,0,test
0,0.14884383040646237,0,test
0,0.5077832351882683,1,test
0,0.19687427581921538,0,test
0,0.12160100878014202,0,test
0,0.07820530632725498,0,test
1,0.9999999999217346,1,test
0,0.30918397917143176,0,test
0,0.20279806621597324,0,test
1,0.8054443853691645,1,test
0,0.12673619748687448,0,test
0,0.14806892987133077,0,test
0,0.07808718954048813,0,test
0,0.4469360650492741,0,test
1,0.9999999999622258,1,test
0,0.09372915256561183,0,test
0,0.15405608633460657,0,test
0,0.26199871082922144,0,test
0,0.2561045907819967,0,test
0,0.24730220289805124,0,test
0,0.6663681446065247,1,test
0,0.419634110701801,0,test
1,0.42034271764307657,0,test
0,0.14325586313864203,0,test
1,0.9999999998540223,1,test
1,0.14594352318153014,0,test
1,0.208466157684345,0,test
0,0.38682859262302205,0,test
0,0.26335558945282483,0,test
1,0.34209808817703413,0,test
0,0.08615203774586279,0,test
1,0.9999999999957601,1,test
0,0.18088150451203855,0,test
1,0.3255487255452615,0,test
0,0.15334731784853992,0,test
0,0.6277534047890843,1,test
1,0.9999999999930271,1,test
1,0.9999999999533968,1,test
0,0.12518386468498796,0,test
1,0.9999999999435976,1,test
0,0.1228684796065035,0,test
0,0.07606734545138844,0,test
0,0.21091501296927653,0,test
0,0.19899041653452393,0,test
0,0.2541332469345093,0,test
1,0.36520495015654,0,test
1,0.9999999999895761,1,test
0,0.11974828059021006,0,test
0,0.287217861693477,0,test
0,0.09610614481385671,0,test
0,0.2682050476731999,0,test
0,0.21595823323336985,0,test
0,0.25272193945774196,0,test
0,0.168144867076503,0,test
0,0.05673525843452212,0,test
1,0.9999999999971545,1,test
1,0.22004946733985292,0,test
0,0.25197603493723225,0,test
0,0.11714573993777871,0,test
0,0.17133603426553393,0,test
0,0.16263051812537035,0,test
0,0.230949740332775,0,test
1,0.4936550116065589,0,test
0,0.3128542085389872,0,test
1,0.6738360010137072,1,test
0,0.16561127305071952,0,test
1,0.9999999999804838,1,test
1,0.1700668810932462,0,test
0,0.19000521488547825,0,test
0,0.36326194733585165,0,test
0,0.3132692669881853,0,test
1,0.999999999934789,1,test
1,0.3536820237066219,0,test
0,0.17094041080282665,0,test
0,0.18596842293960641,0,test
1,0.5748579181309981,1,test
0,0.1113454205633648,0,test
0,0.3384407960198977,0,test
0,0.1799683286068675,0,test
0,0.11216540904676184,0,test
0,0.13462374017204545,0,test
0,0.11463698824608876,0,test
0,0.14656143806294342,0,test
0,0.18089140043367602,0,test
0,0.06667272019713745,0,test
0,0.12252192908107237,0,test
0,0.24924704585263088,0,test
0,0.17322335510398484,0,test
0,0.33302909408992293,0,test
0,0.20970261582556857,0,test
0,0.1842502462214892,0,test
1,0.1964483788436799,0,test
0,0.07057728889317987,0,test
0,0.3811995234798581,0,test
0,0.11440204985422665,0,test
0,0.08977961356426604,0,test
0,0.10108595790707813,0,test
0,0.1493559471292375,0,test
1,0.28965485591635365,0,test
1,0.16357172623840502,0,test
0,0.2115732432295875,0,test
0,0.19977139326791038,0,test
0,0.2504139956106773,0,test
0,0.06412754348469595,0,test
0,0.19296834704471275,0,test
1,0.5515226133244406,1,test
0,0.3317608429756935,0,test
1,0.15997431946647941,0,test
1,0.637975736209631,1,test
0,0.23934676303876182,0,test
0,0.3214185258724922,0,test
1,0.9999999999284841,1,test
0,0.15367956697961985,0,test
0,0.5500842028680619,1,test
1,0.9999999999150566,1,test
1,0.9999999999879927,1,test
1,0.41722770725619746,0,test
0,0.198169723639427,0,test
1,0.3581181577823981,0,test
0,0.31484601170659143,0,test
0,0.14306030199513423,0,test
0,0.24366383277554898,0,test
0,0.09201401513998711,0,test
0,0.23067441226442592,0,test
1,0.9999999999701561,1,test
0,0.10286526815836618,0,test
0,0.10095576829030455,0,test
0,0.22428398671406038,0,test
1,0.7525664896974773,1,test
0,0.21282244525533378,0,test
1,0.3107886910677467,0,test
1,0.18081612874127068,0,test
1,0.15728314143346542,0,test
0,0.1101913919265575,0,test
1,0.08145602436392647,0,test
1,0.9999999999549618,1,test
0,0.13787813428833584,0,test
0,0.2532937331642138,0,test
0,0.038702169521094405,0,test
0,0.3101859655639311,0,test
0,0.18377568238039818,0,test
0,0.31679437091381113,0,test
0,0.17247426181490103,0,test
0,0.2540518220275139,0,test
0,0.07210995543566676,0,test
0,0.12220145249040335,0,test
0,0.13671736878027643,0,test
0,0.12995995122627724,0,test
1,0.9999999998346176,1,test
1,0.17718445491948256,0,test
0,0.3116503964698401,0,test
1,0.9999999998794402,1,test
0,0.11816309247665403,0,test
0,0.1487895081935346,0,test
1,0.45143179966472274,0,test
0,0.15877316196175323,0,test
0,0.1407398507445489,0,test
0,0.213745269708209,0,test
0,0.15693479981361885,0,test
0,0.2956097850543838,0,test
0,0.10494511560284973,0,test
0,0.12027211064819542,0,test
0,0.16580727312327298,0,test
0,0.06989210314958733,0,test
1,0.13300794384502662,0,test
0,0.247220089564545,0,test
0,0.10086512489406278,0,test
0,0.3385235970449767,0,test
0,0.27461738892844006,0,test
1,0.34722360330550883,0,test
0,0.24592240775992882,0,test
0,0.11431464958821753,0,test
0,0.17090514764595763,0,test
0,0.1886416623849088,0,test
1,0.9999999999646529,1,test
0,0.1734129088182763,0,test
1,0.32502960405033043,0,test
0,0.4145214624078297,0,test
0,0.10638294816746668,0,test
0,0.11801424786964745,0,test
0,0.23826848729492908,0,test
0,0.1737543554196744,0,test
0,0.2441648593609634,0,test
0,0.1315056772210955,0,test
0,0.1413045894030222,0,test
0,0.07453668360834054,0,test
0,0.0867996951796483,0,test
0,0.09426584954638147,0,test
0,0.07775655609518249,0,test
1,0.6993249370261271,1,test
0,0.0731007091087142,0,test
1,0.9999999999314646,1,test
0,0.24734266903609917,0,test
0,0.20830593164512884,0,test
0,0.17504422296096842,0,test
0,0.1364192589255577,0,test
0,0.13203583188976276,0,test
1,0.11496978516634841,0,test
0,0.3567325592514328,0,test
1,0.2539494383572335,0,test
0,0.31143578733820787,0,test
0,0.23792431991331112,0,test
1,0.24563601173590255,0,test
0,0.10410462070073005,0,test
1,0.9999999999567397,1,test
0,0.11066576946901237,0,test
0,0.18818111864737078,0,test
1,0.9999999998084461,1,test
0,0.15953910086954462,0,test
0,0.09761904519461762,0,test
0,0.2348135410594259,0,test
0,0.2197631495043882,0,test
0,0.24500863107401408,0,test
1,0.3447046569133376,0,test
0,0.14327970343706575,0,test
0,0.1986021738637895,0,test
0,0.5031198659218908,1,test
0,0.45713045550786696,0,test
0,0.11435133104020276,0,test
0,0.11594310223938585,0,test
0,0.1444560799394229,0,test
0,0.21036670434553498,0,test
1,0.48633724378102694,0,test
1,0.9999999998722406,1,test
0,0.16282532011082795,0,test
0,0.1995409479323315,0,test
0,0.3603101982587182,0,test
0,0.22698017859646416,0,test
0,0.20913666750301615,0,test
0,0.35702144709385253,0,test
0,0.2574972496237695,0,test
0,0.1729959500176805,0,test
0,0.19527538374344078,0,test
1,0.2915212299870009,0,test
0,0.458183806461999,0,test
0,0.17420580572328265,0,test
0,0.3204637166223816,0,test
0,0.15485904949227713,0,test
1,0.4398554056004035,0,test
0,0.3554207473685678,0,test
0,0.3325822393187759,0,test
0,0.1509674388472654,0,test
0,0.20520437529269392,0,test
0,0.20046409320112551,0,test
0,0.22905869585521682,0,test
0,0.1285808006790574,0,test
1,0.9999999999709008,1,test
0,0.1454684679566159,0,test
0,0.12376687263684864,0,test
0,0.2026346053747396,0,test
1,0.29202241071157314,0,test
1,0.4340225122991293,0,test
0,0.1989241539506556,0,test
1,0.17880392470017695,0,test
1,0.999999999833991,1,test
0,0.2553592834545041,0,test
1,0.0921013964453991,0,test
0,0.2128061636787627,0,test
0,0.056639940939326595,0,test
1,0.9999999999428011,1,test
0,0.14997449323874903,0,test
0,0.3636749012635302,0,test
0,0.13026712228206222,0,test
0,0.5047481334289857,1,test
0,0.3279644832921803,0,test
1,0.5308118904615816,1,test
0,0.18830182581286703,0,test
0,0.24580953291363267,0,test
1,0.7023658064421818,1,test
0,0.2956161168554171,0,test
0,0.19251010451072992,0,test
0,0.25242236282949454,0,test
0,0.09478686985720865,0,test
0,0.28579612345807026,0,test
0,0.270211757927816,0,test
1,0.9999999999634643,1,test
0,0.07887369197176235,0,test
1,0.23226261775684875,0,test
1,0.9999999999678124,1,test
0,0.29265231468873854,0,test
0,0.14035284127475525,0,test
1,0.06659166314595026,0,test
0,0.12681501096618253,0,test
0,0.14110107342632489,0,test
1,0.4728359523079688,0,test
1,0.29814739379645544,0,test
1,0.11788502446012013,0,test
1,0.9999999998765323,1,test
0,0.0729661451591646,0,test
0,0.0795527450345152,0,test
0,0.1568634602456129,0,test
0,0.10538067235690265,0,test
0,0.11768355770427404,0,test
0,0.2961377586436315,0,test
0,0.06994451662901117,0,test
0,0.3591077568287085,0,test
0,0.3912035757428249,0,test
1,0.22299308487348382,0,test
0,0.17931505303256617,0,test
0,0.16492194950502362,0,test
0,0.2336826414494953,0,test
1,0.3273445659834721,0,test
1,0.9999999999917446,1,test
0,0.2054632440805769,0,test
1,0.9999999999719231,1,test
1,0.9999999999862532,1,test
0,0.10406897449763725,0,test
0,0.13808645526432853,0,test
0,0.2922314145095138,0,test
0,0.14881720950315952,0,test
0,0.11591902922488892,0,test
0,0.10738271225256621,0,test
0,0.10017009154663163,0,test
0,0.321582881631871,0,test
0,0.14818400099753137,0,test
0,0.2754589524031556,0,test
0,0.23095077470394515,0,test
0,0.10998291061283208,0,test
1,0.9999999999494564,1,test
1,0.3071697224086039,0,test
0,0.07404942473454587,0,test
0,0.2621699568649376,0,test
1,0.16119217344402864,0,test
0,0.0949585091945299,0,test
1,0.9999999999334439,1,test
0,0.10352996938758997,0,test
1,0.9999999999425802,1,test
0,0.36970001205554265,0,test
0,0.36596105378187194,0,test
0,0.4454510125405236,0,test
0,0.20489866712284063,0,test
0,0.13123615803324357,0,test
0,0.17449938237979098,0,test
0,0.21107227445188514,0,test
0,0.7058143708937462,1,test
0,0.140307953902264,0,test
0,0.1566885763552532,0,test
1,0.9999999999571598,1,test
1,0.29144274062400444,0,test
0,0.181043950680041,0,test
0,0.1442918736698198,0,test
0,0.25048787998493444,0,test
1,0.2626645195910632,0,test
0,0.17933057286298817,0,test
1,0.9999999999895144,1,test
0,0.13636650903713793,0,test
0,0.12418818659073988,0,test
1,0.9999999999572451,1,test
0,0.19345105363994206,0,test
0,0.25158300282898016,0,test
0,0.06195143660939839,0,test
0,0.1948029274310486,0,test
1,0.9999999999150007,1,test
1,0.9999999998603621,1,test
0,0.13207347777104156,0,test
0,0.3160355823542762,0,test
0,0.07768006244198841,0,test
1,0.18003659427620958,0,test
0,0.06106656073666792,0,test
0,0.2745466169193416,0,test
1,0.5068981619815374,1,test
0,0.2090186499379944,0,test
0,0.2238078968019159,0,test
0,0.5914247096481346,1,test
1,0.37683501473258857,0,test
0,0.15556954343984428,0,test
0,0.19940768771472567,0,test
0,0.16618967903425602,0,test
0,0.2003121357856054,0,test
0,0.24570674495302092,0,test
1,0.2660343217691455,0,test
0,0.25995008835662753,0,test
0,0.060335067774057435,0,test
0,0.2148579479090317,0,test
0,0.09076127183938795,0,test
0,0.28026356428326066,0,test
0,0.1076893553025866,0,test
1,0.3391529761468589,0,test
0,0.10616307335747091,0,test
0,0.1835899535791599,0,test
0,0.26165880034434197,0,test
0,0.24695060152606585,0,test
1,0.9999999999811202,1,test
0,0.15438968060685632,0,test
1,0.9999999998927263,1,test
1,0.07574404749126921,0,test
0,0.3398566868776833,0,test
0,0.15349786098807425,0,test
0,0.1329883324134069,0,test
0,0.11320867261406559,0,test
1,0.3958394906615835,0,test
1,0.9999999999528164,1,test
0,0.15111916204779927,0,test
1,0.9999999999564451,1,test
0,0.12443159749931251,0,test
0,0.2527700416334743,0,test
0,0.5054143570134998,1,test
1,0.2735171241679798,0,test
0,0.15673823266724593,0,test
0,0.22653012329250177,0,test
0,0.1961471013268122,0,test
0,0.44162835284074947,0,test
1,0.2464332719900193,0,test
0,0.17400032150425257,0,test
0,0.2895359675187742,0,test
0,0.13098149192115832,0,test
1,0.47431993976905723,0,test
0,0.42084105783219733,0,test
0,0.20191880053898079,0,test
0,0.20252776031096928,0,test
1,0.2122077416869647,0,test
0,0.1417283897783708,0,test
0,0.1706292478505741,0,test
0,0.0674614541387757,0,test
0,0.2657016305004515,0,test
0,0.08399654609879048,0,test
0,0.07078985125636218,0,test
1,0.328491517912627,0,test
0,0.12856238075563414,0,test
0,0.20476612296706118,0,test
0,0.17693193702851898,0,test
0,0.22772242003143883,0,test
0,0.15304262538444335,0,test
0,0.13770723898626722,0,test
0,0.07139473648295089,0,test
1,0.4974789166432159,0,test
0,0.17600330776503442,0,test
0,0.14855685520853834,0,test
0,0.23703442519713824,0,test
0,0.17853848673420153,0,test
0,0.14918542704316956,0,test
0,0.1509414464967817,0,test
0,0.12410022556101517,0,test
0,0.18669670798652685,0,test
0,0.056359993098784436,0,test
0,0.2175845175466682,0,test
0,0.22641488095790463,0,test
0,0.30842354688930146,0,test
0,0.09313361365328504,0,test
0,0.103492817761542,0,test
0,0.15588355389918546,0,test
0,0.21459385026194328,0,test
0,0.1034218438082262,0,test
1,0.09918099079499369,0,test
1,0.19193812018143439,0,test
0,0.11624061082743836,0,test
0,0.34412232644964336,0,test
0,0.16934936506001247,0,test
0,0.16647034491628182,0,test
1,0.9999999999776459,1,test
1,0.9999999999817748,1,test
0,0.130934333543925,0,test
0,0.06762771656538444,0,test
1,0.07927080471260908,0,test
0,0.13594781954003907,0,test
1,0.8247806049785724,1,test
0,0.10034449582556741,0,test
1,0.9999999999479006,1,test
1,0.999999999959617,1,test
1,0.3715176886880081,0,test
0,0.24305995732239224,0,test
0,0.20203093447843032,0,test
1,0.09843925641546875,0,test
0,0.09355724378175378,0,test
0,0.12465597425213817,0,test
0,0.32685025565918346,0,test
0,0.43144214877293247,0,test
0,0.07356923578069004,0,test
0,0.21125451728218692,0,test
0,0.19130650456551138,0,test
1,0.10254390165700254,0,test
0,0.1920977160170618,0,test
0,0.08449238870719579,0,test
0,0.19674662535048468,0,test
0,0.18168475590302313,0,test
1,0.26873205086588325,0,test
0,0.3591767968891586,0,test
1,0.664862088458215,1,test
0,0.17602721716741865,0,test
0,0.06806333782299419,0,test
0,0.17750410223312132,0,test
0,0.11393732199377306,0,test
0,0.1923097155166668,0,test
0,0.30707473932754537,0,test
0,0.11195047182314372,0,test
0,0.1965196895893458,0,test
0,0.21231546352775113,0,test
0,0.08933070125027796,0,test
0,0.11058686675058181,0,test
1,0.27308930802887216,0,test
0,0.1378217951498645,0,test
1,0.4091662590950376,0,test
0,0.06898305795976534,0,test
0,0.3172829317466376,0,test
1,0.9999999999738509,1,test
0,0.24327655632298367,0,test
0,0.2796714373313895,0,test
0,0.1125038992613986,0,test
0,0.06133940994325199,0,test
0,0.20787483763371464,0,test
0,0.09234964861334649,0,test
0,0.10408652990534915,0,test
0,0.17655264964641287,0,test
0,0.12253460030653289,0,test
0,0.1625105593893346,0,test
0,0.147407295013552,0,test
0,0.14276884583087274,0,test
0,0.18183004664116695,0,test
0,0.2488475028233559,0,test
1,0.5738380131599495,1,test
0,0.24497019338089956,0,test
0,0.13288946520326766,0,test
1,0.8447916725346437,1,test
0,0.11977442390169242,0,test
1,0.8042425604116591,1,test
0,0.037521106261793113,0,test
0,0.07102126071479314,0,test
0,0.06385116823836215,0,test
0,0.1252639299170059,0,test
1,0.10962040340649563,0,test
0,0.2537208796209793,0,test
1,0.9999999999539109,1,test
0,0.26673097410007246,0,test
0,0.11637754079518016,0,test
0,0.07587028226257216,0,test
0,0.11629479972474477,0,test
0,0.12404004028157534,0,test
0,0.32013852171026025,0,test
0,0.14336858631978053,0,test
1,0.06895901864324523,0,test
0,0.1321796255587443,0,test
0,0.0927125675879382,0,test
0,0.36853261756829714,0,test
0,0.09500415871442071,0,test
0,0.12385988027917923,0,test
0,0.11485930294523718,0,test
1,0.46288928676356134,0,test
0,0.20626700178233995,0,test
0,0.08924906903666778,0,test
0,0.15763975330223673,0,test
1,0.36918103039954336,0,test
0,0.18466284234688807,0,test
0,0.26944728750646213,0,test
0,0.07910884770841209,0,test
0,0.16868152511776557,0,test
0,0.10872201747508208,0,test
0,0.1329093140228346,0,test
0,0.0699510808103446,0,test
0,0.08833792776655072,0,test
0,0.051282063859405834,0,test
0,0.10683505051053352,0,test
0,0.33545501191455496,0,test
0,0.2302287229703612,0,test
0,0.25061931425265943,0,test
0,0.43046682643340267,0,test
0,0.11261113166847327,0,test
0,0.05159422526020304,0,test
0,0.09915558724586244,0,test
0,0.18726733671970086,0,test
0,0.34315911736377985,0,test
0,0.12298932434673195,0,test
0,0.14772549697827186,0,test
1,0.9999999999392504,1,test
1,0.9999999999965448,1,test
0,0.08023351595677662,0,test
0,0.2538775932374568,0,test
0,0.23644418472351628,0,test
0,0.14841320445211928,0,test
0,0.23474121294829503,0,test
0,0.16634903105183854,0,test
0,0.321179492272239,0,test
0,0.20932294789988345,0,test
0,0.40795292362642105,0,test
1,0.9999999999837152,1,test
1,0.9999999998606568,1,test
0,0.13004061389620342,0,test
0,0.19611358050433278,0,test
0,0.0888008659011277,0,test
0,0.2038083480825869,0,test
1,0.999999999969186,1,test
1,0.6914970509025915,1,test
0,0.12643010760860157,0,test
1,0.334899566399242,0,test
0,0.10221393574106744,0,test
0,0.2963771807776866,0,test
1,0.9999999999912652,1,test
0,0.22374592798643705,0,test
0,0.2774404561508993,0,test
1,0.4614894887374099,0,test
0,0.1427771022440443,0,test
0,0.43999300852784795,0,test
0,0.10919854179693651,0,test
0,0.4362339261641522,0,test
0,0.13209617779232277,0,test
0,0.3100737307767155,0,test
1,0.9999999999857934,1,test
1,0.9999999999791789,1,test
1,0.30348274223958144,0,test
0,0.2120791700050705,0,test
0,0.20995718746821618,0,test
1,0.2539536978391894,0,test
0,0.15354894165100025,0,test
0,0.12735041944474743,0,test
0,0.30752894521956836,0,test
0,0.08873710990308184,0,test
0,0.24171314741875588,0,test
0,0.2849613222710752,0,test
0,0.1140495511613725,0,test
0,0.24313542826749635,0,test
0,0.10795286207903083,0,test
0,0.11608296240438103,0,test
1,0.9999999999673368,1,test
0,0.46902736757152313,0,test
0,0.06970482664389441,0,test
0,0.48557306194152194,0,test
0,0.3856444301049812,0,test
1,0.9999999999546234,1,test
0,0.23032089515158544,0,test
0,0.16037443882835722,0,test
0,0.08713689805950141,0,test
0,0.12448428736630492,0,test
0,0.07797693258332238,0,test
0,0.22779924141146685,0,test
0,0.1972915188225865,0,test
0,0.17502302399097844,0,test
0,0.21473047659497216,0,test
0,0.3725209089377905,0,test
1,0.42731401497680954,0,test
0,0.15242280071395825,0,test
0,0.357343216286154,0,test
0,0.466333599338466,0,test
0,0.844506895952838,1,test
0,0.09167718938991576,0,test
0,0.14853002760104594,0,test
0,0.1737705119015657,0,test
0,0.09712677863112526,0,test
1,0.9999999998768763,1,test
1,0.5225947665702446,1,test
0,0.15843861866616313,0,test
0,0.3921749597631128,0,test
0,0.3295604123736732,0,test
0,0.1531147520409768,0,test
0,0.20580400005670946,0,test
0,0.0700607100492095,0,test
1,0.2555325783897189,0,test
0,0.1609196490527744,0,test
0,0.22090837792394447,0,test
0,0.11175840439580677,0,test
1,0.1312829555437844,0,test
1,0.9999999999723843,1,test
0,0.2688274081242609,0,test
1,0.5196447892465481,1,test
0,0.22372689565298873,0,test
0,0.17403652976746328,0,test
0,0.17211155073467355,0,test
1,0.4226568026197125,0,test
0,0.0866258372742286,0,test
0,0.2514988850809959,0,test
1,0.8400536037778699,1,test
0,0.11130522545944173,0,test
1,0.3231631176013756,0,test
0,0.1836973372348357,0,test
0,0.1837137852893036,0,test
0,0.10735678712964845,0,test
0,0.42033063556150235,0,test
0,0.4481028292930096,0,test
1,0.9999999998837099,1,test
0,0.11949907260845691,0,test
0,0.45258010216059336,0,test
0,0.30639870796329494,0,test
0,0.1695550083165626,0,test
0,0.10541555501452025,0,test
0,0.3682892816372941,0,test
0,0.2674109066275572,0,test
0,0.29974428880352705,0,test
0,0.42599127056682135,0,test
0,0.16486179238721135,0,test
0,0.34153788839803007,0,test
0,0.12541048727463,0,test
0,0.3355534126055774,0,test
1,0.999999999834905,1,test
0,0.13540700159542787,0,test
0,0.08660316669392606,0,test
0,0.28500644500469274,0,test
0,0.4238751502992611,0,test
0,0.40393000351479097,0,test
0,0.09906834666070129,0,test
0,0.11269116092668655,0,test
1,0.9999999999262663,1,test
0,0.18974390931050356,0,test
0,0.17941278962377635,0,test
0,0.09548881911527816,0,test
0,0.14138282390464366,0,test
0,0.1342507054269888,0,test
1,0.9999999999564355,1,test
0,0.1855142553450693,0,test
0,0.17663355582431575,0,test
0,0.06825532107271293,0,test
0,0.13656290873653706,0,test
1,0.9999999999587172,1,test
0,0.10460084950293225,0,test
0,0.12494823882243636,0,test
0,0.09272564334524588,0,test
0,0.18313569719497302,0,test
0,0.320533506630063,0,test
0,0.39957939411629234,0,test
0,0.21455424773045786,0,test
1,0.1383665286437088,0,test
0,0.30369494786257295,0,test
0,0.2401871330266704,0,test
0,0.2763173519821404,0,test
1,0.24243236616144098,0,test
0,0.08388208711935233,0,test
0,0.10231243210741592,0,test
0,0.09637824145999295,0,test
0,0.07345071530246469,0,test
0,0.043708058298528044,0,test
0,0.22719902679403664,0,test
0,0.05308671330362438,0,test
1,0.3323513723233499,0,test
0,0.19903576992662325,0,test
0,0.17761276093040235,0,test
0,0.06397626076762958,0,test
0,0.13693540809798369,0,test
1,0.27577883069554754,0,test
0,0.18232548534354084,0,test
1,0.9999999999621267,1,test
1,0.21900841054181697,0,test
0,0.1901907371432163,0,test
1,0.08342807839950747,0,test
0,0.169950577749419,0,test
1,0.30031141032916847,0,test
0,0.2787494217070157,0,test
0,0.3213268096275497,0,test
0,0.12659533884123053,0,test
0,0.3623418942467917,0,test
0,0.11187390863400853,0,test
0,0.19300031054192585,0,test
0,0.23888678648902173,0,test
0,0.27369601797771836,0,test
0,0.07046655654175503,0,test
1,0.18871257435572342,0,test
0,0.15571304217752927,0,test
1,0.9999999999851861,1,test
0,0.25635084308962214,0,test
1,0.7215813487749402,1,test
0,0.18918863809954894,0,test
1,0.9999999999711966,1,test
0,0.27852954160677335,0,test
0,0.27337724758359694,0,test
0,0.12055890070975143,0,test
0,0.1718999007183045,0,test
0,0.13158735071907326,0,test
0,0.09379790055926954,0,test
0,0.09798148804358106,0,test
1,0.23230793848297232,0,test
0,0.3599315999052173,0,test
0,0.17674876193879768,0,test
0,0.14584229407434382,0,test
0,0.20024004315806565,0,test
0,0.4363417104859261,0,test
0,0.4162083083388365,0,test
1,0.9999999999252178,1,test
0,0.18183458051472126,0,test
0,0.17602347091111034,0,test
0,0.15762707018265457,0,test
0,0.11747145883460577,0,test
1,0.9999999999527174,1,test
0,0.18730328630467302,0,test
1,0.2968788978727253,0,test
0,0.14252442017112926,0,test
1,0.7888212859921164,1,test
0,0.07422971659602598,0,test
1,0.9999999998924598,1,test
0,0.38954679947336934,0,test
0,0.2638466016570142,0,test
1,0.4245397970919252,0,test
0,0.1641221223117231,0,test
0,0.18504079458304684,0,test
0,0.08614774557605245,0,test
0,0.06642343665367677,0,test
0,0.09388124225654365,0,test
1,0.49539857533654275,0,test
1,0.31553167893219447,0,test
1,0.1168571707453949,0,test
0,0.13367152378983943,0,test
1,0.10353286952815156,0,test
1,0.9999999999500444,1,test
0,0.20522362710139544,0,test
0,0.28993289287998497,0,test
0,0.16166809905562643,0,test
0,0.22077693133984438,0,test
0,0.1214289180788098,0,test
1,0.9999999999754119,1,test
0,0.11455880018189749,0,test
0,0.18065479129995893,0,test
1,0.9999999998792346,1,test
1,0.30568903633332284,0,test
1,0.7413249006602443,1,test
0,0.15596576243035035,0,test
1,0.9999999999480111,1,test
0,0.3293883736344137,0,test
0,0.21494113653991623,0,test
0,0.1542006297252539,0,test
1,0.9999999999806521,1,test
1,0.602619288087644,1,test
0,0.34906470617816915,0,test
1,0.24442817590149665,0,test
1,0.9999999998818423,1,test
0,0.05742906635276787,0,test
0,0.10961675295120336,0,test
0,0.2810511044036015,0,test
0,0.14876176111823824,0,test
0,0.08314248223499383,0,test
0,0.2635890867631923,0,test
0,0.12830246742851448,0,test
0,0.32319973410853886,0,test
0,0.1277019912205918,0,test
1,0.31849740386615616,0,test
0,0.37564464884190585,0,test
0,0.1444675797260224,0,test
0,0.2041299379595031,0,test
0,0.11261449153973485,0,test
0,0.152767236433945,0,test
0,0.3675039927561358,0,test
1,0.9999999999542357,1,test
0,0.1375663670666235,0,test
0,0.11292950829928404,0,test
0,0.06625453623695637,0,test
0,0.18269218554817157,0,test
0,0.11701317431371723,0,test
0,0.16773638604933577,0,test
0,0.13336618970120157,0,test
0,0.38322001750088863,0,test
0,0.2754938529844857,0,test
0,0.1712779640860068,0,test
0,0.14401431994227332,0,test
0,0.15104064245991602,0,test
1,0.9999999999556095,1,test
0,0.09147546477545968,0,test
1,0.9999999999330329,1,test
1,0.9999999999623197,1,test
0,0.3279521424821367,0,test
1,0.26124500205930157,0,test
0,0.11365696632113413,0,test
0,0.30038108161199667,0,test
0,0.07641541938455464,0,test
0,0.22240030822307164,0,test
1,0.9999999999564795,1,test
0,0.30817072507103915,0,test
0,0.10153029547360273,0,test
0,0.11116596837859478,0,test
0,0.22541803434029647,0,test
0,0.15568405063773114,0,test
0,0.08232353386239424,0,test
1,0.20586580130113347,0,test
0,0.16878159019622344,0,test
0,0.07716867020551495,0,test
0,0.16315952917153675,0,test
1,0.3567334648210778,0,test
0,0.13849444944913675,0,test
0,0.6315896341115554,1,test
1,0.5119818006497477,1,test
0,0.23716769722811135,0,test
0,0.06951976117882504,0,test
1,0.9999999999630336,1,test
1,0.9999999999863209,1,test
0,0.12536921074437382,0,test
0,0.1343627608888697,0,test
1,0.39867233773878685,0,test
0,0.24622775579110467,0,test
0,0.07982747810978419,0,test
0,0.16367027832636025,0,test
0,0.2871977576191588,0,test
0,0.27954272428641513,0,test
0,0.08369289631329722,0,test
0,0.17591457914544872,0,test
0,0.2724498080352873,0,test
0,0.1460601105273881,0,test
0,0.17138699622065073,0,test
0,0.2862473714846879,0,test
0,0.16539108842598968,0,test
0,0.09853035006894914,0,test
0,0.13277090680696715,0,test
0,0.18309119442064123,0,test
0,0.14556480503330782,0,test
0,0.17763153363447948,0,test
0,0.16829453231933847,0,test
0,0.46950829003388656,0,test
0,0.18856521093897793,0,test
0,0.303964097862523,0,test
1,0.6022147632910051,1,test
0,0.3012924881490168,0,test
0,0.06001794828773484,0,test
0,0.174211790634273,0,test
0,0.4320275741179371,0,test
0,0.2071096317360585,0,test
0,0.22791500988044375,0,test
0,0.3818867642548319,0,test
0,0.2756924903923218,0,test
0,0.3781152769056202,0,test
1,0.15000049828723447,0,test
0,0.10205824326193937,0,test
0,0.30491135247959555,0,test
0,0.2016573683734494,0,test
0,0.08841813192118887,0,test
0,0.5565374914075241,1,test
1,0.21448789351211836,0,test
1,0.2555886948328536,0,test
0,0.44605839985623047,0,test
0,0.11738583583815461,0,test
1,0.9999999998795337,1,test
0,0.1294465239345943,0,test
0,0.17310283906687168,0,test
1,0.07825884552469417,0,test
1,0.5828844558969111,1,test
0,0.05536697382619462,0,test
0,0.20898379656746288,0,test
0,0.4296814688373703,0,test
0,0.12060054046098732,0,test
0,0.11910191745874975,0,test
0,0.46042416842427003,0,test
0,0.09849461701675778,0,test
0,0.28472056018929254,0,test
0,0.2798829656489133,0,test
0,0.1737597663247038,0,test
0,0.2230563028718752,0,test
0,0.22197251081294703,0,test
0,0.26117753490218687,0,test
0,0.14374229801755578,0,test
1,0.4876800815483642,0,test
0,0.15724066381957053,0,test
0,0.2407353878121744,0,test
0,0.0947920500166275,0,test
0,0.22435048328396964,0,test
1,0.999999999954996,1,test
1,0.18449197716053195,0,test
0,0.17112587496829257,0,test
0,0.3281982278846153,0,test
0,0.23904134709601182,0,test
0,0.09691904045481857,0,test
0,0.19346684440513512,0,test
0,0.20398493293822886,0,test
0,0.07499333937323885,0,test
1,0.8694132925942971,1,test
0,0.09623189477194093,0,test
0,0.09960580570646335,0,test
0,0.21176675029684502,0,test
0,0.1586982658603833,0,test
0,0.22677330996595038,0,test
1,0.3128976561764078,0,test
1,0.9999999999859754,1,test
0,0.3082119227522753,0,test
0,0.2547275185388267,0,test
1,0.11518082125179226,0,test
0,0.40677862355267547,0,test
1,0.9999999999204265,1,test
0,0.33719471902536063,0,test
0,0.4049651124506355,0,test
0,0.27050995486546175,0,test
0,0.13332669726036722,0,test
0,0.25317835816117756,0,test
0,0.36245014149817273,0,test
1,0.2671029855107793,0,test
0,0.22407955170698338,0,test
0,0.26597028276780865,0,test
1,0.10749330017141406,0,test
0,0.06673064332874215,0,test
0,0.13580975297695702,0,test
0,0.27992006084214827,0,test
1,0.999999999926789,1,test
0,0.12897712354429033,0,test
0,0.11803908359660507,0,test
0,0.2273461494367582,0,test
0,0.16402971659051624,0,test
0,0.16350237886465183,0,test
0,0.24249443328866666,0,test
0,0.10954722112192583,0,test
0,0.26553814927441327,0,test
1,0.39892669198581626,0,test
0,0.20125737001897745,0,test
0,0.10090125715018736,0,test
0,0.10264416010655952,0,test
0,0.16235379738719577,0,test
0,0.2752641594972974,0,test
1,0.6424770385790484,1,test
1,0.999999999922282,1,test
0,0.18672860021568133,0,test
0,0.33020110770030603,0,test
1,0.9999999999682505,1,test
1,0.999999999950177,1,test
1,0.24847750752638567,0,test
0,0.11051047369239123,0,test
0,0.058897256068919775,0,test
0,0.10366994000732496,0,test
0,0.18195486451882256,0,test
0,0.08042786165985885,0,test
0,0.19368608934426318,0,test
0,0.2768485240946435,0,test
0,0.22388442221413696,0,test
0,0.07647290344425513,0,test
0,0.12491305532718244,0,test
0,0.17981185433484229,0,test
0,0.08854077996513879,0,test
1,0.9999999999607356,1,test
0,0.15054331194672207,0,test
0,0.1827370194614797,0,test
0,0.2971408389403464,0,test
1,0.9999999999709224,1,test
0,0.09998057943492054,0,test
0,0.4114545579679477,0,test
0,0.19394607522167337,0,test
0,0.20016736411022384,0,test
0,0.16970221107369457,0,test
1,0.9999999999972737,1,test
1,0.3648554460731382,0,test
0,0.1968000301743962,0,test
0,0.12874233444542094,0,test
1,0.07122650336918765,0,test
0,0.3708784599437996,0,test
0,0.10481903332438544,0,test
0,0.18664496560796262,0,test
0,0.028147946572154563,0,test
0,0.4958163596612609,0,test
1,0.06382569738876667,0,test
1,0.21472605579579632,0,test
1,0.9999999999672546,1,test
0,0.22332520401792866,0,test
1,0.5604449686260515,1,test
0,0.2684421323159075,0,test
0,0.2636774910792848,0,test
0,0.15310599994124602,0,test
0,0.032245636768472065,0,test
0,0.1893815521295654,0,test
0,0.22933383081046793,0,test
0,0.24109834133498254,0,test
0,0.1604889929854779,0,test
0,0.30001784943857707,0,test
1,0.13614888564250635,0,test
0,0.23256162092513985,0,test
0,0.1305370530386007,0,test
0,0.33109288033628165,0,test
0,0.1485410823895467,0,test
0,0.07662979461851417,0,test
0,0.23910604394421264,0,test
0,0.203605389839108,0,test
0,0.1940113912997323,0,test
0,0.3793302693369744,0,test
1,0.9999999998602662,1,test
1,0.9999999998864304,1,test
1,0.14291586884735122,0,test
1,0.4584931181283928,0,test
0,0.19951439779640526,0,test
1,0.9999999998202762,1,test
1,0.9999999998983979,1,test
0,0.20754786000091868,0,test
0,0.3881934275014396,0,test
0,0.255611222999478,0,test
0,0.1246567215062643,0,test
0,0.2320128253511989,0,test
1,0.7123018960381918,1,test
0,0.21580911606929856,0,test
1,0.206008206396354,0,test
0,0.18835297626599912,0,test
0,0.14534393126159925,0,test
0,0.4161145722550474,0,test
1,0.25485853280471205,0,test
0,0.25309596657119077,0,test
0,0.2200546924742357,0,test
0,0.11948143442596339,0,test
0,0.22377047160898003,0,test
1,0.4324455066484739,0,test
0,0.11183561350678976,0,test
0,0.1078891810672325,0,test
0,0.09790361048289416,0,test
1,0.23381581808621404,0,test
0,0.3954486461509153,0,test
0,0.17056327087963064,0,test
0,0.26266916263735385,0,test
0,0.33635250694987884,0,test
0,0.15028332490719376,0,test
1,0.44756903791012026,0,test
1,0.45393048801188324,0,test
1,0.13130991872889172,0,test
0,0.1855034695500855,0,test
0,0.07112499983451569,0,test
1,0.19295896552477276,0,test
0,0.2351063857970555,0,test
0,0.2870176297386949,0,test
0,0.28994837852341726,0,test
0,0.21010818500671058,0,test
0,0.17471104052555048,0,test
0,0.09712769388280433,0,test
1,0.15726233337603707,0,test
1,0.9999999998636628,1,test
1,0.278524216737496,0,test
0,0.3079700884701287,0,test
0,0.1318512097852996,0,test
0,0.15342519297028365,0,test
1,0.9999999999944449,1,test
0,0.11715908666434154,0,test
0,0.17569836521917007,0,test
0,0.08746369326049917,0,test
0,0.1571450358760424,0,test
1,0.9999999999061671,1,test
0,0.10202955888462442,0,test
1,0.9999999999932574,1,test
0,0.15794007219994088,0,test
0,0.40961140215019176,0,test
1,0.17595804554976313,0,test
0,0.33107906626620215,0,test
0,0.21920642168506158,0,test
1,0.9999999999927565,1,test
0,0.22767832431494653,0,test
0,0.21520439592697718,0,test
0,0.12921394106983536,0,test
1,0.5511147287206093,1,test
0,0.14122854072460242,0,test
0,0.0862878158053289,0,test
0,0.14022937407846678,0,test
1,0.9999999998574993,1,test
0,0.2173188199347801,0,test
1,0.12757684270502404,0,test
1,0.9999999999944484,1,test
0,0.10521480129023214,0,test
0,0.08158717482849562,0,test
0,0.38349429083888786,0,test
0,0.07850324310580835,0,test
0,0.16862427736152236,0,test
0,0.15422091558991272,0,test
0,0.18106425552480904,0,test
0,0.23711879170788103,0,test
0,0.41989992144116256,0,test
0,0.6041393836747638,1,test
1,0.10226619682720064,0,test
0,0.07969865853022426,0,test
0,0.3719283402001736,0,test
0,0.18810335348161025,0,test
0,0.3390743171439209,0,test
1,0.08271257301187432,0,test
0,0.06842461257865139,0,test
1,0.28159532949478033,0,test
0,0.12564105681917104,0,test
0,0.23352256951032407,0,test
0,0.0659005920738889,0,test
0,0.04786174057158042,0,test
0,0.07686675279370003,0,test
1,0.6188317743953031,1,test
0,0.08135336631269215,0,test
0,0.14427803839171785,0,test
0,0.07927874125008669,0,test
0,0.2318156853045831,0,test
0,0.12716573946363993,0,test
0,0.33621013361628044,0,test
0,0.3450804942471115,0,test
0,0.06183011730137408,0,test
0,0.23405488763146812,0,test
0,0.23220701497724527,0,test
0,0.17026063798519728,0,test
0,0.10929013573440191,0,test
0,0.1831304335093657,0,test
0,0.07117432960196954,0,test
0,0.17059239978898905,0,test
0,0.326420456717136,0,test
0,0.18294536914716944,0,test
0,0.33850385319572046,0,test
0,0.1991942225300102,0,test
0,0.17729444309268252,0,test
0,0.12586288143720473,0,test
1,0.9999999998958371,1,test
0,0.14554888156991683,0,test
1,0.26145169714709865,0,test
1,0.9999999999202596,1,test
1,0.9999999999489921,1,test
1,0.42950830912673676,0,test
0,0.20837741026977363,0,test
1,0.9999999999648581,1,test
1,0.21013107509876483,0,test
0,0.1726831927887558,0,test
0,0.4477468105372182,0,test
1,0.6776178695694206,1,test
1,0.3480545574448498,0,test
1,0.999999999980477,1,test
0,0.06773328492541607,0,test
1,0.07576192996643843,0,test
0,0.06097791716286558,0,test
1,0.9999999999467932,1,test
1,0.3684996559869544,0,test
0,0.22213636638456613,0,test
0,0.05645951444368953,0,test
0,0.21106898279144026,0,test
0,0.36868770776608656,0,test
0,0.26233772418853657,0,test
0,0.3698290129246879,0,test
0,0.050655953149027995,0,test
0,0.1657633278174663,0,test
0,0.1847277237213035,0,test
1,0.9999999999094535,1,test
0,0.14241212794171162,0,test
1,0.13256489421051587,0,test
1,0.999999999908527,1,test
0,0.2118790540731377,0,test
1,0.3249222600402158,0,test
1,0.9999999999761899,1,test
1,0.22831925400361575,0,test
1,0.45316198339717495,0,test
0,0.13874189369086626,0,test
0,0.07748509471713115,0,test
1,0.9999999999943279,1,test
0,0.11551534285954267,0,test
1,0.0973983018110742,0,test
1,0.051193234997531895,0,test
0,0.13521404786957927,0,test
0,0.17775761692035916,0,test
0,0.1529492123542023,0,test
0,0.11637540963345161,0,test
0,0.26648646740181003,0,test
0,0.15285223962647584,0,test
0,0.6328163229732591,1,test
1,0.9999999999197402,1,test
1,0.4568182999750078,0,test
0,0.18994354374508582,0,test
0,0.3826113787743088,0,test
1,0.26732045966195356,0,test
1,0.42436749033445803,0,test
0,0.12679738911895372,0,test
1,0.9999999999673976,1,test
1,0.27437253714628446,0,test
0,0.18573851757291102,0,test
1,0.9999999999457287,1,test
1,0.1315333719393352,0,test
0,0.17273263239483932,0,test
1,0.9999999999292002,1,test
1,0.999999999895455,1,test
0,0.2797210963974818,0,test
0,0.23645450471201707,0,test
1,0.9999999999210134,1,test
0,0.25732851930470474,0,test
1,0.18562540919063877,0,test
1,0.280166948563754,0,test
0,0.16587564775669483,0,test
1,0.9999999999770008,1,test
0,0.17226283041225193,0,test
0,0.3907446114584982,0,test
0,0.1143075147703892,0,test
0,0.19568589248274965,0,test
0,0.06491478614936201,0,test
0,0.5747023271615189,1,test
0,0.26588102837353234,0,test
0,0.19325089704724288,0,test
0,0.26198315170338343,0,test
0,0.08370444459989877,0,test
1,0.23084405724016366,0,test
0,0.15580577705919696,0,test
0,0.22279181602667428,0,test
0,0.13954673427747907,0,test
0,0.4285855859948857,0,test
1,0.6153254064000484,1,test
1,0.9999999999282814,1,test
0,0.08939210892756641,0,test
0,0.23196878251791334,0,test
0,0.14378111117006845,0,test
0,0.08824650927265203,0,test
0,0.0896908263666566,0,test
0,0.10595223770598687,0,test
0,0.19843939263136762,0,test
0,0.3407815673698407,0,test
1,0.3533733636907086,0,test
0,0.11480930553154978,0,test
0,0.09318730517145259,0,test
0,0.4468597999867333,0,test
0,0.0872881601250178,0,test
0,0.40149533540967614,0,test
0,0.11366409985021306,0,test
1,0.9999999999604812,1,test
0,0.08826170949832558,0,test
0,0.149046763324313,0,test
0,0.13568661589177466,0,test
1,0.4117349746959808,0,test
0,0.14429935440992556,0,test
0,0.12185314953078731,0,test
1,0.9999999999692579,1,test
0,0.4232624968228098,0,test
0,0.18843724102637854,0,test
0,0.4412524872823991,0,test
0,0.2480260875499857,0,test
0,0.10365182778927638,0,test
0,0.12237993359112034,0,test
0,0.23698141038246331,0,test
0,0.09600592519608912,0,test
0,0.3457810226175338,0,test
0,0.1637325024027375,0,test
1,0.999999999876781,1,test
1,0.27429985940420937,0,test
1,0.17460021335324705,0,test
0,0.3286398279268423,0,test
0,0.18471449765861617,0,test
0,0.13309685145654518,0,test
0,0.33657147117649083,0,test
0,0.10521187054892474,0,test
0,0.3362497686866673,0,test
1,0.99999999993298,1,test
0,0.49357490375833485,0,test
0,0.24298642749260627,0,test
1,0.9999999999596692,1,test
0,0.4774300561526063,0,test
0,0.17835403760510413,0,test
1,0.44506162283772943,0,test
0,0.14999730418015822,0,test
1,0.14272570295736647,0,test
0,0.16333692148117804,0,test
0,0.0649101755821931,0,test
0,0.08175929762378188,0,test
0,0.1935350932374267,0,test
0,0.12801482778679477,0,test
0,0.25841496678127635,0,test
0,0.1270430319938365,0,test
0,0.16516476111277273,0,test
1,0.41083590767012645,0,test
0,0.21080757494742255,0,test
0,0.2718407988336769,0,test
0,0.24043828082441793,0,test
0,0.18567802598275562,0,test
1,0.8269776978142392,1,test
1,0.9999999999678049,1,test
0,0.1001185163248802,0,test
0,0.22059823209541035,0,test
0,0.06636367401874428,0,test
0,0.13771484118968988,0,test
1,0.4858517499930734,0,test
0,0.20495184574765174,0,test
0,0.09787911227706123,0,test
0,0.28914035065224486,0,test
0,0.2567922136114264,0,test
0,0.14099790720496894,0,test
1,0.9999999999551095,1,test
0,0.2907850482806118,0,test
0,0.16490489635214162,0,test
0,0.11931153196513998,0,test
0,0.24166328004781204,0,test
0,0.3720486325713123,0,test
0,0.08851195574981818,0,test
0,0.4021822169294562,0,test
0,0.5054957274934099,1,test
0,0.2601670854631008,0,test
0,0.2519724001514031,0,test
0,0.0796850498786027,0,test
0,0.10584640617037518,0,test
0,0.23167095792116565,0,test
0,0.15582274810791924,0,test
0,0.05888595536963521,0,test
0,0.31376985941661856,0,test
0,0.23390054415194786,0,test
0,0.14631280378229583,0,test
0,0.3564325569216074,0,test
0,0.1914501532440285,0,test
0,0.09744968561211785,0,test
0,0.22033147849585358,0,test
1,0.44333719644108827,0,test
0,0.15515980992234052,0,test
0,0.26317643541880037,0,test
1,0.9999999999312306,1,test
0,0.17741964725858775,0,test
1,0.168948568558733,0,test
1,0.289881586373023,0,test
0,0.15003097354064177,0,test
0,0.09365870027555973,0,test
0,0.1735636020146332,0,test
0,0.2207072314113389,0,test
0,0.2878190719178336,0,test
1,0.23482158223478689,0,test
0,0.17114596232413257,0,test
0,0.2594739902681332,0,test
0,0.19319897934373603,0,test
0,0.08940879459291605,0,test
0,0.05643995831663434,0,test
1,0.9999999999340012,1,test
0,0.12144425734132329,0,test
0,0.13260497202100052,0,test
0,0.2687699284831477,0,test
0,0.09429629175461327,0,test
0,0.037033164223267724,0,test
0,0.11794424792048751,0,test
0,0.43327668481352105,0,test
0,0.5538982878543629,1,test
1,0.18131260071948924,0,test
0,0.5452232898658806,1,test
1,0.9999999999520537,1,test
0,0.27670374950284965,0,test
1,0.9999999998728211,1,test
0,0.1950209666913155,0,test
1,0.2961879458753054,0,test
1,0.9999999999724549,1,test
0,0.17033971133025455,0,test
1,0.43552929165934723,0,test
0,0.23579882326762247,0,test
0,0.2962728958435754,0,test
0,0.0935738088196079,0,test
0,0.19338577410532456,0,test
0,0.2621281513778741,0,test
1,0.18009231939802295,0,test
0,0.2392438353600151,0,test
0,0.08305675633884292,0,test
0,0.20196990809871712,0,test
0,0.3052644261308261,0,test
1,0.999999999953068,1,test
1,0.9999999998042113,1,test
0,0.15305940014894032,0,test
0,0.2784797385019599,0,test
1,0.9999999999629625,1,test
0,0.7117785747633806,1,test
0,0.15626364315954533,0,test
1,0.9999999999382725,1,test
0,0.17541089013637204,0,test
0,0.30370590651010515,0,test
1,0.2082523637604769,0,test
1,0.4445820834397294,0,test
0,0.05541134516299519,0,test
0,0.23142223922127597,0,test
1,0.10955267128754194,0,test
0,0.17846465822146743,0,test
0,0.21171728280829577,0,test
0,0.14641269972717016,0,test
1,0.9999999999568434,1,test
1,0.33274274215805344,0,test
0,0.4483322901107994,0,test
0,0.4085391775717249,0,test
1,0.17452066386620615,0,test
0,0.17204148154371374,0,test
0,0.09211204853289777,0,test
0,0.13363614544178118,0,test
1,0.9999999999625742,1,test
1,0.9999999999883955,1,test
0,0.33506514296527157,0,test
0,0.20343662652417618,0,test
0,0.18790576089181807,0,test
1,0.23793675578920034,0,test
0,0.050787966375096624,0,test
0,0.16067026887241895,0,test
0,0.30953960371425193,0,test
1,0.9999999999918452,1,test
0,0.26876650046337847,0,test
0,0.2862963875316833,0,test
0,0.28457852163157993,0,test
1,0.9999999999881852,1,test
0,0.10522246588779596,0,test
0,0.18488808462921305,0,test
0,0.49992911388726036,0,test
0,0.38465722607209024,0,test
0,0.15280440747429194,0,test
0,0.32000152857764863,0,test
0,0.06734014721224235,0,test
1,0.3894391746138478,0,test
0,0.15336355160224022,0,test
1,0.7117067896762278,1,test
0,0.12509216917256838,0,test
1,0.9999999999858353,1,test
0,0.2035551608628524,0,test
0,0.21207751940391772,0,test
1,0.2056334512060865,0,test
0,0.075843462030956,0,test
0,0.11647526332057383,0,test
0,0.13890667833984569,0,test
0,0.038921919997582856,0,test
0,0.06924492944260306,0,test
0,0.1703244966437756,0,test
1,0.9999999999706217,1,test
0,0.09661984755473407,0,test
0,0.5125716029433317,1,test
0,0.15986271606672411,0,test
0,0.18330931666067252,0,test
0,0.24930781711136787,0,test
0,0.18413516150995785,0,test
0,0.13754660648597328,0,test
0,0.2629818304060945,0,test
0,0.20328952446699144,0,test
0,0.14234788954919336,0,test
0,0.4074064229941928,0,test
1,0.9999999999075284,1,test
0,0.09604939835767293,0,test
0,0.072276633799,0,test
0,0.23345271370444795,0,test
0,0.22089989473829186,0,test
0,0.19267456062613356,0,test
0,0.2896153072071008,0,test
1,0.9999999999399767,1,test
0,0.09905403549180655,0,test
1,0.9999999999502329,1,test
0,0.12417328766927425,0,test
0,0.2688119822808199,0,test
1,0.9999999999454157,1,test
0,0.06717047828148748,0,test
0,0.10223153757379114,0,test
1,0.253438753414655,0,test
0,0.2438432388856801,0,test
0,0.08239705186836385,0,test
0,0.28619999723025746,0,test
0,0.1971653120112833,0,test
0,0.12564101691847832,0,test
1,0.48490571587747333,0,test
0,0.20446529369659194,0,test
0,0.24793919126931102,0,test
0,0.127123823832846,0,test
0,0.3452873900974643,0,test
0,0.15777526803488368,0,test
0,0.12979243582974406,0,test
0,0.12978798580484943,0,test
0,0.15154879830300746,0,test
0,0.0787878577788714,0,test
0,0.2487356559207242,0,test
0,0.2445894256967788,0,test
0,0.20589352320148302,0,test
0,0.3457010604791688,0,test
0,0.21330191949957006,0,test
0,0.23914235177586005,0,test
0,0.1189207044181824,0,test
0,0.2190593719885629,0,test
0,0.235599638033506,0,test
0,0.27272071546503684,0,test
0,0.20181837072895423,0,test
0,0.16558263932443865,0,test
0,0.6147088128984799,1,test
1,0.29109770118853906,0,test
1,0.9999999999277709,1,test
0,0.2705886253541723,0,test
1,0.4366537280517935,0,test
0,0.1841585552128242,0,test
0,0.1700325446440228,0,test
0,0.14792915323203,0,test
0,0.31771486560231654,0,test
0,0.17255372234791863,0,test
0,0.2708721604076489,0,test
1,0.3168030852885018,0,test
0,0.20231477811797827,0,test
0,0.36140266626704565,0,test
0,0.19177888992818792,0,test
0,0.05532954888967005,0,test
0,0.4289472050778023,0,test
0,0.12097833062579381,0,test
0,0.2639152415340876,0,test
0,0.13931473979212317,0,test
1,0.41896391427638646,0,test
0,0.15009388676311083,0,test
1,0.9999999998941695,1,test
0,0.07555689516091801,0,test
1,0.40356253498125905,0,test
0,0.13205567662313633,0,test
0,0.18401712913797552,0,test
0,0.12290294550587351,0,test
0,0.49874507613005936,0,test
1,0.21944858320217336,0,test
0,0.2021459780976811,0,test
1,0.23268789246750773,0,test
0,0.08312734266258343,0,test
0,0.16018572923557134,0,test
0,0.05433174237773049,0,test
1,0.18547312897754978,0,test
0,0.07227739925359532,0,test
0,0.09944411469372844,0,test
0,0.0819331450881442,0,test
0,0.30250764727733775,0,test
1,0.13742678201601358,0,test
0,0.36914643655059126,0,test
1,0.5077091667612623,1,test
0,0.09996497048504062,0,test
1,0.9999999999051679,1,test
0,0.21224928976468344,0,test
1,0.08522176144540786,0,test
1,0.25716357296701686,0,test
1,0.3922157862936075,0,test
0,0.1415231659926371,0,test
1,0.4444490110006505,0,test
0,0.0800404906120611,0,test
0,0.12166652465688009,0,test
0,0.26835145737228283,0,test
0,0.08308826223863221,0,test
0,0.17138722210574692,0,test
0,0.1284007468485155,0,test
1,0.26094045942007127,0,test
0,0.1118277141621656,0,test
0,0.11186558498650481,0,test
0,0.22981220724726464,0,test
0,0.20937876998465393,0,test
1,0.37948582282273013,0,test
1,0.9999999999838636,1,test
0,0.12976081639332862,0,test
0,0.09133720656275286,0,test
0,0.20167559652239056,0,test
0,0.09183302384129469,0,test
0,0.14569100076162853,0,test
0,0.22493543697862448,0,test
0,0.1793186039853325,0,test
0,0.13476590542451625,0,test
0,0.14399659090636557,0,test
1,0.15765386053659425,0,test
0,0.09037357096411909,0,test
0,0.35586106883504365,0,test
0,0.4647649557898011,0,test
0,0.15559056283394587,0,test
0,0.19859800207000472,0,test
0,0.0960861345582553,0,test
1,0.10379700039415055,0,test
1,0.13612791786947118,0,test
0,0.3218317334284965,0,test
0,0.16032367301787367,0,test
0,0.23040459880826306,0,test
0,0.09354002050857245,0,test
0,0.04484729379666561,0,test
1,0.9999999999617561,1,test
0,0.24214441254298893,0,test
0,0.1494247134556938,0,test
0,0.12938878372213666,0,test
0,0.18265015893124298,0,test
0,0.27311354724469616,0,test
0,0.12283601370780815,0,test
0,0.13079329356295655,0,test
0,0.29462519487811506,0,test
1,0.9999999999570788,1,test
1,0.9999999999398772,1,test
1,0.9999999998409628,1,test
1,0.9999999998752649,1,test
0,0.11523982683800855,0,test
1,0.7913846935792981,1,test
0,0.15603178355151281,0,test
1,0.999999999862369,1,test
0,0.27798184940915155,0,test
0,0.3092221836379006,0,test
0,0.10312003019530434,0,test
0,0.0693226729109979,0,test
0,0.1746341800089751,0,test
0,0.1529514686038274,0,test
0,0.07353356061307188,0,test
0,0.3069147346397026,0,test
0,0.0968364824846804,0,test
1,0.9999999999067821,1,test
0,0.09744465940409087,0,test
0,0.24562018058401405,0,test
1,0.7165664218848218,1,test
1,0.5571543557040188,1,test
0,0.5480766393960521,1,test
1,0.29819622762154435,0,test
0,0.08135583900515783,0,test
1,0.99999999995031,1,test
0,0.02875064703474332,0,test
1,0.9139707232768173,1,test
0,0.3318126391021094,0,test
0,0.28557670119794204,0,test
0,0.05363940049691213,0,test
0,0.4882227813289534,0,test
0,0.11130139349440527,0,test
0,0.09571894497557726,0,test
0,0.16780207495616545,0,test
1,0.4223010148658741,0,test
1,0.243486835267449,0,test
1,0.999999999962256,1,test
0,0.3285225432726976,0,test
0,0.16934959888860485,0,test
0,0.1790801933958589,0,test
0,0.24642326621986493,0,test
0,0.13773396023168097,0,test
1,0.692900191490926,1,test
0,0.5049263810327989,1,test
0,0.21232661944930875,0,test
0,0.1152823302115377,0,test
0,0.16387259458265085,0,test
1,0.2452222665494801,0,test
0,0.24613488740296857,0,test
0,0.2910773609185365,0,test
1,0.9999999999587599,1,test
0,0.2189821054803222,0,test
0,0.23819399543976927,0,test
1,0.36822573053824204,0,test
0,0.16882922981901854,0,test
0,0.24599690568698626,0,test
1,0.9999999999962144,1,test
1,0.9999999999684344,1,test
0,0.06727114977530495,0,test
0,0.3600754999198252,0,test
0,0.16979126288459923,0,test
0,0.32460101002605557,0,test
0,0.20839245204957768,0,test
0,0.23905268203584373,0,test
0,0.0851980395916224,0,test
0,0.14796954042118296,0,test
1,0.9999999999550919,1,test
0,0.05562381661053019,0,test
1,0.3037624634110034,0,test
0,0.2454921189752249,0,test
0,0.16460555401113428,0,test
1,0.9999999998395595,1,test
1,0.9999999999789826,1,test
0,0.18777174500379187,0,test
0,0.11865393685649782,0,test
0,0.11811075637149675,0,test
0,0.03695542029753303,0,test
1,0.14550037295925894,0,test
0,0.1321249850578479,0,test
0,0.13098485632842558,0,test
0,0.8001915912255377,1,test
0,0.12225586511775599,0,test
1,0.08148876450971602,0,test
1,0.46765606567735973,0,test
0,0.2743215311389752,0,test
0,0.08685090316320744,0,test
0,0.10308059972780183,0,test
0,0.1435906585197587,0,test
0,0.18548484543692959,0,test
0,0.43483446309643814,0,test
0,0.22068985521698137,0,test
0,0.22181583533339375,0,test
1,0.4513185811975567,0,test
1,0.9999999999590117,1,test
0,0.06634664798451706,0,test
0,0.11126199653732669,0,test
1,0.9999999999318692,1,test
0,0.14555354388834513,0,test
0,0.3556041795368221,0,test
1,0.5470465335304452,1,test
1,0.9999999999202478,1,test
0,0.13730223374621084,0,test
0,0.05611201531102006,0,test
0,0.3895286187511526,0,test
0,0.08546075579064841,0,test
1,0.9999999999618279,1,test
0,0.10294889370141351,0,test
0,0.33766066142819134,0,test
0,0.20324699374336275,0,test
0,0.3834918930282798,0,test
0,0.23868231582399294,0,test
0,0.16823410286957055,0,test
0,0.055944376046406306,0,test
0,0.2592872434108427,0,test
0,0.06026660032385672,0,test
0,0.06726833371121341,0,test
0,0.08921080419263552,0,test
0,0.14629720386504994,0,test
0,0.13724115651384697,0,test
0,0.10409401912253509,0,test
1,0.9999999999910811,1,test
0,0.08175483973103435,0,test
0,0.22833552550785882,0,test
0,0.06350443243954045,0,test
1,0.9999999998795519,1,test
1,0.9999999999846407,1,test
0,0.07390716150182934,0,test
0,0.11835541692307876,0,test
0,0.1303043257302556,0,test
1,0.5112574782777092,1,test
0,0.15500995796500153,0,test
0,0.19689639067123468,0,test
0,0.25955966536552155,0,test
0,0.10118657029247882,0,test
0,0.523386983246818,1,test
0,0.07440849988020201,0,test
0,0.1969532242055012,0,test
0,0.13596321344765952,0,test
0,0.23903029501354237,0,test
0,0.1892897080899101,0,test
0,0.2035451242313232,0,test
1,0.999999999942033,1,test
0,0.1687946407668046,0,test
0,0.1867628650138377,0,test
0,0.08132140583975866,0,test
0,0.29357545423176096,0,test
1,0.9999999999372142,1,test
0,0.0720364882698003,0,test
0,0.48911365497216336,0,test
0,0.4662665403273008,0,test
1,0.99999999995327,1,test
0,0.17860169613439908,0,test
0,0.5758020268455697,1,test
0,0.3854731268934367,0,test
1,0.21915891363051299,0,test
0,0.37843551500745054,0,test
0,0.2565310780797642,0,test
0,0.1842074552401452,0,test
0,0.29953340448578186,0,test
0,0.12326871761906268,0,test
0,0.1340118253572426,0,test
0,0.043939874221165194,0,test
0,0.24730986842342853,0,test
1,0.3112685372056393,0,test
0,0.11361839949098497,0,test
1,0.32335287240311766,0,test
0,0.42613365958289906,0,test
0,0.06576514059503846,0,test
0,0.2100719780967971,0,test
0,0.5719262510677663,1,test
1,0.22033259180952716,0,test
0,0.08001083291423067,0,test
0,0.19295984706913355,0,test
0,0.06624070024272947,0,test
0,0.11519593459876784,0,test
1,0.9999999999886904,1,test
0,0.1816688018940223,0,test
0,0.1027622298411944,0,test
0,0.26962405510794074,0,test
1,0.35827696215341265,0,test
0,0.06641112490074857,0,test
0,0.25388602282152833,0,test
0,0.17221091174648245,0,test
0,0.33184112201174587,0,test
0,0.1294977494542414,0,test
0,0.10034862666860113,0,test
0,0.06493863752462159,0,test
0,0.2825206965662737,0,test
0,0.2000251321617967,0,test
0,0.11746736887071259,0,test
1,0.13823136641265146,0,test
1,0.9999999999923235,1,test
1,0.9999999999213423,1,test
1,0.3390056823873831,0,test
0,0.1540538609624863,0,test
1,0.18678788296592894,0,test
0,0.3141756616238486,0,test
0,0.05440801616220868,0,test
1,0.2667526037566226,0,test
0,0.35181870517541003,0,test
1,0.999999999942148,1,test
0,0.17089959732555418,0,test
0,0.2620170176219302,0,test
0,0.13819515111694586,0,test
0,0.16206839510802953,0,test
0,0.1095474740152961,0,test
0,0.10600791095698091,0,test
1,0.31856928987359406,0,test
0,0.16523222397891116,0,test
0,0.2106351082917279,0,test
1,0.3787253900914609,0,test
0,0.25131115735386256,0,test
0,0.20164959919095807,0,test
0,0.18724789230505873,0,test
1,0.5794980810578189,1,test
1,0.4507196556820909,0,test
0,0.1837453648300223,0,test
0,0.3984152522029003,0,test
0,0.20137539155923173,0,test
0,0.21049036190386455,0,test
0,0.3665054592831618,0,test
0,0.2693674682757425,0,test
0,0.29888631975643654,0,test
1,0.27973726089500633,0,test
0,0.14980438525924314,0,test
0,0.16064978372906366,0,test
0,0.27515056728062187,0,test
1,0.29228574137273977,0,test
0,0.2175357361498321,0,test
0,0.05710500522597372,0,test
0,0.31141967388968117,0,test
0,0.14590719909314787,0,test
0,0.19156679135171853,0,test
0,0.1266963727130937,0,test
0,0.09119017491463136,0,test
0,0.5070475309562663,1,test
1,0.9999999999572733,1,test
0,0.0853588468481069,0,test
1,0.999999999948094,1,test
0,0.14988090906476048,0,test
0,0.21221996501304313,0,test
0,0.1879165529785302,0,test
1,0.9999999998642228,1,test
0,0.19426485296837767,0,test
0,0.5638908330154873,1,test
0,0.3765158481628347,0,test
0,0.06235787319500396,0,test
0,0.23593982427707075,0,test
0,0.2569143073114561,0,test
0,0.09983447539208361,0,test
0,0.19577415781372165,0,test
0,0.2375473393633782,0,test
0,0.3323834717366044,0,test
0,0.045088471965037465,0,test
0,0.2395034925270311,0,test
0,0.2236717545599385,0,test
0,0.05377219801006696,0,test
0,0.03829890997304877,0,test
0,0.28272239666310933,0,test
1,0.1471112026228556,0,test
0,0.21206081882739497,0,test
1,0.9999999999592257,1,test
1,0.2667238879027566,0,test
0,0.4226949987021969,0,test
0,0.3807408699784402,0,test
0,0.08988169630776681,0,test
0,0.18636692056113977,0,test
0,0.3193649973235996,0,test
0,0.1927330573886183,0,test
0,0.18612932348561095,0,test
0,0.0630596651984171,0,test
1,0.9999999998401172,1,test
0,0.19832029861979428,0,test
0,0.31238032262055865,0,test
1,0.9999999999333127,1,test
0,0.21302237442292843,0,test
0,0.30435861670370046,0,test
0,0.23362541423250216,0,test
0,0.1123944490592804,0,test
0,0.3020759440481798,0,test
0,0.1056561628164154,0,test
1,0.9999999999905185,1,test
0,0.09272696652702253,0,test
1,0.7040278465874624,1,test
0,0.19249476111020872,0,test
1,0.8234976652179028,1,test
0,0.0484656917711686,0,test
1,0.16937089969775498,0,test
0,0.07341552733218586,0,test
0,0.10590673751844688,0,test
0,0.30422015455499407,0,test
0,0.07082394747855762,0,test
0,0.2617101929237865,0,test
0,0.06517722077493043,0,test
0,0.260848545765498,0,test
0,0.14301490375212325,0,test
0,0.23311657850159703,0,test
0,0.5573157373102213,1,test
0,0.16406541664570004,0,test
0,0.10492369355079086,0,test
0,0.28909463768849303,0,test
0,0.132748654675469,0,test
0,0.5349876387365958,1,test
0,0.20370292172085383,0,test
0,0.15123980870304093,0,test
0,0.17275194524309676,0,test
1,0.9999999999418878,1,test
1,0.9999999999734013,1,test
1,0.9999999998752229,1,test
0,0.15402277647360432,0,test
0,0.14299587360243352,0,test
0,0.24576035115595354,0,test
0,0.2409559833423327,0,test
0,0.21885253573490926,0,test
0,0.0886900162895724,0,test
0,0.05287723936810913,0,test
1,0.9999999999228273,1,test
0,0.48802845552511265,0,test
0,0.27605293517412205,0,test
0,0.03825257616222503,0,test
0,0.12458261432180846,0,test
0,0.09299864854046191,0,test
0,0.19836576836768785,0,test
0,0.18031248807603298,0,test
0,0.25055518290939294,0,test
0,0.17658852288438526,0,test
0,0.06700115779986034,0,test
0,0.2261222738540813,0,test
1,0.9999999998912363,1,test
0,0.40466405015442547,0,test
1,0.30147285224126213,0,test
0,0.26402592220667287,0,test
0,0.19272331903664888,0,test
0,0.0915127608811361,0,test
0,0.14909036133488598,0,test
0,0.2863881672724301,0,test
0,0.0678160847241132,0,test
0,0.3543755685351177,0,test
0,0.1365284720826566,0,test
0,0.0849546447150235,0,test
0,0.03846631316806874,0,test
1,0.9999999999553915,1,test
0,0.29066425671701945,0,test
1,0.23246016208236386,0,test
0,0.26703222501764284,0,test
1,0.9999999999447491,1,test
0,0.09178298988821043,0,test
0,0.3206210058050399,0,test
0,0.12295337030082355,0,test
0,0.11729682097060293,0,test
0,0.16624392971727167,0,test
1,0.17466253066829662,0,test
0,0.16257746153074124,0,test
0,0.3329993588063983,0,test
0,0.11498381363017639,0,test
0,0.12584723533307277,0,test
0,0.1784753004192233,0,test
0,0.24618387568535394,0,test
0,0.08284074250819139,0,test
1,0.9999999999955973,1,test
0,0.5534636455854856,1,test
0,0.05687040072503446,0,test
0,0.17721063990705782,0,test
0,0.09699803502891112,0,test
0,0.19244964789257898,0,test
0,0.119779464774332,0,test
0,0.18115024786357023,0,test
0,0.20819977659025565,0,test
0,0.07593142888703817,0,test
0,0.2410316518732011,0,test
1,0.330770641721305,0,test
0,0.2223873558019475,0,test
0,0.4233601561662673,0,test
0,0.1924968116221429,0,test
0,0.1631743230750008,0,test
1,0.9999999999493241,1,test
1,0.21303261080444952,0,test
0,0.5225347790542416,1,test
1,0.9999999999865641,1,test
1,0.15674572920517116,0,test
0,0.2593274828786633,0,test
1,0.9999999998888105,1,test
0,0.19367756441965242,0,test
0,0.31419511271304784,0,test
0,0.1872172892761721,0,test
1,0.2541821628301328,0,test
0,0.13282324417517308,0,test
0,0.08091805742579762,0,test
1,0.9999999999543869,1,test
0,0.13707631378709467,0,test
0,0.14964891436579364,0,test
0,0.16412921701899935,0,test
0,0.14173976265341204,0,test
0,0.17368402388094029,0,test
1,0.9999999999976379,1,test
0,0.12807343937947355,0,test
0,0.06663780536787527,0,test
1,0.7660189134157178,1,test
1,0.6595842112819822,1,test
1,0.2710437810957757,0,test
0,0.13168237470611138,0,test
0,0.2582475193793211,0,test
0,0.18925984920845346,0,test
1,0.8872095277912749,1,test
1,0.1850069880531611,0,test
1,0.9999999999619493,1,test
0,0.4775431840897912,0,test
0,0.2304412559272672,0,test
0,0.22588546222221256,0,test
1,0.26970416712134976,0,test
1,0.29630217792550145,0,test
0,0.2781469489760556,0,test
0,0.14072130270543487,0,test
0,0.406439817712856,0,test
1,0.9999999999093752,1,test
0,0.2134601285498076,0,test
1,0.20272258512641206,0,test
1,0.31844253816061346,0,test
0,0.21938604882746573,0,test
0,0.15135711949371605,0,test
0,0.5150618071202375,1,test
1,0.4040007256709412,0,test
0,0.3418354217085891,0,test
0,0.2249062706947776,0,test
1,0.3770540357456076,0,test
0,0.17180641947271227,0,test
1,0.9999999999840756,1,test
0,0.07159976995133162,0,test
0,0.2049061316056785,0,test
1,0.9999999999446292,1,test
0,0.19619958710842053,0,test
0,0.18206006068949435,0,test
0,0.06538733032766066,0,test
0,0.054845923746532334,0,test
0,0.1792418458633013,0,test
1,0.22813258491236385,0,test
0,0.11133009626464101,0,test
0,0.22444346782579738,0,test
1,0.39124004521620087,0,test
0,0.09221640692632571,0,test
1,0.9999999999455271,1,test
1,0.11572709302357909,0,test
0,0.1817317612074732,0,test
0,0.20978386161537985,0,test
0,0.12420015901119581,0,test
0,0.2798738393706235,0,test
0,0.25810765111730766,0,test
0,0.1458899693851351,0,test
0,0.0824216623500343,0,test
0,0.0597846207069366,0,test
0,0.1501420798786476,0,test
0,0.19427212802544008,0,test
0,0.29004880843994235,0,test
0,0.1395858355889156,0,test
0,0.1027144678378327,0,test
0,0.08658963321239242,0,test
0,0.2358180056777996,0,test
1,0.4216171382436759,0,test
0,0.10787789376045935,0,test
0,0.058200256506245815,0,test
1,0.18303854494180502,0,test
1,0.9999999999709597,1,test
0,0.13370348165009038,0,test
1,0.9999999999737283,1,test
0,0.12355856377295431,0,test
0,0.08383964139072864,0,test
0,0.21403465641607133,0,test
1,0.9999999999532567,1,test
1,0.31810644609945127,0,test
0,0.3140963602899897,0,test
1,0.6472031439161751,1,test
0,0.15427391288658646,0,test
1,0.095774531369807,0,test
1,0.33394369578956834,0,test
0,0.21048905417719563,0,test
0,0.16565818889015546,0,test
1,0.9999999998958526,1,test
0,0.06831958896799183,0,test
1,0.9999999998294611,1,test
0,0.20206647395660227,0,test
0,0.13470798487485894,0,test
0,0.06528089741714313,0,test
0,0.2466843294469011,0,test
0,0.3821134550147032,0,test
0,0.1680934584467722,0,test
1,0.15863429353967118,0,test
0,0.16337125566899674,0,test
0,0.3132862083643285,0,test
0,0.09478063377262078,0,test
0,0.07579387009375961,0,test
0,0.17171879019844863,0,test
0,0.212543354728934,0,test
0,0.4222980585811178,0,test
0,0.11646057741013068,0,test
0,0.1389704574037405,0,test
0,0.06961948094051928,0,test
0,0.060088214622864726,0,test
1,0.3459008188537542,0,test
0,0.46997010753298873,0,test
0,0.3178720969882878,0,test
0,0.10119686499549507,0,test
0,0.5011291839111465,1,test
1,0.5269046348496916,1,test
0,0.1685158307118473,0,test
0,0.14885169590002956,0,test
0,0.22821443975175787,0,test
0,0.2050387244211989,0,test
0,0.09478047326627831,0,test
0,0.18706461967780647,0,test
1,0.24953629409105813,0,test
1,0.43896438307240704,0,test
0,0.23783409825839416,0,test
1,0.9999999999694269,1,test
1,0.9999999999487745,1,test
0,0.27527384831457785,0,test
0,0.13547430607627486,0,test
0,0.4790188147877411,0,test
1,0.32383735671604935,0,test
0,0.1441159096472106,0,test
0,0.13173875075627972,0,test
0,0.03652996782710587,0,test
0,0.2915695034246626,0,test
1,0.2022907281937482,0,test
0,0.11872288846053022,0,test
0,0.1928616990642538,0,test
0,0.18051196088028382,0,test
0,0.14679367394596035,0,test
0,0.22432911989697582,0,test
0,0.14681930167440177,0,test
0,0.192306902067197,0,test
1,0.5319926745797953,1,test
0,0.36010058272623324,0,test
0,0.0771733339649414,0,test
0,0.0775821382420746,0,test
0,0.13484562830951863,0,test
0,0.10238387341468165,0,test
0,0.2002387854698191,0,test
1,0.9999999998926519,1,test
0,0.26074749975766576,0,test
1,0.298620783875781,0,test
1,0.9999999999519729,1,test
0,0.21866443731192342,0,test
0,0.08416515699545425,0,test
1,0.3512802002320568,0,test
0,0.18356267395822926,0,test
0,0.21938064990320955,0,test
0,0.1420059797662871,0,test
0,0.18636383410884974,0,test
1,0.37308497438353366,0,test
0,0.17797132703285123,0,test
0,0.10244064976996804,0,test
0,0.188584863266405,0,test
0,0.15036324293141676,0,test
0,0.09143262636464963,0,test
1,0.8658268337798503,1,test
0,0.15891685694771118,0,test
0,0.11403249740192607,0,test
1,0.9999999999314331,1,test
0,0.2498543278586241,0,test
0,0.4517733918800665,0,test
0,0.2466700828284891,0,test
1,0.161483321231406,0,test
0,0.1190778756542874,0,test
0,0.11251249141419237,0,test
1,0.17531082327814382,0,test
0,0.31547783112071887,0,test
0,0.44325712077602986,0,test
1,0.3276481564572421,0,test
0,0.09937454313921124,0,test
0,0.17007526714468033,0,test
0,0.2854626676896134,0,test
0,0.05605693380981499,0,test
0,0.22895200812033706,0,test
0,0.10816938343507873,0,test
0,0.07407680237108709,0,test
0,0.7429875589139725,1,test
0,0.1283578744154994,0,test
0,0.1566393404502147,0,test
0,0.1163193785653548,0,test
0,0.1391227180641056,0,test
1,0.9999999999218543,1,test
0,0.14599938627745648,0,test
0,0.10768115785734696,0,test
0,0.15174191169068174,0,test
0,0.19947803659666996,0,test
0,0.18353558245743276,0,test
0,0.09051474928874531,0,test
1,0.9999999999706348,1,test
0,0.0990742008786003,0,test
1,0.577759534753336,1,test
1,0.5737470167879082,1,test
0,0.14281069851622893,0,test
1,0.9999999999336759,1,test
0,0.3369751019464736,0,test
0,0.14638100009157973,0,test
0,0.38852607240478826,0,test
0,0.26048487153100036,0,test
0,0.08856773716342316,0,test
0,0.11920802475610386,0,test
0,0.5612556621462464,1,test
0,0.619586394411615,1,test
0,0.2615088037044671,0,test
0,0.13691367356048764,0,test
1,0.3678958051884393,0,test
0,0.18229762261425952,0,test
1,0.99999999996004,1,test
1,0.9999999999424733,1,test
0,0.06079846814568971,0,test
1,0.9999999999943887,1,test
1,0.9999999999899967,1,test
0,0.2354484293509143,0,test
0,0.1364158754180983,0,test
0,0.07923306882565698,0,test
0,0.17938728358191122,0,test
0,0.15138050738445316,0,test
0,0.1041873448182491,0,test
1,0.08184837754036452,0,test
0,0.10975376668327229,0,test
1,0.3108228419866957,0,test
0,0.2072294232008181,0,test
0,0.20245613382782005,0,test
0,0.07926522447781162,0,test
1,0.9999999999377789,1,test
0,0.09016339674884533,0,test
0,0.19042608565847483,0,test
1,0.3367107975615874,0,test
0,0.23511975727673917,0,test
0,0.1641904803911533,0,test
0,0.26197301559142283,0,test
1,0.9999999999570126,1,test
0,0.24570652446124305,0,test
0,0.10650923161036137,0,test
1,0.3729805410816764,0,test
0,0.0888734200280493,0,test
0,0.15264228993040557,0,test
0,0.17007422432416447,0,test
1,0.20861977855799144,0,test
0,0.1910058868124651,0,test
0,0.20866077598519098,0,test
0,0.38488261602273893,0,test
0,0.11947545836166022,0,test
0,0.0957580749423768,0,test
0,0.1697542781626841,0,test
0,0.24651090836962683,0,test
0,0.10777646555755963,0,test
0,0.21077647512959208,0,test
0,0.10934946358866492,0,test
1,0.20000964691036502,0,test
0,0.2186258395273695,0,test
0,0.1411446460123053,0,test
0,0.05484045656557156,0,test
0,0.09956699119253934,0,test
1,0.7382452745319951,1,test
0,0.12831691981309715,0,test
0,0.4718121325418372,0,test
1,0.9999999999660905,1,test
0,0.3578268563655102,0,test
0,0.3780904973169185,0,test
1,0.999999999957468,1,test
1,0.3486815360741008,0,test
1,0.2575876797552336,0,test
1,0.14896007110697582,0,test
0,0.2506309450192803,0,test
0,0.056357040796419317,0,test
0,0.4392576832543367,0,test
0,0.1928498497374199,0,test
0,0.059781711440029466,0,test
0,0.10570161406675412,0,test
0,0.07446732119637464,0,test
0,0.04756631587896174,0,test
0,0.21288805386387677,0,test
0,0.2307904387213359,0,test
0,0.2728955006756886,0,test
0,0.22519126862580294,0,test
0,0.1867689970886005,0,test
0,0.08283333191690322,0,test
0,0.09194212707634157,0,test
0,0.11918837316379023,0,test
0,0.10221502326286636,0,test
1,0.5879944019021203,1,test
0,0.21324447660556942,0,test
1,0.19583778595673482,0,test
0,0.2530661647588359,0,test
0,0.2730506910253064,0,test
1,0.10598711376953854,0,test
0,0.2792269152337251,0,test
1,0.8736377518414287,1,test
0,0.24498987939539751,0,test
0,0.20753513620367917,0,test
0,0.21497225931528557,0,test
0,0.2404075470628335,0,test
1,0.9999999999759182,1,test
0,0.18046601422516642,0,test
0,0.055104526926881156,0,test
0,0.1527648991338136,0,test
0,0.09774060244721047,0,test
1,0.9999999999633209,1,test
0,0.28026797599885556,0,test
0,0.14311293571172395,0,test
1,0.3270382124716265,0,test
0,0.20261578058675614,0,test
0,0.18150627848735335,0,test
0,0.13474537967589476,0,test
0,0.08394547148560469,0,test
0,0.3344756141154858,0,test
0,0.09424708634146081,0,test
0,0.1634214467317416,0,test
0,0.17107835292785573,0,test
0,0.11762709255484267,0,test
1,0.40785408985710864,0,test
0,0.2727598361838413,0,test
0,0.2730278355132648,0,test
0,0.12775245192044563,0,test
0,0.06351326334174262,0,test
0,0.2397439966816198,0,test
0,0.08452120970596284,0,test
1,0.9999999997918283,1,test
0,0.16363236191105798,0,test
1,0.20508252634056653,0,test
0,0.21596052104135924,0,test
0,0.5821197317024897,1,test
0,0.2085158322780404,0,test
0,0.19296005195706134,0,test
0,0.04516149446244383,0,test
1,0.20745303512221222,0,test
0,0.11578229835123599,0,test
0,0.12782671364478082,0,test
0,0.16120168529453985,0,test
1,0.1296459760561465,0,test
0,0.2143757151155584,0,test
1,0.503208110764761,1,test
0,0.09235935802228155,0,test
0,0.2521397489585155,0,test
0,0.11153984830774989,0,test
0,0.27541289961645443,0,test
1,0.32000978334334473,0,test
0,0.22411270916191556,0,test
0,0.11355272390942944,0,test
1,0.9999999999760256,1,test
0,0.2134616624307945,0,test
1,0.28970361873945644,0,test
1,0.11651343161755119,0,test
1,0.9999999998710274,1,test
0,0.29075994326147825,0,test
0,0.2091203452887276,0,test
0,0.19036405702974582,0,test
0,0.10172932502676343,0,test
0,0.34239807033802017,0,test
1,0.13506855689363245,0,test
0,0.16911781968402836,0,test
0,0.10166585323482735,0,test
0,0.11532634961412173,0,test
0,0.20581144536140425,0,test
1,0.14953114734380984,0,test
0,0.14017850248179764,0,test
0,0.2620169508068461,0,test
0,0.10268411305327332,0,test
1,0.9999999999659137,1,test
0,0.513082364789956,1,test
0,0.29180317947314743,0,test
0,0.0823863787731093,0,test
0,0.08623648744261243,0,test
1,0.9999999998916937,1,test
0,0.3104507004578829,0,test
0,0.07618467862822653,0,test
0,0.4084763340589059,0,test
0,0.18978072436139315,0,test
0,0.11708423812665016,0,test
0,0.10259495207495554,0,test
1,0.09864410805918415,0,test
0,0.16810554980789238,0,test
0,0.09925067426141229,0,test
0,0.31365409750534845,0,test
0,0.18426523076884654,0,test
0,0.09937865135833425,0,test
1,0.9999999999613485,1,test
0,0.5942618470442803,1,test
0,0.22456495557164513,0,test
1,0.187159122779063,0,test
1,0.9999999999566713,1,test
0,0.08755164061172573,0,test
0,0.25842086030499445,0,test
0,0.17238803953966603,0,test
0,0.2214702551891515,0,test
0,0.11471830358429144,0,test
1,0.9999999999783069,1,test
1,0.9999999999559066,1,test
1,0.9999999999833888,1,test
1,0.9999999999389306,1,test
0,0.1637676042993596,0,test
0,0.11599360729233164,0,test
1,0.2759975827402981,0,test
0,0.21753885845115697,0,test
1,0.9999999999533127,1,test
0,0.08152049473459325,0,test
0,0.20778788797755746,0,test
1,0.999999999995284,1,test
0,0.059636706253906144,0,test
0,0.10870522921074538,0,test
0,0.3754021407165171,0,test
0,0.21359162495197423,0,test
0,0.1202491883616967,0,test
1,0.10920474414333937,0,test
0,0.1506480065905804,0,test
0,0.12574537526698545,0,test
0,0.20108715649505382,0,test
0,0.2465235196904877,0,test
0,0.04597526838828592,0,test
0,0.11884152823344243,0,test
1,0.9999999998375373,1,test
1,0.1872152443790445,0,test
0,0.3982191590984748,0,test
0,0.11356588802292401,0,test
0,0.14636865878457925,0,test
0,0.4221472671530113,0,test
0,0.15319368939120626,0,test
0,0.12112521769765543,0,test
1,0.9999999999659694,1,test
0,0.2757674829554954,0,test
1,0.9999999998914721,1,test
1,0.11134152599710384,0,test
0,0.18315921350355793,0,test
1,0.616105090124151,1,test
0,0.05491821265333429,0,test
0,0.3408211438258406,0,test
0,0.5090272431940789,1,test
0,0.24450183191165833,0,test
0,0.1389706405957508,0,test
1,0.1138241010780278,0,test
0,0.21847950869302932,0,test
0,0.07283484989955986,0,test
0,0.052922215539866896,0,test
0,0.10288072752490401,0,test
1,0.9999999999440623,1,test
0,0.1730646014658342,0,test
0,0.193321768064484,0,test
1,0.9999999999532492,1,test
0,0.11225154679087654,0,test
0,0.21608584178593657,0,test
0,0.12947864384973115,0,test
1,0.26780648999861956,0,test
1,0.9999999999599332,1,test
1,0.6666013750025164,1,test
0,0.19736087418532325,0,test
0,0.06782136154880311,0,test
0,0.04156626955966791,0,test
0,0.1314188846647675,0,test
0,0.23212729209446595,0,test
0,0.17159263226229415,0,test
1,0.999999999950151,1,test
0,0.22938709562354506,0,test
1,0.3548746341770625,0,test
0,0.27890988739165257,0,test
0,0.13205053900855668,0,test
0,0.423346118209987,0,test
0,0.12943443881109598,0,test
0,0.055759971999936826,0,test
1,0.9999999999880373,1,test
0,0.10509638661634442,0,test
1,0.9999999999339106,1,test
0,0.22456075194447989,0,test
1,0.9999999999583786,1,test
0,0.2017246307712749,0,test
0,0.3441027767736227,0,test
0,0.07689014726116664,0,test
0,0.1080271601826536,0,test
0,0.10833873040462125,0,test
0,0.07997930210902837,0,test
0,0.12471753962051792,0,test
0,0.2095585840635307,0,test
0,0.11351324688632258,0,test
0,0.10131994771537511,0,test
0,0.12726285730735448,0,test
0,0.13438904652150752,0,test
0,0.18931235218526055,0,test
1,0.14304202413006686,0,test
0,0.313585783239246,0,test
1,0.9999999999601337,1,test
1,0.3504867274040279,0,test
0,0.3706003460578763,0,test
0,0.1785715440452948,0,test
1,0.5914642697473683,1,test
0,0.32665486845645175,0,test
0,0.052905438389888204,0,test
0,0.44052291209746475,0,test
0,0.16746668106937318,0,test
0,0.15352182677478096,0,test
0,0.10076569607206061,0,test
0,0.14301404235240564,0,test
1,0.2592545502950913,0,test
1,0.16833347363566817,0,test
0,0.13719761392004265,0,test
0,0.08386549522094994,0,test
0,0.24874170815744592,0,test
0,0.30873359058350447,0,test
0,0.08005296538038555,0,test
0,0.29484559667245264,0,test
0,0.11692204362115341,0,test
1,0.280844403545121,0,test
0,0.22365046973108238,0,test
0,0.16067229548849232,0,test
0,0.13883913232416908,0,test
0,0.2838243326100068,0,test
0,0.3445370130619975,0,test
0,0.1839984543858559,0,test
0,0.2316525482226721,0,test
0,0.19425760985668353,0,test
1,0.24839935224278503,0,test
0,0.49445433982041076,0,test
1,0.999999999989186,1,test
0,0.2788409349103342,0,test
0,0.17119819507829814,0,test
0,0.15826964989400347,0,test
1,0.9999999999849409,1,test
1,0.9999999999455562,1,test
0,0.2744255569317868,0,test
0,0.1266639003183493,0,test
0,0.24594794761889102,0,test
0,0.27797028393555767,0,test
0,0.20076718964929785,0,test
0,0.17508702304661858,0,test
0,0.09833309329398984,0,test
1,0.2102384775080648,0,test
1,0.15605811508501544,0,test
0,0.2600026805338092,0,test
0,0.17446381127041147,0,test
1,0.9999999999661289,1,test
0,0.19019516221716581,0,test
0,0.31482884031444075,0,test
1,0.9999999999486091,1,test
0,0.04861429837639532,0,test
0,0.4133799539603766,0,test
0,0.21701582440030917,0,test
0,0.2187004911352843,0,test
0,0.32139000296654285,0,test
0,0.09244956343225912,0,test
0,0.22293694594835697,0,test
0,0.13276834975686086,0,test
0,0.1914240627428054,0,test
1,0.20162769390747323,0,test
1,0.32835272433099605,0,test
1,0.45162156596661396,0,test
0,0.26299416223751654,0,test
1,0.24275361514391774,0,test
0,0.18089870027628477,0,test
0,0.14618814123645466,0,test
0,0.2654100196128056,0,test
0,0.26377841903428945,0,test
0,0.0704738073160632,0,test
1,0.14085894322002163,0,test
1,0.061461232886851624,0,test
0,0.03302881747913745,0,test
0,0.19479056424376978,0,test
0,0.07355013411540294,0,test
0,0.14488913564182374,0,test
0,0.1985572761791505,0,test
1,0.14277753090744896,0,test
0,0.11250044113967984,0,test
0,0.2597986439897841,0,test
0,0.12714724538554786,0,test
1,0.9999999999802238,1,test
0,0.11982954738292477,0,test
0,0.18257346360064328,0,test
0,0.1914202201852751,0,test
1,0.9999999999861138,1,test
0,0.09009271814769286,0,test
0,0.14852556018131646,0,test
1,0.35761175417809377,0,test
0,0.24880134158654696,0,test
1,0.4125513479574016,0,test
0,0.14267999682575785,0,test
0,0.2759076110296562,0,test
0,0.16797594767567275,0,test
0,0.06522129280025712,0,test
0,0.2516110403843277,0,test
1,0.2622158127144328,0,test
1,0.9999999999876628,1,test
0,0.4719924912914555,0,test
0,0.2371442925865998,0,test
0,0.3780256713480356,0,test
0,0.110937244010884,0,test
0,0.306128557252343,0,test
0,0.07346608263673157,0,test
0,0.15685637049471185,0,test
0,0.24246285418748742,0,test
0,0.27962135551949907,0,test
0,0.22656306116229002,0,test
1,0.9999999998912108,1,test
0,0.20318767458190912,0,test
0,0.19235793336268142,0,test
0,0.1071311877736268,0,test
0,0.17533477923045232,0,test
1,0.6698513940227034,1,test
0,0.18798769140402188,0,test
0,0.07485028979288215,0,test
0,0.18945596796779657,0,test
0,0.1541654852526826,0,test
1,0.9999999999895659,1,test
0,0.23205154532608555,0,test
0,0.2212109184545779,0,test
0,0.23228237256177997,0,test
0,0.12478238470826315,0,test
0,0.12472849358611758,0,test
0,0.06015857653028327,0,test
0,0.08416835109802384,0,test
1,0.40730689059368513,0,test
0,0.37955746222236575,0,test
1,0.9999999999832454,1,test
0,0.12926229401860242,0,test
0,0.278893574039031,0,test
0,0.5608593437560987,1,test
0,0.327375718025662,0,test
0,0.18736799861051578,0,test
1,0.25297524325740706,0,test
0,0.2117480280611644,0,test
0,0.4154664301168593,0,test
0,0.2585021426075822,0,test
0,0.1826382527184967,0,test
0,0.2509813244339107,0,test
0,0.12177474448098649,0,test
0,0.17805407883702212,0,test
0,0.11155707925890974,0,test
0,0.439680355795347,0,test
0,0.22751868791401214,0,test
0,0.0885184887742505,0,test
0,0.06593852526956072,0,test
0,0.09862360693043952,0,test
1,0.9999999999322151,1,test
0,0.4415747948385382,0,test
1,0.9999999999754454,1,test
1,0.15971604236759587,0,test
0,0.12465157685830945,0,test
0,0.14292120211532405,0,test
0,0.14493620924421574,0,test
1,0.24871885747797787,0,test
0,0.08538097861098626,0,test
0,0.19912758217505566,0,test
0,0.14601826519677344,0,test
0,0.2817559279627286,0,test
0,0.16157010811013253,0,test
0,0.4717442521152309,0,test
0,0.1553493691414754,0,test
1,0.17234092597048853,0,test
1,0.9999999999232461,1,test
0,0.08658754104187145,0,test
0,0.2377680755102838,0,test
1,0.9999999999420408,1,test
1,0.9999999998771512,1,test
0,0.1965166095943388,0,test
0,0.2739827809174896,0,test
0,0.12169264234821062,0,test
0,0.21589434860155157,0,test
0,0.14917143982839656,0,test
1,0.9999999999257481,1,test
0,0.14532687288527937,0,test
1,0.999999999973886,1,test
1,0.9999999998592006,1,test
1,0.4725785137385654,0,test
0,0.09673294624079634,0,test
0,0.06110044976354709,0,test
0,0.20578019228243183,0,test
1,0.3643558675557142,0,test
0,0.20598186063296098,0,test
0,0.15410063027046855,0,test
1,0.9129416047965363,1,test
1,0.9999999999842164,1,test
0,0.06827610684907233,0,test
0,0.15305910428901653,0,test
0,0.09350338280194541,0,test
0,0.21269033594475292,0,test
0,0.16854536497020364,0,test
0,0.22163375043390532,0,test
1,0.3286304124485243,0,test
1,0.7258984083500817,1,test
0,0.25761212241469156,0,test
0,0.0451316388087312,0,test
0,0.22459861484519372,0,test
0,0.12080354482109058,0,test
0,0.24222461591561542,0,test
0,0.24166766850824442,0,test
0,0.20489428938555762,0,test
0,0.1370939357979537,0,test
0,0.10814373647231407,0,test
0,0.2006128757014476,0,test
1,0.431346847367388,0,test
0,0.08984703948065943,0,test
0,0.2662915179530816,0,test
0,0.21112698924392317,0,test
0,0.1312295483889868,0,test
0,0.3490931816704404,0,test
1,0.10084323165811106,0,test
1,0.39453055152509053,0,test
0,0.2574939379576522,0,test
0,0.1649050984571362,0,test
0,0.04637255133814907,0,test
0,0.40057523049747695,0,test
0,0.2380669856540436,0,test
0,0.2994186904497654,0,test
0,0.15391191792958897,0,test
1,0.9999999999608926,1,test
0,0.18056689165459075,0,test
1,0.9999999999601952,1,test
0,0.13397379803540824,0,test
1,0.3079818048084446,0,test
0,0.1611848994035393,0,test
0,0.2764446692760454,0,test
0,0.07351626670862235,0,test
0,0.34420368305187016,0,test
0,0.29963519569162855,0,test
0,0.2749959212748645,0,test
0,0.15276917248435065,0,test
0,0.2748630452435136,0,test
0,0.1479115437520675,0,test
0,0.16261417593968144,0,test
1,0.9999999999961517,1,test
1,0.23910392838693767,0,test
1,0.11283490381373827,0,test
0,0.43323730877493266,0,test
0,0.21392794583679883,0,test
0,0.23229482351133235,0,test
1,0.2099376678418265,0,test
0,0.18683007365959814,0,test
0,0.09814311208301392,0,test
1,0.9999999999477005,1,test
1,0.23733063961769063,0,test
0,0.045614032690752454,0,test
0,0.23591484972688292,0,test
0,0.21521445668266215,0,test
0,0.24157935774503786,0,test
1,0.19436907662324973,0,test
0,0.30797076967068054,0,test
1,0.9999999999620508,1,test
0,0.41550386485150587,0,test
0,0.23115781665741328,0,test
0,0.21043707843540885,0,test
1,0.9999999999667477,1,test
0,0.14411681648102534,0,test
0,0.42639224076699794,0,test
0,0.20290349943137997,0,test
0,0.2615895092289531,0,test
0,0.12946509552888708,0,test
0,0.14263958598613694,0,test
0,0.08165601069084191,0,test
0,0.14615237306541612,0,test
0,0.19071775548699185,0,test
0,0.5196976859946801,1,test
0,0.1442461193584872,0,test
1,0.14057335126678605,0,test
0,0.180254975814185,0,test
0,0.20596551303037383,0,test
1,0.9999999999262519,1,test
0,0.06666748454747178,0,test
0,0.28042354668392133,0,test
0,0.7246469113143298,1,test
0,0.32755492270484715,0,test
0,0.362179137052482,0,test
0,0.14198572229766657,0,test
1,0.20058088691501694,0,test
0,0.25945355334736964,0,test
0,0.11308922410920474,0,test
0,0.12000010952566326,0,test
0,0.18366987162291884,0,test
0,0.0470090818447666,0,test
0,0.15415443049686536,0,test
0,0.4203583978941519,0,test
0,0.049486081230449654,0,test
0,0.1261784315985781,0,test
0,0.1852974017504272,0,test
0,0.12291831470021841,0,test
1,0.9999999999124458,1,test
1,0.27194485799007767,0,test
0,0.4083788014523364,0,test
1,0.9999999999421283,1,test
0,0.12280304482800096,0,test
0,0.1700700847758979,0,test
0,0.12956205828356684,0,test
1,0.9999999999805615,1,test
0,0.09300831337051765,0,test
0,0.1833780472210143,0,test
0,0.18491110572545127,0,test
0,0.13394894872445648,0,test
0,0.2245440187640437,0,test
0,0.10552890698816988,0,test
0,0.17475389394395302,0,test
1,0.9999999999272999,1,test
0,0.2330728749435868,0,test
1,0.9999999999206699,1,test
0,0.2066250809097667,0,test
0,0.23628621018202958,0,test
0,0.4228446764888433,0,test
0,0.19317771358953004,0,test
0,0.147215989936809,0,test
0,0.14661441756481228,0,test
0,0.14986062979319778,0,test
0,0.09712684925318057,0,test
0,0.08993590851556081,0,test
1,0.9995178853659038,1,test
0,0.1893658540952795,0,test
0,0.22781213208580642,0,test
0,0.266535435908903,0,test
0,0.19494029961921322,0,test
1,0.17366765947021412,0,test
1,0.9999999999460853,1,test
0,0.209639218389077,0,test
0,0.12325581153073976,0,test
1,0.19042395164017906,0,test
0,0.24403081594174666,0,test
0,0.12297243986587351,0,test
0,0.143189019892006,0,test
0,0.1831008212695221,0,test
0,0.10787002436612812,0,test
0,0.07813211840274648,0,test
0,0.11096949326199068,0,test
0,0.4613224401932115,0,test
0,0.1564513324785802,0,test
0,0.40175615229206163,0,test
0,0.094797610993075,0,test
0,0.17095696962031035,0,test
0,0.1590173401898412,0,test
1,0.302972986479911,0,test
1,0.1348427700739142,0,test
0,0.17111671343210053,0,test
0,0.11139722656939165,0,test
1,0.9999999999951161,1,test
0,0.2561425812624979,0,test
0,0.09422297513079105,0,test
0,0.1289806992091947,0,test
1,0.9999999999860463,1,test
1,0.9999999999400242,1,test
0,0.26472103404029135,0,test
1,0.5122662394172582,1,test
0,0.11402053976575552,0,test
1,0.9999999999521922,1,test
0,0.29049105158600935,0,test
0,0.21825326197027511,0,test
0,0.2629254977647774,0,test
1,0.9999999999556075,1,test
0,0.3631699662176641,0,test
0,0.12534931180430528,0,test
0,0.2710813441212771,0,test
1,0.5822393375149167,1,test
1,0.9999999999929186,1,test
0,0.14132178021555272,0,test
1,0.23146349594670856,0,test
1,0.999999999954122,1,test
0,0.053867115985259034,0,test
0,0.2276281850331829,0,test
1,0.9999999999121587,1,test
0,0.06763977616339358,0,test
0,0.0893024437828027,0,test
0,0.15826740918646762,0,test
0,0.2956837438605298,0,test
0,0.11421438623161408,0,test
0,0.3685389601434445,0,test
0,0.06490639516912551,0,test
0,0.10859979537360502,0,test
0,0.18537308613004777,0,test
0,0.25853585694888254,0,test
0,0.04495562881776027,0,test
0,0.09029386076024475,0,test
0,0.24310885321626774,0,test
0,0.08833273761334584,0,test
0,0.18962837607212366,0,test
0,0.15856429636871577,0,test
0,0.2070473432770608,0,test
0,0.19660769059002617,0,test
0,0.21454785764773027,0,test
1,0.8638756431321025,1,test
0,0.2615396273093815,0,test
0,0.2860786216344484,0,test
0,0.17880401404866864,0,test
0,0.2115202913512292,0,test
0,0.061983438332254226,0,test
0,0.15724080335869378,0,test
1,0.7539223810349559,1,test
0,0.19613891692548063,0,test
0,0.1702989278823918,0,test
1,0.3676092282887679,0,test
0,0.25110636572149575,0,test
0,0.10539869369290951,0,test
1,0.1724765653118696,0,test
1,0.320748034241335,0,test
0,0.10507398236894669,0,test
1,0.34630015892409916,0,test
0,0.29761180417891975,0,test
0,0.130519272151898,0,test
1,0.8414215741277622,1,test
0,0.4587971400733675,0,test
0,0.42012403864279524,0,test
0,0.22479684494629174,0,test
0,0.28180466876319976,0,test
0,0.16103131868623902,0,test
0,0.12678278312680985,0,test
0,0.10970017385026119,0,test
1,0.9999999999366307,1,test
0,0.09783265389810661,0,test
0,0.14509820715735594,0,test
0,0.3717162428647503,0,test
1,0.15489114077706637,0,test
0,0.14275113773672599,0,test
0,0.06608730321034978,0,test
0,0.3249224919849949,0,test
0,0.2031284269287724,0,test
0,0.24839520646578392,0,test
0,0.12100406146956745,0,test
0,0.2275824307032727,0,test
0,0.12423110568815043,0,test
1,0.5653815578576363,1,test
1,0.9999999999491032,1,test
0,0.14635112295325337,0,test
1,0.17729975249189528,0,test
1,0.45367214551253393,0,test
1,0.26904726916771127,0,test
0,0.1821125044415869,0,test
0,0.11067543180214712,0,test
0,0.13102826134247264,0,test
0,0.22205522532196206,0,test
0,0.22907568000660108,0,test
0,0.22176239743933965,0,test
1,0.25454178708352776,0,test
1,0.9999999999669744,1,test
0,0.3580080023108084,0,test
0,0.5961415762576932,1,test
0,0.12962215822568074,0,test
0,0.21042935177610325,0,test
1,0.15361647389633337,0,test
0,0.09329659847061418,0,test
0,0.192577834596968,0,test
0,0.11078957645430736,0,test
1,0.9999999999516418,1,test
0,0.25931906064765364,0,test
0,0.18560109177682066,0,test
0,0.0967785914291358,0,test
0,0.5158283690016957,1,test
0,0.43811068907206374,0,test
1,0.9999999999405482,1,test
0,0.20836653993151164,0,test
0,0.26024906485543936,0,test
0,0.22402780349515256,0,test
0,0.1915714881594105,0,test
0,0.26059451543987866,0,test
0,0.15789769702743653,0,test
0,0.06899157800329905,0,test
0,0.09805306620855683,0,test
0,0.12707580243783156,0,test
0,0.171174316868093,0,test
0,0.08831097312787552,0,test
0,0.14687164837143563,0,test
0,0.1334435299109006,0,test
0,0.2246478960211291,0,test
0,0.21818915919119797,0,test
0,0.21245941414368014,0,test
1,0.24801215777116048,0,test
0,0.1798760996231863,0,test
0,0.33143818006236275,0,test
0,0.2872227193554905,0,test
0,0.2548343416740221,0,test
1,0.2571206868226356,0,test
0,0.20658607938479223,0,test
0,0.12077806796299298,0,test
0,0.24194192743144255,0,test
0,0.1862611316160152,0,test
0,0.22072921323000333,0,test
0,0.20814871316709296,0,test
0,0.09684565254575966,0,test
0,0.20444280065248305,0,test
0,0.1563384032097915,0,test
0,0.16271129490944755,0,test
1,0.15702405552246634,0,test
0,0.052392603302403716,0,test
0,0.17118141459929062,0,test
0,0.2790742799539759,0,test
0,0.09725150970106483,0,test
0,0.13155647796916328,0,test
0,0.14650153146217965,0,test
0,0.19185045168629897,0,test
0,0.07029096844581106,0,test
1,0.8515590590978502,1,test
0,0.33750636657113153,0,test
0,0.11190448496029692,0,test
0,0.1136624414698713,0,test
0,0.20193771127879206,0,test
0,0.21642411712740053,0,test
0,0.08110131024970642,0,test
0,0.325436913228442,0,test
0,0.12989398842757707,0,test
0,0.15441773620623375,0,test
0,0.1747213540687074,0,test
0,0.12410195270978004,0,test
1,0.9999999999594116,1,test
0,0.39535448254688416,0,test
0,0.16180726496383246,0,test
0,0.21966658359184127,0,test
0,0.2174123986099261,0,test
1,0.16742093533004365,0,test
0,0.18475699975902704,0,test
0,0.08128390413819223,0,test
1,0.9999999999923492,1,test
1,0.9999999999345295,1,test
0,0.19058891034068007,0,test
0,0.12942397878028694,0,test
0,0.20480188761285378,0,test
0,0.3239352534095891,0,test
0,0.5690365602267325,1,test
0,0.3983075759292875,0,test
0,0.16064233469202027,0,test
0,0.2247810726247433,0,test
0,0.16268726689194596,0,test
0,0.16064446020181525,0,test
1,0.07179283195545472,0,test
0,0.14595325998835615,0,test
1,0.883710993692961,1,test
0,0.17505075875323817,0,test
0,0.05353882986114457,0,test
0,0.11648793983927475,0,test
1,0.04962716886964547,0,test
0,0.40219164985306294,0,test
0,0.21189385339056144,0,test
0,0.11961112950596162,0,test
0,0.13826331184377638,0,test
0,0.2336288311586168,0,test
0,0.2337200986099538,0,test
1,0.9999999999825671,1,test
0,0.2037935406147981,0,test
0,0.07545875557355415,0,test
0,0.10173679419610576,0,test
1,0.18018335442927844,0,test
0,0.29112437897837085,0,test
0,0.09322693284472723,0,test
0,0.31456103689642795,0,test
0,0.25996524930193793,0,test
0,0.446578108388115,0,test
1,0.9999999999379032,1,test
1,0.17151600637753758,0,test
0,0.08626039682050904,0,test
0,0.16242831393905005,0,test
1,0.21048685048193455,0,test
1,0.9999999998479114,1,test
0,0.23687524235280955,0,test
0,0.15983464978504403,0,test
0,0.181737498349714,0,test
0,0.16527623748479076,0,test
1,0.12523601007358423,0,test
0,0.15822445739200466,0,test
0,0.21872223372348726,0,test
1,0.815315359755992,1,test
0,0.10639362213011089,0,test
0,0.41167344753393925,0,test
0,0.14982710926158863,0,test
1,0.9999999999708546,1,test
0,0.22469792625099114,0,test
0,0.32826348320771953,0,test
1,0.9999999999599423,1,test
0,0.2050525828779647,0,test
0,0.2885649080786681,0,test
0,0.1122089593238857,0,test
0,0.11579801032632235,0,test
1,0.9999999999976692,1,test
0,0.27561196527041787,0,test
0,0.22451613530164188,0,test
1,0.12506879392001718,0,test
1,0.99999999999718,1,test
1,0.9999999999196403,1,test
0,0.0887470939663117,0,test
0,0.11116114186913195,0,test
0,0.49088274667294846,0,test
0,0.2524312426330457,0,test
0,0.3732952150984188,0,test
1,0.3712041455410823,0,test
0,0.20523768510120222,0,test
1,0.999999999867621,1,test
1,0.25887068026944055,0,test
1,0.27934215562676906,0,test
1,0.10323545138998405,0,test
0,0.14033104682445968,0,test
1,0.31613945380494657,0,test
0,0.20704438163472497,0,test
0,0.20029606030851774,0,test
0,0.1895471626708249,0,test
0,0.18268279356297504,0,test
0,0.13767683675642114,0,test
0,0.2029175645818114,0,test
0,0.6297183932789936,1,test
0,0.24955091626585935,0,test
1,0.8302843830404478,1,test
0,0.1884347475048262,0,test
0,0.07429769738578544,0,test
0,0.07544481184684752,0,test
0,0.1650219111384788,0,test
0,0.19416562903231646,0,test
0,0.24345957622817174,0,test
0,0.16292892899062306,0,test
0,0.0761510580114507,0,test
1,0.4363172815691667,0,test
0,0.0968835696711664,0,test
0,0.21312644832405991,0,test
0,0.10496272799392628,0,test
0,0.4166474744589997,0,test
0,0.409753724305267,0,test
1,0.99999999995467,1,test
0,0.09479503802423196,0,test
0,0.47977806464093514,0,test
1,0.3629986050781995,0,test
0,0.1064783667847283,0,test
0,0.06923011863494541,0,test
0,0.17159334972338916,0,test
0,0.1040010534656534,0,test
0,0.1603710448767054,0,test
0,0.09076492002946171,0,test
0,0.13522812527080402,0,test
0,0.10563741218926025,0,test
1,0.999999999940492,1,test
0,0.11769836614085098,0,test
0,0.1437014216688166,0,test
1,0.9999999999468645,1,test
0,0.21254911138257818,0,test
0,0.2089417353635561,0,test
0,0.13791330917897254,0,test
0,0.2288634326844112,0,test
0,0.05687043631307967,0,test
0,0.08562205273130676,0,test
0,0.032195798795371586,0,test
0,0.053124851778476485,0,test
0,0.11370252382305124,0,test
0,0.09005165672315911,0,test
1,0.3254618654809469,0,test
1,0.6219107197398749,1,test
0,0.03852018156901813,0,test
1,0.9999999997711932,1,test
0,0.16643077949849006,0,test
0,0.06823208016416049,0,test
0,0.1690675391513333,0,test
0,0.13367853669566263,0,test
0,0.1220868538214893,0,test
0,0.17707925241718522,0,test
0,0.11675672972149877,0,test
0,0.181617353171583,0,test
0,0.09246944799102595,0,test
0,0.18522730761754697,0,test
0,0.12828702713845183,0,test
0,0.1912197623267426,0,test
0,0.21807764250398595,0,test
0,0.14099993609019076,0,test
0,0.19097284812400375,0,test
0,0.24046435175809094,0,test
0,0.14567348188445808,0,test
1,0.9999999999745661,1,test
1,0.9999999999149844,1,test
1,0.9999999999260687,1,test
0,0.04702691533937531,0,test
1,0.11462117331982559,0,test
0,0.18388361953081195,0,test
1,0.999999999988282,1,test
1,0.999999999985755,1,test
0,0.12063631816685555,0,test
0,0.9004456497189816,1,test
0,0.2538942505728627,0,test
0,0.721296074202101,1,test
1,0.9999999999966331,1,test
0,0.11498923939270964,0,test
1,0.9999999999766567,1,test
1,0.20320318902841775,0,test
0,0.12161436004203383,0,test
0,0.14214048744707028,0,test
0,0.04760718288144179,0,test
0,0.09921042727858642,0,test
0,0.3544880896073591,0,test
0,0.09762947384625026,0,test
1,0.41709581208182345,0,test
0,0.2279125379146198,0,test
0,0.19744563214174335,0,test
0,0.11938815804990074,0,test
1,0.999999999978612,1,test
0,0.44523310751027556,0,test
1,0.9999999999920282,1,test
1,0.34516992324722534,0,test
0,0.2239886008349966,0,test
0,0.34198634344329937,0,test
0,0.1373854017146126,0,test
0,0.18319055940955012,0,test
0,0.16254583967422384,0,test
0,0.11857251622871262,0,test
0,0.12343468062632142,0,test
0,0.16675819386833404,0,test
0,0.1302755156439546,0,test
1,0.9999999998538507,1,test
0,0.08795427264147858,0,test
0,0.27586671316115297,0,test
1,0.9999999999963458,1,test
1,0.9999999999549589,1,test
1,0.2602811747943064,0,test
0,0.22115816473319574,0,test
1,0.28964458930071013,0,test
0,0.159058060229516,0,test
0,0.06314578573505399,0,test
0,0.6848397291907832,1,test
0,0.2601302356825608,0,test
0,0.14482111821129026,0,test
0,0.21835123423219532,0,test
1,0.2337946604856902,0,test
0,0.13366403883358127,0,test
1,0.999999999889233,1,test
0,0.27229402130842706,0,test
0,0.10841227036195979,0,test
1,0.22858010825487265,0,test
0,0.11376848649831577,0,test
0,0.2367143642277345,0,test
0,0.28308746461250095,0,test
0,0.17944288503612257,0,test
0,0.13736203624888105,0,test
1,0.9999999998687263,1,test
0,0.09129246775099793,0,test
0,0.13304239523633116,0,test
0,0.19999389912243606,0,test
0,0.07201856339768824,0,test
0,0.14197601211491986,0,test
0,0.33646518683142485,0,test
1,0.2107709730634336,0,test
0,0.12101246564986796,0,test
1,0.9999999999926508,1,test
1,0.999999999936112,1,test
0,0.20175925875071085,0,test
0,0.32884861595522924,0,test
0,0.10348965037043044,0,test
0,0.09974319593636698,0,test
0,0.1105694966322588,0,test
0,0.2187161384485294,0,test
0,0.27087984312794333,0,test
0,0.05142705934127904,0,test
0,0.20584416524379195,0,test
0,0.12880510456371896,0,test
1,0.9999999999908642,1,test
0,0.5565064587670842,1,test
0,0.2035462685789338,0,test
1,0.13788306890749982,0,test
0,0.15349299304360434,0,test
0,0.2568957472005484,0,test
0,0.22426569678288424,0,test
0,0.24750997697146257,0,test
1,0.9999999999785409,1,test
0,0.05891558279020523,0,test
0,0.3591052264372192,0,test
1,0.9999999999459739,1,test
1,0.11896557584292308,0,test
0,0.12138291406230535,0,test
0,0.2648785878277858,0,test
0,0.2999138047844816,0,test
0,0.10331897433730218,0,test
1,0.9999999999466975,1,test
0,0.06553724255645946,0,test
0,0.1488046083207685,0,test
0,0.1763429913143482,0,test
1,0.9999999999250895,1,test
0,0.1733217357507291,0,test
0,0.1370300623394603,0,test
0,0.15232194765981755,0,test
0,0.08451597510614767,0,test
0,0.07828353978889566,0,test
0,0.09736534512492785,0,test
1,0.12009071164747476,0,test
0,0.1649929466023778,0,test
0,0.16711502946520104,0,test
1,0.9999999999715341,1,test
0,0.3590408725493019,0,test
0,0.05850945202449329,0,test
1,0.9999999999755886,1,test
0,0.1430607080851561,0,test
0,0.06319536584395877,0,test
0,0.20819219552489568,0,test
0,0.4463377686752093,0,test
0,0.12076021463876271,0,test
0,0.07961530937223274,0,test
0,0.12266118369022397,0,test
0,0.24356254463700874,0,test
0,0.415027034887054,0,test
1,0.9999999999645948,1,test
0,0.3794509483638994,0,test
0,0.1431611744899738,0,test
0,0.30052766703340394,0,test
1,0.5989905773204299,1,test
0,0.3594818306970572,0,test
0,0.15857737510055545,0,test
1,0.9999999999947511,1,test
0,0.08569033612289714,0,test
0,0.07136482813546068,0,test
0,0.13478192591166205,0,test
0,0.056050868561773166,0,test
0,0.17974765701621084,0,test
0,0.18057105584405264,0,test
0,0.10456248075474876,0,test
1,0.9999999999659521,1,test
0,0.18076793436460573,0,test
0,0.5216602074988856,1,test
0,0.3022655235498551,0,test
1,0.9999999998885489,1,test
0,0.10956908291899656,0,test
0,0.5781170581307349,1,test
0,0.07761820508857677,0,test
1,0.9999999999496949,1,test
0,0.13313012212153563,0,test
1,0.1684079074613014,0,test
0,0.23846338952653406,0,test
0,0.2341165676672484,0,test
0,0.1775027320197671,0,test
0,0.14077818206924272,0,test
1,0.24068624381364032,0,test
0,0.27109313469671614,0,test
0,0.526039723801453,1,test
0,0.13180611645159923,0,test
1,0.2997398593266173,0,test
1,0.9999999999129927,1,test
0,0.2334950140214223,0,test
0,0.14865167299243748,0,test
0,0.2933351136514717,0,test
1,0.999999999961956,1,test
0,0.38643567676611396,0,test
0,0.11089216226374567,0,test
0,0.34723478075384573,0,test
0,0.09621328092492869,0,test
1,0.34673307040842466,0,test
0,0.17756069363913396,0,test
0,0.150541578949699,0,test
1,0.9999999999616833,1,test
0,0.10068711308644489,0,test
1,0.8407620561280843,1,test
0,0.3028187546247276,0,test
0,0.20813733364256135,0,test
0,0.09821130455086746,0,test
1,0.9999999999880111,1,test
0,0.22773403672590803,0,test
0,0.1195297754595274,0,test
0,0.3520605958735292,0,test
0,0.156740759845571,0,test
1,0.32514397634088954,0,test
0,0.15374853521838078,0,test
0,0.10834539571004376,0,test
0,0.21357959897241738,0,test
0,0.2760128588995734,0,test
0,0.10368152374395459,0,test
1,0.21228322302909614,0,test
0,0.13457282223939193,0,test
0,0.04977827996294339,0,test
1,0.9999999998106321,1,test
0,0.2585093080400322,0,test
1,0.2456130651814372,0,test
0,0.27920941826547174,0,test
0,0.09437204243134778,0,test
0,0.16000243104883619,0,test
0,0.2031449399336415,0,test
0,0.1759482414992784,0,test
0,0.09381732083064406,0,test
1,0.5429610753423797,1,test
0,0.21995038455857013,0,test
0,0.14558455295923525,0,test
0,0.22557975837858307,0,test
0,0.4008071785474731,0,test
0,0.0802999169760438,0,test
1,0.14608207495077963,0,test
0,0.5489976147673743,1,test
0,0.14055310370279483,0,test
0,0.2458890958667787,0,test
0,0.09047052091966272,0,test
1,0.42892073216118753,0,test
0,0.10908518486526488,0,test
0,0.19971356556741643,0,test
1,0.29487325527083386,0,test
0,0.1981148652939402,0,test
1,0.4307366476115105,0,test
1,0.9999999999302362,1,test
0,0.17818112821029547,0,test
1,0.39473014200473167,0,test
1,0.3062583714743276,0,test
0,0.06272082405431144,0,test
0,0.18984870232620357,0,test
1,0.39782200662723133,0,test
0,0.35939116272705973,0,test
0,0.2725730759076827,0,test
0,0.09238707798317022,0,test
0,0.1652798989947004,0,test
0,0.15260900757568469,0,test
0,0.2062165851756621,0,test
1,0.34836373091795014,0,test
1,0.49731349442717454,0,test
0,0.39776757594748796,0,test
0,0.1592220169692377,0,test
0,0.0757016297330189,0,test
0,0.08650201886766648,0,test
0,0.09453122858802002,0,test
1,0.865418763373144,1,test
0,0.33410885681337066,0,test
0,0.14025563754915993,0,test
0,0.17080799604745747,0,test
1,0.9999999999922309,1,test
0,0.09564190503112394,0,test
0,0.21499960426261883,0,test
0,0.07102510154743007,0,test
0,0.16780199008847516,0,test
0,0.10425843091001624,0,test
0,0.286515003095619,0,test
0,0.4886948042253235,0,test
0,0.11373191168563539,0,test
0,0.30339944570622973,0,test
0,0.10864351828637991,0,test
0,0.0760398561222217,0,test
0,0.2998921535479266,0,test
0,0.3640490212606999,0,test
0,0.13504435919722238,0,test
0,0.15675552159913808,0,test
0,0.11906962871416288,0,test
0,0.12098369490818642,0,test
0,0.3350111428304795,0,test
0,0.18068310687691896,0,test
0,0.40985807232012594,0,test
0,0.1042985150026638,0,test
0,0.07497926603693396,0,test
0,0.20634779448224963,0,test
0,0.09073622223380105,0,test
0,0.11385945645439952,0,test
0,0.08552337489247941,0,test
0,0.05009155808900327,0,test
1,0.19464267829741488,0,test
0,0.27832517980469146,0,test
1,0.09041716566477062,0,test
0,0.07812772113801797,0,test
0,0.09244916443827675,0,test
0,0.11019457010377999,0,test
0,0.1316209776077387,0,test
0,0.11757483513241163,0,test
1,0.9999999999097955,1,test
0,0.2624575027255186,0,test
0,0.15993323958792308,0,test
1,0.9999999999584861,1,test
0,0.22079233088841205,0,test
0,0.37687926527826615,0,test
0,0.14604283227185016,0,test
1,0.9999999999748739,1,test
0,0.17313041633040255,0,test
0,0.44860405242220824,0,test
0,0.07146942053640752,0,test
1,0.9999999999480664,1,test
0,0.3789998839898576,0,test
0,0.14238332821873567,0,test
0,0.1380074665574219,0,test
0,0.1406860895129939,0,test
0,0.11081535511007516,0,test
0,0.17121405311951685,0,test
0,0.20425041022024948,0,test
1,0.3215611586041576,0,test
0,0.1087948160908707,0,test
0,0.18400238976837943,0,test
1,0.9999999999759941,1,test
0,0.0900288313326545,0,test
0,0.21129947683173717,0,test
0,0.18468337983487246,0,test
0,0.28157310551150805,0,test
0,0.232775368945528,0,test
0,0.15336047139089745,0,test
0,0.05863862090673707,0,test
0,0.10129198530197793,0,test
0,0.08597357614718447,0,test
0,0.21346754983443295,0,test
1,0.7882009437326131,1,test
0,0.07280079760983851,0,test
0,0.14327019056971155,0,test
0,0.2280442803567642,0,test
0,0.22614313342171724,0,test
0,0.3232742578001906,0,test
0,0.5564853508235469,1,test
1,0.8056193912998006,1,test
0,0.07694107117807066,0,test
0,0.11313189653654265,0,test
0,0.14289350412086843,0,test
1,0.23129916793662372,0,test
1,0.19197467466527393,0,test
0,0.1709007006937486,0,test
0,0.11873202134418177,0,test
1,0.37428968703006327,0,test
0,0.2504179152061756,0,test
0,0.14274654446561638,0,test
0,0.516250842329707,1,test
0,0.21637040384001724,0,test
1,0.37485412764650944,0,test
0,0.1209508166724769,0,test
0,0.19983344396939115,0,test
1,0.999999999981309,1,test
0,0.4246167403472074,0,test
0,0.19502284359915875,0,test
0,0.06527568931165803,0,test
0,0.18853648629034242,0,test
0,0.12968095485344172,0,test
0,0.22228739628701147,0,test
0,0.0895037297848417,0,test
0,0.16126108274990802,0,test
1,0.9999999999979199,1,test
1,0.9999999999840974,1,test
0,0.26924729910225464,0,test
1,0.999999999938604,1,test
0,0.2905684851055008,0,test
0,0.15013618923370625,0,test
1,0.7085872276800594,1,test
0,0.16745981597765913,0,test
0,0.1533690817401878,0,test
0,0.18014118685868577,0,test
1,0.9999999999228923,1,test
0,0.4398804976509602,0,test
1,0.16518445410824917,0,test
0,0.1316436995196116,0,test
0,0.2299883833690207,0,test
0,0.36017575728438445,0,test
1,0.9999999999953371,1,test
0,0.2948764387770741,0,test
0,0.20914376113171235,0,test
0,0.12179636198257801,0,test
1,0.3325911373492051,0,test
0,0.12985486104643662,0,test
0,0.15333294692589203,0,test
0,0.20649233473304415,0,test
0,0.2766855481071722,0,test
0,0.143873852922224,0,test
0,0.08396912204886622,0,test
0,0.08701547104272367,0,test
0,0.3525767109127423,0,test
0,0.047404614415111034,0,test
0,0.16809150691885116,0,test
1,0.5678792530116007,1,test
1,0.5537753280324145,1,test
1,0.3815657172346529,0,test
0,0.5088529555049222,1,test
0,0.04776219617826151,0,test
0,0.17022058261277942,0,test
0,0.136502999392985,0,test
0,0.09314243869532911,0,test
0,0.15116867402178244,0,test
0,0.10062014500143004,0,test
1,0.13527476724009715,0,test
1,0.2784538161293303,0,test
1,0.2651026115282998,0,test
0,0.13374287383743022,0,test
0,0.08308596211906964,0,test
0,0.22571450812450458,0,test
0,0.05657047617459339,0,test
0,0.2602474506486886,0,test
0,0.1772722247257992,0,test
0,0.08128921307141225,0,test
0,0.17115831480748053,0,test
0,0.22119171592250383,0,test
0,0.15882137963673526,0,test
0,0.08661055785056063,0,test
0,0.8339618099953295,1,test
1,0.9999999999405205,1,test
0,0.1519600248834023,0,test
0,0.14191554503209056,0,test
0,0.1140792224884294,0,test
0,0.17954922346819874,0,test
1,0.9999999999760534,1,test
1,0.9999999999945677,1,test
0,0.12627604924188393,0,test
0,0.5097847445001792,1,test
0,0.09634388759909915,0,test
0,0.21431916022590725,0,test
0,0.17593024344339914,0,test
0,0.11878774344391348,0,test
0,0.0527052670571666,0,test
0,0.4565311776025815,0,test
1,0.9999999998770204,1,test
0,0.17459744754121004,0,test
0,0.04409769251800791,0,test
0,0.22614914177455403,0,test
1,0.21112412925256188,0,test
1,0.11589009728206148,0,test
0,0.3714072427210126,0,test
0,0.5501057206014931,1,test
0,0.11464670209180608,0,test
0,0.10004981977845277,0,test
0,0.1804589138161555,0,test
0,0.1764830278881331,0,test
0,0.13582718256690443,0,test
0,0.18659664223426362,0,test
1,0.3049844635348171,0,test
1,0.0807592777848122,0,test
0,0.2275175391283519,0,test
0,0.39112036128079125,0,test
0,0.20631029187858854,0,test
0,0.13694126298675316,0,test
0,0.13952934403414047,0,test
0,0.10907618991066559,0,test
0,0.10152572271395653,0,test
0,0.09420908206329086,0,test
0,0.11411227260046146,0,test
0,0.31204166457766536,0,test
0,0.14586342305307629,0,test
1,0.999999999996672,1,test
0,0.17665843441559748,0,test
1,0.9999999999222544,1,test
0,0.18197897845716518,0,test
0,0.16349414828987108,0,test
0,0.35601524006349816,0,test
1,0.2904417721461437,0,test
0,0.40631343111402896,0,test
0,0.3267504622958799,0,test
0,0.12325802753965646,0,test
0,0.12569581596659757,0,test
0,0.1377288417834698,0,test
0,0.3540890981168506,0,test
0,0.05363670055062664,0,test
0,0.15274073056066864,0,test
0,0.2983450567382659,0,test
1,0.18676609742842315,0,test
0,0.06389892663799113,0,test
0,0.13173759606367616,0,test
0,0.36241787734203046,0,test
0,0.05771300745380359,0,test
0,0.07869554605825585,0,test
0,0.2790365271659638,0,test
0,0.08690080859814944,0,test
0,0.24137713384989898,0,test
0,0.050523200281326425,0,test
0,0.049827216766773576,0,test
0,0.18669776702101498,0,test
0,0.4744594249001611,0,test
1,0.16852363087507488,0,test
0,0.3248864605430662,0,test
0,0.08830675354959601,0,test
0,0.13094968011477987,0,test
0,0.28005596840489977,0,test
0,0.049909813195820385,0,test
0,0.16887769754601528,0,test
1,0.9999999999374303,1,test
0,0.4881646183653929,0,test
1,0.06965680273321194,0,test
0,0.09544881400385037,0,test
0,0.21614757163496667,0,test
0,0.1885966739885491,0,test
0,0.09480365827039665,0,test
0,0.14328027326454817,0,test
0,0.08850634730884928,0,test
0,0.11506396572389299,0,test
1,0.21093220902384902,0,test
1,0.09012695285519334,0,test
1,0.22706722696071682,0,test
0,0.3760593837857354,0,test
0,0.10265846071593325,0,test
0,0.10680717965442445,0,test
0,0.18012931030537252,0,test
0,0.05731434165305508,0,test
1,0.9999999999979992,1,test
0,0.25542945614532897,0,test
0,0.3618939737486692,0,test
1,0.9999999999341156,1,test
0,0.10291273109734703,0,test
1,0.3963879664433058,0,test
1,0.25272745180719086,0,test
0,0.29357014731075803,0,test
0,0.17211077055103116,0,test
0,0.16904886627159776,0,test
1,0.9999999999793601,1,test
0,0.1244031061314084,0,test
0,0.26003163018198144,0,test
1,0.13683508217166573,0,test
1,0.11790048695827529,0,test
0,0.1812470043376542,0,test
0,0.09852040529485494,0,test
0,0.15727093513803275,0,test
0,0.1110353192466622,0,test
0,0.16272470266629668,0,test
0,0.13121572590015074,0,test
0,0.24905817222541093,0,test
1,0.10740960543682249,0,test
0,0.16989651617513407,0,test
0,0.0720968982236523,0,test
0,0.08351291115297395,0,test
0,0.15073493534918792,0,test
1,0.9999999997439337,1,test
0,0.595153230919561,1,test
0,0.09007390863835706,0,test
0,0.06214852814795542,0,test
0,0.09779415246679511,0,test
0,0.18174213315762078,0,test
0,0.09599709388968539,0,test
0,0.22039986219466906,0,test
0,0.16409423949483606,0,test
0,0.17039671980541257,0,test
0,0.15631934559826258,0,test
1,0.5495022741481226,1,test
0,0.2738881940612991,0,test
0,0.3181221110428986,0,test
0,0.2740091168219338,0,test
1,0.9999999999553544,1,test
0,0.09161347443723354,0,test
0,0.14393815290555784,0,test
0,0.19322297216715098,0,test
1,0.4435047931852917,0,test
0,0.1873807217188939,0,test
0,0.4346410088286943,0,test
0,0.11783306151083871,0,test
1,0.4770772383608487,0,test
0,0.12459069725145401,0,test
0,0.1684863678264571,0,test
0,0.174930026025675,0,test
0,0.19544685845403353,0,test
1,0.9999999999279008,1,test
1,0.9999999999246965,1,test
1,0.25790691534822263,0,test
0,0.04512234065529074,0,test
0,0.11975147584040652,0,test
0,0.1528940484364311,0,test
0,0.16175798639471986,0,test
1,0.9999999999422264,1,test
1,0.779052389265202,1,test
0,0.10268292183994679,0,test
0,0.19480819432308222,0,test
0,0.11593942982556009,0,test
1,0.37959701240414634,0,test
0,0.16377920952251582,0,test
0,0.3815644643388158,0,test
1,0.9999999999856866,1,test
0,0.2758238353048429,0,test
1,0.19401249774292084,0,test
0,0.062116962880006094,0,test
0,0.16304272917955692,0,test
0,0.3608447139185155,0,test
0,0.14484485786794063,0,test
0,0.1537332156030381,0,test
1,0.9999999999621212,1,test
0,0.14466854121833927,0,test
0,0.16436116419013935,0,test
1,0.22776978788188063,0,test
1,0.9999999999494569,1,test
1,0.7660396143046315,1,test
0,0.15737474970954726,0,test
0,0.31418616890106144,0,test
0,0.179175841539366,0,test
0,0.07799242303702153,0,test
1,0.1971081345194251,0,test
0,0.420863760221684,0,test
0,0.20577101813555917,0,test
0,0.1845982330237033,0,test
1,0.24497333893628118,0,test
0,0.21667903859084736,0,test
0,0.1479855506064687,0,test
1,0.9999999999423819,1,test
0,0.11717042961778563,0,test
1,0.32478001360587666,0,test
1,0.26950731396554334,0,test
0,0.10673455483464735,0,test
0,0.3146219764990771,0,test
0,0.23697297184758345,0,test
0,0.21373855931942495,0,test
0,0.11715468717070286,0,test
1,0.9999999999750255,1,test
0,0.2835030210212261,0,test
0,0.21808900547910046,0,test
1,0.23004578630334171,0,test
0,0.1888223347885865,0,test
0,0.1916161153867239,0,test
1,0.9999999999226388,1,test
0,0.26160238312821965,0,test
0,0.16813933677720722,0,test
0,0.07387799711588032,0,test
0,0.07516335561351857,0,test
0,0.06873472090031876,0,test
1,0.9999999999495286,1,test
0,0.19752614093434495,0,test
0,0.1855293635722845,0,test
0,0.26459290626389637,0,test
0,0.2767266334210428,0,test
0,0.26164240830762464,0,test
1,0.4820757117165843,0,test
0,0.1512237341191257,0,test
0,0.11771114656665993,0,test
0,0.19175835471553979,0,test
1,0.9999999997994777,1,test
0,0.1410243454555724,0,test
1,0.9999999999690437,1,test
1,0.21689715007301508,0,test
0,0.14110869142730467,0,test
0,0.11587285037904448,0,test
0,0.2307039310495302,0,test
0,0.1297667144943829,0,test
0,0.10744843270422696,0,test
0,0.5282112130798565,1,test
0,0.1699459808002108,0,test
0,0.2564525306477853,0,test
0,0.122149982235575,0,test
1,0.9999999999955469,1,test
0,0.12863204394031807,0,test
0,0.30715738947299204,0,test
0,0.05726415629971669,0,test
0,0.2599525694245407,0,test
1,0.4101175562115409,0,test
1,0.41871232143485126,0,test
0,0.258273168121682,0,test
0,0.08978446477234157,0,test
1,0.509020370632555,1,test
0,0.1050510734414545,0,test
0,0.23295687130759918,0,test
0,0.09326602303466879,0,test
0,0.2620052385990851,0,test
0,0.5726179226075522,1,test
0,0.2799813088952233,0,test
0,0.25219756901388296,0,test
0,0.18946844910895277,0,test
0,0.3432544593846875,0,test
0,0.12087503979405687,0,test
0,0.12703106281438648,0,test
0,0.09483260710087241,0,test
1,0.2512540599474937,0,test
1,0.20671478661427395,0,test
0,0.20425202968120262,0,test
0,0.17546361234451355,0,test
0,0.30001034739570787,0,test
0,0.08185693718320107,0,test
1,0.9999999999165745,1,test
0,0.1456724559322198,0,test
0,0.14752910301695285,0,test
1,0.9999999999904019,1,test
0,0.14096041181971558,0,test
0,0.18755729304362262,0,test
0,0.15841997050036552,0,test
0,0.21578332080217927,0,test
0,0.23013236375291732,0,test
0,0.12018115586938377,0,test
0,0.26625543443610783,0,test
0,0.26451565010896194,0,test
0,0.11891064767909128,0,test
0,0.4648841258708772,0,test
0,0.06496697731828359,0,test
0,0.1812253768487831,0,test
1,0.3297315990543774,0,test
0,0.15497071482356706,0,test
0,0.2773350662398445,0,test
0,0.15751436840044034,0,test
0,0.052929571865590753,0,test
0,0.09605491683429737,0,test
0,0.20808720594413252,0,test
0,0.3356276356144418,0,test
0,0.13101583110528797,0,test
0,0.2849341817496107,0,test
0,0.2860653461628608,0,test
1,0.999999999989575,1,test
0,0.22070385506964943,0,test
0,0.21690657295697618,0,test
0,0.23635618000040512,0,test
1,0.9999999999726759,1,test
0,0.03667141584600347,0,test
1,0.09562208961820731,0,test
0,0.16131327960690625,0,test
0,0.12428068847090809,0,test
0,0.23067257067033178,0,test
0,0.06519235624435536,0,test
0,0.1860168166361285,0,test
0,0.20171315423227615,0,test
0,0.32455079952215965,0,test
0,0.13614792235146125,0,test
1,0.2639874713150411,0,test
0,0.12592274456600971,0,test
1,0.08783271860588103,0,test
0,0.33474388339194455,0,test
1,0.9999999999599825,1,test
1,0.9999999999840874,1,test
0,0.03636801381659588,0,test
1,0.6144040223847782,1,test
1,0.330144048922925,0,test
0,0.28312949987326824,0,test
0,0.027121120546066243,0,test
0,0.1836152402414482,0,test
1,0.9999999998995792,1,test
0,0.09012022465528519,0,test
0,0.15886750748672743,0,test
0,0.22592865866886563,0,test
0,0.19289918121070088,0,test
0,0.20298508627312922,0,test
0,0.058865729820871876,0,test
0,0.1263499242919349,0,test
1,0.9999999999871345,1,test
1,0.9999999999341451,1,test
1,0.9999999998969029,1,test
0,0.1778180128496566,0,test
0,0.0796436618095274,0,test
0,0.16858360735562242,0,test
0,0.11473340666839416,0,test
0,0.5421192252726266,1,test
0,0.41844839676441803,0,test
1,0.05626770466121561,0,test
0,0.15534635589908075,0,test
0,0.2859972267201675,0,test
1,0.3289268148836077,0,test
0,0.2110411351445194,0,test
0,0.5862258624140727,1,test
1,0.9999999999421305,1,test
0,0.30361524220262875,0,test
1,0.21967445307011144,0,test
0,0.1513771922148947,0,test
0,0.341841949825874,0,test
0,0.5427970115899529,1,test
0,0.09883911894208798,0,test
0,0.09996812550993425,0,test
0,0.24495289144143725,0,test
0,0.36680525061389924,0,test
0,0.06089747462908488,0,test
0,0.15911194943128648,0,test
0,0.09286383001200928,0,test
0,0.33861462382668145,0,test
0,0.12909806470647367,0,test
0,0.39473889364523806,0,test
0,0.23763391889398366,0,test
0,0.11197943371203888,0,test
0,0.2014042409136518,0,test
0,0.2354162958928758,0,test
1,0.9999999999942866,1,test
0,0.1078568010306405,0,test
1,0.9999999999153213,1,test
0,0.20796770569974754,0,test
1,0.9999999999279925,1,test
1,0.41382568782869356,0,test
0,0.313156017054466,0,test
1,0.9999999999040035,1,test
0,0.1738528978711139,0,test
0,0.2187257695708269,0,test
1,0.9999999998909761,1,test
0,0.09953637904844585,0,test
0,0.32724046625318715,0,test
0,0.25852321809227335,0,test
0,0.1543566848555537,0,test
0,0.37715346241032777,0,test
0,0.13335838912523804,0,test
0,0.28224691099521465,0,test
1,0.9999999999566453,1,test
0,0.11126106455422129,0,test
0,0.1811255870639804,0,test
0,0.11900878424916303,0,test
0,0.0805639924474193,0,test
0,0.21675826408113155,0,test
0,0.22943357808814033,0,test
0,0.05410681789764621,0,test
0,0.13087088120544504,0,test
0,0.23767068655108223,0,test
0,0.3527887306069081,0,test
0,0.21682031124637388,0,test
0,0.06479739236152333,0,test
0,0.42116924727240806,0,test
0,0.06138973575401629,0,test
0,0.19400719465005806,0,test
1,0.18087429249308495,0,test
1,0.9999999999569498,1,test
1,0.4926751754692676,0,test
0,0.13684395637009925,0,test
1,0.3441936559392876,0,test
1,0.24619815164990974,0,test
0,0.2390448665920671,0,test
0,0.11597920809024248,0,test
0,0.13459311701549193,0,test
0,0.0882734441852273,0,test
0,0.3261307240780284,0,test
0,0.22660963589819766,0,test
1,0.26047003821300807,0,test
1,0.880157374922747,1,test
0,0.08389907698232271,0,test
1,0.6031474540594209,1,test
0,0.22314485579408652,0,test
0,0.2398495907213388,0,test
0,0.2920459658332872,0,test
1,0.397022058665182,0,test
0,0.20540829655520115,0,test
0,0.06726124960848034,0,test
0,0.047215744403217644,0,test
0,0.3509079965950384,0,test
0,0.26266115345866603,0,test
0,0.1580895618549308,0,test
0,0.11421890530849857,0,test
0,0.20600612669918766,0,test
0,0.24965505942649108,0,test
0,0.25157986826546436,0,test
1,0.573728427388415,1,test
0,0.12329017691955806,0,test
0,0.22951316073320388,0,test
0,0.1645300194611678,0,test
0,0.21464402349109837,0,test
0,0.13543991672285413,0,test
0,0.19295814327460908,0,test
1,0.9999999999862119,1,test
0,0.24462423551804108,0,test
0,0.06713713749859485,0,test
0,0.18507238150216818,0,test
0,0.1842703380312166,0,test
0,0.18673704209130262,0,test
1,0.43988599688769753,0,test
0,0.16651142433830218,0,test
1,0.24584377048831837,0,test
0,0.04560191357232463,0,test
0,0.06393432098542096,0,test
0,0.18754326978573124,0,test
1,0.9999999999443347,1,test
0,0.08812404008068121,0,test
0,0.08950527796288242,0,test
1,0.4769444284027485,0,test
0,0.1861029507964758,0,test
1,0.5968516979758447,1,test
1,0.4153896105809495,0,test
0,0.29254077545107743,0,test
1,0.9999999999369449,1,test
0,0.2562432457763178,0,test
0,0.08361737428085558,0,test
0,0.265741039998218,0,test
1,0.15942049064763858,0,test
0,0.10369644847443558,0,test
0,0.25842911769934285,0,test
0,0.19199023807276877,0,test
1,0.9999999999477287,1,test
0,0.13704724326709847,0,test
1,0.24512253484432583,0,test
1,0.9999999999393725,1,test
0,0.09377730264254262,0,test
0,0.07524439619201026,0,test
1,0.9999999998611029,1,test
0,0.110692731944547,0,test
0,0.18215492878718947,0,test
0,0.13794485153433136,0,test
0,0.1022314509585183,0,test
0,0.25903816132390356,0,test
0,0.1393237547144311,0,test
0,0.3693204542550407,0,test
1,0.5596073177780492,1,test
0,0.131795307412506,0,test
0,0.19244480752689222,0,test
1,0.999802282909397,1,test
0,0.14201951942314836,0,test
0,0.12421287610121431,0,test
0,0.10271181057279016,0,test
1,0.9999999999537228,1,test
0,0.1953389064017131,0,test
0,0.1441032821647423,0,test
0,0.1951722733940612,0,test
0,0.48301044843929275,0,test
1,0.2236715237502825,0,test
0,0.28955439746455425,0,test
0,0.13028401245232765,0,test
0,0.34486563057375597,0,test
0,0.12971531167593323,0,test
1,0.20352009282392075,0,test
0,0.26035598479700073,0,test
1,0.9999999998982976,1,test
0,0.09170079475730165,0,test
0,0.17034564097642552,0,test
1,0.24268344098504405,0,test
0,0.3447920700120829,0,test
0,0.0890569436095956,0,test
1,0.3623670491048295,0,test
0,0.11086789807577646,0,test
0,0.12133217336659893,0,test
0,0.2305873062404934,0,test
0,0.05529963771543727,0,test
0,0.5518116073699549,1,test
0,0.14482897301011247,0,test
0,0.1665889690613367,0,test
0,0.20777023331701813,0,test
0,0.18273771774962477,0,test
0,0.2490304150860356,0,test
0,0.29641653210040136,0,test
0,0.15424436734684518,0,test
0,0.32281758237499814,0,test
0,0.16277951599447546,0,test
1,0.9999999999544409,1,test
0,0.3624962667097566,0,test
0,0.34748312065581405,0,test
0,0.0755333187691534,0,test
1,0.49793123913349135,0,test
0,0.18182613940293593,0,test
0,0.1885408297928724,0,test
1,0.21899930201672896,0,test
0,0.18154701155033864,0,test
0,0.09136707552137378,0,test
1,0.12599046940668152,0,test
1,0.15636484086836713,0,test
0,0.410096631985177,0,test
0,0.6346746096990277,1,test
0,0.34072090235066477,0,test
0,0.0678774500316371,0,test
0,0.33613056017967147,0,test
0,0.295032447591983,0,test
0,0.14695191476218825,0,test
0,0.16836378598532029,0,test
0,0.41953050582633267,0,test
0,0.21165998277219822,0,test
1,0.2773939449631171,0,test
0,0.08581911514638438,0,test
0,0.08493857873154623,0,test
0,0.25275643406879966,0,test
1,0.9999999999608948,1,test
0,0.16794158557627292,0,test
0,0.3390419599209296,0,test
0,0.4851617222069679,0,test
0,0.13759924799830292,0,test
1,0.15586797777595351,0,test
0,0.16442934654219976,0,test
1,0.7691021330606874,1,test
0,0.1980566245124626,0,test
0,0.11878739673106853,0,test
0,0.13988228029675387,0,test
0,0.20827382655787055,0,test
0,0.13860831995728437,0,test
0,0.12242504818168486,0,test
0,0.21086388066106956,0,test
1,0.999999999971569,1,test
0,0.263983751253199,0,test
1,0.9999999999914102,1,test
0,0.13421625254982764,0,test
0,0.07878817874162931,0,test
0,0.4878383549886939,0,test
0,0.15385206434571974,0,test
1,0.07765725657114518,0,test
1,0.9999999998642457,1,test
0,0.14845695387822636,0,test
0,0.16617322969429357,0,test
0,0.1907740583656748,0,test
0,0.318642348327258,0,test
1,0.3002719824500335,0,test
0,0.1708582816510019,0,test
0,0.1400384374348331,0,test
1,0.8296976042755992,1,test
1,0.9999999999432685,1,test
0,0.22042083908818302,0,test
1,0.4474920422819471,0,test
0,0.35949046419801617,0,test
0,0.09144705338580648,0,test
0,0.09531746762665794,0,test
0,0.24203673375564796,0,test
1,0.43631572973428295,0,test
0,0.09701598647357068,0,test
0,0.1495465071108433,0,test
0,0.09055530974680812,0,test
0,0.09703244664581342,0,test
0,0.11573072015870145,0,test
0,0.198610191329996,0,test
0,0.35802000873010476,0,test
0,0.29350658937542284,0,test
0,0.18419945923893843,0,test
0,0.16987162675903844,0,test
1,0.9999999999657592,1,test
0,0.18716582826032338,0,test
1,0.9999999999740554,1,test
0,0.13165485508256858,0,test
1,0.1837591988868438,0,test
0,0.21745356954964856,0,test
0,0.09543396866007091,0,test
0,0.23747945462421297,0,test
0,0.19618316070965655,0,test
0,0.18648342589464836,0,test
0,0.10956884375755832,0,test
1,0.12919572543173494,0,test
0,0.16755768724572984,0,test
0,0.30055162726821244,0,test
0,0.23827676541990994,0,test
0,0.27472565747034694,0,test
1,0.9999999998627347,1,test
0,0.046495123738467696,0,test
0,0.13898362273517656,0,test
0,0.36907872343797116,0,test
0,0.3211691911231845,0,test
1,0.1700819996460406,0,test
1,0.5352439441271553,1,test
0,0.2009671401105687,0,test
0,0.1451482544153187,0,test
0,0.4269662708491108,0,test
0,0.583314217390839,1,test
0,0.2161406823170077,0,test
0,0.15150240894938444,0,test
1,0.12273839913735758,0,test
0,0.13494420083146746,0,test
0,0.1465224467386154,0,test
0,0.39274244844826234,0,test
0,0.2258367693997599,0,test
1,0.8402137266282094,1,test
0,0.0760544152134451,0,test
0,0.06837858367742908,0,test
0,0.14863130157932952,0,test
0,0.08037949959511963,0,test
0,0.4510945152605932,0,test
0,0.13338663028653536,0,test
0,0.5401434195129255,1,test
0,0.45897206144025776,0,test
0,0.18678995306385485,0,test
1,0.2506241377996454,0,test
0,0.1987987877102051,0,test
0,0.20940950232877475,0,test
1,0.33752407834940434,0,test
0,0.16776357929545835,0,test
0,0.08653582586549924,0,test
1,0.14339770504726843,0,test
0,0.1284415123960969,0,test
1,0.9999999999702796,1,test
0,0.1382396689358134,0,test
0,0.1291024365100887,0,test
1,0.21686520927950476,0,test
0,0.13515122992590772,0,test
1,0.21240759366268783,0,test
0,0.0569523893036533,0,test
0,0.16522353793143787,0,test
0,0.17027812540050824,0,test
0,0.2530745806373884,0,test
1,0.3131463997495715,0,test
0,0.12807507305255283,0,test
1,0.28245337075740024,0,test
1,0.2849254617224566,0,test
0,0.23474348957701333,0,test
0,0.256176705457296,0,test
0,0.07368527951498974,0,test
0,0.40156264623008636,0,test
1,0.10847870874638199,0,test
0,0.0749918740098934,0,test
0,0.11247936181237646,0,test
0,0.18280089616440293,0,test
1,0.34249960957249587,0,test
0,0.06665555039839044,0,test
0,0.16763195570639322,0,test
1,0.9999999999550322,1,test
1,0.18055471673100357,0,test
0,0.08269282706256306,0,test
0,0.33859528875242995,0,test
1,0.3693837564968809,0,test
0,0.41339920719676004,0,test
0,0.2716128335351214,0,test
0,0.16567177751765366,0,test
0,0.16558652798056547,0,test
0,0.578431166222396,1,test
0,0.14555753298298824,0,test
1,0.6612589219785451,1,test
0,0.07039320967659944,0,test
0,0.030496729134780676,0,test
0,0.07210925073510122,0,test
0,0.3181206622572277,0,test
1,0.1321456171712814,0,test
1,0.40256166468229215,0,test
1,0.10644898245414668,0,test
0,0.14438721604557891,0,test
0,0.3199485235616065,0,test
0,0.1240444353950147,0,test
1,0.9999999999401303,1,test
0,0.1518469909750965,0,test
1,0.11908326856080485,0,test
0,0.44260745996594836,0,test
0,0.37579086774869686,0,test
0,0.07628564427715666,0,test
0,0.30707340011101475,0,test
0,0.07405966638195136,0,test
1,0.3496443998786164,0,test
0,0.08809589679452852,0,test
1,0.17565699999876075,0,test
0,0.11433280792892167,0,test
0,0.3321950004474397,0,test
1,0.9999999998759006,1,test
0,0.1358600320055445,0,test
0,0.0976781191249942,0,test
0,0.33185013017260634,0,test
0,0.1919556241588905,0,test
0,0.23580081967808006,0,test
0,0.10062815293251691,0,test
0,0.16567871003192886,0,test
1,0.704437739684177,1,test
1,0.9999999998158597,1,test
0,0.3271818801910835,0,test
1,0.9999999999815505,1,test
1,0.999999999919666,1,test
0,0.20172120572228477,0,test
0,0.07184979452480392,0,test
0,0.3393628146361259,0,test
0,0.19834966867482473,0,test
0,0.15532329739219075,0,test
1,0.999999999984692,1,test
0,0.2689489625770223,0,test
1,0.13610100668203148,0,test
0,0.33053173785736,0,test
1,0.25386459373064546,0,test
0,0.07340888819993728,0,test
0,0.12339630550478269,0,test
1,0.9999999999552507,1,test
0,0.16642023776013612,0,test
0,0.16653414410970757,0,test
1,0.23187119490182825,0,test
0,0.10704611970690737,0,test
1,0.22251081194297534,0,test
0,0.09251769884845705,0,test
1,0.9999999999557381,1,test
0,0.18680631875227982,0,test
0,0.2288767893597087,0,test
0,0.14260179396109615,0,test
0,0.2034516622535195,0,test
0,0.12896831115269186,0,test
0,0.33933718442038396,0,test
0,0.3671678333820452,0,test
0,0.3148292697904504,0,test
1,0.09665931993164828,0,test
0,0.17543998637053132,0,test
0,0.08600001584228986,0,test
1,0.3714174695202681,0,test
1,0.9999999998925355,1,test
0,0.19442337729573397,0,test
0,0.06286647373800788,0,test
0,0.11228432720032645,0,test
1,0.17173206390358112,0,test
0,0.09101049924949395,0,test
1,0.3141390811210176,0,test
0,0.19970547891668564,0,test
1,0.9999999999491478,1,test
1,0.9999999999780949,1,test
0,0.4289199538374448,0,test
0,0.1080030715252292,0,test
0,0.2076956916141932,0,test
1,0.9999999999864253,1,test
0,0.08749263649563503,0,test
0,0.07297806720123283,0,test
1,0.38047296522764523,0,test
0,0.181771066898725,0,test
1,0.999999999946724,1,test
1,0.15729082139885783,0,test
0,0.10733738283600952,0,test
0,0.22221608905989496,0,test
0,0.15379809496746444,0,test
1,0.30493923676936513,0,test
1,0.5513949842735892,1,test
1,0.9999999999396549,1,test
1,0.8011572359270578,1,test
0,0.1023206319567376,0,test
0,0.1315600417405475,0,test
0,0.09975833911129403,0,test
0,0.11880980399412758,0,test
0,0.18569171998109496,0,test
0,0.0820229135300429,0,test
0,0.2285608410479531,0,test
0,0.21387238000622388,0,test
1,0.15794690719444604,0,test
0,0.08165485663493477,0,test
0,0.07526346525791339,0,test
0,0.13803468586713163,0,test
1,0.999999999984172,1,test
0,0.10692167730201262,0,test
0,0.1968086309766158,0,test
0,0.4502997611487041,0,test
0,0.22837061372791964,0,test
0,0.19980292956435244,0,test
0,0.08548263025040288,0,test
0,0.32357785261985306,0,test
0,0.07426785457527153,0,test
1,0.9999999999542661,1,test
0,0.5765132396988863,1,test
0,0.5190251485553228,1,test
0,0.32341146648172503,0,test
1,0.9999999998805829,1,test
0,0.09012561319706952,0,test
0,0.24184493009468006,0,test
0,0.12074597896546437,0,test
0,0.19421454289997217,0,test
0,0.18357629881620707,0,test
0,0.14839813326881116,0,test
1,0.4879159704929429,0,test
0,0.3560303278620092,0,test
1,0.3191463010919098,0,test
1,0.29455066360757826,0,test
0,0.07151347196859555,0,test
0,0.15029157257774972,0,test
0,0.08341723460688065,0,test
1,0.6227201128592642,1,test
0,0.12598317761502495,0,test
0,0.04091424134472028,0,test
0,0.20309198664892375,0,test
0,0.2122465328344574,0,test
0,0.14912091276024603,0,test
1,0.20577066325986978,0,test
0,0.09881516606967101,0,test
0,0.06919824971530616,0,test
1,0.9999999999732139,1,test
0,0.15515932267313282,0,test
0,0.1564920928362098,0,test
0,0.31043442237543434,0,test
0,0.3054908288039601,0,test
1,0.9999999999945375,1,test
0,0.1037331974852585,0,test
1,0.9999999999805764,1,test
0,0.16375311140617513,0,test
0,0.06470217411857986,0,test
0,0.1526781453028667,0,test
0,0.358066980931841,0,test
1,0.9999999999400069,1,test
1,0.09842417829135594,0,test
0,0.22004760158819925,0,test
0,0.09175535781504326,0,test
1,0.9999999999320701,1,test
0,0.067530938966898,0,test
0,0.17870038038668504,0,test
1,0.2815212935968048,0,test
1,0.3877986006921302,0,test
0,0.12726223585623692,0,test
1,0.9999999999975473,1,test
0,0.21179867005622943,0,test
0,0.24045617507321346,0,test
0,0.10526082715201567,0,test
1,0.9999999999599278,1,test
0,0.16162056581115847,0,test
0,0.1406675918827527,0,test
0,0.13194580197880246,0,test
0,0.14552108061606087,0,test
1,0.27749400152659154,0,test
0,0.05473768429137028,0,test
0,0.07176711879317088,0,test
0,0.1651666710693766,0,test
0,0.17998079034883943,0,test
0,0.6066762629626747,1,test
1,0.9999999999488802,1,test
0,0.23335985418749133,0,test
1,0.2477925682389804,0,test
0,0.12048432157821949,0,test
1,0.9999999999410187,1,test
0,0.284043345313565,0,test
0,0.08090266481354741,0,test
1,0.9999999999615408,1,test
0,0.10405773235626216,0,test
1,0.999999999945024,1,test
0,0.33989740372523536,0,test
0,0.13803939188243466,0,test
0,0.21871342617051495,0,test
0,0.058379349982611586,0,test
0,0.11732339278550896,0,test
0,0.48243976641598313,0,test
0,0.06702321170724189,0,test
1,0.9999999999809295,1,test
0,0.19611249460708974,0,test
0,0.18974086302233487,0,test
1,0.9999999999711855,1,test
0,0.33172271985016183,0,test
0,0.21568874042589573,0,test
0,0.10375704476949318,0,test
0,0.07990462236092977,0,test
0,0.2161720459736554,0,test
0,0.21532301398111536,0,test
1,0.46241861441856674,0,test
0,0.24310399052125287,0,test
0,0.1042548111894285,0,test
0,0.3044354210864487,0,test
1,0.5591984105077226,1,test
0,0.1774670996764037,0,test
0,0.3272490787502657,0,test
0,0.1456747348925028,0,test
1,0.9999999999818558,1,test
0,0.2988313039166091,0,test
0,0.12153377546731377,0,test
1,0.20655678188591783,0,test
0,0.08965050634016661,0,test
1,0.15830190269088185,0,test
1,0.12849097754260885,0,test
0,0.22557010357783058,0,test
1,0.9999999999422948,1,test
0,0.25383966111510314,0,test
1,0.9999999998163094,1,test
0,0.15837751109223766,0,test
0,0.1888262733191031,0,test
0,0.08922391431476351,0,test
0,0.38824558225703454,0,test
0,0.5324098405235665,1,test
0,0.13856453455094989,0,test
0,0.22244614266989737,0,test
0,0.3044794130324854,0,test
0,0.30028669764652466,0,test
1,0.9999999999664673,1,test
0,0.45367919622890457,0,test
1,0.5227328037722779,1,test
0,0.1421311638738808,0,test
0,0.346890834240501,0,test
1,0.3188948812931915,0,test
1,0.9999999999961164,1,test
0,0.1942635907589401,0,test
1,0.23030747635001714,0,test
0,0.10889259008805952,0,test
1,0.35567947611410994,0,test
0,0.21212439679585282,0,test
0,0.44983162208826943,0,test
1,0.9999999998785087,1,test
0,0.16514056520679882,0,test
0,0.25906883978716105,0,test
0,0.04998299520326149,0,test
0,0.3079637233469389,0,test
0,0.19166842732119257,0,test
1,0.9095173671996059,1,test
0,0.10321402121882306,0,test
0,0.19111642485423028,0,test
1,0.9999999999847482,1,test
0,0.17123063442969422,0,test
1,0.9999999999412714,1,test
0,0.22759769654460205,0,test
0,0.20567376278739452,0,test
0,0.34343154802384485,0,test
1,0.4053808527461324,0,test
0,0.3367475595775437,0,test
0,0.20842916400198339,0,test
0,0.20479991293259947,0,test
0,0.1257342140818743,0,test
0,0.21889624159145235,0,test
1,0.9999999999682425,1,test
0,0.32566347418499536,0,test
0,0.21627868027569347,0,test
0,0.18984554729603745,0,test
0,0.16735177189826606,0,test
1,0.12694051690432312,0,test
1,0.9999999999944775,1,test
1,0.9999999999889042,1,test
0,0.22244541914207083,0,test
0,0.24547312648732614,0,test
0,0.25480034997297457,0,test
0,0.11448513526526084,0,test
0,0.13529421398398744,0,test
0,0.11540826516036207,0,test
1,0.22756107882552815,0,test
0,0.43539351935831877,0,test
1,0.39629419813382166,0,test
0,0.10966564430874225,0,test
1,0.9999999999792544,1,test
0,0.25559145220700225,0,test
0,0.13242702611626592,0,test
1,0.9999999999309435,1,test
0,0.08114754767567477,0,test
0,0.13756027565047413,0,test
0,0.3023858300330774,0,test
0,0.19102813230424004,0,test
1,0.1985341462650469,0,test
0,0.16170745645105594,0,test
0,0.15997453875057727,0,test
0,0.2346434873253999,0,test
1,0.9999999998400495,1,test
0,0.32460542721411395,0,test
0,0.16965715572641474,0,test
0,0.15206945696157675,0,test
0,0.1915011971331092,0,test
1,0.9999999999596858,1,test
0,0.46789396218889157,0,test
0,0.18456852498711662,0,test
0,0.1144961422091546,0,test
1,0.9999999999777966,1,test
1,0.38452114082603267,0,test
0,0.08558118973490185,0,test
0,0.1712154163155367,0,test
0,0.255673380078543,0,test
0,0.2816588741885641,0,test
0,0.23280137016867095,0,test
0,0.10783793575431722,0,test
1,0.32749609733308876,0,test
0,0.2508963818966586,0,test
0,0.1323348665875655,0,test
0,0.1366181631929851,0,test
0,0.10736207782926012,0,test
1,0.9999999998891473,1,test
0,0.16950699057230284,0,test
0,0.16777056991677683,0,test
0,0.256490020388162,0,test
0,0.11070076372917105,0,test
0,0.29370521584345377,0,test
1,0.9999999999692217,1,test
1,0.9999999998736373,1,test
0,0.14331433343254552,0,test
1,0.9999999998954714,1,test
0,0.1575981092594979,0,test
0,0.2199830460072937,0,test
1,0.9999999999951887,1,test
0,0.07685783246696465,0,test
0,0.10767672229036304,0,test
1,0.31255735650794775,0,test
0,0.140577852191834,0,test
0,0.0811876324406982,0,test
0,0.10029875112845126,0,test
0,0.23634565652457,0,test
0,0.5217031368767308,1,test
1,0.5810172591397972,1,test
0,0.10487438597023452,0,test
0,0.2238458870563071,0,test
1,0.48483108276019804,0,test
0,0.16524824477832056,0,test
0,0.06346752233530631,0,test
0,0.1643345568995155,0,test
0,0.33436948003556904,0,test
0,0.26701289091125546,0,test
0,0.12338385591602744,0,test
0,0.31079598418159443,0,test
1,0.24426005848590265,0,test
1,0.4915318103322799,0,test
0,0.2729770162940012,0,test
1,0.9999999999609483,1,test
0,0.24214386045741546,0,test
0,0.44835083506170276,0,test
0,0.4020724919851296,0,test
0,0.29632896858918284,0,test
1,0.20616776245417134,0,test
0,0.3685574791019151,0,test
1,0.18698395092417044,0,test
1,0.16137780091827458,0,test
0,0.18050267511839166,0,test
1,0.14901607573369732,0,test
0,0.26066173878899085,0,test
0,0.13833253802717704,0,test
0,0.06942074491342691,0,test
0,0.11202615051537146,0,test
1,0.9999999999857203,1,test
0,0.1419221075937158,0,test
0,0.05514367412447143,0,test
1,0.2944774726028183,0,test
0,0.2760883092110987,0,test
0,0.2181698775513719,0,test
0,0.11520298605576447,0,test
1,0.9999999997765834,1,test
0,0.0906625453850878,0,test
0,0.29954624790043843,0,test
0,0.2271300967033184,0,test
0,0.07571923186466602,0,test
0,0.10072198781659217,0,test
1,0.38793916485580887,0,test
0,0.29549267751319425,0,test
0,0.18901343946602556,0,test
0,0.08961892103833459,0,test
0,0.324266769376681,0,test
0,0.40857187969352143,0,test
0,0.22967861890416982,0,test
0,0.07098351896778916,0,test
0,0.5899239524592174,1,test
0,0.10863376200572783,0,test
1,0.3503560041379218,0,test
1,0.22320729878947385,0,test
0,0.29552605247859604,0,test
0,0.1836986884442275,0,test
0,0.171688369778692,0,test
1,0.2977474492471899,0,test
0,0.17480834655961555,0,test
0,0.15755392060418263,0,test
1,0.16055542915234808,0,test
0,0.10756438823753489,0,test
0,0.17007764692594549,0,test
0,0.24971626480641218,0,test
0,0.16951555687102773,0,test
0,0.10795255293047212,0,test
0,0.18561872581217753,0,test
0,0.11585230328446676,0,test
1,0.6772062692758365,1,test
0,0.13276974706037514,0,test
1,0.9999999999832905,1,test
1,0.35799004710866333,0,test
0,0.09009504508385845,0,test
0,0.09490026360364218,0,test
0,0.3426418308492204,0,test
0,0.23451527430784372,0,test
0,0.33567419866305737,0,test
0,0.06055407246912857,0,test
0,0.481743516439691,0,test
0,0.11761629046048921,0,test
0,0.1356991142270252,0,test
0,0.22636924885556892,0,test
0,0.11386194051741244,0,test
1,0.9999999999859308,1,test
0,0.32159645706244494,0,test
1,0.22926456101486964,0,test
0,0.12916025136552625,0,test
0,0.1175027838061956,0,test
0,0.16830185788183302,0,test
0,0.11560384623900097,0,test
1,0.10169885041431674,0,test
0,0.20336690463905843,0,test
0,0.14437842445059632,0,test
0,0.10833593189449599,0,test
0,0.1455567862525772,0,test
0,0.1739586261640812,0,test
1,0.9999999999610054,1,test
0,0.2575174612038216,0,test
0,0.13163175551547387,0,test
1,0.32323433532871515,0,test
0,0.18810296617383354,0,test
0,0.18878899390564396,0,test
0,0.06622165108294091,0,test
0,0.15139757803347983,0,test
1,0.30489976784832323,0,test
1,0.34377308984000887,0,test
0,0.07703587654551942,0,test
1,0.9999999998928315,1,test
0,0.15873326850181935,0,test
0,0.21682139158350835,0,test
0,0.20991022588370734,0,test
0,0.4644980740446019,0,test
0,0.34275238341731423,0,test
0,0.39165126821623214,0,test
0,0.12894502978608283,0,test
1,0.4508306109010431,0,test
0,0.21686459064896826,0,test
0,0.10723897816468168,0,test
0,0.1296231317201491,0,test
0,0.1050322845285799,0,test
0,0.27249852483753023,0,test
1,0.678765567205062,1,test
0,0.48270094236106975,0,test
0,0.1181683974739685,0,test
0,0.1337835451439771,0,test
0,0.40645693818628764,0,test
1,0.5984850921765251,1,test
0,0.15987110630152016,0,test
0,0.14214354104592614,0,test
0,0.13279741912092835,0,test
0,0.26670495817175455,0,test
0,0.057091494735504324,0,test
0,0.0951248881360569,0,test
0,0.11105478022129353,0,test
0,0.12316861600253366,0,test
0,0.3313501572824383,0,test
0,0.48901479470459536,0,test
0,0.09984401511876174,0,test
0,0.16820141063268626,0,test
1,0.09983570865388033,0,test
0,0.06827848341774295,0,test
0,0.14306752515942883,0,test
0,0.2883357570647869,0,test
0,0.3323719273214707,0,test
1,0.1729783789186727,0,test
0,0.09126044545700795,0,test
1,0.9999999999398883,1,test
0,0.6947407708362812,1,test
0,0.2329172019871241,0,test
0,0.33787987606503794,0,test
0,0.14096704470955884,0,test
0,0.36305332572098953,0,test
0,0.49788551664716324,0,test
1,0.08012121443408071,0,test
0,0.1515977748581447,0,test
0,0.0750487349644892,0,test
1,0.9999999999968259,1,test
0,0.4429716233619188,0,test
1,0.09879730216620138,0,test
0,0.06657817801351143,0,test
1,0.666945438091462,1,test
0,0.10686362027507441,0,test
0,0.3653561471719958,0,test
0,0.06713105777295736,0,test
0,0.18151073776046822,0,test
0,0.08668177683939286,0,test
0,0.14176489168028358,0,test
0,0.3244388942711112,0,test
0,0.398616499187803,0,test
0,0.25639085019664304,0,test
1,0.9999999998356641,1,test
1,0.9999999998933848,1,test
0,0.1655790929749568,0,test
0,0.23798688801987627,0,test
1,0.9999999999783349,1,test
1,0.15485246830068072,0,test
0,0.16035599751830937,0,test
0,0.1666109940888964,0,test
0,0.21327742059245125,0,test
1,0.13173742506011354,0,test
0,0.08578870952011813,0,test
0,0.19750984841689337,0,test
0,0.1614805668928241,0,test
0,0.06622109946930302,0,test
1,0.3022007200247856,0,test
1,0.3611632050987043,0,test
0,0.1901947275389402,0,test
1,0.9999999999468863,1,test
0,0.16926145280353477,0,test
0,0.2238306047607789,0,test
0,0.5669824462322608,1,test
0,0.1447412218190076,0,test
0,0.2201140674918305,0,test
0,0.17577936674706918,0,test
1,0.2639842156638942,0,test
1,0.9999999999494642,1,test
0,0.14509620920050412,0,test
0,0.23609482069227744,0,test
1,0.9999999999923621,1,test
0,0.10810499531032403,0,test
0,0.40704185797570247,0,test
1,0.9999999999290712,1,test
0,0.24584560670512862,0,test
0,0.13933721806279598,0,test
0,0.0756972424981202,0,test
0,0.07522718559304195,0,test
0,0.3914412228928197,0,test
0,0.10246989198629439,0,test
0,0.35034295013324346,0,test
1,0.999999999929807,1,test
0,0.20463788405137323,0,test
0,0.12530330495399822,0,test
0,0.19416182119219405,0,test
0,0.1952153661209685,0,test
1,0.3317539039740905,0,test
1,0.9999999999788829,1,test
1,0.32628500412531186,0,test
0,0.09399733179709069,0,test
0,0.5183332805157579,1,test
0,0.3081495702849133,0,test
0,0.5352529507801952,1,test
1,0.6969129272214388,1,test
0,0.33201916800160136,0,test
0,0.12330327637810581,0,test
0,0.18602951444258603,0,test
0,0.19087188588910445,0,test
1,0.16093595933825858,0,test
1,0.7487172821253538,1,test
0,0.1643556671889489,0,test
0,0.09410341811383105,0,test
0,0.06941190429381873,0,test
0,0.047463044396067515,0,test
0,0.044247059524674684,0,test
0,0.2235109254546788,0,test
1,0.1741030990470793,0,test
0,0.14822181543672042,0,test
0,0.35484127252492886,0,test
0,0.13150543486176192,0,test
0,0.09332448151947036,0,test
0,0.21482714712702458,0,test
1,0.9999999999063143,1,test
0,0.1289052756225078,0,test
1,0.3408910493512497,0,test
0,0.11104504713227663,0,test
0,0.09804365710465193,0,test
0,0.44406923357600403,0,test
0,0.2470109615661818,0,test
1,0.2694019998377578,0,test
1,0.16335998684287537,0,test
0,0.43485320636491276,0,test
0,0.22680231873954565,0,test
0,0.08758059526645563,0,test
0,0.16444113296463284,0,test
0,0.1366329957875756,0,test
0,0.15424452134840475,0,test
0,0.3047593080556617,0,test
0,0.37678045213248146,0,test
0,0.12053993610424449,0,test
0,0.2023855292428891,0,test
0,0.06876181646760973,0,test
1,0.9999999999353766,1,test
0,0.2459846821453548,0,test
0,0.07353552562979164,0,test
1,0.9999999999779732,1,test
1,0.23050828877509802,0,test
0,0.09079715967985771,0,test
0,0.057180266272881496,0,test
0,0.0972564013222829,0,test
0,0.1517068743008919,0,test
0,0.109593899054412,0,test
0,0.20566178198138763,0,test
1,0.4899291206154342,0,test
0,0.14291240524478543,0,test
1,0.23044879537756444,0,test
1,0.09055786122885953,0,test
0,0.10136586185365448,0,test
0,0.15898793652717944,0,test
1,0.9999999999479519,1,test
0,0.3923146358925327,0,test
1,0.9999999999507274,1,test
0,0.2830977548237418,0,test
0,0.17035576833624336,0,test
0,0.07160722707434489,0,test
0,0.22575683713207606,0,test
0,0.12031036336248652,0,test
0,0.17832487372872494,0,test
1,0.27614342734802233,0,test
1,0.15603695052151687,0,test
0,0.17691139124149757,0,test
0,0.162259322498533,0,test
1,0.9999999999939178,1,test
0,0.18784166279741313,0,test
0,0.22716171530104345,0,test
0,0.22084694901390067,0,test
1,0.23163819128417326,0,test
0,0.10200576669490437,0,test
0,0.09780851983117357,0,test
0,0.25571197574829013,0,test
0,0.07287107759172376,0,test
0,0.3735681807313809,0,test
0,0.2842081126949279,0,test
0,0.1192133619880633,0,test
0,0.18686431461633213,0,test
0,0.27888689939015854,0,test
0,0.049080256445037565,0,test
0,0.11897649493875054,0,test
0,0.11696396471272374,0,test
1,0.999999999959859,1,test
0,0.12390999581968322,0,test
0,0.18303699705862195,0,test
0,0.22254112051743752,0,test
0,0.12497564058388921,0,test
0,0.18344426390831767,0,test
0,0.22364430409958982,0,test
1,0.9999999998983922,1,test
0,0.16318541952198246,0,test
1,0.9999999999715601,1,test
0,0.08361707435252691,0,test
1,0.9999999999404126,1,test
0,0.19125701777616816,0,test
0,0.08180677287029495,0,test
0,0.19998473130448982,0,test
0,0.09887566405985114,0,test
0,0.1762406523876244,0,test
0,0.4119861300880646,0,test
1,0.20409145269883178,0,test
0,0.07463203728718981,0,test
0,0.11421914080970212,0,test
0,0.30243993625632604,0,test
0,0.2406541284847331,0,test
1,0.7389607201749653,1,test
0,0.1363991170556155,0,test
0,0.18723607076466287,0,test
0,0.21596767227734237,0,test
0,0.30210668557465126,0,test
0,0.07712031021820577,0,test
0,0.20172888301001546,0,test
0,0.04940291114048744,0,test
0,0.26516072873473223,0,test
1,0.9999999999298652,1,test
0,0.28047509402750254,0,test
1,0.2542927144106282,0,test
0,0.16735882058573592,0,test
0,0.19046764672476738,0,test
1,0.37545540393014964,0,test
1,0.9999999999767903,1,test
0,0.1587972037277473,0,test
1,0.23452559679762602,0,test
0,0.06344630859784837,0,test
0,0.3511321233446427,0,test
1,0.7100240226240565,1,test
0,0.177899361023229,0,test
0,0.07722480221668021,0,test
0,0.09155363990854024,0,test
0,0.09277602247109672,0,test
1,0.19206737616396688,0,test
0,0.17281365484997704,0,test
0,0.10041539336901152,0,test
0,0.23195730006022322,0,test
0,0.12367778057630349,0,test
0,0.35999189377417434,0,test
0,0.3213826187362046,0,test
1,0.9999999999385154,1,test
0,0.15649762736932288,0,test
1,0.9999999999256335,1,test
0,0.43825238844823594,0,test
0,0.062259804086661284,0,test
0,0.09614041507163743,0,test
0,0.35131382060022515,0,test
1,0.13649568007142723,0,test
0,0.3892137444154851,0,test
0,0.06770023302758499,0,test
0,0.0916762597656335,0,test
0,0.14840168044263252,0,test
0,0.3774301132662386,0,test
1,0.9999999999293554,1,test
0,0.16727178465241543,0,test
0,0.19738241134968554,0,test
0,0.11897062015733244,0,test
1,0.21380264897069567,0,test
0,0.09512424715026381,0,test
0,0.18636101352556494,0,test
1,0.9999999999564997,1,test
0,0.1956012932544677,0,test
0,0.16340453065101493,0,test
0,0.25544688789416586,0,test
0,0.33719592807435816,0,test
0,0.18143223996932864,0,test
0,0.04609733459268588,0,test
0,0.34715158464130885,0,test
0,0.22910213920142883,0,test
0,0.4074082746670676,0,test
0,0.1314991723470837,0,test
1,0.22765316545667563,0,test
0,0.25901022663292317,0,test
0,0.22007510492113433,0,test
0,0.08492589070975838,0,test
1,0.999999999947407,1,test
0,0.12123353105465194,0,test
0,0.13993858047364854,0,test
0,0.3418848965280981,0,test
0,0.09728291816411432,0,test
0,0.04187339310811746,0,test
0,0.27853737135508194,0,test
0,0.1157486363228284,0,test
1,0.07968867401754769,0,test
0,0.180290151184144,0,test
0,0.20787804461468792,0,test
0,0.18054979590246412,0,test
0,0.19074420049777419,0,test
0,0.11707829181367076,0,test
0,0.2209803454837455,0,test
0,0.08366486005510959,0,test
0,0.18359152179036148,0,test
0,0.12519873326461745,0,test
0,0.32669356403561545,0,test
0,0.09661747982474149,0,test
0,0.15714887902096847,0,test
0,0.10963730702188733,0,test
1,0.9999999999971207,1,test
1,0.3614013043592946,0,test
0,0.2481096973473704,0,test
0,0.13396663431881808,0,test
0,0.19238345774630755,0,test
0,0.3482719429564878,0,test
1,0.9999999997970042,1,test
0,0.19593209330699146,0,test
1,0.538954360844096,1,test
