{
    "best_params": {
        "C": 100,
        "max_iter": 1000,
        "penalty": "l2",
        "random_state": 42,
        "solver": "lbfgs"
    },
    "best_cv_score": 0.8516624394608716,
    "validation_metrics": {
        "auc_roc": 0.8418032083187326,
        "auc_pr": 0.7708682563029376,
        "brier_score": 0.13376164253545883,
        "dataset": "Validation"
    },
    "test_metrics": {
        "auc_roc": 0.8511610685417621,
        "auc_pr": 0.7800292059879791,
        "brier_score": 0.13123470743883361,
        "dataset": "Test"
    }
}