true_label,predicted_probability,predicted_probability_calibrated,predicted_label,predicted_label_calibrated
0,0.45728052,0.18899349360898363,0,0
0,0.66675085,0.7920841502247365,1,1
0,0.4235741,0.12941183932200706,0,0
0,0.3724315,0.0698917256661035,0,0
1,0.9635693,0.9950171451122506,1,1
1,0.9591818,0.9947184110496964,1,1
1,0.95515853,0.9944288499026545,1,1
1,0.45219743,0.1788194900185838,0,0
0,0.36355868,0.06257875169858704,0,0
0,0.3826232,0.0792626461384686,0,0
1,0.4509202,0.17633141178851297,0,0
0,0.35985157,0.05973994298950921,0,0
1,0.36251765,0.06176908740165423,0,0
0,0.5927227,0.5866375814030588,1,1
1,0.96918976,0.9953753896440442,1,1
1,0.43522668,0.14795429253438894,0,0
0,0.37459987,0.07179552507522838,0,0
0,0.35727456,0.057838067530582425,0,0
0,0.35831884,0.05860181300874,0,0
0,0.40350962,0.10212745138181434,0,0
0,0.36120972,0.06076570316423743,0,0
0,0.35097402,0.05342496646153117,0,0
0,0.3795367,0.07630958806989259,0,0
1,0.42129037,0.12601839578585947,0,0
0,0.39846462,0.0961198317998969,0,0
1,0.51561564,0.33660983861677896,1,0
0,0.3697137,0.06757150956739423,0,0
0,0.36468142,0.06346306725956997,0,0
0,0.48231944,0.24553442965730377,0,0
1,0.95739686,0.9945918419296884,1,1
0,0.36707336,0.06538601870565931,0,0
1,0.4168651,0.11965941410297608,0,0
0,0.37454394,0.0717458159956102,0,0
0,0.36791778,0.06607772359909136,0,0
0,0.42090794,0.12545764343490948,0,0
1,0.9686345,0.9953411692412397,1,1
0,0.39901003,0.09675376559087717,0,0
0,0.42424503,0.13042348675280807,0,0
0,0.48435342,0.25059499680448566,0,0
0,0.39524534,0.09245319291794438,0,0
0,0.3988563,0.09657471924837392,0,0
0,0.36887446,0.06686960315076726,0,0
0,0.43906748,0.1545299532821292,0,0
0,0.36340007,0.06245475679110875,0,0
0,0.5748603,0.5279253390992144,1,1
0,0.41030958,0.11075002931781615,0,0
0,0.37840146,0.07524905845964086,0,0
1,0.5117913,0.32531513892639596,1,0
0,0.35719234,0.05777832967945583,0,0
0,0.37744507,0.07436613001924178,0,0
0,0.37621132,0.0732412097113299,0,0
0,0.36510774,0.06380189680993123,0,0
0,0.38000304,0.07674920892146889,0,0
1,0.4391452,0.15466545450071442,0,0
0,0.46670738,0.20902379414182254,0,0
0,0.3732454,0.07060077840779384,0,0
1,0.96491134,0.9951051194770426,1,1
0,0.34292674,0.048249670940278926,0,0
0,0.44822678,0.17117393526796054,0,0
0,0.36677387,0.06514231886155697,0,0
0,0.36336532,0.06242762131766684,0,0
0,0.3675923,0.06581031255599355,0,0
0,0.3655527,0.06415732743735662,0,0
1,0.9646754,0.9950897675526075,1,1
0,0.36443987,0.06327183666507857,0,0
0,0.40283766,0.10130848472930014,0,0
0,0.34151116,0.047389926469766294,0,0
0,0.41181555,0.1127439039580072,0,0
0,0.40032768,0.09830069655304904,0,0
0,0.42304772,0.12862286023204642,0,0
1,0.44379473,0.1629488694847508,0,0
1,0.5160302,0.3378457393400205,1,0
0,0.3827148,0.07935187403616147,0,0
0,0.43555537,0.14850785409549774,0,0
0,0.39529637,0.09251031241050613,0,0
0,0.3817282,0.07839575965528728,0,0
1,0.4477959,0.17036006116447536,0,0
0,0.3840046,0.08061786563121752,0,0
0,0.40040195,0.09838853979686414,0,0
1,0.5123852,0.32705629326004404,1,0
0,0.45449433,0.18336281821467817,0,0
1,0.967694,0.9952826324359177,1,1
1,0.96742445,0.9952657222093744,1,1
0,0.367323,0.06558981837275447,0,0
0,0.39071104,0.08750192792344182,0,0
0,0.4138266,0.11545531370307839,0,0
1,0.79598844,0.9552729118661721,1,1
0,0.40577486,0.10493166234389492,0,0
0,0.4969431,0.28343023707717324,0,0
0,0.3684776,0.06654005533901684,0,0
0,0.36763155,0.0658425071310121,0,0
0,0.4047575,0.10366392728783803,0,0
0,0.36350885,0.06253977178494309,0,0
0,0.36011785,0.0599397707099695,0,0
0,0.4479175,0.17058942182910952,0,0
0,0.36888087,0.06687493643580096,0,0
1,0.9686964,0.9953449982461667,1,1
0,0.39194947,0.08882993867284035,0,0
1,0.69390625,0.8455029389654869,1,1
0,0.36202303,0.061387824777889434,0,0
1,0.95572275,0.9944703901574715,1,1
1,0.46193925,0.19870285857903766,0,0
0,0.4094838,0.10966985152209009,0,0
0,0.37127337,0.06889414822181746,0,0
1,0.5981745,0.6041538649914633,1,1
0,0.39975265,0.09762290822035063,0,0
1,0.9593787,0.9947321939205901,1,1
1,0.716228,0.8805347282440644,1,1
1,0.40228117,0.10063464852235364,0,0
0,0.3703583,0.06811526028333068,0,0
1,0.5716475,0.5172339854545804,1,1
1,0.9668581,0.9952299922195095,1,1
0,0.3982861,0.09591315002450283,0,0
0,0.402374,0.10074677951944076,0,0
0,0.369512,0.06740219144728607,0,0
0,0.45339808,0.18118332928938366,0,0
0,0.43733406,0.15153313908843247,0,0
0,0.43141693,0.14166193650189912,0,0
0,0.38147327,0.07815042841220311,0,0
0,0.44894803,0.17254316472211484,0,0
0,0.547328,0.43648700218142644,1,0
1,0.9706882,0.9954664927486327,1,1
1,0.9628399,0.9949686747634013,1,1
0,0.40587673,0.10505934652826318,0,0
0,0.3836271,0.08024542829671065,0,0
0,0.39963672,0.09748676740570268,0,0
0,0.43557453,0.14854017989208762,0,0
1,0.9602449,0.9947923916811994,1,1
1,0.956574,0.9945324825338604,1,1
0,0.42766482,0.13568473912008153,0,0
1,0.9671282,0.9952470670686178,1,1
1,0.9597302,0.9947567048209278,1,1
0,0.40001526,0.09793193463856686,0,0
0,0.3664212,0.06485641428021992,0,0
0,0.36526722,0.06392907377766227,0,0
1,0.42319146,0.12883790058893899,0,0
1,0.96663374,0.9952157645058333,1,1
0,0.42139676,0.1261747840352872,0,0
0,0.40655738,0.10591605342023788,0,0
1,0.9643733,0.9950700363937528,1,1
0,0.37008563,0.06788476220630048,0,0
0,0.36724985,0.06553003085199897,0,0
0,0.4313592,0.14156833334327382,0,0
1,0.55766577,0.47064937646202315,1,0
0,0.37133676,0.06894840779433056,0,0
0,0.36980885,0.06765152718839153,0,0
0,0.44379383,0.1629472428425955,0,0
1,0.3656017,0.06419657781174094,0,0
0,0.36034358,0.06010965010807964,0,0
0,0.40978488,0.11006262182034308,0,0
0,0.45934775,0.19325627954819488,0,0
1,0.4253691,0.13213344916629127,0,0
0,0.44049796,0.1570393614710194,0,0
0,0.34748653,0.051120736497525195,0,0
0,0.49948806,0.29037518425135367,0,0
0,0.36970642,0.06756539845964012,0,0
0,0.3931808,0.09016831806004859,0,0
0,0.5057445,0.3078673863029064,1,0
0,0.35041973,0.053052296402806155,0,0
0,0.38561875,0.08222819109232571,0,0
0,0.36442375,0.06325909137662936,0,0
0,0.4177414,0.12089618274861616,0,0
0,0.38834536,0.08501494815437248,0,0
0,0.36921698,0.06715525246063288,0,0
0,0.425096,0.13171625533364606,0,0
1,0.4481928,0.17110965016538546,0,0
0,0.4436751,0.16273134092833036,0,0
0,0.38150424,0.07818018970652728,0,0
0,0.48774707,0.2591916845415977,0,0
0,0.36420238,0.06308433884612058,0,0
0,0.38094407,0.07764339442685723,0,0
0,0.3727884,0.07020184555017081,0,0
0,0.38426825,0.08087892130852528,0,0
0,0.3808552,0.07755854229595013,0,0
0,0.48455286,0.25109491860767746,0,0
0,0.41042703,0.11090441540279054,0,0
0,0.39657867,0.09395631481412745,0,0
0,0.36651966,0.06493611984978631,0,0
0,0.35809767,0.05843927664039268,0,0
0,0.52380115,0.36140912142587334,1,0
1,0.98201376,0.996099667393667,1,1
0,0.39448908,0.0916102507029149,0,0
0,0.43536648,0.14818953198249418,0,0
0,0.37519163,0.07232332593925386,0,0
0,0.3726585,0.07008882177303065,0,0
0,0.3655391,0.06414644443271267,0,0
1,0.41596863,0.11840545568798923,0,0
0,0.44250613,0.16061799592084738,0,0
1,0.46180284,0.19841331785383928,0,0
0,0.36745286,0.06569605089887219,0,0
0,0.4211723,0.12584502973366404,0,0
0,0.41120684,0.11193423498804081,0,0
1,0.78618497,0.9493409676489735,1,1
0,0.36149204,0.06098098511273753,0,0
1,0.9568123,0.9945497396648875,1,1
0,0.3631329,0.062246403637463525,0,0
0,0.3803903,0.07711603077711943,0,0
1,0.37281272,0.07022302219207241,0,0
0,0.5086707,0.31624625460921285,1,0
1,0.47107765,0.21882526930576085,0,0
0,0.39742666,0.09492366166126205,0,0
1,0.3750683,0.07221303771012107,0,0
1,0.8021295,0.958645204254436,1,1
0,0.44778594,0.17034129592670602,0,0
0,0.40967306,0.1099166131276358,0,0
1,0.4712194,0.21914863018951258,0,0
0,0.40087625,0.098951196105854,0,0
0,0.39695632,0.09438602709432818,0,0
0,0.38772407,0.0843725141258414,0,0
0,0.41327894,0.11471134059788496,0,0
0,0.36897612,0.06695426291452222,0,0
1,0.42925528,0.13819199353682698,0,0
1,0.4498508,0.17426920476335928,0,0
0,0.39520177,0.09240443954944702,0,0
0,0.4931281,0.2732099056160826,0,0
0,0.5431767,0.42291819810854614,1,0
1,0.97137344,0.9955075548894419,1,1
0,0.4365403,0.15017687377871888,0,0
1,0.54906297,0.4421874135601358,1,0
0,0.37095195,0.06861963195476108,0,0
0,0.39388952,0.0909468868049328,0,0
0,0.36846286,0.06652783407361292,0,0
0,0.35534695,0.0564527630525552,0,0
0,0.38141465,0.07809411372179613,0,0
0,0.39474538,0.09189514927827261,0,0
0,0.4969758,0.28351889493271804,0,0
1,0.95925575,0.9947235921706898,1,1
0,0.3967421,0.09414206367845841,0,0
0,0.36751094,0.06574362324853467,0,0
0,0.37197292,0.06949513729659976,0,0
0,0.38485664,0.0814642759958294,0,0
0,0.42939442,0.13841318994691235,0,0
0,0.4077982,0.10749366407954326,0,0
1,0.9675838,0.9952757252925652,1,1
0,0.36123592,0.06078564922681776,0,0
0,0.48935595,0.2633336135168086,0,0
0,0.3528325,0.05469257977478363,0,0
0,0.44850108,0.17169365494747982,0,0
0,0.39131486,0.08814716984498522,0,0
0,0.37284312,0.07024950129909224,0,0
0,0.40242052,0.10080301272613323,0,0
0,0.3713665,0.0689738803180714,0,0
0,0.38862336,0.08530384002880495,0,0
1,0.9617172,0.9948931476859445,1,1
0,0.44076234,0.15750675499801206,0,0
1,0.6200607,0.671447704502595,1,1
1,0.43327743,0.1447064440157443,0,0
1,0.9654777,0.9951417802666481,1,1
0,0.35515043,0.0563132990676536,0,0
0,0.4053308,0.10437665103187449,0,0
0,0.39168343,0.08854312501711543,0,0
0,0.42475194,0.13119225693531844,0,0
0,0.47856674,0.23638004445154048,0,0
1,0.7318934,0.9008283515198162,1,1
0,0.63153946,0.7042989848497191,1,1
1,0.9574565,0.9945961210705221,1,1
1,0.9655097,0.995143843953342,1,1
0,0.44239953,0.160426379658849,0,0
1,0.9632029,0.9949928554058375,1,1
1,0.9666911,0.995219404825761,1,1
0,0.4024141,0.10079526594702594,0,0
1,0.4112155,0.11194573477312404,0,0
0,0.37167257,0.0692365140155358,0,0
0,0.43880248,0.1540686898253161,0,0
0,0.34372702,0.04874224850672515,0,0
0,0.4962575,0.2815766418136547,0,0
1,0.9520806,0.9941967152994775,1,1
1,0.39017013,0.08692754322854566,0,0
1,0.486742,0.256625772721518,0,0
0,0.34805065,0.05148698197067508,0,0
0,0.3830416,0.07967089926025885,0,0
0,0.35930607,0.05933252797935181,0,0
0,0.41121817,0.11194925209570347,0,0
1,0.54399776,0.4255933409097053,1,0
0,0.36970517,0.06756434659936567,0,0
0,0.40270633,0.10114909316281274,0,0
1,0.40776443,0.10745046082318666,0,0
0,0.3648512,0.06359780546141955,0,0
0,0.35155326,0.053817046096956145,0,0
0,0.50019485,0.29232168615465326,1,0
1,0.9842606,0.9962143921464639,1,1
0,0.37264347,0.07007576449861645,0,0
0,0.36772048,0.06591550633549824,0,0
0,0.3711005,0.06874636616865273,0,0
0,0.36382315,0.06278601409066639,0,0
0,0.3603056,0.06008104370581045,0,0
0,0.36326894,0.0623524163584712,0,0
0,0.3643209,0.06317784642739996,0,0
1,0.96213835,0.9949216116662405,1,1
0,0.3483485,0.051681349287387046,0,0
0,0.40464398,0.10352331669363264,0,0
1,0.967589,0.9952760542542739,1,1
0,0.48202357,0.2448040540414702,0,0
0,0.35108498,0.053499860727660054,0,0
0,0.505685,0.30769816642992437,1,0
0,0.3675304,0.06575956922134987,0,0
0,0.4745592,0.2268672849010723,0,0
1,0.82361954,0.9686286265751196,1,1
0,0.35865378,0.05884877939504122,0,0
0,0.37871686,0.07554233676523218,0,0
0,0.3597432,0.0596588040203645,0,0
0,0.42526418,0.1319730222302003,0,0
0,0.42883676,0.13752848723708477,0,0
0,0.35997677,0.059833818859818935,0,0
0,0.44447714,0.1641942484978225,0,0
0,0.38812044,0.08478186433579588,0,0
0,0.38179815,0.07846319539671018,0,0
0,0.36069337,0.060373793141265356,0,0
0,0.36145914,0.06095585911044098,0,0
1,0.54802334,0.4387697040597114,1,0
0,0.40629756,0.10558831077483107,0,0
1,0.9627314,0.9949614258410814,1,1
0,0.40282008,0.10128713280422562,0,0
1,0.5463976,0.43343698869956837,1,0
0,0.4348159,0.14726490186485397,0,0
0,0.46303725,0.20104511689382942,0,0
1,0.9599127,0.9947693872530194,1,1
0,0.357438,0.057956979236499825,0,0
0,0.39929575,0.09708734048490644,0,0
1,0.38648033,0.08309967245058487,0,0
0,0.42259926,0.1279538893142195,0,0
1,0.5928361,0.587004232996663,1,1
0,0.3710536,0.06870634419414526,0,0
0,0.43107316,0.14110528353139373,0,0
0,0.35900173,0.059106359467251526,0,0
0,0.3734912,0.07081622573751395,0,0
0,0.36958793,0.06746588966929438,0,0
0,0.4145259,0.11641132348359721,0,0
0,0.40087244,0.09894665941020611,0,0
1,0.41529933,0.11747670112665955,0,0
0,0.49253154,0.2716327001420583,0,0
1,0.62270105,0.6791699010819695,1,1
0,0.36910486,0.0670616265176722,0,0
1,0.40743718,0.10703252708912915,0,0
0,0.37161633,0.06918818863594356,0,0
0,0.37236303,0.06983238958233445,0,0
0,0.43963274,0.15551761766357036,0,0
0,0.37437114,0.07159246654651219,0,0
0,0.38054448,0.07726254005502471,0,0
1,0.9447487,0.9936042903739355,1,1
0,0.35142136,0.053727523093782675,0,0
1,0.7049151,0.8637276820162406,1,1
0,0.35751277,0.05801145932425868,0,0
1,0.9665024,0.9952074177018823,1,1
0,0.367507,0.06574040030337426,0,0
0,0.46110854,0.19694447251629604,0,0
1,0.9551642,0.9944292683348877,1,1
0,0.36638376,0.06482613847574914,0,0
0,0.39249662,0.08942242763670186,0,0
0,0.36196074,0.061339969964193615,0,0
0,0.39670664,0.09410172918922713,0,0
1,0.81389666,0.9644388653762704,1,1
0,0.38821417,0.08487892491008503,0,0
0,0.36807844,0.06621009927772355,0,0
0,0.46804336,0.21198537741388238,0,0
1,0.52905756,0.3777430878125741,1,0
0,0.4277633,0.13583889201548774,0,0
0,0.36096987,0.06058336424353925,0,0
0,0.5238714,0.3616254885077085,1,0
1,0.9649477,0.9951074812371559,1,1
0,0.36810726,0.06623386995093541,0,0
1,0.49294692,0.27273031729872166,0,0
0,0.362103,0.06144930868390552,0,0
0,0.40603018,0.10525195352998563,0,0
0,0.4607456,0.19617993822012939,0,0
0,0.38453645,0.08114525290197025,0,0
0,0.39164302,0.0884996316018967,0,0
0,0.38152963,0.07820460228059613,0,0
0,0.41298556,0.11431453556489271,0,0
1,0.7329337,0.9020611244038429,1,1
1,0.65436965,0.7635754899374317,1,1
0,0.434223,0.1462744933268134,0,0
0,0.36495426,0.06367971967404129,0,0
0,0.4555455,0.18547176199422163,0,0
0,0.43266037,0.14369071735042904,0,0
1,0.96397656,0.9950440079551414,1,1
0,0.5059617,0.30848507840584943,1,0
0,0.37234223,0.06981436808482008,0,0
0,0.36425582,0.0631264800336505,0,0
1,0.96724164,0.9952542187008084,1,1
1,0.9482397,0.9938935069467277,1,1
1,0.41475397,0.11672461817358241,0,0
0,0.36906502,0.0670283814141597,0,0
1,0.9608159,0.9948317013804013,1,1
0,0.5446636,0.4277659908321353,1,0
1,0.51250714,0.32741441290565326,1,0
0,0.38293907,0.07957068699880745,0,0
0,0.38409552,0.08070780703192884,0,0
0,0.43496686,0.1475179309389313,0,0
0,0.38260207,0.07924207926673764,0,0
0,0.59517837,0.594557437186337,1,1
0,0.3955003,0.0927389401760157,0,0
0,0.35905764,0.05914784718584402,0,0
0,0.6166752,0.6614094610925964,1,1
0,0.35904038,0.05913503969671093,0,0
0,0.6262334,0.6893489154947747,1,1
0,0.43074146,0.14056990893924068,0,0
0,0.41179323,0.11271412270426777,0,0
0,0.3787631,0.07558543426400187,0,0
1,0.68075526,0.8211762696763133,1,1
0,0.36698946,0.06531766634347318,0,0
1,0.48666146,0.2564209167008723,0,0
0,0.3802137,0.07694856859807872,0,0
1,0.47248322,0.22204707223973133,0,0
0,0.3851854,0.08179300984634735,0,0
0,0.36823824,0.06634200723232235,0,0
1,0.9581265,0.9946439399781511,1,1
0,0.35552227,0.056577463326261984,0,0
0,0.4962304,0.28150346839976426,0,0
0,0.43444544,0.14664541601933126,0,0
0,0.37013748,0.06792854365645175,0,0
0,0.4002134,0.0981656489414348,0,0
0,0.4091244,0.10920264801182371,0,0
0,0.48391682,0.249502892272847,0,0
0,0.46673855,0.2090925504498849,0,0
0,0.4073621,0.10693685662949719,0,0
0,0.4007752,0.0988310716216538,0,0
0,0.38463092,0.08123926151694601,0,0
0,0.37996325,0.07671161250199274,0,0
0,0.38672546,0.08334914257164806,0,0
1,0.7889519,0.951086793856691,1,1
0,0.43336478,0.14485071129424357,0,0
0,0.37753153,0.07444555269286243,0,0
0,0.35445696,0.05582374140360461,0,0
0,0.34921312,0.052249523463981734,0,0
1,0.63854784,0.7233895935005968,1,1
0,0.4870303,0.2573600991488715,0,0
0,0.3867797,0.08340443638811598,0,0
1,0.65866125,0.7737534678698991,1,1
1,0.9699377,0.9954210870048709,1,1
0,0.41266683,0.11388478275594288,0,0
1,0.46106705,0.1968569691125748,0,0
0,0.3927296,0.08967581352368732,0,0
1,0.7765103,0.9427622957055769,1,1
1,0.38135085,0.07803285967550108,0,0
1,0.43481386,0.14726145735481505,0,0
0,0.40473068,0.10363068823543675,0,0
1,0.9601144,0.9947833678755279,1,1
0,0.34732032,0.05101330151544822,0,0
0,0.484511,0.25098990397499815,0,0
0,0.37491232,0.07207376044497708,0,0
0,0.3840644,0.0806770203262963,0,0
0,0.40731245,0.10687362407949028,0,0
0,0.36751872,0.06574999632245904,0,0
0,0.35648534,0.05726706448329979,0,0
1,0.95515054,0.9944282596398449,1,1
0,0.40472266,0.103620755281785,0,0
0,0.4390153,0.15443903278963317,0,0
0,0.39737448,0.09486387661636683,0,0
0,0.44495517,0.16507118122421324,0,0
0,0.37743658,0.0743583315832581,0,0
1,0.9686771,0.9953438045519617,1,1
0,0.3784501,0.07529421647629511,0,0
0,0.478321,0.23578885719875575,0,0
0,0.35121527,0.05358793715765915,0,0
1,0.83548766,0.9730982258537747,1,1
1,0.39739645,0.09488903617266546,0,0
0,0.35624158,0.057091782254801,0,0
0,0.39407662,0.09115343002379943,0,0
0,0.36466885,0.06345309724509726,0,0
0,0.43149224,0.14178412836541937,0,0
0,0.5168881,0.3404104004573578,1,0
0,0.36580667,0.06436103216939551,0,0
0,0.3994272,0.09724116353171938,0,0
1,0.43727177,0.15142634868619048,0,0
0,0.37503156,0.07218020512576684,0,0
0,0.37169617,0.06925680615265677,0,0
0,0.37038946,0.06814165916159144,0,0
0,0.44573283,0.16650580530103176,0,0
0,0.37802717,0.07490237813199975,0,0
1,0.4899216,0.26479989271305315,0,0
0,0.43223768,0.14299837020906894,0,0
0,0.4071413,0.10665590241543749,0,0
1,0.37224445,0.0697297143403438,0,0
1,0.9634974,0.99501238889775,1,1
0,0.39185128,0.08872397683101567,0,0
0,0.3714978,0.06908644135228977,0,0
1,0.95551753,0.9944553167823065,1,1
0,0.41187754,0.11282664359906934,0,0
1,0.8067745,0.9610329234431485,1,1
0,0.387097,0.08372857377239673,0,0
1,0.9580638,0.9946394823106076,1,1
0,0.36899835,0.06697279161421761,0,0
1,0.5764455,0.5331918883341912,1,1
0,0.5134206,0.33010318398813454,1,0
0,0.3684476,0.06651519528130828,0,0
0,0.3566176,0.05736238564253246,0,0
1,0.96724516,0.9952544402564639,1,1
0,0.41509014,0.11718772712894042,0,0
0,0.36698732,0.06531591894898145,0,0
1,0.37011287,0.06790775678551665,0,0
0,0.40022764,0.0981824724490174,0,0
0,0.37093383,0.06860418642042482,0,0
0,0.39567187,0.09293167695038987,0,0
0,0.4862136,0.2552835037294883,0,0
0,0.36997718,0.06779328315117686,0,0
0,0.37996703,0.07671518836326856,0,0
0,0.61000526,0.641208244973874,1,1
0,0.36838034,0.06645950749556814,0,0
0,0.42957744,0.13870457555924626,0,0
0,0.39729702,0.09477520013879803,0,0
1,0.95380044,0.9943275842419547,1,1
1,0.4641944,0.2035358015734585,0,0
0,0.37339973,0.0707359890369774,0,0
1,0.8049288,0.9601004084003378,1,1
0,0.3846612,0.08126941272600591,0,0
1,0.96663284,0.9952157077222504,1,1
0,0.37486255,0.07202937373994994,0,0
0,0.39014494,0.08690088518512452,0,0
0,0.36873043,0.0667498200175284,0,0
0,0.41972354,0.12373448332287809,0,0
0,0.47617492,0.23066971913442694,0,0
0,0.37223187,0.06971883312730001,0,0
0,0.3599069,0.05978142263357884,0,0
0,0.398392,0.09603569642451158,0,0
0,0.36072803,0.06040002570551384,0,0
1,0.9527188,0.9942456241371737,1,1
0,0.4475985,0.1699882093767171,0,0
0,0.40226513,0.10061529330544657,0,0
1,0.7974517,0.9560994736416305,1,1
0,0.40265375,0.10108535552833973,0,0
0,0.3828345,0.07946858331861553,0,0
1,0.41467807,0.1166202692033747,0,0
1,0.67777956,0.815273111203699,1,1
0,0.39719737,0.09466121384040795,0,0
0,0.3755027,0.07260221549868143,0,0
1,0.4670294,0.2097348366386952,0,0
0,0.3684892,0.06654966098842956,0,0
0,0.3693096,0.06723269361257694,0,0
1,0.79801077,0.9564114330541368,1,1
0,0.36385036,0.0628073745478144,0,0
0,0.42655516,0.1339582313066973,0,0
0,0.3982655,0.09588933300991034,0,0
0,0.36374524,0.06272489468446338,0,0
0,0.52199507,0.35586785017367467,1,0
1,0.39826787,0.09589205567152778,0,0
0,0.38812143,0.08478288225441973,0,0
0,0.39758223,0.09510209024429041,0,0
1,0.7912023,0.952464504481014,1,1
0,0.37057066,0.06829529364106592,0,0
0,0.4131824,0.11458064651648024,0,0
0,0.36242777,0.06169964043875795,0,0
0,0.37853375,0.0753719453906523,0,0
0,0.34901664,0.05211988944187977,0,0
0,0.40281442,0.10128025761058927,0,0
0,0.4568858,0.18818784066212513,0,0
0,0.45427424,0.18292362434572604,0,0
1,0.97297406,0.9956020368195684,1,1
0,0.37498382,0.07213756729427033,0,0
0,0.5028368,0.2996649605946553,1,0
0,0.38551915,0.08212798594567289,0,0
0,0.5861927,0.5653686595986297,1,1
1,0.9554939,0.9944535804854445,1,1
0,0.37816745,0.07503213848134911,0,0
1,0.8072756,0.9612824624519637,1,1
0,0.36523825,0.06390595475705016,0,0
0,0.43442124,0.14660502603496248,0,0
1,0.9505273,0.9940759411706377,1,1
0,0.39190474,0.08878165479741794,0,0
0,0.51617867,0.3382889292602238,1,0
0,0.4196512,0.12362991316630303,0,0
0,0.3763779,0.0733921882023923,0,0
0,0.40162024,0.0998395398823231,0,0
0,0.45839843,0.19128969360239048,0,0
0,0.36218572,0.06151298435921407,0,0
0,0.49262923,0.2718905932953872,0,0
0,0.46074983,0.19618884003180564,0,0
0,0.3716464,0.06921402487147837,0,0
0,0.41380692,0.1154284812453256,0,0
0,0.3731078,0.07048044157363588,0,0
1,0.7103186,0.8719910695654626,1,1
0,0.40230754,0.10066649468809834,0,0
0,0.3775039,0.07442016509949502,0,0
0,0.35379553,0.05536053414933743,0,0
0,0.40507782,0.10406160455248968,0,0
0,0.4005882,0.09860916060667299,0,0
0,0.37085986,0.06854116749387168,0,0
1,0.9588343,0.9946940032443297,1,1
0,0.39929157,0.09708246187808135,0,0
0,0.35568443,0.05669302509576473,0,0
0,0.36307675,0.06220270069337901,0,0
0,0.36325413,0.06234086638626635,0,0
0,0.47648543,0.2314055580343263,0,0
0,0.39935294,0.09715423430274002,0,0
0,0.3658143,0.06436716074708551,0,0
0,0.36837754,0.06645718913878865,0,0
0,0.38408062,0.0806930611040996,0,0
0,0.39988795,0.09778201189619908,0,0
0,0.37067717,0.06838575418057921,0,0
0,0.39252463,0.08945285939633776,0,0
0,0.448168,0.17106274541329985,0,0
0,0.40562245,0.10474087751849513,0,0
0,0.40210938,0.10042745345739358,0,0
0,0.4687844,0.21364127102199276,0,0
1,0.9613918,0.9948710485565294,1,1
1,0.6345434,0.7125750519331768,1,1
0,0.38009736,0.07683840951885482,0,0
0,0.3641812,0.06306763535698523,0,0
0,0.4131247,0.1145025905722016,0,0
0,0.5202082,0.3504231980528399,1,0
1,0.59352636,0.5892346251410641,1,1
0,0.4240464,0.130123288868373,0,0
0,0.36787418,0.06604184217176776,0,0
0,0.37088445,0.06856210860591753,0,0
1,0.64354944,0.7365383812323599,1,1
1,0.45106906,0.17661999158457853,0,0
0,0.39666313,0.09405226433266438,0,0
0,0.45398736,0.1823523820820658,0,0
0,0.41481197,0.11680439915314364,0,0
1,0.7023064,0.8595798812190103,1,1
1,0.48928607,0.2631528156346987,0,0
0,0.36659142,0.06499426776472553,0,0
0,0.3765506,0.07354900595939518,0,0
0,0.47965512,0.23901058908717074,0,0
0,0.39115822,0.08797937294471686,0,0
0,0.5246586,0.3640530229701759,1,0
0,0.37845644,0.075300112097722,0,0
0,0.36486635,0.0636098329710775,0,0
1,0.4144009,0.11623994148154812,0,0
0,0.3660197,0.06453235792963154,0,0
1,0.9656443,0.9951525118876655,1,1
1,0.9621031,0.9949192370008417,1,1
0,0.40034193,0.09831754068174492,0,0
0,0.4834446,0.24832528661604183,0,0
0,0.38787523,0.08452840912455949,0,0
1,0.57992023,0.5447082324082945,1,1
0,0.4745083,0.2267482148839996,0,0
1,0.7638764,0.932960390088832,1,1
1,0.40280643,0.101270560673007,0,0
0,0.39520422,0.09240717339513932,0,0
0,0.39199927,0.08888371895137843,0,0
0,0.40024403,0.09820183322033314,0,0
0,0.534969,0.39644802427734666,1,0
0,0.49145856,0.2688103180232116,0,0
1,0.94527507,0.9936487542124031,1,1
0,0.42294636,0.12847140577407284,0,0
0,0.3457798,0.05002764849798509,0,0
0,0.40171346,0.09995134830490242,0,0
1,0.9614324,0.9948738105668871,1,1
0,0.44447008,0.1641813194340828,0,0
0,0.35907936,0.05916397637420684,0,0
0,0.38576958,0.08238014994274684,0,0
0,0.415892,0.11829881020239104,0,0
0,0.36647502,0.06489997086633945,0,0
1,0.40067807,0.0987157455418625,0,0
0,0.50393313,0.30274289937161336,1,0
1,0.36374867,0.06272758239639908,0,0
0,0.42694658,0.13456511328570106,0,0
1,0.9639399,0.99504159609398,1,1
1,0.97610825,0.9957813505534272,1,1
0,0.39870453,0.09639821961091412,0,0
0,0.3968546,0.09427011806185298,0,0
0,0.38507724,0.081684729181659,0,0
1,0.6946123,0.8467292259718815,1,1
0,0.36998123,0.06779669993204107,0,0
0,0.43547523,0.14837273184861233,0,0
1,0.951,0.9941129545808156,1,1
0,0.3476748,0.0512426853460444,0,0
0,0.36888906,0.06688175865500284,0,0
0,0.4098493,0.11014679402867796,0,0
0,0.52145255,0.3542107640015923,1,0
0,0.43937007,0.15505800912728582,0,0
1,0.37248805,0.06994078996469671,0,0
0,0.437889,0.15248732806825496,0,0
0,0.35958502,0.05954053892313622,0,0
0,0.37563297,0.07271929704431375,0,0
0,0.450147,0.17483848973333074,0,0
0,0.42664647,0.13409960213372119,0,0
0,0.4598973,0.19440172652526108,0,0
0,0.37423253,0.07146967244396331,0,0
0,0.3717189,0.0692763604755896,0,0
0,0.34769827,0.051257916873648994,0,0
1,0.43913978,0.15465599536075403,0,0
0,0.37546477,0.07256814962159001,0,0
0,0.42747974,0.13539548914886596,0,0
0,0.38199666,0.078654873305609,0,0
1,0.6437071,0.7369462509397546,1,1
0,0.35894832,0.059066754877053915,0,0
1,0.7839624,0.9478960624527524,1,1
1,0.64865124,0.7495297577537055,1,1
0,0.37735808,0.07428629320567143,0,0
0,0.35595185,0.05688408798787207,0,0
0,0.40629718,0.10558782272411922,0,0
0,0.38757953,0.0842236867878277,0,0
1,0.9663744,0.9951992653302786,1,1
0,0.3820767,0.07873228713531352,0,0
1,0.49370855,0.2747500370398517,0,0
1,0.96609527,0.9951814439208306,1,1
1,0.3593539,0.0593681480929485,0,0
0,0.43399277,0.14589141932315833,0,0
0,0.36342177,0.062471704590084796,0,0
0,0.48484144,0.25181945394252736,0,0
0,0.43765634,0.15208667836728038,0,0
0,0.41238084,0.11350038966360242,0,0
0,0.3920119,0.08889736984714863,0,0
0,0.3713724,0.06897893502084916,0,0
1,0.4055586,0.10466102105549883,0,0
0,0.361458,0.06095499443852185,0,0
0,0.43638736,0.14991669166374247,0,0
0,0.38176632,0.07843250225257527,0,0
0,0.37360108,0.07091273075817654,0,0
0,0.38343778,0.08005925747622983,0,0
0,0.38007244,0.07681483892791198,0,0
1,0.544934,0.42864899919058247,1,0
0,0.37493354,0.07209269226680842,0,0
1,0.45069915,0.17590358786506397,0,0
0,0.37179485,0.06934169818211756,0,0
0,0.45827267,0.19103031077643043,0,0
0,0.39199227,0.08887615382160402,0,0
0,0.3836236,0.08024199557329452,0,0
0,0.44108754,0.15808323489171636,0,0
0,0.35841793,0.058674775327447866,0,0
0,0.43276027,0.1438547531850287,0,0
0,0.35818255,0.058501604102795854,0,0
0,0.4453464,0.16579164823478085,0,0
0,0.44742647,0.16966471284136356,0,0
1,0.82660604,0.9698168054425185,1,1
0,0.364669,0.06345321536468258,0,0
1,0.44166458,0.15911034419168688,0,0
0,0.36875525,0.0667704512258998,0,0
1,0.5199181,0.34954289534830224,1,0
0,0.4197058,0.12370884002013201,0,0
1,0.96633595,0.9951968146484699,1,1
0,0.36692902,0.06526846469764534,0,0
0,0.4197699,0.12380156537108734,0,0
0,0.44758454,0.1699619616663984,0,0
1,0.9662111,0.9951888460896082,1,1
0,0.38206282,0.0787188514470598,0,0
0,0.35483217,0.05608812380809475,0,0
0,0.44960567,0.17379920078553346,0,0
0,0.37622815,0.07325645660858696,0,0
0,0.38171485,0.07838289341620477,0,0
1,0.5064384,0.30984304681906955,1,0
1,0.9720372,0.995546978080704,1,1
0,0.39570835,0.09297270117563632,0,0
0,0.40373117,0.10239875747635492,0,0
1,0.63358957,0.7099621326927933,1,1
0,0.53675926,0.4021759422586557,1,0
0,0.36400288,0.06292724034618537,0,0
0,0.43511283,0.14776295912783913,0,0
0,0.48828596,0.2605742734786465,0,0
0,0.3968519,0.0942670293532316,0,0
0,0.35622135,0.05707725344457709,0,0
0,0.51809484,0.34403385406367226,1,0
0,0.49055246,0.26644135232636174,0,0
0,0.40230528,0.10066375952487967,0,0
0,0.39469045,0.09183402788566689,0,0
0,0.39413726,0.09122047107533224,0,0
0,0.4385565,0.15364153033131844,0,0
0,0.36529857,0.06395410437908831,0,0
0,0.3734934,0.07081816144964563,0,0
0,0.39238206,0.08929807829745828,0,0
0,0.3597445,0.05965976298127616,0,0
0,0.3564733,0.05725839459979494,0,0
0,0.3638226,0.06278559303259638,0,0
0,0.517104,0.3410574589084441,1,0
1,0.9741848,0.9956721886473489,1,1
0,0.38631424,0.08293102547967783,0,0
0,0.4935108,0.2742247733517247,0,0
0,0.436261,0.14970201234074068,0,0
0,0.4053881,0.10444809780182827,0,0
1,0.9578003,0.9946207129712686,1,1
1,0.4023757,0.10074883238795519,0,0
0,0.3865831,0.08320416998584272,0,0
0,0.4014099,0.09958766450444674,0,0
0,0.35562032,0.05664731336753327,0,0
1,0.96327674,0.994997760742555,1,1
0,0.36018455,0.05998992060736129,0,0
1,0.80636287,0.9608267838090513,1,1
1,0.53911,0.40973753099831356,1,0
0,0.54450184,0.4272378848610378,1,0
0,0.3956637,0.09292249564873953,0,0
0,0.36687285,0.06522276331419,0,0
0,0.35450837,0.05585989592150694,0,0
0,0.36705768,0.06537324159607695,0,0
0,0.36228827,0.06159199933592681,0,0
0,0.4367041,0.15045592208418299,0,0
0,0.42917386,0.13806270125060874,0,0
0,0.4430265,0.16155602151315349,0,0
0,0.4547597,0.1838934354032675,0,0
1,0.9526583,0.9942410053244285,1,1
0,0.36595142,0.06447740025710372,0,0
1,0.3644033,0.06324293351061701,0,0
0,0.36571273,0.06428561857708377,0,0
1,0.36612162,0.06461447977763958,0,0
0,0.43458232,0.14687405159264547,0,0
0,0.43070623,0.14051315235883435,0,0
0,0.36741623,0.06566606919178285,0,0
1,0.61541224,0.6576265416822314,1,1
0,0.43551528,0.14844025515225537,0,0
0,0.39527428,0.092485585657024,0,0
0,0.450616,0.1757428678470028,0,0
0,0.3709567,0.068623671696531,0,0
0,0.5056433,0.30757979406770036,1,0
0,0.34376323,0.04876464829330487,0,0
1,0.96786135,0.9952931028121833,1,1
0,0.44721115,0.1692604722708977,0,0
0,0.3786146,0.07544714137573205,0,0
0,0.36156788,0.06103894381953036,0,0
1,0.958655,0.9946813661454423,1,1
0,0.4273442,0.13518398201678894,0,0
0,0.37852144,0.07536050434440657,0,0
0,0.46267548,0.20027111691153152,0,0
0,0.38684934,0.08347548619072814,0,0
0,0.37997356,0.07672135497125455,0,0
0,0.4396971,0.15563036866310828,0,0
0,0.6255392,0.6873624352069156,1,1
1,0.9212808,0.9912739347797097,1,1
0,0.4456009,0.16626171207347937,0,0
0,0.37510467,0.072245537682328,0,0
0,0.44119897,0.158281159731541,0,0
1,0.96368134,0.9950245504440863,1,1
0,0.4405791,0.1571826575380785,0,0
0,0.37978545,0.07654380362229468,0,0
0,0.38395825,0.08057206047834835,0,0
0,0.4193685,0.12322192558531284,0,0
0,0.44576868,0.16657218511376762,0,0
0,0.45505738,0.18449012600545994,0,0
0,0.39479065,0.09194555299433867,0,0
0,0.4170693,0.1199466049313145,0,0
0,0.35497648,0.05619011611949638,0,0
0,0.4557429,0.18586983929209733,0,0
0,0.37585992,0.07292368803563466,0,0
0,0.39712936,0.09458349822025146,0,0
0,0.3653873,0.0640249866614731,0,0
1,0.9656232,0.99515115398277,1,1
0,0.35076824,0.053286322854804447,0,0
1,0.5109243,0.32278195526227454,1,0
0,0.43437642,0.14653023936659787,0,0
1,0.9483393,0.993901564856588,1,1
1,0.9672277,0.9952533398871624,1,1
1,0.5979421,0.6034122708873214,1,1
1,0.42161664,0.12649851264870393,0,0
0,0.42085433,0.125379199028482,0,0
0,0.3916005,0.08845388170909468,0,0
0,0.36421308,0.06309277438357112,0,0
0,0.34967902,0.05255812393878949,0,0
0,0.3682381,0.066341884116114,0,0
0,0.3651531,0.0638380461018041,0,0
0,0.39283907,0.0897950809115387,0,0
0,0.38298842,0.0796189143331592,0,0
0,0.36580577,0.06436031401226823,0,0
1,0.96550417,0.9951434866175538,1,1
0,0.3649721,0.06369391896611357,0,0
0,0.39936623,0.09716978716592335,0,0
0,0.37243095,0.06989126050904555,0,0
0,0.39713237,0.09458693665982246,0,0
1,0.9702928,0.9954426272223479,1,1
0,0.42068538,0.12513228017831773,0,0
0,0.361328,0.060855815393557174,0,0
0,0.39746273,0.09496499484509381,0,0
1,0.4347411,0.14713964445561487,0,0
1,0.6540026,0.7626904899499153,1,1
0,0.36626935,0.06473368113782542,0,0
1,0.9714423,0.9955116598680287,1,1
0,0.36096132,0.06057687131037816,0,0
1,0.5284335,0.3757884430212947,1,0
0,0.44193357,0.15959099867073595,0,0
0,0.3637104,0.06269757960561252,0,0
0,0.4201731,0.12438614275978045,0,0
1,0.96304053,0.9949820539567278,1,1
0,0.38598475,0.08259737620293933,0,0
1,0.97268504,0.9955851238928843,1,1
0,0.39652956,0.09390055953845233,0,0
1,0.9687099,0.9953458307043817,1,1
1,0.7839226,0.9478698256924358,1,1
0,0.36432338,0.0631797993071265,0,0
0,0.43620992,0.1496153011560168,0,0
0,0.36863405,0.06666977846910925,0,0
0,0.3720027,0.06952082243902866,0,0
0,0.4252384,0.1319336356107731,0,0
1,0.40767848,0.10734055781327367,0,0
0,0.48409894,0.2499580586938179,0,0
1,0.37841713,0.07526361034765448,0,0
0,0.36514056,0.06382804494716356,0,0
0,0.37239134,0.06985692432176221,0,0
0,0.36394954,0.06288529351696531,0,0
1,0.9647674,0.9950957580882965,1,1
0,0.36572218,0.064293199278912,0,0
0,0.42997062,0.13933231349098124,0,0
0,0.35954145,0.05950800336840354,0,0
0,0.3731802,0.07054375310175046,0,0
1,0.4094624,0.10964198494867812,0,0
0,0.40781066,0.10750960700284258,0,0
0,0.43846184,0.15347742499394573,0,0
1,0.50998855,0.32005960677251627,1,0
0,0.41067275,0.11122801721881155,0,0
0,0.37518132,0.07231409821192367,0,0
0,0.45842203,0.19133840393733811,0,0
0,0.3712146,0.06884387801094494,0,0
1,0.963376,0.9950043451306982,1,1
0,0.41507128,0.11716169668693056,0,0
0,0.48743924,0.2584040503751658,0,0
0,0.36821023,0.0663188651156184,0,0
0,0.40867475,0.10862055168956086,0,0
0,0.37728557,0.07421980909703048,0,0
0,0.4948068,0.27767871470382227,0,0
1,0.45557177,0.18552467675830803,0,0
1,0.40267286,0.10110851230190847,0,0
0,0.52000964,0.34982060391554404,1,0
0,0.40363565,0.1022817118110652,0,0
0,0.37364286,0.07094945913779756,0,0
0,0.36486524,0.06360895688009291,0,0
0,0.36792865,0.0660866783846638,0,0
1,0.9627472,0.9949624819620232,1,1
0,0.4051445,0.10414458024861645,0,0
0,0.36640877,0.06484636106138171,0,0
0,0.36206028,0.06141646275072179,0,0
1,0.36650756,0.0649263206112556,0,0
0,0.38908988,0.0857906514243144,0,0
1,0.3776194,0.07452634201753813,0,0
0,0.36023167,0.06002537188947184,0,0
1,0.9795064,0.9959675468252015,1,1
1,0.44303018,0.16156264487791522,0,0
0,0.38760465,0.08424953800023792,0,0
0,0.5394478,0.41082766333449766,1,0
1,0.7607204,0.9302789072397285,1,1
0,0.3796945,0.07645808860374885,0,0
0,0.47473451,0.2272777452886345,0,0
1,0.97137904,0.9955078891139412,1,1
0,0.36855903,0.06660754436621627,0,0
0,0.37702104,0.07397772750788456,0,0
1,0.36593297,0.06446255884983183,0,0
0,0.5292228,0.3782612616832183,1,0
0,0.36211166,0.061455980728371586,0,0
0,0.4111579,0.11186936551348835,0,0
0,0.34393096,0.04886853376660858,0,0
1,0.96645486,0.9952043906371894,1,1
1,0.9682254,0.9953157983104116,1,1
0,0.37560046,0.07269005724821952,0,0
1,0.96625805,0.9951918448751623,1,1
0,0.38753122,0.08417399787589432,0,0
0,0.36829096,0.0663855790702856,0,0
0,0.4472576,0.1693476337775326,0,0
0,0.39171332,0.08857530844712903,0,0
0,0.35364625,0.05525649373410289,0,0
0,0.39391336,0.09097318299042491,0,0
1,0.366517,0.06493397162307382,0,0
0,0.3876628,0.08430939447794408,0,0
0,0.3609383,0.06055940922946745,0,0
1,0.5601517,0.47891797855279417,1,0
0,0.37721732,0.07415728260816619,0,0
1,0.38546202,0.08207055760196348,0,0
1,0.7847802,0.9484321843876662,1,1
1,0.51925707,0.3475408620793285,1,0
0,0.3987203,0.09641653886551516,0,0
1,0.95793575,0.9946303690709699,1,1
0,0.39264715,0.0895860595415087,0,0
0,0.36066508,0.060352395448700184,0,0
1,0.43164384,0.14203037462318988,0,0
0,0.41742364,0.1204464415351946,0,0
0,0.372206,0.06969645680239664,0,0
0,0.46662396,0.20883989039051937,0,0
0,0.41439062,0.11622585329269466,0,0
0,0.3668595,0.0652119060380352,0,0
0,0.3893954,0.0861108018691579,0,0
0,0.42478687,0.13124537023659094,0,0
1,0.6759067,0.8114811516949586,1,1
0,0.45975208,0.1940985280087995,0,0
0,0.37343946,0.07077082899816768,0,0
0,0.37108916,0.06873669581834382,0,0
0,0.5072821,0.3122547534381262,1,0
0,0.3447875,0.04940233608469855,0,0
1,0.59467906,0.5929509294295693,1,1
0,0.41062996,0.1111715973877507,0,0
0,0.3724273,0.06988810785334175,0,0
0,0.4638732,0.2028421806012399,0,0
0,0.3533586,0.05505653392159243,0,0
1,0.41816363,0.1214960534049423,0,0
0,0.46638942,0.20832344314119783,0,0
0,0.6124227,0.6485925013647804,1,1
0,0.3720869,0.06959352888667296,0,0
0,0.53707725,0.40319618299497895,1,0
0,0.5077045,0.3134660675516494,1,0
0,0.4883997,0.2608667393205223,0,0
0,0.5322729,0.3878757798449044,1,0
0,0.5079523,0.314177771164249,1,0
0,0.38816223,0.08482512022772587,0,0
1,0.7966261,0.9556349203560176,1,1
0,0.34851602,0.0517909733765195,0,0
0,0.35649225,0.05727204378561135,0,0
0,0.3646525,0.06344015258086616,0,0
0,0.4214523,0.12625650481911652,0,0
0,0.35534093,0.056448485908019215,0,0
0,0.36768183,0.06588376788595801,0,0
1,0.9651832,0.9951227510394707,1,1
1,0.9683705,0.9953248119463283,1,1
0,0.39548236,0.0927188067474418,0,0
1,0.64971864,0.7521932028095555,1,1
1,0.48439515,0.2506995281329339,0,0
1,0.40471533,0.10361167235124069,0,0
0,0.41954628,0.1234783416796421,0,0
0,0.44115722,0.15820697390744373,0,0
0,0.42809737,0.13636280535923764,0,0
1,0.9674209,0.9952654974315487,1,1
0,0.3640208,0.06294133002189453,0,0
0,0.37058532,0.0683077399338613,0,0
0,0.6362832,0.7173045697199657,1,1
0,0.5137341,0.3310286289353659,1,0
0,0.37068647,0.06839365639445608,0,0
0,0.48282593,0.24678811279179536,0,0
1,0.7461023,0.9165212096105048,1,1
1,0.44866928,0.1720129713690986,0,0
1,0.52984285,0.38020838114159716,1,0
0,0.38377288,0.08038907722868709,0,0
0,0.5054538,0.3070417648774378,1,0
0,0.52978116,0.38001448727434395,1,0
0,0.36903352,0.06700210946367748,0,0
0,0.38556612,0.08217522621749747,0,0
0,0.3625722,0.06181126090168902,0,0
1,0.9575231,0.9946008921205302,1,1
1,0.42627308,0.13352231833409026,0,0
0,0.46413752,0.203412871837429,0,0
0,0.42329594,0.12899441284385924,0,0
0,0.39296767,0.08993537755720606,0,0
0,0.4034194,0.1020171627231892,0,0
0,0.47116867,0.21903287157153142,0,0
0,0.35953286,0.05950159613943883,0,0
0,0.5429812,0.42228187275058704,1,0
0,0.56660306,0.5004189640568075,1,1
0,0.46414053,0.20341937773821753,0,0
1,0.9633603,0.9950033056479733,1,1
0,0.36966684,0.06753214699116797,0,0
0,0.39140567,0.08824457712315383,0,0
1,0.6365047,0.7179032820648718,1,1
0,0.34154868,0.04741252574393957,0,0
0,0.45833468,0.19115818611047355,0,0
0,0.3625763,0.06181444228882118,0,0
0,0.38341123,0.08003317470738124,0,0
0,0.43142125,0.14166894552826947,0,0
0,0.40470925,0.10360414069901792,0,0
0,0.3677858,0.06596917833283772,0,0
0,0.49411812,0.2758399953453133,0,0
1,0.9595859,0.9947466556832656,1,1
0,0.36546406,0.06408638020251196,0,0
0,0.5151009,0.3350783316082999,1,0
0,0.3508678,0.05335336343029276,0,0
0,0.45671183,0.18783354484915094,0,0
0,0.36110494,0.06068598011529697,0,0
0,0.3671095,0.06541549264334497,0,0
1,0.40739715,0.10698151119627819,0,0
0,0.37364504,0.07095137200962998,0,0
0,0.3702294,0.0680062068265189,0,0
1,0.964214,0.995059603859435,1,1
1,0.46347365,0.20198175154611703,0,0
0,0.36470497,0.06348173543067599,0,0
1,0.7093371,0.8705225491322555,1,1
0,0.36435387,0.06320387376121085,0,0
1,0.42308092,0.1286725023286487,0,0
0,0.37740788,0.074331986642281,0,0
0,0.4403851,0.15684017674016262,0,0
0,0.37447593,0.07168542397072722,0,0
0,0.39434874,0.09145458886726984,0,0
0,0.43910724,0.15459925044680753,0,0
0,0.3669465,0.06528267819866043,0,0
0,0.43114948,0.14122871350461882,0,0
0,0.43257353,0.14354824229938987,0,0
0,0.37304282,0.07042368826780473,0,0
0,0.47824758,0.23561247373735206,0,0
1,0.9676211,0.995278064910859,1,1
0,0.347356,0.05103634242767248,0,0
0,0.36020356,0.06000422433123461,0,0
1,0.96948516,0.9953934924154043,1,1
1,0.441117,0.1581355153531267,0,0
0,0.47923112,0.23798343279129947,0,0
0,0.37559623,0.07268625231559483,0,0
0,0.4257773,0.13275905138164434,0,0
1,0.9650028,0.9951110565634216,1,1
0,0.40931547,0.10945081245924432,0,0
0,0.4013831,0.09955562294069092,0,0
0,0.36976498,0.06761462747599353,0,0
0,0.4180956,0.12139921853280239,0,0
0,0.36198604,0.06135940534466293,0,0
0,0.49830222,0.28712667028008754,0,0
0,0.42471564,0.13113707832041255,0,0
0,0.35557598,0.056615711582019994,0,0
0,0.44160083,0.1589966098833704,0,0
1,0.75288737,0.9231898507415848,1,1
1,0.96307683,0.9949844708285402,1,1
0,0.49872082,0.28827092609802263,0,0
1,0.9659778,0.9951739235020077,1,1
0,0.443538,0.16248234332955347,0,0
0,0.38080782,0.07751333393212584,0,0
0,0.39663583,0.09402124211429118,0,0
0,0.43622932,0.14964823034174668,0,0
0,0.3975897,0.09511067741486388,0,0
1,0.40409297,0.1028431832993255,0,0
0,0.47124067,0.21919720477936722,0,0
0,0.39074153,0.08753440427544278,0,0
0,0.3926709,0.08961190375394183,0,0
1,0.3723502,0.0698212611868155,0,0
0,0.3969336,0.09436010374554488,0,0
0,0.3720589,0.06956933705447683,0,0
0,0.40287694,0.10135619718465062,0,0
0,0.3609141,0.060541047459107294,0,0
0,0.36782777,0.06600367519708152,0,0
0,0.38408193,0.0806943586471194,0,0
0,0.45078236,0.17606453880451084,0,0
0,0.48219088,0.2452168800703767,0,0
0,0.3758419,0.07290743015050742,0,0
0,0.37798062,0.07485936324955349,0,0
1,0.95759875,0.9946063073259925,1,1
0,0.36844945,0.0665167256413864,0,0
0,0.3706174,0.06833496720051781,0,0
0,0.3780873,0.07495798412656335,0,0
1,0.62737334,0.6925957162766387,1,1
0,0.4488101,0.17228065587121666,0,0
0,0.36778218,0.06596619004693334,0,0
0,0.39735,0.0948358565168542,0,0
1,0.6261873,0.6892172896524024,1,1
0,0.36111602,0.06069441034686771,0,0
0,0.40240982,0.10079007770219213,0,0
0,0.3873274,0.08396465328678258,0,0
1,0.9561454,0.994501306125844,1,1
1,0.48786303,0.2594887957446119,0,0
1,0.9586047,0.9946778149885266,1,1
1,0.38996637,0.08671206180797954,0,0
0,0.3676833,0.0658849666902105,0,0
0,0.3901917,0.08695038985185388,0,0
0,0.3665116,0.06492960296152007,0,0
0,0.36914665,0.06709650431272354,0,0
1,0.9617346,0.9948943270879554,1,1
0,0.46095735,0.19662571684596908,0,0
0,0.36002448,0.05986963126756537,0,0
0,0.35145545,0.05375064887274279,0,0
1,0.9698807,0.9954176213138761,1,1
0,0.41262302,0.11382582452966392,0,0
1,0.4089709,0.10900361493090373,0,0
0,0.4023407,0.10070655799486036,0,0
0,0.36263683,0.061861281702119776,0,0
0,0.38450363,0.08111262517201603,0,0
0,0.414309,0.11611405793710643,0,0
0,0.4225763,0.12791973831761216,0,0
0,0.35587293,0.056827641040775485,0,0
0,0.45738742,0.1892121510753508,0,0
0,0.35249358,0.054459323485122085,0,0
1,0.9659196,0.9951701952173572,1,1
0,0.3937891,0.09083622204140812,0,0
0,0.45170888,0.17786456005417017,0,0
0,0.36507732,0.06377765754885481,0,0
0,0.4059343,0.10513157974573492,0,0
1,0.4119469,0.11291927137989552,0,0
0,0.36645493,0.06488371234613902,0,0
1,0.38256666,0.07920762836101779,0,0
0,0.3529988,0.05480737765640228,0,0
0,0.36449006,0.06331152494301341,0,0
1,0.3689819,0.0669590809120785,0,0
0,0.36420593,0.06308713491050169,0,0
0,0.36432266,0.06317923461322743,0,0
0,0.38536757,0.08197570277259213,0,0
0,0.3969181,0.09434244011150908,0,0
1,0.97058547,0.9954603027241563,1,1
1,0.43456334,0.14684232466642666,0,0
0,0.35220096,0.054258676000760314,0,0
0,0.39465788,0.09179779681448681,0,0
0,0.39462236,0.09175829871179192,0,0
1,0.4085962,0.10851913461351843,0,0
1,0.9686821,0.9953441140574891,1,1
1,0.9642303,0.9950606707651014,1,1
0,0.36789185,0.06605638386221428,0,0
0,0.43065792,0.1404353473074441,0,0
0,0.54160786,0.41781926280363024,1,0
0,0.37768444,0.0745862186178913,0,0
0,0.35877195,0.058936139115394505,0,0
0,0.37899223,0.07579925547847167,0,0
0,0.36120138,0.06075935075535689,0,0
0,0.35528335,0.05640759316268572,0,0
0,0.37254587,0.069990972902077,0,0
0,0.34769088,0.05125312273312246,0,0
0,0.3923455,0.08925841899214351,0,0
1,0.39255366,0.0894844017306445,0,0
0,0.4611568,0.19704628243642458,0,0
0,0.37152296,0.06910802260200756,0,0
0,0.5832891,0.5558283785352789,1,1
0,0.36512926,0.06381904278121978,0,0
0,0.3668488,0.06520320688958298,0,0
0,0.34330028,0.048478997319539634,0,0
0,0.37004095,0.06784706571846265,0,0
0,0.5274532,0.37272612643020997,1,0
0,0.5357632,0.3989857223992971,1,0
1,0.955367,0.9944442364259491,1,1
1,0.35857424,0.058790042451009564,0,0
0,0.38113376,0.07782479351360191,0,0
0,0.4033626,0.10194777184451713,0,0
0,0.40060875,0.09863350878900395,0,0
0,0.36987573,0.06770781513399927,0,0
0,0.37207645,0.06958449464319512,0,0
1,0.6880249,0.8349751296695208,1,1
0,0.37402973,0.07129035945140429,0,0
0,0.3498401,0.05266522033720976,0,0
0,0.38631353,0.08293029987892384,0,0
1,0.96595967,0.9951727625402291,1,1
0,0.39576885,0.09304077555183281,0,0
0,0.6557982,0.7669981870971997,1,1
1,0.9547578,0.9943991586105637,1,1
1,0.78322214,0.947406200683431,1,1
0,0.43508458,0.14771550807562456,0,0
0,0.3427549,0.048144520391541136,0,0
0,0.36632088,0.06477530666030853,0,0
1,0.95527774,0.9944376524088924,1,1
0,0.47643834,0.23129386553415163,0,0
0,0.3704871,0.06822440000212965,0,0
0,0.3676065,0.0658219468713471,0,0
0,0.3556672,0.05668073839012678,0,0
0,0.39533284,0.09255116960561732,0,0
0,0.4277757,0.13585830567940133,0,0
0,0.36297023,0.062119873715044384,0,0
0,0.38303614,0.07966556529897997,0,0
0,0.36122006,0.06077357647573444,0,0
1,0.3955386,0.0927819291472822,0,0
0,0.3529016,0.05474026125071782,0,0
0,0.35961568,0.05956344842468622,0,0
1,0.95877934,0.99469013294932,1,1
0,0.3502839,0.0529613423632504,0,0
0,0.44124186,0.15835738713603,0,0
1,0.97035027,0.995446102920798,1,1
1,0.96437955,0.995070445906932,1,1
0,0.3695964,0.06747299292912373,0,0
1,0.96319944,0.9949926256602535,1,1
0,0.3533258,0.0550337886013449,0,0
0,0.3513552,0.053682672919038214,0,0
0,0.36875728,0.06677213566753017,0,0
0,0.3962111,0.09353974903212317,0,0
1,0.369252,0.06718451986481108,0,0
0,0.38404587,0.08065868314846561,0,0
0,0.34989432,0.05270130891328687,0,0
0,0.37272355,0.07014540336568932,0,0
1,0.7900346,0.9517542968713856,1,1
0,0.5020619,0.29750017198496426,1,0
1,0.6363014,0.717353739527611,1,1
0,0.3682824,0.06637850823230752,0,0
0,0.37420443,0.07144479939718226,0,0
0,0.40317243,0.10171576610520337,0,0
1,0.46836352,0.21269965790265977,0,0
0,0.3776424,0.07454751183194432,0,0
0,0.36948025,0.06737558372795047,0,0
1,0.91654336,0.9907100092746441,1,1
0,0.38359258,0.08021145903789519,0,0
0,0.37952054,0.07629440238582538,0,0
0,0.41746563,0.12050579263338333,0,0
1,0.56462526,0.49382386920995996,1,0
0,0.405784,0.10494312515768614,0,0
0,0.38178453,0.07845006037508669,0,0
1,0.48313338,0.24755119707229092,0,0
0,0.42680708,0.1343485527363267,0,0
0,0.5239024,0.36172093542932243,1,0
0,0.35108867,0.05350235689532175,0,0
0,0.51381695,0.33127340453331333,1,0
0,0.3740828,0.07133724895925486,0,0
1,0.94286877,0.9934429477467895,1,1
0,0.40193647,0.10021927523825437,0,0
0,0.44359,0.16257670973657365,0,0
0,0.40303123,0.10154380093887143,0,0
0,0.37506202,0.07220741818099363,0,0
1,0.5184801,0.34519458194690816,1,0
0,0.43722972,0.15135428735750225,0,0
0,0.43854487,0.15362137112498866,0,0
0,0.3743483,0.07157222949342552,0,0
1,0.9563219,0.9945141648237202,1,1
1,0.9628881,0.9949718936170786,1,1
0,0.54112995,0.41626943808820327,1,0
0,0.41151947,0.11234943319564536,0,0
0,0.3692,0.06714105891846309,0,0
0,0.41681927,0.1195950235560164,0,0
0,0.36940983,0.06731658186433989,0,0
1,0.95846397,0.9946678684746633,1,1
0,0.39052325,0.08730213527350278,0,0
1,0.44210398,0.159896103022918,0,0
0,0.42719442,0.13495056955738433,0,0
1,0.9654299,0.9951386965619992,1,1
0,0.37409866,0.07135126077966629,0,0
0,0.36640808,0.06484580660950043,0,0
1,0.374959,0.07211540586692626,0,0
0,0.37900597,0.0758120945942825,0,0
1,0.9721619,0.9955543455703354,1,1
0,0.3694675,0.06736489341796104,0,0
0,0.4016886,0.09992152661384018,0,0
0,0.41112062,0.11181996508892642,0,0
0,0.4365695,0.15022660006675725,0,0
1,0.96565294,0.9951530679823946,1,1
0,0.40416375,0.10293032770376447,0,0
0,0.3662381,0.06470843869191213,0,0
1,0.58807814,0.5715380514685479,1,1
0,0.40238586,0.10076111435960897,0,0
1,0.4326719,0.14370964790387436,0,0
0,0.3752323,0.07235974071504384,0,0
0,0.36457664,0.0633800441429682,0,0
0,0.37170592,0.06926518595112581,0,0
0,0.39647457,0.09383817453075503,0,0
1,0.3673027,0.06557320428916213,0,0
0,0.37225494,0.06973879181451156,0,0
1,0.96288824,0.9949719015721504,1,1
1,0.63053507,0.701501172701189,1,1
1,0.3831754,0.0798018729991269,0,0
0,0.36316282,0.062269705024301354,0,0
0,0.3680309,0.06617090850523732,0,0
0,0.4446016,0.16442219610228642,0,0
1,0.44228533,0.16022130851040345,0,0
0,0.36620244,0.06467967011280006,0,0
0,0.5197381,0.3489971774705684,1,0
0,0.45017907,0.1749002085877312,0,0
0,0.3987933,0.09650142285377848,0,0
0,0.3770289,0.073984917276897,0,0
0,0.35949564,0.059473816710899,0,0
0,0.5070753,0.3116627625443905,1,0
0,0.42294794,0.12847376482089654,0,0
1,0.9638234,0.9950339213608281,1,1
0,0.34529737,0.04972270022518348,0,0
0,0.51147,0.3243752694943703,1,0
0,0.36472583,0.06349828112557511,0,0
0,0.36925557,0.0671875095423616,0,0
0,0.37217376,0.06966857303634084,0,0
0,0.4103208,0.11076475074778204,0,0
0,0.37164563,0.0692133590090278,0,0
0,0.3713303,0.0689428703324606,0,0
1,0.9635979,0.9950190368771831,1,1
1,0.45149153,0.17744101221929157,0,0
0,0.62396556,0.6828340657298447,1,1
1,0.42925733,0.13819526028744739,0,0
0,0.38584492,0.08245614999531388,0,0
0,0.6126818,0.649379816047162,1,1
0,0.44277915,0.16110958534661501,0,0
0,0.41421255,0.11598209734916926,0,0
0,0.5337917,0.39269678599389846,1,0
0,0.39074802,0.08754132635316592,0,0
0,0.36865035,0.0666833104621127,0,0
1,0.9679727,0.995300055333393,1,1
0,0.39736986,0.0948585860179507,0,0
0,0.35504636,0.056239574074582126,0,0
0,0.41539672,0.11761145614843782,0,0
0,0.3981197,0.09572083494945166,0,0
0,0.39032933,0.08709624384680512,0,0
0,0.38029101,0.0770218434677743,0,0
1,0.9677549,0.9952864459156435,1,1
0,0.37737975,0.07430616981954198,0,0
0,0.36674452,0.06511847699948285,0,0
0,0.37053895,0.0682683844546018,0,0
0,0.40087378,0.09894825432116466,0,0
0,0.38822475,0.08488988720288339,0,0
0,0.47339407,0.22415292149456886,0,0
0,0.39084533,0.08764505797904194,0,0
0,0.42692417,0.1345303030911536,0,0
1,0.98076737,0.9960345397759929,1,1
0,0.36287427,0.06204533883988254,0,0
0,0.45059702,0.17570618919474978,0,0
0,0.37980455,0.07656181721777434,0,0
1,0.56665,0.5005753916916096,1,1
0,0.49000797,0.2650242336694707,0,0
0,0.4386815,0.15385850794535022,0,0
0,0.37892476,0.07573623074069442,0,0
1,0.6379519,0.7217962014129995,1,1
0,0.3569127,0.05757560217072806,0,0
0,0.3623182,0.061615071848116675,0,0
0,0.3928108,0.08976425187844381,0,0
0,0.36709613,0.06540458122964461,0,0
0,0.4883498,0.26073837146711826,0,0
1,0.64027524,0.7279763375260622,1,1
0,0.38908496,0.08578550711654316,0,0
1,0.96535134,0.9951336245966514,1,1
0,0.4294909,0.13856671895860415,0,0
0,0.44034582,0.15677090218830803,0,0
1,0.9687566,0.9953487173756177,1,1
0,0.36006775,0.05990212808200169,0,0
0,0.3809782,0.07767599772451969,0,0
0,0.4462026,0.16737726459615823,0,0
0,0.38420472,0.0808159402169064,0,0
0,0.36277965,0.06197192738072738,0,0
0,0.4328454,0.14399468830924908,0,0
1,0.6599277,0.776697128005311,1,1
0,0.3712819,0.06890144175370178,0,0
0,0.36808628,0.06621656352605063,0,0
0,0.39105392,0.08786779617662552,0,0
0,0.4189734,0.1226536456831367,0,0
1,0.5706075,0.5137690884054243,1,1
1,0.83499086,0.9729242037182869,1,1
0,0.5261818,0.3687698164631099,1,0
0,0.36072716,0.06039937145346451,0,0
0,0.4045771,0.10344055762377637,0,0
0,0.37275365,0.07017159603518609,0,0
1,0.5176802,0.3427868559354121,1,0
0,0.37072986,0.06843054458087573,0,0
1,0.9624729,0.994944109987342,1,1
0,0.42354342,0.12936576006372283,0,0
0,0.44257495,0.16074178497523114,0,0
0,0.377576,0.07448643057118771,0,0
0,0.4485051,0.171701287254451,0,0
0,0.4371124,0.15115336940693552,0,0
0,0.35578763,0.056766691487006325,0,0
0,0.3627599,0.06195660792257153,0,0
1,0.3678588,0.06602919111464527,0,0
0,0.4690472,0.2142307670127381,0,0
0,0.36239922,0.061677596626240797,0,0
0,0.40596253,0.10516700199094146,0,0
0,0.35091692,0.05338646153791298,0,0
0,0.36781493,0.06599311365247763,0,0
0,0.44063118,0.15727473474678852,0,0
0,0.38877007,0.08545666591247614,0,0
0,0.3970255,0.09446492358186845,0,0
0,0.41005513,0.11041620403415078,0,0
1,0.9786774,0.9959228926309331,1,1
0,0.355114,0.0562874892115863,0,0
0,0.39015764,0.0869143237000582,0,0
1,0.43979356,0.15579954174449598,0,0
0,0.40534753,0.1043975006986878,0,0
0,0.38066596,0.07737813742976814,0,0
0,0.40663344,0.10601216230967628,0,0
0,0.40575343,0.10490482053546854,0,0
1,0.96309906,0.9949859505409522,1,1
0,0.3887629,0.08544917871646321,0,0
1,0.37592432,0.07298178686599394,0,0
0,0.40941185,0.10957618549549077,0,0
0,0.37810725,0.0749764267943207,0,0
0,0.45208383,0.17859707498210559,0,0
0,0.37867448,0.07550286904788353,0,0
0,0.41662055,0.1193162045274657,0,0
0,0.40510166,0.10409125849996441,0,0
0,0.36208913,0.06143864857462967,0,0
1,0.96641636,0.9952019387627009,1,1
0,0.38734907,0.08398688457016742,0,0
0,0.45285583,0.18011273746945025,0,0
1,0.9668455,0.9952291957663308,1,1
0,0.35058463,0.053162904521733216,0,0
1,0.5177521,0.34300289998938044,1,0
0,0.36789644,0.06606016077439153,0,0
0,0.37778246,0.0746765147543927,0,0
0,0.38355964,0.08017905674225527,0,0
1,0.95331264,0.9942907662631304,1,1
1,0.36445543,0.06328413660685492,0,0
1,0.6110361,0.6443655170790792,1,1
0,0.494373,0.27651960463954517,0,0
0,0.4631497,0.20128614431988098,0,0
0,0.4195478,0.1234805359801636,0,0
0,0.5322693,0.38786445374668227,1,0
0,0.3617286,0.061161931869758934,0,0
0,0.40613815,0.10538766462044137,0,0
0,0.39963388,0.09748344474934947,0,0
1,0.5030172,0.30017010910280045,1,0
0,0.40830764,0.10814734420664089,0,0
0,0.3925344,0.08946348033570203,0,0
0,0.36295983,0.06211179120755127,0,0
0,0.35503915,0.056234468204194026,0,0
0,0.36626273,0.06472833831139235,0,0
0,0.3796721,0.07643701036869573,0,0
1,0.602512,0.617903838257024,1,1
1,0.4411155,0.15813286924348594,0,0
1,0.9705874,0.9954604176967987,1,1
0,0.3813999,0.07807994785326992,0,0
0,0.37325123,0.07060589112262929,0,0
1,0.5026446,0.29912712759646143,1,0
0,0.37462267,0.0718157938827629,0,0
0,0.36222547,0.06154360547836591,0,0
0,0.3944831,0.09160360153413401,0,0
0,0.44894642,0.172540099916114,0,0
0,0.36968765,0.06754962215026986,0,0
0,0.36349702,0.06253051971638235,0,0
0,0.4357973,0.1489163999615136,0,0
1,0.9660375,0.995177748126237,1,1
1,0.46073958,0.19616727560568728,0,0
0,0.3699157,0.06774147317850968,0,0
1,0.4307208,0.1405366305478838,0,0
0,0.37639448,0.07340722068502493,0,0
1,0.3991554,0.09692336510440018,0,0
0,0.43578425,0.14889433356145979,0,0
1,0.9673557,0.995261400869241,1,1
0,0.36833945,0.06642567680409588,0,0
0,0.4922611,0.2709196134001112,0,0
0,0.44493693,0.16503765335767798,0,0
1,0.96817815,0.9953128579235505,1,1
0,0.43055454,0.14026896271965872,0,0
0,0.35933298,0.05935256599007304,0,0
0,0.35175774,0.05395609902355574,0,0
0,0.443631,0.1626511951321794,0,0
1,0.96963936,0.9954029139086736,1,1
1,0.3593491,0.05936457408111474,0,0
0,0.4503659,0.1752601369133756,0,0
0,0.37166244,0.06922780443302841,0,0
0,0.36427057,0.06313811872755967,0,0
0,0.38600427,0.0826171087844566,0,0
0,0.36160284,0.06106567454057559,0,0
0,0.39510623,0.09229760978047387,0,0
0,0.41166672,0.112545465486995,0,0
1,0.4805096,0.24108986462809864,0,0
0,0.39742267,0.09491908525789926,0,0
0,0.369495,0.06738794948381109,0,0
0,0.41565755,0.11797300226598836,0,0
0,0.4149666,0.11701736610330547,0,0
0,0.4057773,0.10493472396447123,0,0
0,0.372104,0.06960827942792776,0,0
0,0.42010567,0.12428819565562499,0,0
0,0.6409019,0.7296285340875064,1,1
1,0.970199,0.9954369464945506,1,1
1,0.962156,0.9949228005929153,1,1
1,0.40518364,0.1041932880171365,0,0
0,0.362386,0.06166738257401728,0,0
0,0.34775758,0.05129640134673482,0,0
0,0.5065078,0.31004114988052,1,0
0,0.4378715,0.15245712221015348,0,0
0,0.3861575,0.08277216615342221,0,0
0,0.34532365,0.049739269800837746,0,0
0,0.36646327,0.06489046616722961,0,0
0,0.33059704,0.04123423346360282,0,0
1,0.9653845,0.9951357648536142,1,1
0,0.40221027,0.10054908606011488,0,0
0,0.4063635,0.10567138345575267,0,0
0,0.43976432,0.15574825659273714,0,0
0,0.36636928,0.06481442700485898,0,0
1,0.38772246,0.08437085576562144,0,0
0,0.3734938,0.07081850151222988,0,0
0,0.3683626,0.06644483405744378,0,0
0,0.36660075,0.06500182958494889,0,0
0,0.3813596,0.07804126841482038,0,0
0,0.3998976,0.09779337526584894,0,0
0,0.4341366,0.1461306375855454,0,0
1,0.9637481,0.9950289569249924,1,1
1,0.647,0.7453721184515026,1,1
0,0.36896607,0.06694589427141424,0,0
0,0.3482131,0.05159290934640084,0,0
0,0.36853296,0.0665859221867586,0,0
0,0.37001783,0.06782755868445925,0,0
1,0.96730924,0.9952584752736131,1,1
1,0.47412026,0.2258420020509109,0,0
0,0.38070315,0.07741356299860319,0,0
0,0.3531991,0.05494595079154808,0,0
0,0.36971048,0.06756880458760905,0,0
1,0.96689403,0.9952322676098915,1,1
0,0.36069956,0.060378483994882215,0,0
0,0.36314854,0.062258587111972984,0,0
0,0.36890653,0.06689629833919622,0,0
1,0.96137375,0.9948698191685703,1,1
0,0.36240402,0.061681300760866656,0,0
0,0.37458336,0.07178085004453925,0,0
0,0.36470845,0.06348450064562886,0,0
1,0.40393555,0.1026496083009076,0,0
1,0.9638205,0.9950337327788914,1,1
0,0.41546893,0.11771145431402606,0,0
0,0.37318066,0.07054414407681354,0,0
0,0.3933491,0.09035268307577805,0,0
0,0.36687267,0.06522261789313272,0,0
1,0.3607494,0.060416203632361345,0,0
0,0.3614949,0.06098317044011675,0,0
0,0.3903349,0.08710215467766162,0,0
0,0.46037567,0.1954029617369583,0,0
0,0.4642252,0.20360244383164017,0,0
0,0.4197224,0.12373284546288899,0,0
0,0.3874139,0.08405342687123982,0,0
0,0.36518982,0.06386732152813299,0,0
0,0.40098542,0.09908110206570263,0,0
0,0.37451407,0.07171929277190806,0,0
0,0.36811334,0.06623888566612261,0,0
0,0.36727604,0.06555143163705707,0,0
1,0.9657994,0.9951624812657239,1,1
0,0.42213297,0.12726148425132508,0,0
0,0.47066385,0.21788319292784158,0,0
0,0.37529334,0.07241440792681551,0,0
1,0.50193155,0.297136902935735,1,0
0,0.35949337,0.05947212676155209,0,0
0,0.35996556,0.05982541110972889,0,0
0,0.3573305,0.05787874145361192,0,0
0,0.37025902,0.06803125587689245,0,0
0,0.5250391,0.3652287550270232,1,0
1,0.38532683,0.08193481642104698,0,0
0,0.39508408,0.09227286750578695,0,0
0,0.3696768,0.06754050850677892,0,0
0,0.36936656,0.0672803505875326,0,0
1,0.35194904,0.05408650056902717,0,0
0,0.3642675,0.06313569677385376,0,0
0,0.34512568,0.049614600571446864,0,0
0,0.39425766,0.09135369631316775,0,0
0,0.43363404,0.1452961764786652,0,0
0,0.36709124,0.06540059619101868,0,0
1,0.3725879,0.07002746696026133,0,0
1,0.63544726,0.7150379767858477,1,1
0,0.38870305,0.08538681888847294,0,0
0,0.38275093,0.07938707954902917,0,0
0,0.429528,0.13862580661872537,0,0
1,0.39288512,0.08984529190332638,0,0
0,0.3630549,0.062185705114310104,0,0
0,0.35762742,0.05809508590484652,0,0
0,0.4674107,0.21057913044642174,0,0
1,0.5827577,0.5540777979345278,1,1
1,0.95177585,0.9941732138888936,1,1
0,0.40643308,0.1057591379853419,0,0
0,0.4477735,0.170317813602098,0,0
0,0.43349138,0.1450600148920688,0,0
1,0.4381462,0.15293122033183412,0,0
0,0.3627217,0.061927018806579165,0,0
0,0.35648787,0.05726888874944868,0,0
0,0.42299,0.1285365824595876,0,0
0,0.36684275,0.06519828835029554,0,0
0,0.38103253,0.077727932602399,0,0
0,0.37066904,0.06837884043743138,0,0
0,0.36211723,0.06146026861940262,0,0
0,0.34934708,0.05233808042639272,0,0
1,0.7397568,0.9098128092887594,1,1
0,0.37570414,0.07278333545605793,0,0
0,0.36667415,0.06506136219248189,0,0
0,0.36983696,0.06767517588039886,0,0
0,0.43955177,0.15537582054640778,0,0
1,0.96606565,0.9951795487004108,1,1
1,0.52558684,0.36692435274877994,1,0
1,0.4763698,0.23113134256177323,0,0
0,0.37021682,0.06799557490591517,0,0
1,0.95700824,0.994563887221743,1,1
0,0.36293596,0.062093244523807004,0,0
0,0.4366843,0.15042218617749215,0,0
0,0.39552793,0.0927699506559375,0,0
0,0.3941872,0.09127571853545362,0,0
1,0.98006356,0.9959972862441235,1,1
0,0.36655867,0.06496772331904241,0,0
0,0.53898007,0.40931841085516696,1,0
0,0.39709356,0.09454262000757903,0,0
0,0.3896299,0.0863572935086398,0,0
0,0.36873636,0.06675474818341018,0,0
1,0.6390939,0.7248446332492012,1,1
0,0.4557497,0.18588355502927775,0,0
0,0.47322357,0.22375765582159218,0,0
1,0.37635392,0.0733704285697107,0,0
0,0.38351482,0.0801349736309395,0,0
1,0.9644315,0.9950738455088539,1,1
0,0.43780708,0.15234615270028584,0,0
0,0.38670138,0.0833246052305614,0,0
0,0.3728007,0.07021256289197567,0,0
1,0.5881293,0.5717050923053096,1,1
0,0.6280043,0.6943847346644377,1,1
0,0.37759417,0.0745031493201285,0,0
0,0.37333116,0.07067588622139445,0,0
0,0.39327702,0.09027367926136523,0,0
0,0.45640823,0.18721654590552297,0,0
1,0.95198554,0.9941893941671206,1,1
0,0.3569812,0.057625190530192154,0,0
0,0.4423851,0.16040046647783193,0,0
0,0.3638386,0.06279815573152801,0,0
0,0.45598438,0.1863577687937231,0,0
0,0.43823448,0.15308381751837732,0,0
1,0.9710703,0.9954894342579558,1,1
0,0.5415519,0.417637675956299,1,0
0,0.36712053,0.06542448550378563,0,0
0,0.37751517,0.07443051636055414,0,0
0,0.39221808,0.08912036578501611,0,0
0,0.43533948,0.14814407476567049,0,0
0,0.45091102,0.17631362961396452,0,0
0,0.37284222,0.07024872237009895,0,0
0,0.44825804,0.17123310576919842,0,0
0,0.37286362,0.07026736692864968,0,0
0,0.51230973,0.32683480103160745,1,0
0,0.35311612,0.054888510472660045,0,0
0,0.36469007,0.06346991953791555,0,0
0,0.37979317,0.07655108165852478,0,0
0,0.44317865,0.16183110236635892,0,0
0,0.38084584,0.07754961244163329,0,0
0,0.43680853,0.15063405325112958,0,0
0,0.35996234,0.05982299632220291,0,0
1,0.7858234,0.9491085216775871,1,1
1,0.38958883,0.08631408240089326,0,0
0,0.35968277,0.05961359314026845,0,0
0,0.39353812,0.09056010661444872,0,0
0,0.36712867,0.0654311215135916,0,0
0,0.40759835,0.10723817493463132,0,0
0,0.3531897,0.05493944877806685,0,0
1,0.6299639,0.6999033196107105,1,1
0,0.3525127,0.05447244635944414,0,0
0,0.36442843,0.06326278985515892,0,0
0,0.36792225,0.06608140351147732,0,0
1,0.51236826,0.3270065995071242,1,0
1,0.95948046,0.9947393007693981,1,1
0,0.36263898,0.06186294279184508,0,0
0,0.39316845,0.09015481739234887,0,0
0,0.44560382,0.16626711243571682,0,0
1,0.96332103,0.9950007000672418,1,1
0,0.40679136,0.10621196936733122,0,0
1,0.9628744,0.9949709787003115,1,1
0,0.46201923,0.19887279598744312,0,0
0,0.36457536,0.06337902941335821,0,0
0,0.4344309,0.14662114113081717,0,0
0,0.35122907,0.053597272562503726,0,0
0,0.46265256,0.20022215968334856,0,0
0,0.3693952,0.0673043280780815,0,0
0,0.35691273,0.05757562374093244,0,0
0,0.48024067,0.24043412123820154,0,0
1,0.46914977,0.21446119046843756,0,0
0,0.3646569,0.0634436247217821,0,0
1,0.9484173,0.9939078697446965,1,1
0,0.35682383,0.0575113135570495,0,0
0,0.50366175,0.30197932162902685,1,0
0,0.3782275,0.07508775016358879,0,0
0,0.38884115,0.08553079326412347,0,0
0,0.4525678,0.17954606041704393,0,0
0,0.3644284,0.06326276629733278,0,0
0,0.3801011,0.07684196259912304,0,0
0,0.36519405,0.06387069661006772,0,0
1,0.965976,0.9951738089457693,1,1
0,0.39145857,0.08830136558350563,0,0
1,0.5325082,0.3886213028657954,1,0
1,0.96536046,0.9951342136456928,1,1
0,0.35799783,0.05836604280536301,0,0
0,0.40808228,0.10785774110291557,0,0
1,0.9596001,0.994747644427183,1,1
0,0.3582908,0.05858117957535383,0,0
1,0.58104795,0.5484362150410405,1,1
0,0.3672684,0.0655451982007947,0,0
0,0.40872762,0.10868885115091338,0,0
0,0.4894557,0.2635918031218015,0,0
0,0.34997073,0.05275221779346269,0,0
0,0.4455956,0.16625190361143768,0,0
1,0.97003114,0.9954267656699567,1,1
0,0.40964553,0.10988068182589626,0,0
0,0.5141166,0.332159408392382,1,0
0,0.3973983,0.09489115298843319,0,0
0,0.44885167,0.17235974957769226,0,0
0,0.44813487,0.1710000713421484,0,0
0,0.36685404,0.0652074715182742,0,0
0,0.37565032,0.07273489960882155,0,0
1,0.9657873,0.9951617042200068,1,1
1,0.962628,0.9949545057931738,1,1
1,0.4795666,0.23879591109398438,0,0
0,0.47197214,0.2208716808232371,0,0
0,0.43264368,0.14366332797568546,0,0
0,0.5109759,0.3229324799761068,1,0
0,0.387559,0.08420256344761139,0,0
0,0.35380825,0.055369411761876965,0,0
0,0.36859852,0.06664029893633608,0,0
0,0.41441393,0.11625778864977747,0,0
0,0.3619604,0.061339718189015804,0,0
0,0.37017587,0.06796096885391315,0,0
0,0.4241748,0.13031725802753355,0,0
0,0.37972945,0.0764910217335605,0,0
1,0.49601272,0.2809165704064929,0,0
0,0.4352551,0.1480021077362937,0,0
0,0.41477916,0.11675925518284248,0,0
0,0.47927585,0.2380916581158591,0,0
1,0.54223865,0.4198673672560798,1,0
1,0.37513083,0.07226893535229718,0,0
0,0.34573075,0.04999656054013659,0,0
1,0.65098166,0.755320154764314,1,1
0,0.38653475,0.08315499762814937,0,0
0,0.3982329,0.09585163642025481,0,0
1,0.36595857,0.06448315545503326,0,0
0,0.37948328,0.07625939062109133,0,0
0,0.41612965,0.11862984423181401,0,0
0,0.36738586,0.06564122012459613,0,0
0,0.3904128,0.0871848178708819,0,0
0,0.4346502,0.1469875578994658,0,0
0,0.3901705,0.08692795341007724,0,0
0,0.459943,0.1944971841996267,0,0
0,0.3717586,0.06931050949674185,0,0
0,0.39661357,0.0939959502164512,0,0
0,0.35797662,0.058350488979115794,0,0
0,0.46028244,0.1952075363530167,0,0
1,0.96384776,0.99503552794709,1,1
0,0.35130745,0.053650330003072635,0,0
0,0.35905164,0.05914340076813256,0,0
0,0.3975224,0.09503341785398828,0,0
0,0.6409848,0.7298464888662747,1,1
0,0.36841205,0.06648575455904213,0,0
0,0.38455892,0.08116760431720037,0,0
1,0.3705587,0.0682851509610017,0,0
0,0.35325396,0.05498396594631056,0,0
0,0.37410697,0.07135861009954506,0,0
1,0.95889896,0.9946985541734292,1,1
0,0.361765,0.06118980907502024,0,0
1,0.5688847,0.5080267870829352,1,1
0,0.41444442,0.1162995774824875,0,0
0,0.5167048,0.3398616798375274,1,0
0,0.36904857,0.06701466014904492,0,0
0,0.36881346,0.0668188450885882,0,0
0,0.4087933,0.1087737582489061,0,0
1,0.36912072,0.06707485919160197,0,0
1,0.5221396,0.3563099244172493,1,0
0,0.37519544,0.07232673994008279,0,0
0,0.36173037,0.06116327865250057,0,0
1,0.80072194,0.9578944219452018,1,1
0,0.4114049,0.1121971302849787,0,0
0,0.3571139,0.057721395614580014,0,0
0,0.4004631,0.09846092549158778,0,0
0,0.36953002,0.06741731097211111,0,0
1,0.7921899,0.9530573958643106,1,1
0,0.40126583,0.09941548215493969,0,0
0,0.36530605,0.06396007785830267,0,0
0,0.39562696,0.09288118986581388,0,0
0,0.37107733,0.0687265941928142,0,0
0,0.37107208,0.06872211633022805,0,0
0,0.35078835,0.053299861007540576,0,0
1,0.9696955,0.995406339775619,1,1
0,0.36430025,0.06316154325513694,0,0
0,0.3581902,0.05850723152171754,0,0
0,0.5178423,0.3432740323264085,1,0
0,0.45384267,0.18206479476868595,0,0
0,0.37772247,0.0746212379709887,0,0
0,0.37048537,0.06822293430612635,0,0
0,0.377139,0.07408558703315993,0,0
1,0.9664892,0.995206575777108,1,1
0,0.37495777,0.07211431525053845,0,0
1,0.9618385,0.9949013615143023,1,1
0,0.4826707,0.24640339955947066,0,0
1,0.9610807,0.9948498279736904,1,1
0,0.36529562,0.0639517484485507,0,0
0,0.4382299,0.15307588062790062,0,0
0,0.5942881,0.5916916796004703,1,1
0,0.35277253,0.05465124229941895,0,0
0,0.36473122,0.06350256002361654,0,0
1,0.5163346,0.3387546644296441,1,0
0,0.4516175,0.17768640277070716,0,0
0,0.35568574,0.05669396051844576,0,0
1,0.9602527,0.9947929312152425,1,1
0,0.37076864,0.06846352139105985,0,0
1,0.41208658,0.1131060419944858,0,0
1,0.4921545,0.2706388357992882,0,0
0,0.4338287,0.14561894050830185,0,0
0,0.37330458,0.07065259960529635,0,0
1,0.45445183,0.18327794880772463,0,0
0,0.38073775,0.07744653233616018,0,0
0,0.37601057,0.07305965931235761,0,0
0,0.5158123,0.3371957922188797,1,0
0,0.36815235,0.06627107823631427,0,0
1,0.8274433,0.9701420128163744,1,1
0,0.36742407,0.06567248406068736,0,0
0,0.36301962,0.0621582616586973,0,0
0,0.38320407,0.07982996020032593,0,0
0,0.36151096,0.0609954415026276,0,0
0,0.45449767,0.18336948526518448,0,0
0,0.35906664,0.05915452846209161,0,0
1,0.3990956,0.09685355312179936,0,0
0,0.36768287,0.06588462417264096,0,0
0,0.457357,0.1891498929002749,0,0
0,0.3720474,0.06955940521538562,0,0
0,0.4674651,0.21069975817651895,0,0
0,0.4401261,0.15638383401722633,0,0
1,0.41947955,0.12338204059930159,0,0
0,0.37877947,0.0756006848537708,0,0
0,0.41374898,0.11534959844926121,0,0
0,0.36257672,0.06181476504678596,0,0
0,0.6077835,0.6343620743995027,1,1
0,0.48885003,0.26202657924414635,0,0
0,0.34782496,0.051340159838179106,0,0
0,0.38553083,0.08213973375322117,0,0
0,0.3813439,0.07802619619567104,0,0
0,0.4274835,0.1354013528164804,0,0
0,0.42827928,0.13664882386319852,0,0
0,0.3832346,0.07985986751461925,0,0
0,0.37933636,0.07612144789323935,0,0
0,0.40080875,0.09887094520489915,0,0
0,0.3975424,0.09505636071105358,0,0
0,0.37255865,0.07000207455153955,0,0
0,0.5192379,0.34748281273997883,1,0
0,0.44566113,0.16637310918286882,0,0
0,0.3553201,0.05643368764515628,0,0
0,0.42010617,0.1242889312023841,0,0
0,0.53349274,0.3917461084334346,1,0
1,0.9659096,0.9951695531743578,1,1
0,0.64614576,0.7432034341810694,1,1
0,0.38396585,0.08057957030630011,0,0
0,0.3954374,0.09266835664506519,0,0
1,0.45634505,0.18708833952873521,0,0
0,0.3592785,0.059312008349859016,0,0
0,0.6145968,0.6551733165842604,1,1
0,0.4563885,0.18717650439083525,0,0
1,0.96608615,0.9951808605617679,1,1
0,0.39939925,0.09720843483701189,0,0
0,0.3899766,0.08672286059569047,0,0
0,0.43308294,0.14438565539464868,0,0
0,0.49850643,0.2876845287822348,0,0
0,0.3799935,0.07674019550648899,0,0
0,0.4417714,0.15930105947945392,0,0
0,0.3970259,0.09446539965541051,0,0
0,0.3671571,0.06545431600234576,0,0
0,0.3981101,0.09570975566851142,0,0
1,0.3540553,0.05554201128505001,0,0
1,0.49390775,0.27527981128616175,0,0
0,0.36060506,0.060307008049239164,0,0
0,0.3647796,0.06354094027658408,0,0
0,0.39602685,0.09333158325700784,0,0
0,0.381122,0.07781352494120244,0,0
1,0.4411618,0.1582151271418845,0,0
0,0.3752865,0.07240826664522991,0,0
1,0.96185714,0.9949026237029435,1,1
0,0.48248857,0.24595258347662502,0,0
0,0.46191576,0.1986529871159195,0,0
1,0.9676127,0.9952775380367689,1,1
0,0.35759866,0.05807409798833743,0,0
0,0.36357144,0.06258873345471778,0,0
0,0.40947726,0.10966135117093562,0,0
0,0.40906247,0.10912231637757391,0,0
1,0.96627885,0.9951931724230764,1,1
1,0.37547374,0.07257620314524445,0,0
0,0.58419704,0.5588163557772825,1,1
0,0.3753495,0.07246473111313112,0,0
0,0.3694186,0.06732392015279012,0,0
0,0.37425357,0.07148829949024392,0,0
0,0.38300556,0.0796356661797746,0,0
0,0.35587147,0.05682659701264825,0,0
0,0.37541065,0.07251957839541626,0,0
1,0.9587583,0.9946886504120126,1,1
0,0.42545053,0.13225804086123363,0,0
0,0.35864162,0.058839796938323204,0,0
0,0.36103544,0.060633157484176546,0,0
0,0.36157033,0.06104081210756363,0,0
0,0.3632191,0.062313568056087926,0,0
0,0.4390832,0.15455732626472768,0,0
0,0.46275443,0.20043983020090295,0,0
1,0.96234107,0.994935255596718,1,1
0,0.5050761,0.3059708265362961,1,0
0,0.35437188,0.05576395142782763,0,0
1,0.9552018,0.9944320468127874,1,1
0,0.4931607,0.273296270017585,0,0
1,0.96739644,0.9952639611654441,1,1
0,0.40934896,0.10949437248965506,0,0
0,0.34517348,0.04964467570184428,0,0
1,0.96045643,0.9948069888872184,1,1
0,0.39234826,0.08926142439762215,0,0
0,0.44759294,0.1699777772084671,0,0
0,0.36955008,0.06743413357825136,0,0
1,0.3661468,0.06463478510032476,0,0
0,0.44898257,0.172608954926884,0,0
0,0.47430375,0.22627021909800382,0,0
0,0.40579134,0.10495231114172048,0,0
0,0.53238934,0.3882446992711697,1,0
0,0.38936555,0.08607949188102756,0,0
1,0.7897396,0.9515732995234338,1,1
0,0.41594073,0.11836662062922729,0,0
0,0.38446093,0.08107017665960291,0,0
1,0.97076035,0.9954708322368332,1,1
0,0.37377068,0.07106192775677801,0,0
0,0.36898,0.06695749143401522,0,0
0,0.4552872,0.18495176460959756,0,0
1,0.39582142,0.09309996615661201,0,0
0,0.42109123,0.1257261283604577,0,0
0,0.37123755,0.0688635028022159,0,0
0,0.38857377,0.08525224013583296,0,0
0,0.46098137,0.19667633481020066,0,0
0,0.36316258,0.062269519323698855,0,0
0,0.36389002,0.06283852663837732,0,0
0,0.398147,0.09575235867844278,0,0
0,0.37095857,0.06862527240986774,0,0
0,0.3901829,0.08694108014377346,0,0
1,0.9553782,0.9944450577849919,1,1
0,0.3688674,0.06686372459176583,0,0
1,0.38126,0.07794573221441564,0,0
0,0.48470885,0.2514863831332441,0,0
0,0.34236455,0.04790646913404983,0,0
0,0.37436408,0.07158620464874332,0,0
1,0.7398856,0.9099536878975217,1,1
0,0.40706933,0.10656446457194864,0,0
0,0.35858905,0.0588009758125323,0,0
0,0.37333536,0.07067956782653605,0,0
0,0.41005135,0.11041124514922737,0,0
1,0.61387646,0.6529993766513909,1,1
0,0.43489555,0.14739834054222192,0,0
1,0.9653266,0.9951320264919515,1,1
0,0.3839559,0.08056973403376069,0,0
0,0.43717453,0.15125974643715248,0,0
1,0.38715154,0.08378440145737433,0,0
0,0.37686563,0.07383583405591367,0,0
1,0.96404225,0.9950483267770807,1,1
0,0.36746168,0.06570327378102457,0,0
0,0.4861187,0.2550429448445804,0,0
0,0.42645362,0.13380118264762667,0,0
0,0.36766398,0.06586911475431735,0,0
0,0.36551648,0.06412833377085903,0,0
0,0.43651062,0.15012634951850998,0,0
0,0.5189841,0.34671561817496327,1,0
0,0.37255687,0.07000052177535407,0,0
0,0.3822837,0.07893277369760782,0,0
0,0.38756123,0.08420486256189276,0,0
0,0.48536006,0.2531250491871275,0,0
0,0.35485736,0.056105910410940506,0,0
0,0.47258848,0.22228970961144912,0,0
0,0.42592812,0.1329908603741463,0,0
1,0.95005083,0.9940383949100371,1,1
0,0.36468455,0.06346554817725251,0,0
0,0.44008812,0.15631703043183728,0,0
0,0.43421984,0.14626923127128838,0,0
0,0.36808807,0.06621803834165205,0,0
1,0.6695521,0.7981706009255574,1,1
0,0.36485654,0.06360204325935559,0,0
0,0.36064282,0.060335557367433935,0,0
0,0.39688,0.09429904091930773,0,0
0,0.4151232,0.11723334389654413,0,0
0,0.35821718,0.05852705196085646,0,0
1,0.9663857,0.9951999869992533,1,1
0,0.35780686,0.05822619827139171,0,0
0,0.3643402,0.06319307096880435,0,0
0,0.39184088,0.08871276024309963,0,0
0,0.36438623,0.06322944016715291,0,0
0,0.35197142,0.05410177648408578,0,0
1,0.9605611,0.9948141963395613,1,1
0,0.42014962,0.12435202905251569,0,0
0,0.43039635,0.14001469303336306,0,0
0,0.3866311,0.08325303503744076,0,0
0,0.3667061,0.0650872890999425,0,0
0,0.38781962,0.0844710246332792,0,0
1,0.46954998,0.21536191229364454,0,0
0,0.43331566,0.144769580093606,0,0
0,0.35292488,0.05475632837942603,0,0
0,0.36817828,0.06629248240783185,0,0
0,0.34427872,0.04908459740800447,0,0
0,0.36512017,0.06381179915327494,0,0
0,0.36071002,0.06038640058371326,0,0
0,0.3850415,0.08164898260585489,0,0
0,0.41139773,0.11218758764859688,0,0
0,0.48452184,0.2510171078099173,0,0
0,0.3670495,0.06536656247271032,0,0
0,0.36923006,0.06716618587625954,0,0
0,0.38370582,0.08032297899394707,0,0
0,0.3717071,0.06926621106734378,0,0
1,0.96574056,0.9951587020495042,1,1
0,0.37006408,0.06786657795419233,0,0
0,0.511485,0.3244190057285312,1,0
1,0.43574813,0.1488332871727688,0,0
0,0.41054183,0.11105549697494606,0,0
0,0.40127882,0.09943100117581412,0,0
0,0.44605005,0.16709386121704722,0,0
1,0.96172535,0.9948937010692658,1,1
0,0.35887712,0.05901399480344958,0,0
0,0.39028603,0.08705032873656934,0,0
0,0.3718458,0.06938557924682168,0,0
1,0.6749547,0.8095308264517884,1,1
1,0.4397201,0.15567070155143134,0,0
0,0.3917373,0.0886011462570035,0,0
0,0.38582462,0.08243567060243305,0,0
0,0.37088364,0.06856142316662735,0,0
1,0.98287266,0.9961439263786992,1,1
0,0.42503974,0.13163044251568534,0,0
0,0.37494197,0.07210021840791994,0,0
0,0.36199003,0.061362473409942976,0,0
0,0.40452838,0.10338029543042865,0,0
0,0.36828524,0.06638084867612756,0,0
0,0.39734465,0.09482971424545635,0,0
0,0.3649631,0.06368675968880683,0,0
0,0.35840532,0.05866548847714511,0,0
0,0.37923738,0.07602865452294456,0,0
0,0.5027081,0.29930467637049135,1,0
0,0.37484112,0.07201027130148999,0,0
0,0.49699607,0.28357380983935754,0,0
0,0.37534362,0.07245946757252467,0,0
0,0.3931648,0.09015083928213344,0,0
0,0.443922,0.16318058258195275,0,0
0,0.43410024,0.1460701331547751,0,0
1,0.6448544,0.7399022697764699,1,1
0,0.3971186,0.0945712092671294,0,0
1,0.38810486,0.08476573334838236,0,0
1,0.955354,0.9944432743599504,1,1
0,0.43105048,0.14106862374877435,0,0
1,0.5859073,0.5644328136619724,1,1
0,0.39703807,0.0944792747425463,0,0
0,0.4404327,0.15692414901681945,0,0
0,0.36435488,0.06320467403655945,0,0
0,0.35650626,0.057282132411672376,0,0
0,0.40580255,0.10496635287910146,0,0
0,0.42134306,0.12609582446021242,0,0
0,0.37132064,0.06893460318347933,0,0
1,0.45152226,0.1775008404708224,0,0
1,0.3619919,0.06136391590809532,0,0
0,0.4090669,0.1091280360681412,0,0
0,0.36739913,0.0656520707025779,0,0
0,0.5701294,0.5121758715690685,1,1
0,0.4368241,0.15066065562643097,0,0
1,0.9633239,0.9950008898972138,1,1
0,0.4380811,0.15281873276736038,0,0
0,0.36929765,0.0672226973555608,0,0
1,0.46576735,0.20695827019876742,0,0
0,0.4260354,0.1331559596760254,0,0
0,0.6720479,0.803480471073919,1,1
0,0.3506648,0.05321675789920089,0,0
0,0.3606907,0.06037178610134796,0,0
0,0.38933778,0.08605034939457254,0,0
1,0.68993413,0.8384544440820569,1,1
0,0.449633,0.1738515516113971,0,0
0,0.36375266,0.06273071430064574,0,0
0,0.4953679,0.27918243688799355,0,0
0,0.36814088,0.06626160832475313,0,0
1,0.953157,0.9942789700401504,1,1
0,0.5191486,0.3472128167368905,1,0
1,0.6390817,0.7248122837105844,1,1
1,0.4901734,0.26545428874827737,0,0
0,0.36543164,0.06406044332448174,0,0
1,0.44902077,0.17268175030359265,0,0
0,0.3482836,0.05163893163637107,0,0
0,0.45446235,0.18329895501659996,0,0
0,0.3637608,0.06273709542267242,0,0
0,0.41243598,0.11357440815821988,0,0
0,0.36889854,0.06688964842672061,0,0
0,0.43124637,0.14138552865389956,0,0
0,0.3891245,0.08582688773901696,0,0
0,0.42740822,0.135283841127795,0,0
1,0.96472555,0.99509303354913,1,1
0,0.36325985,0.06234532811059177,0,0
0,0.36452463,0.06333887716239034,0,0
0,0.35408208,0.055560761320696296,0,0
0,0.36955395,0.06743738356457284,0,0
0,0.42768133,0.13571056867779116,0,0
0,0.41398737,0.1156744790602609,0,0
0,0.3696845,0.06754696805945101,0,0
0,0.35536975,0.05646896391153922,0,0
0,0.43832386,0.15323844794765037,0,0
0,0.366857,0.06520987048593739,0,0
0,0.3580264,0.058386976702673773,0,0
1,0.96788645,0.9952946706277632,1,1
0,0.41072837,0.11130136899060862,0,0
0,0.40268683,0.10112545838393135,0,0
0,0.4710668,0.21880053506712802,0,0
0,0.37398335,0.0712494169511079,0,0
0,0.34913936,0.05220082341378852,0,0
0,0.39906508,0.09681795135137754,0,0
1,0.9838409,0.9961932187403109,1,1
1,0.79022557,0.9518711325372237,1,1
0,0.36202285,0.06138768734572091,0,0
0,0.3692067,0.06714666129987654,0,0
0,0.4301479,0.1396161039581569,0,0
0,0.3710954,0.06874201435509132,0,0
0,0.51232487,0.32687923325263085,1,0
0,0.3817479,0.07841474663054644,0,0
1,0.36337337,0.06243390385282921,0,0
0,0.4034732,0.1020829151336363,0,0
0,0.36559808,0.06419368818366827,0,0
0,0.40144402,0.09962848711726646,0,0
0,0.41005048,0.11041011283278329,0,0
0,0.38017106,0.07690817330732559,0,0
0,0.43165386,0.1420466519230081,0,0
0,0.3750651,0.07221016131307638,0,0
0,0.44703174,0.16892423777014418,0,0
1,0.960797,0.9948304053660473,1,1
1,0.46532917,0.20600061426379487,0,0
0,0.35274792,0.0546342802700566,0,0
1,0.9623966,0.9949389881685207,1,1
0,0.37093934,0.06860888578979482,0,0
0,0.4057229,0.10486656557240007,0,0
1,0.97113174,0.9954931134217984,1,1
0,0.42297646,0.12851636754914084,0,0
0,0.3701402,0.06793083409617771,0,0
1,0.5106234,0.32190526351403953,1,0
0,0.46169415,0.19818283621858046,0,0
0,0.43995348,0.15608031156646876,0,0
1,0.4246447,0.1310293149092402,0,0
1,0.9836596,0.9961840388347969,1,1
0,0.4489507,0.17254827282786667,0,0
1,0.5348191,0.39596986195352957,1,0
0,0.35598838,0.056910240252946324,0,0
1,0.67543817,0.8105231747675905,1,1
0,0.41020402,0.11061143436805686,0,0
1,0.44263813,0.16085550935752063,0,0
0,0.4382946,0.15318780129499107,0,0
1,0.7254599,0.8928937549839036,1,1
0,0.4488868,0.17242661893139982,0,0
0,0.4673668,0.2104818059319586,0,0
0,0.373473,0.07080024490107277,0,0
0,0.3821575,0.07881049214679643,0,0
0,0.46018624,0.19500601860745473,0,0
1,0.66068596,0.7784463666552061,1,1
0,0.3780314,0.07490628970204927,0,0
1,0.6182407,0.666070091916279,1,1
1,0.6940495,0.8457523419082411,1,1
0,0.4911064,0.2678880010571429,0,0
1,0.51883507,0.34626554573615476,1,0
1,0.3954813,0.0927176028793967,0,0
0,0.38805878,0.08471806606178708,0,0
1,0.9701094,0.9954315154344354,1,1
0,0.37378377,0.07107344875083313,0,0
0,0.3910477,0.08786113749709759,0,0
0,0.35823396,0.058539385422162034,0,0
0,0.36732692,0.0655930100890859,0,0
0,0.37769088,0.0745921455962707,0,0
0,0.45817605,0.19083122338468508,0,0
0,0.38392255,0.08053678755855037,0,0
1,0.70644385,0.8661100724640697,1,1
1,0.4901458,0.26538251737840357,0,0
0,0.38337955,0.08000206703057211,0,0
1,0.95958406,0.9947465268836656,1,1
0,0.36916083,0.06710834967419596,0,0
1,0.9679203,0.9952967850517576,1,1
0,0.38700616,0.0836356636727586,0,0
1,0.96201164,0.9949130641375656,1,1
0,0.354221,0.05565806923197943,0,0
0,0.40927818,0.10940234848388596,0,0
0,0.3460555,0.05020271283515545,0,0
0,0.3855025,0.08211123597866928,0,0
0,0.38848996,0.08516510560513035,0,0
0,0.39893386,0.09666500378790568,0,0
1,0.37005895,0.06786225262843833,0,0
0,0.38383943,0.0804547251275997,0,0
1,0.5597451,0.4775645747452792,1,0
0,0.42754704,0.13550060227048216,0,0
0,0.3673915,0.0656458283686164,0,0
0,0.38912243,0.08582470443598567,0,0
0,0.38799864,0.08465588235912253,0,0
0,0.36298108,0.062128304654562774,0,0
1,0.970711,0.9954678631826931,1,1
1,0.96543217,0.9951388427166418,1,1
0,0.359887,0.05976649847198541,0,0
0,0.35639134,0.05719941205369958,0,0
1,0.40438342,0.1032012036217688,0,0
1,0.96368325,0.9950246763974594,1,1
0,0.37564492,0.0727300469343741,0,0
0,0.4045676,0.10342879760649484,0,0
1,0.9625646,0.9949502573522243,1,1
1,0.9618128,0.9948996229756967,1,1
0,0.38873726,0.08542246576880548,0,0
0,0.41950688,0.1234214736563387,0,0
0,0.37227276,0.06975421571130634,0,0
0,0.38442045,0.08102996850022794,0,0
0,0.36408055,0.06298835596818585,0,0
1,0.9657946,0.9951621750556389,1,1
0,0.41043988,0.11092131096656835,0,0
0,0.43720123,0.15130547939576153,0,0
0,0.45940045,0.19336588048475387,0,0
0,0.38443166,0.08104109942470661,0,0
0,0.37787926,0.07476578388941185,0,0
0,0.35154057,0.05380842344343739,0,0
1,0.9539434,0.9943383275158443,1,1
0,0.37540695,0.07251626295116219,0,0
0,0.3841086,0.0807207559830883,0,0
0,0.4015856,0.09979803324706625,0,0
0,0.3467158,0.050624350858311774,0,0
1,0.9573928,0.9945915511165885,1,1
0,0.414964,0.11701375160097321,0,0
0,0.41961557,0.12357841002139425,0,0
0,0.3925132,0.08944042657066098,0,0
0,0.43950552,0.15529487079992432,0,0
0,0.36404002,0.0629564544951453,0,0
0,0.3897212,0.08645344414482431,0,0
0,0.44941473,0.1734337773655462,0,0
0,0.44558603,0.16623421648854528,0,0
0,0.37479728,0.07197120423758084,0,0
0,0.48798996,0.259814260404592,0,0
1,0.83851,0.974133685763956,1,1
1,0.968729,0.995347012835036,1,1
0,0.50342184,0.3013052049717982,1,0
1,0.51030815,0.320988060595262,1,0
0,0.37917978,0.07597469161437989,0,0
1,0.46551427,0.20640475677378894,0,0
0,0.5331687,0.3907165660427175,1,0
0,0.37528503,0.07240695834728683,0,0
0,0.35760897,0.058081622371192645,0,0
0,0.34179336,0.04756014801494191,0,0
0,0.3524442,0.05442541435192505,0,0
0,0.6688383,0.7966324951631176,1,1
0,0.37731665,0.07424830338902678,0,0
0,0.42382255,0.1297856907770143,0,0
0,0.47762313,0.2341156543413764,0,0
0,0.3834609,0.080081980104735,0,0
0,0.38653725,0.08315754351315831,0,0
0,0.3682875,0.06638272108637458,0,0
1,0.9651029,0.995117550496965,1,1
0,0.50898784,0.31716174677005493,1,0
0,0.41138926,0.11217634329427477,0,0
0,0.5101533,0.3205380280754856,1,0
0,0.42667153,0.1341384273358327,0,0
1,0.3864811,0.08310045997827736,0,0
0,0.37248027,0.06993404108891246,0,0
1,0.9696479,0.995403434134959,1,1
0,0.40705538,0.10654675292818613,0,0
0,0.36619124,0.06467062827042323,0,0
0,0.3809081,0.07760903927993645,0,0
0,0.38385582,0.0804709020676072,0,0
0,0.37021315,0.06799247631861026,0,0
0,0.4055447,0.10464366321293146,0,0
0,0.3552076,0.05635383157839403,0,0
0,0.43592238,0.1491279812513434,0,0
1,0.9664325,0.9952029674872993,1,1
1,0.41222933,0.11329719543779164,0,0
1,0.55710936,0.46880071315366606,1,0
0,0.43577012,0.14887045652424633,0,0
0,0.3582711,0.058566689813437156,0,0
0,0.36842054,0.0664927866570882,0,0
1,0.95747787,0.9945976506548719,1,1
1,0.7162501,0.8805657532945605,1,1
0,0.40181962,0.10007880532015612,0,0
1,0.7208731,0.8869004323722733,1,1
1,0.86884177,0.982590884074891,1,1
0,0.43753153,0.151872109405404,0,0
1,0.9686937,0.9953448287896179,1,1
1,0.96038485,0.9948020536791627,1,1
1,0.96960026,0.9954005266648784,1,1
0,0.3980066,0.09559033057235525,0,0
0,0.36600912,0.06452383915473117,0,0
0,0.3955061,0.09274546264310894,0,0
1,0.96468675,0.995090505600601,1,1
0,0.41215026,0.11319128798026037,0,0
0,0.43213606,0.1428323250951757,0,0
1,0.52639455,0.36943058643981014,1,0
0,0.41554525,0.1178172278789174,0,0
0,0.37510997,0.07225028060891069,0,0
0,0.33633816,0.04437039503372215,0,0
0,0.37559587,0.07268593078040424,0,0
0,0.44760957,0.1700090752406093,0,0
1,0.9653367,0.9951326773494193,1,1
0,0.37640274,0.07341471094752024,0,0
0,0.42483878,0.13132434882164298,0,0
1,0.5482855,0.43963094503916395,1,0
0,0.42781633,0.13592192981145607,0,0
0,0.44539514,0.16588161540240653,0,0
0,0.3882333,0.08489875061517241,0,0
0,0.61489373,0.656067635755697,1,1
0,0.36357278,0.06258978302474329,0,0
0,0.35281378,0.05467967406144273,0,0
0,0.3700494,0.06785418104713357,0,0
0,0.4445149,0.16426338104156252,0,0
0,0.36633945,0.06479031143493798,0,0
0,0.441329,0.15851237048378716,0,0
0,0.50090104,0.29427417410867335,1,0
0,0.38574663,0.08235701386360303,0,0
1,0.7870449,0.9498897712317056,1,1
0,0.3741177,0.07136809412554035,0,0
0,0.40280393,0.10126752150393485,0,0
0,0.3991764,0.09694786385378086,0,0
1,0.9671445,0.995248093683905,1,1
0,0.4136864,0.1152644382289365,0,0
0,0.36311963,0.06223607843543864,0,0
0,0.35887125,0.05900964611213116,0,0
1,0.96177167,0.9948968384724839,1,1
0,0.4922557,0.2709053228407832,0,0
0,0.43346468,0.14501584710656729,0,0
0,0.36694315,0.0652799614025565,0,0
0,0.4091955,0.1092949503451746,0,0
0,0.41215238,0.1131941211671134,0,0
1,0.4618395,0.19849109636719814,0,0
0,0.39471337,0.0918595266164114,0,0
0,0.36173248,0.061164899393911364,0,0
0,0.4378142,0.15235842232980754,0,0
0,0.36635932,0.06480637952252374,0,0
1,0.96729124,0.9952573420603127,1,1
1,0.9652312,0.9951258563784513,1,1
1,0.9573075,0.9945854276027478,1,1
0,0.36242718,0.06169918015868502,0,0
0,0.38909158,0.08579242861378039,0,0
0,0.37316072,0.07052670853580573,0,0
0,0.41353133,0.11505367919030259,0,0
0,0.35898304,0.059092499451171364,0,0
0,0.3676654,0.06587028885020868,0,0
0,0.35825065,0.05855165558138043,0,0
1,0.9581849,0.9946480892410559,1,1
0,0.5277798,0.3737453441597022,1,0
1,0.41730946,0.1202851964292908,0,0
0,0.41308114,0.11444367611893848,0,0
1,0.979084,0.9959448571185838,1,1
0,0.37696126,0.07392311715510635,0,0
0,0.37049818,0.0682338013669075,0,0
0,0.47070628,0.21797967438748778,0,0
0,0.3992299,0.09701038854417024,0,0
0,0.45403457,0.18244628710655145,0,0
0,0.39971378,0.09757725241769538,0,0
1,0.96547383,0.9951415304129662,1,1
1,0.7192538,0.8847155889416823,1,1
0,0.3765062,0.07350865582336885,0,0
0,0.4237219,0.12963414724174113,0,0
0,0.40514186,0.10414127938410442,0,0
1,0.9694476,0.9953911951346391,1,1
0,0.39194503,0.08882514461057585,0,0
0,0.35625982,0.05710488041856842,0,0
0,0.38360444,0.08022313265657185,0,0
0,0.44562247,0.16630161194068444,0,0
0,0.35976574,0.059675665995702835,0,0
1,0.6467337,0.7446973268135668,1,1
0,0.3964285,0.09378592822719889,0,0
0,0.37343636,0.07076811023157126,0,0
0,0.5038459,0.3024972546666134,1,0
0,0.41065717,0.11120746587090255,0,0
0,0.36944884,0.06734926042481428,0,0
0,0.3884396,0.08511277698839262,0,0
0,0.36564523,0.06423147784360915,0,0
0,0.3721978,0.06968936891491727,0,0
0,0.4039716,0.10269392392856085,0,0
0,0.37509516,0.07223703843671686,0,0
0,0.43280163,0.1439227229311989,0,0
0,0.37898076,0.07578853453607237,0,0
1,0.5137583,0.33110011509661785,1,0
1,0.970893,0.9954788046629877,1,1
0,0.36663908,0.06503290686958778,0,0
1,0.9626004,0.9949526575197157,1,1
0,0.35755256,0.058040466919217056,0,0
0,0.34191415,0.047633185051241055,0,0
0,0.39218828,0.08908810044907246,0,0
1,0.9652035,0.9951240667090514,1,1
1,0.9644917,0.9950777802053756,1,1
0,0.3890974,0.08579850872476438,0,0
0,0.42967787,0.13886469799797937,0,0
1,0.9646747,0.9950897209353434,1,1
0,0.46520504,0.20572993099648615,0,0
1,0.504037,0.30303550463449747,1,0
0,0.3738771,0.0711556941534285,0,0
0,0.5121672,0.32641669577662424,1,0
0,0.42855984,0.1370909306614589,0,0
1,0.36968893,0.06755069883733182,0,0
0,0.38025644,0.07698906808383453,0,0
0,0.44988075,0.17432670251765936,0,0
0,0.37166175,0.06922721529201148,0,0
0,0.39037606,0.08714581755767302,0,0
1,0.9611684,0.9948558208422607,1,1
1,0.40796667,0.10770945113659501,0,0
0,0.41948205,0.12338565233727601,0,0
0,0.40676126,0.106173860163204,0,0
0,0.5405063,0.41424950279023254,1,0
0,0.36591336,0.06444678584974155,0,0
0,0.3659987,0.06451544138755032,0,0
1,0.6382464,0.7225843586685433,1,1
0,0.45987302,0.19435099213711102,0,0
1,0.5256429,0.3670979737848003,1,0
0,0.38828382,0.08495111437205873,0,0
0,0.44361824,0.16262802376389612,0,0
0,0.37408215,0.07133666957777172,0,0
1,0.96870327,0.9953454218606785,1,1
0,0.37030223,0.0680678115808249,0,0
0,0.4855736,0.2536639062587675,0,0
1,0.44763985,0.17006607410622634,0,0
0,0.36659163,0.06499443686996721,0,0
1,0.4304378,0.14008128891864757,0,0
0,0.3647404,0.06350984186023292,0,0
0,0.36034963,0.06011420944850672,0,0
0,0.3795841,0.07635418051423724,0,0
0,0.4106223,0.11116150260873756,0,0
0,0.38000548,0.076751518765286,0,0
0,0.5021471,0.2977376725924838,1,0
1,0.44232392,0.16029058725854886,0,0
1,0.40877223,0.10874651537405504,0,0
0,0.38240433,0.07904984559256338,0,0
1,0.43034887,0.13993845870346192,0,0
0,0.40608642,0.10532261791754854,0,0
0,0.37090236,0.0685773676202193,0,0
0,0.46196693,0.19876166583558763,0,0
1,0.9679202,0.995296777608262,1,1
0,0.36808035,0.06621167227276549,0,0
0,0.35628042,0.05711967275151794,0,0
0,0.43447596,0.1466963643098746,0,0
0,0.4802925,0.24056039357679931,0,0
0,0.3695521,0.06743583355297224,0,0
1,0.8607079,0.9806344108638994,1,1
0,0.36523828,0.06390597853804729,0,0
1,0.95932806,0.9947286515070501,1,1
0,0.41582316,0.11820306197806987,0,0
1,0.9673525,0.9952611983859008,1,1
1,0.68241435,0.8244029681811739,1,1
0,0.38042104,0.07714523300515558,0,0
0,0.36766952,0.06587366448425158,0,0
0,0.36866704,0.06669716669837174,0,0
0,0.3851857,0.08179330840295096,0,0
1,0.37407163,0.07132737373256307,0,0
0,0.53322923,0.3909088807022216,1,0
0,0.36430627,0.06316629500117982,0,0
0,0.34794652,0.05141919249592141,0,0
0,0.40075532,0.09880745876524105,0,0
0,0.3710697,0.0687200810274751,0,0
0,0.36451375,0.06333026945732002,0,0
1,0.96374035,0.995028445657724,1,1
1,0.97143584,0.9955112761841813,1,1
0,0.3769658,0.07392725382874851,0,0
1,0.43758625,0.1519661448462705,0,0
1,0.4437473,0.1628626212711448,0,0
0,0.40856713,0.10848164368118926,0,0
0,0.36254665,0.06179150745050209,0,0
0,0.37582406,0.07289136365501941,0,0
0,0.35544884,0.05652520313767472,0,0
0,0.45719916,0.18882720733116193,0,0
0,0.36632594,0.064779400740199,0,0
0,0.42713547,0.13485880257666996,0,0
0,0.4082789,0.10811038778091252,0,0
0,0.35702705,0.05765842290514202,0,0
0,0.44325772,0.1619742073757258,0,0
1,0.9655566,0.9951468668120798,1,1
1,0.7880885,0.9505482499364708,1,1
0,0.36592817,0.06445869916663716,0,0
1,0.9662201,0.9951894208741107,1,1
0,0.38606575,0.08267928691937214,0,0
1,0.7074115,0.8675998415598637,1,1
1,0.7854894,0.9488928826256529,1,1
0,0.43977225,0.15576216129778656,0,0
0,0.420436,0.12476856538392297,0,0
1,0.9668872,0.9952318337465115,1,1
1,0.40917653,0.10927030132552323,0,0
0,0.38514876,0.0817563247970128,0,0
0,0.43469816,0.1470677735698634,0,0
1,0.95271444,0.9942452920696505,1,1
0,0.37049276,0.06822920162446088,0,0
0,0.444615,0.1644467745866791,0,0
0,0.41782603,0.12101622279147953,0,0
1,0.9719296,0.995540611564452,1,1
0,0.362202,0.061525515719534796,0,0
1,0.5489995,0.4419785694751057,1,0
0,0.39627075,0.09360725135218814,0,0
0,0.37799302,0.07487081697914898,0,0
1,0.9701577,0.9954344431520156,1,1
0,0.37680358,0.07377925549745146,0,0
1,0.38951984,0.08624153306831243,0,0
1,0.9648031,0.9950980816828857,1,1
0,0.3588166,0.05896917575282505,0,0
0,0.4412625,0.15839410769869675,0,0
1,0.9675915,0.9952762112506885,1,1
0,0.3658971,0.06443370034380502,0,0
0,0.40827358,0.10810352676184706,0,0
0,0.44344723,0.16231763266844898,0,0
0,0.4003162,0.09828713149883841,0,0
0,0.44216958,0.16001367107539646,0,0
0,0.3658479,0.06439414731543983,0,0
0,0.36797732,0.0661267556600663,0,0
0,0.3849625,0.08156999718757961,0,0
0,0.37431818,0.07154552783599039,0,0
1,0.96681285,0.9952271266345901,1,1
0,0.36403218,0.06295028705256456,0,0
0,0.36518133,0.06386054809754499,0,0
0,0.3572912,0.05785015638916425,0,0
1,0.44662917,0.16817171376507092,0,0
0,0.37795666,0.07483723127825702,0,0
0,0.37682664,0.07380028436389467,0,0
0,0.3800484,0.07679209226512052,0,0
0,0.3678928,0.06605716865861748,0,0
1,0.5011947,0.2950883523050164,1,0
0,0.37786013,0.0747481311688153,0,0
0,0.3680145,0.06615739944409152,0,0
0,0.3894675,0.0861865389640608,0,0
0,0.4414746,0.1587715690524967,0,0
0,0.3591264,0.05919890387952662,0,0
1,0.7142527,0.877735161298255,1,1
1,0.4394321,0.15516647546543152,0,0
1,0.5184413,0.34507759926111503,1,0
1,0.968647,0.9953419434025269,1,1
1,0.36380595,0.06277251815159257,0,0
0,0.4871105,0.2575646093934297,0,0
0,0.40328124,0.10184845485587841,0,0
0,0.37090483,0.06857947518555318,0,0
0,0.43756735,0.1519336675120724,0,0
0,0.36061364,0.060313496444462954,0,0
0,0.3896752,0.08640498014894983,0,0
1,0.64358944,0.7366418905914432,1,1
1,0.8741621,0.983764172075611,1,1
1,0.96412283,0.9950536202528325,1,1
0,0.35535663,0.05645964523646114,0,0
1,0.68209124,0.8237781663851389,1,1
1,0.971712,0.995527706204068,1,1
0,0.44517475,0.1654752594478902,0,0
1,0.6696928,0.7984728271707501,1,1
0,0.3854404,0.08204884801530848,0,0
0,0.44059935,0.1572184718345063,0,0
0,0.3808989,0.07760024637320014,0,0
1,0.44103205,0.15798474449115116,0,0
1,0.9666699,0.9952180617854997,1,1
0,0.36746562,0.06570649503405526,0,0
1,0.96741074,0.995264860503361,1,1
0,0.41168594,0.11257107764364095,0,0
0,0.45217618,0.1787778728381871,0,0
0,0.37150544,0.06909298666445297,0,0
0,0.37907052,0.0758724456720826,0,0
0,0.37283254,0.07024028448442471,0,0
0,0.517632,0.3426419673524237,1,0
1,0.35879523,0.05895336099141204,0,0
0,0.36925533,0.06718731022668407,0,0
0,0.35115236,0.053545392794850266,0,0
0,0.503233,0.3007752231633178,1,0
0,0.39098564,0.08779483047252498,0,0
1,0.9659273,0.9951706881570193,1,1
1,0.9645492,0.9950815327810131,1,1
1,0.96669,0.9952193367369804,1,1
0,0.36066172,0.06034984804036892,0,0
1,0.9597442,0.9947576792451479,1,1
0,0.3673264,0.0655925958887361,0,0
0,0.38850918,0.08518508486955624,0,0
0,0.36201146,0.06137893808958085,0,0
1,0.5043719,0.3039797102952723,1,0
0,0.39810684,0.09570600548847061,0,0
1,0.96816987,0.9953123423323742,1,1
1,0.96807724,0.995306574252525,1,1
0,0.4369796,0.1509262297221281,0,0
0,0.35429648,0.055711018028913005,0,0
0,0.37201762,0.06953370688342006,0,0
0,0.45976833,0.19413242012214274,0,0
0,0.36670625,0.06508741005020148,0,0
1,0.664231,0.786494360829768,1,1
0,0.40834442,0.10819466769873133,0,0
0,0.43337193,0.1448625296675303,0,0
0,0.45689964,0.18821602184670042,0,0
1,0.42443594,0.1307125736530479,0,0
0,0.35422274,0.05565930200500547,0,0
1,0.96898645,0.9953628891693127,1,1
0,0.371519,0.06910462135105756,0,0
0,0.47962475,0.2389369186585031,0,0
0,0.36688933,0.06523616758331188,0,0
0,0.36494538,0.06367265668448033,0,0
0,0.43891466,0.15426380590177283,0,0
1,0.6468687,0.7450395513042698,1,1
0,0.4092362,0.10934778609932366,0,0
1,0.4407989,0.15757149189801503,0,0
0,0.36817983,0.06629376194100478,0,0
0,0.39033267,0.08709978397999332,0,0
1,0.961853,0.9949023454835986,1,1
0,0.5013046,0.2953934066769178,1,0
0,0.43880275,0.15406915612133865,0,0
0,0.40213838,0.10046240270093182,0,0
0,0.4161823,0.11870330819694515,0,0
0,0.3976413,0.09516991699634778,0,0
1,0.96590036,0.9951689607379274,1,1
0,0.36770168,0.06590006357268928,0,0
0,0.41800293,0.12126745532759947,0,0
0,0.36042446,0.06017063279138294,0,0
1,0.95983964,0.9947643129770267,1,1
0,0.3906658,0.08745375728315853,0,0
0,0.40082467,0.09888986006318351,0,0
1,0.96350133,0.9950126493048953,1,1
1,0.40789557,0.10761832601491474,0,0
0,0.48186928,0.24442377935875903,0,0
0,0.39398783,0.09105536977451914,0,0
0,0.40787545,0.10759255900071649,0,0
0,0.3651646,0.06384721708967984,0,0
1,0.4510994,0.17667885073152828,0,0
0,0.39007658,0.0868285514145047,0,0
0,0.36774656,0.06593692619206538,0,0
0,0.3882745,0.08494144263544712,0,0
0,0.36376593,0.06274111607428319,0,0
0,0.39509407,0.09228402243702331,0,0
0,0.4416004,0.15899586569651047,0,0
0,0.36239192,0.06167196029838571,0,0
0,0.4561451,0.18668306015897362,0,0
0,0.36164054,0.06109451405463439,0,0
0,0.3832456,0.07987064716970826,0,0
0,0.38714585,0.08377857305306867,0,0
0,0.3981029,0.0957014641619394,0,0
1,0.7721953,0.9395760864166944,1,1
0,0.37039956,0.06815021685551241,0,0
0,0.44086745,0.1576928988837593,0,0
0,0.3922102,0.08911181444444434,0,0
1,0.41993183,0.12403603701579666,0,0
0,0.38007835,0.07682042083715226,0,0
0,0.38550645,0.0821152209303019,0,0
0,0.35735476,0.057896388888806216,0,0
1,0.7669221,0.9354571388012943,1,1
1,0.9689727,0.9953620413963091,1,1
0,0.4082322,0.10805033810309167,0,0
0,0.3879768,0.08463330557271988,0,0
1,0.96147114,0.9948764454667375,1,1
0,0.40215436,0.10048165993093704,0,0
0,0.3620575,0.06141433165570284,0,0
0,0.36910486,0.0670616265176722,0,0
0,0.43652317,0.15014770394880594,0,0
1,0.7625915,0.9318804337857785,1,1
0,0.3606304,0.060326159708057436,0,0
0,0.36409828,0.06300231760361776,0,0
0,0.3697674,0.06761665747746029,0,0
0,0.3791038,0.07590358578207401,0,0
1,0.9646568,0.9950885514748959,1,1
1,0.40173468,0.09997681385056147,0,0
1,0.49356574,0.2743706128498735,0,0
1,0.6809964,0.8216481563913088,1,1
0,0.38316166,0.07978841653100703,0,0
0,0.35909,0.059171876533615754,0,0
0,0.36695987,0.06529357069614272,0,0
0,0.37582135,0.07288891903953092,0,0
1,0.39989063,0.09778516826967047,0,0
0,0.40479448,0.1037097757110897,0,0
0,0.4363838,0.14991066300886505,0,0
0,0.36637294,0.06481739083296514,0,0
0,0.49248058,0.27149822861234324,0,0
0,0.4165854,0.11926692198969635,0,0
0,0.59080935,0.5804352303419549,1,1
0,0.40904844,0.10910411559951247,0,0
1,0.97145003,0.9955121216663957,1,1
0,0.39738637,0.09487749685586928,0,0
0,0.3978743,0.09543788193358123,0,0
0,0.42593563,0.13300241168189234,0,0
0,0.4379368,0.1525697513161662,0,0
0,0.40872017,0.10867922380378238,0,0
0,0.43415296,0.14615787135581468,0,0
0,0.44643664,0.16781277681912055,0,0
0,0.36098686,0.0605962615466287,0,0
0,0.41993597,0.12404204082827618,0,0
1,0.6349962,0.7138103754089415,1,1
1,0.6902497,0.8390237408413344,1,1
1,0.95697474,0.9945614709119999,1,1
1,0.96516144,0.9951213423800063,1,1
0,0.36044818,0.06018852962816237,0,0
0,0.37003,0.06783781431165176,0,0
1,0.9622327,0.9949279667951405,1,1
0,0.37068856,0.06839542944326195,0,0
0,0.34814048,0.0515455265310804,0,0
0,0.35336488,0.055060897899387735,0,0
0,0.39960024,0.09744396533475234,0,0
0,0.44683963,0.16856480014530353,0,0
1,0.96468264,0.9950902375854114,1,1
0,0.4510045,0.17649480814859184,0,0
1,0.6533167,0.7610305035031433,1,1
0,0.37798348,0.07486200627497752,0,0
1,0.97004133,0.9954273845390557,1,1
0,0.50979555,0.31949962182994857,1,0
0,0.4824475,0.24585100352726402,0,0
0,0.35549513,0.05655813618904757,0,0
1,0.9543941,0.9943720736959121,1,1
0,0.47820807,0.23551755235850827,0,0
0,0.35565394,0.05667128060748231,0,0
1,0.50248003,0.2986671157716561,1,0
0,0.3555165,0.056573347038084046,0,0
0,0.43860355,0.15372317140157699,0,0
1,0.677821,0.8153563146945114,1,1
1,0.3658736,0.06441481939653407,0,0
1,0.9564846,0.9945259938630672,1,1
0,0.36019683,0.059999157129735345,0,0
0,0.45139202,0.1772473607993234,0,0
1,0.4078162,0.10751670189089257,0,0
0,0.37076104,0.06845705667496874,0,0
0,0.35987875,0.05976031088346264,0,0
1,0.810045,0.9626341568455813,1,1
0,0.6384887,0.7232317494868671,1,1
0,0.37453815,0.07174068005425317,0,0
0,0.3998423,0.09772829733812614,0,0
0,0.35520908,0.05635488857998155,0,0
0,0.37857127,0.07540683242029109,0,0
0,0.41704383,0.11991077318347604,0,0
0,0.3603005,0.06007720504114509,0,0
1,0.4399958,0.15615468041756106,0,0
0,0.46272597,0.20037899452581936,0,0
0,0.35332817,0.055035421833893775,0,0
0,0.35299668,0.0548059155418054,0,0
0,0.48023358,0.2404168430971828,0,0
1,0.9665698,0.9952117008943778,1,1
0,0.4297334,0.13895328325050932,0,0
0,0.37167406,0.06923779492203379,0,0
0,0.38297623,0.07960700063107916,0,0
0,0.44876337,0.1721917877223504,0,0
0,0.50162566,0.29628546456014815,1,0
0,0.39894456,0.09667746633263379,0,0
0,0.38979813,0.08653451307453702,0,0
0,0.4073207,0.10688413525278266,0,0
0,0.37508085,0.07222425134067627,0,0
0,0.35664675,0.05738341154953005,0,0
1,0.96164155,0.994888018984753,1,1
0,0.35613322,0.05701402193198577,0,0
0,0.38329068,0.07991486057192917,0,0
0,0.3712715,0.06889254170074431,0,0
1,0.6641493,0.7863112655319341,1,1
1,0.9708846,0.9954783000857034,1,1
0,0.39545232,0.0926851037465367,0,0
0,0.43371004,0.1454221082567159,0,0
0,0.46006632,0.19475502892517244,0,0
0,0.361622,0.06108033208603118,0,0
0,0.3792273,0.07601921615415405,0,0
0,0.36721462,0.06550126324655808,0,0
0,0.40166426,0.09989232046892707,0,0
1,0.96745336,0.995267538773595,1,1
0,0.36379734,0.06276575950452656,0,0
0,0.39430326,0.09140419609907144,0,0
0,0.3684339,0.06650384201815483,0,0
0,0.34955978,0.05247897937232116,0,0
0,0.35889843,0.059029780648356824,0,0
1,0.961368,0.9948694295983619,1,1
0,0.36682406,0.06518309878507751,0,0
0,0.3948594,0.09202215178497866,0,0
0,0.44130346,0.15846693340868587,0,0
1,0.9616055,0.9948855720557721,1,1
0,0.3567779,0.057478117727449325,0,0
0,0.38181207,0.07847661991521039,0,0
0,0.3679539,0.06610746273870566,0,0
1,0.4905589,0.26645813526884393,0,0
0,0.39291602,0.08987900758203246,0,0
1,0.5938013,0.5901220306376777,1,1
0,0.42174253,0.12668417100982624,0,0
0,0.44561177,0.16628182638001457,0,0
0,0.41273144,0.11397178468117872,0,0
0,0.37789565,0.07478090998424113,0,0
1,0.52638096,0.36938835951180726,1,0
0,0.37940943,0.07619002687102099,0,0
0,0.3497743,0.05262144544219084,0,0
0,0.36140788,0.06091673281637149,0,0
0,0.36856917,0.06661594788627362,0,0
0,0.4962494,0.28155476898801474,0,0
0,0.5243027,0.3629546476123235,1,0
0,0.35920992,0.05926099322395558,0,0
1,0.72033453,0.886177798764732,1,1
1,0.9652896,0.9951296341356933,1,1
0,0.3815322,0.07820706684820325,0,0
0,0.41045505,0.11094126709738944,0,0
0,0.35688224,0.05755356138772657,0,0
0,0.38068536,0.07739661477937469,0,0
1,0.5919813,0.5842373437754765,1,1
0,0.44307706,0.16164736788781683,0,0
1,0.9687038,0.9953454550114995,1,1
0,0.4326303,0.1436413707048439,0,0
0,0.36229348,0.061596020358147395,0,0
1,0.96076053,0.994827902366891,1,1
0,0.38192368,0.07858435079032904,0,0
0,0.3550379,0.05623358210579448,0,0
0,0.3916816,0.08854116804044776,0,0
0,0.4378297,0.1523851205583205,0,0
0,0.36418295,0.06306902128421125,0,0
0,0.43873817,0.15395691571693507,0,0
0,0.6010004,0.6131322726500239,1,1
0,0.39743862,0.0949373578989786,0,0
0,0.38248906,0.0791321626435211,0,0
0,0.41190955,0.11286938663886402,0,0
0,0.37782398,0.07471478843301771,0,0
0,0.38673565,0.08335953040485197,0,0
0,0.39593768,0.09323098329452968,0,0
0,0.35669753,0.057420062937257335,0,0
0,0.37429732,0.07152704542852212,0,0
0,0.36211473,0.06145834247333753,0,0
0,0.37049487,0.06823099599529411,0,0
0,0.50861037,0.3160722981481341,1,0
0,0.40096715,0.09905935184114324,0,0
0,0.35885772,0.05899962539865256,0,0
1,0.69760233,0.8518339687751666,1,1
1,0.9688375,0.9953537096095633,1,1
0,0.37621662,0.07324601284324947,0,0
0,0.36979687,0.06764144810378957,0,0
0,0.36584118,0.06438875873836981,0,0
0,0.36737233,0.06563015181499661,0,0
1,0.96003115,0.9947776008351359,1,1
0,0.40796736,0.1077103298731123,0,0
0,0.39806217,0.09565444523833976,0,0
0,0.38438857,0.08099830035880731,0,0
0,0.33799836,0.045318918748633925,0,0
0,0.35450035,0.05585425646312144,0,0
0,0.38981646,0.08655384030782086,0,0
0,0.45627838,0.1869531309111352,0,0
1,0.3925766,0.08950934476022845,0,0
0,0.50463736,0.3047294611924162,1,0
0,0.381781,0.07844666916456003,0,0
0,0.36331382,0.06238742706425039,0,0
0,0.3922722,0.08917898659191373,0,0
1,0.3933238,0.0903249479003192,0,0
1,0.95237225,0.9942191172532107,1,1
0,0.3812029,0.07789100871085157,0,0
1,0.9647016,0.9950914726647947,1,1
0,0.35815966,0.05848479056069182,0,0
1,0.4831357,0.2475569728326226,0,0
0,0.3542681,0.05569111225262593,0,0
0,0.3561217,0.05700575132362399,0,0
0,0.4415161,0.15884554474346388,0,0
1,0.37278557,0.07019938051601976,0,0
0,0.3523808,0.0543819162222935,0,0
0,0.36795735,0.06611030971104478,0,0
1,0.9658455,0.9951654428524698,1,1
0,0.41171378,0.11260817465526908,0,0
0,0.39482194,0.09198040879504478,0,0
0,0.41476882,0.11674503038503894,0,0
0,0.38934565,0.08605860344044598,0,0
0,0.3679718,0.06612221423456294,0,0
0,0.35779238,0.05821560491905308,0,0
0,0.38292524,0.07955717881301891,0,0
0,0.39685783,0.0942737838996342,0,0
0,0.3857784,0.08238904538624515,0,0
0,0.43739253,0.15163344550426783,0,0
1,0.44668132,0.1682690543847911,0,0
0,0.3689925,0.06696792302308235,0,0
0,0.37410447,0.07135639732756344,0,0
0,0.35432035,0.05572777166774047,0,0
0,0.42342928,0.12919437303590323,0,0
1,0.7920535,0.9529759443095944,1,1
1,0.47243944,0.22194621226803923,0,0
0,0.36801678,0.06615926599812742,0,0
1,0.50470144,0.3049105736681278,1,0
0,0.4215308,0.12637206084986735,0,0
0,0.40865725,0.10859796033697147,0,0
0,0.3771975,0.07413913443342832,0,0
0,0.41325375,0.1146772322305174,0,0
0,0.35099402,0.053438457417745534,0,0
1,0.3726963,0.07012170808811019,0,0
0,0.36511257,0.0638057435933609,0,0
0,0.5099218,0.31986585339033874,1,0
1,0.75552154,0.9256446606522447,1,1
0,0.3626274,0.06185396878867986,0,0
1,0.43929768,0.15493154331887257,0,0
1,0.43776086,0.15226654814769833,0,0
0,0.36763304,0.06584372968877661,0,0
1,0.9605226,0.9948115460086059,1,1
0,0.4245555,0.1308939023887738,0,0
0,0.3717095,0.06926826134190729,0,0
0,0.36758012,0.06580031737077148,0,0
0,0.46525124,0.20583063466474927,0,0
0,0.39315706,0.09014236186996476,0,0
0,0.36864188,0.06667628439242312,0,0
0,0.3628801,0.062049873357282626,0,0
0,0.38570255,0.08231259115362607,0,0
0,0.3679492,0.06610358514929948,0,0
0,0.3541204,0.05558759319623585,0,0
0,0.44513583,0.16540357759724023,0,0
1,0.9684479,0.9953296153610679,1,1
0,0.35602057,0.05693328749679714,0,0
0,0.35972467,0.05964493415390578,0,0
1,0.44549572,0.16606733749269686,0,0
0,0.4672378,0.21019596986225658,0,0
0,0.3744197,0.07163552086574136,0,0
1,0.42543843,0.13223951910708492,0,0
0,0.5156396,0.33668121322414607,1,0
0,0.40918553,0.10928198675190197,0,0
1,0.6263557,0.6896981798475319,1,1
1,0.9594618,0.9947379983533828,1,1
0,0.40842593,0.10829961890353415,0,0
0,0.3709885,0.06865078685874383,0,0
1,0.5724506,0.5199082409952502,1,1
0,0.35661647,0.05736156883104267,0,0
1,0.9820401,0.9961010324487207,1,1
0,0.4597092,0.19400906198054735,0,0
0,0.37721914,0.07415894753256144,0,0
0,0.36299443,0.06213868266225747,0,0
0,0.39359215,0.09061948194796529,0,0
0,0.45996067,0.19453411898039966,0,0
0,0.36774245,0.06593354754505112,0,0
0,0.36317986,0.06228298395751171,0,0
0,0.3630589,0.06218881175848494,0,0
0,0.3627036,0.0619129795674385,0,0
1,0.9667418,0.9952226228108448,1,1
0,0.36101925,0.060620864049799564,0,0
0,0.4262907,0.13354950182909298,0,0
0,0.4021302,0.10045252386482198,0,0
0,0.36144215,0.06094289023588082,0,0
1,0.65509135,0.7653089433048713,1,1
0,0.39664543,0.09403214625922067,0,0
0,0.4048666,0.10379923356267892,0,0
0,0.43001086,0.1393966821332026,0,0
0,0.43110564,0.14115780615552667,0,0
0,0.41489673,0.116921080923068,0,0
0,0.4124618,0.11360907127494616,0,0
0,0.37215185,0.06964963754777027,0,0
0,0.36844057,0.06650937033885158,0,0
0,0.49566907,0.2799915398031839,0,0
0,0.39212707,0.089021860502338,0,0
0,0.39179155,0.08865958725838825,0,0
0,0.35781348,0.0582310378118115,0,0
0,0.39955923,0.09739586799009169,0,0
0,0.36864653,0.0666801436977203,0,0
0,0.44812462,0.1709806866520266,0,0
0,0.37164208,0.06921031148348637,0,0
0,0.37005836,0.0678617497001717,0,0
0,0.5052428,0.3064432556278597,1,0
0,0.37227404,0.06975532490909539,0,0
0,0.35919195,0.05924763100196638,0,0
0,0.5186345,0.3456601824925906,1,0
0,0.48428994,0.2504360155089126,0,0
0,0.36086547,0.06050415876750387,0,0
1,0.46673015,0.20907401221646016,0,0
0,0.37068093,0.06838894535741577,0,0
0,0.3648145,0.06356864518645472,0,0
0,0.36402816,0.0629471214739452,0,0
0,0.39318815,0.09017637367370039,0,0
0,0.36505547,0.06376026090341759,0,0
1,0.96431845,0.9950664468302858,1,1
1,0.39140192,0.08824054719647603,0,0
1,0.66765666,0.794066958467896,1,1
0,0.39552227,0.09276359392001489,0,0
0,0.38219985,0.07885151251985656,0,0
1,0.9821999,0.9961093021500135,1,1
1,0.9619295,0.9949075162801819,1,1
0,0.34112903,0.0471603515469354,0,0
0,0.4519832,0.17840027962605312,0,0
1,0.96069336,0.9948232899311322,1,1
0,0.4282834,0.13665529603893964,0,0
1,0.43532336,0.14811693637996673,0,0
0,0.390569,0.08735076914294641,0,0
0,0.36593366,0.06446311025071134,0,0
1,0.969385,0.9953873637989661,1,1
0,0.37550142,0.07260106456477261,0,0
0,0.3657092,0.06428277303956377,0,0
0,0.5064687,0.3099295914223185,1,0
0,0.39915258,0.09692005958843203,0,0
0,0.36684728,0.06520197116498186,0,0
0,0.36987787,0.06770962188327159,0,0
0,0.37144953,0.06904503510705781,0,0
0,0.38073918,0.07744789568639326,0,0
0,0.43276823,0.14386782598208983,0,0
1,0.60717267,0.6324701663127301,1,1
0,0.40688416,0.10632954233544846,0,0
0,0.3718359,0.06937703197238458,0,0
1,0.9628723,0.994970839459327,1,1
1,0.81596595,0.9653734796521762,1,1
1,0.9677308,0.995284938801266,1,1
0,0.36581632,0.0643687887418773,0,0
0,0.36571932,0.06429090345798755,0,0
0,0.35910672,0.05918429306714996,0,0
0,0.5077655,0.3136411300887465,1,0
0,0.41118076,0.11189966281575855,0,0
0,0.35933608,0.05935487420795314,0,0
0,0.3768055,0.07378102127539125,0,0
1,0.38754427,0.08418742137240319,0,0
1,0.9638627,0.9950365136400326,1,1
0,0.36241776,0.061691908159274784,0,0
0,0.40135136,0.09951767678023775,0,0
0,0.35941932,0.05941689464097917,0,0
1,0.44153112,0.15887231670447302,0,0
0,0.36644733,0.06487756211395602,0,0
0,0.36501613,0.06372894385317938,0,0
0,0.50728655,0.3122675590976814,1,0
0,0.3699918,0.06780561948745951,0,0
0,0.3915093,0.08835584951390753,0,0
1,0.3629702,0.06211985055459419,0,0
0,0.41414103,0.11588431210730314,0,0
0,0.37361997,0.07092933756442285,0,0
0,0.43294722,0.14416215171082059,0,0
1,0.80530953,0.9602945124460627,1,1
0,0.38025585,0.07698850310312776,0,0
1,0.38484564,0.08145330029825683,0,0
1,0.4576612,0.18977305939197459,0,0
0,0.43101412,0.14100986909110066,0,0
0,0.40388224,0.10258411812731419,0,0
0,0.44331178,0.1620721147858978,0,0
1,0.968556,0.9953363112232261,1,1
1,0.44392943,0.1631940996727059,0,0
0,0.37223753,0.06972373205724486,0,0
1,0.55191624,0.45159463543278794,1,0
0,0.4220002,0.12706491693607347,0,0
0,0.36651155,0.06492955469054454,0,0
0,0.36824933,0.06635116767355603,0,0
0,0.5030989,0.30039913844288074,1,0
0,0.4550546,0.18448456376949338,0,0
0,0.4391797,0.15472559865906155,0,0
0,0.42438403,0.13063390766097224,0,0
0,0.36785996,0.06603014722051342,0,0
0,0.39562052,0.09287395551296618,0,0
0,0.37987694,0.07663011306925754,0,0
0,0.39910716,0.09686704590807382,0,0
0,0.3692651,0.06719548261940571,0,0
0,0.43219823,0.14293388081605404,0,0
1,0.96547556,0.9951416418877271,1,1
0,0.45656472,0.18753438972201314,0,0
0,0.388351,0.0850207927411804,0,0
0,0.36708227,0.06539328277475386,0,0
0,0.3701109,0.06790609610356613,0,0
0,0.38538522,0.08199341498985079,0,0
1,0.96457356,0.995083124040519,1,1
0,0.36982793,0.06766757636622836,0,0
1,0.9718027,0.9955330906015205,1,1
0,0.3760312,0.07307829115047952,0,0
1,0.74101937,0.9111851621834375,1,1
0,0.40843236,0.10830791136407848,0,0
0,0.4617234,0.1982448132377907,0,0
0,0.39255416,0.08948495235324137,0,0
0,0.3764534,0.07346069548187427,0,0
1,0.44152734,0.1588655702503451,0,0
0,0.3741878,0.07143008506904455,0,0
0,0.43120736,0.1413223702800936,0,0
0,0.46094722,0.1966043673056637,0,0
0,0.3610314,0.06063010088765504,0,0
1,0.6771033,0.8139106971260278,1,1
0,0.37690452,0.0738713179163017,0,0
0,0.384183,0.08079441520203995,0,0
0,0.39225188,0.08915696743164402,0,0
1,0.79162055,0.9527164585957146,1,1
0,0.37523776,0.0723646239808702,0,0
0,0.36937416,0.0672867122083221,0,0
0,0.34936178,0.05234780175036286,0,0
1,0.9628585,0.9949699163935303,1,1
0,0.47973228,0.23919783554683988,0,0
0,0.38234943,0.07899655358436247,0,0
0,0.37741104,0.07433488608028602,0,0
0,0.41083056,0.11143627204423395,0,0
0,0.3602598,0.0600465488616686,0,0
0,0.45086196,0.1762186227937707,0,0
0,0.4155817,0.1178677688636239,0,0
0,0.35971648,0.059638802941044754,0,0
0,0.36908153,0.06704215501574504,0,0
0,0.38651365,0.08313354227050039,0,0
1,0.3798454,0.07660035856733331,0,0
0,0.38215917,0.07881210834379725,0,0
1,0.65698767,0.7698216451498825,1,1
1,0.9626312,0.9949547213146914,1,1
0,0.42145988,0.12626764409599608,0,0
1,0.97695446,0.9958285030847015,1,1
0,0.4742106,0.226052735204187,0,0
0,0.42676812,0.13428813863711192,0,0
0,0.36681968,0.06517953807156027,0,0
0,0.4475609,0.16991749373706638,0,0
0,0.3659949,0.0645123944493634,0,0
0,0.37683955,0.07381205098070934,0,0
0,0.37685275,0.07382409113066338,0,0
0,0.47550252,0.2290819057970674,0,0
0,0.38027534,0.07700697994201414,0,0
0,0.4068818,0.10632655817449684,0,0
0,0.3626515,0.06187263331228459,0,0
1,0.45757934,0.18960520916679602,0,0
0,0.4326611,0.14369189127787924,0,0
0,0.64386445,0.7373529445131423,1,1
0,0.3612155,0.06077010484039149,0,0
0,0.43497986,0.14753972871876742,0,0
0,0.35148218,0.05376878815222586,0,0
1,0.96780384,0.9952895071636431,1,1
0,0.37069324,0.06839940629332679,0,0
1,0.61667675,0.6614140904028851,1,1
0,0.44155598,0.15891662596450257,0,0
1,0.7807955,0.9457698014401666,1,1
0,0.4100979,0.11047224908514926,0,0
0,0.37488145,0.07204622177066745,0,0
0,0.34477067,0.04939178935298636,0,0
1,0.9632987,0.9949992167736731,1,1
0,0.36365333,0.06265285733019578,0,0
0,0.43141112,0.14165251102639909,0,0
0,0.3700637,0.0678662510311071,0,0
0,0.48659873,0.25626139735827996,0,0
0,0.40545067,0.10452621077580769,0,0
0,0.45375183,0.1818844258549557,0,0
0,0.3730047,0.07039041092204372,0,0
0,0.38854748,0.0852249011903007,0,0
0,0.36622348,0.0646966507939351,0,0
0,0.3671244,0.06542764543039045,0,0
1,0.9739648,0.9956595249717083,1,1
1,0.95750296,0.994599448860961,1,1
0,0.3882501,0.08491617105619648,0,0
0,0.4511351,0.17674813692452684,0,0
0,0.5341836,0.39394417106275054,1,0
1,0.39283648,0.0897922542488216,0,0
0,0.46899354,0.21411033838783208,0,0
1,0.629766,0.6993486102830452,1,1
0,0.55019486,0.44591467460184864,1,0
0,0.36414537,0.06303940620959868,0,0
1,0.44029692,0.15668468545702158,0,0
0,0.3582248,0.05853265976899927,0,0
0,0.37592357,0.07298111449325051,0,0
0,0.37944758,0.0762258491799073,0,0
1,0.96965975,0.9954041579887101,1,1
0,0.36180052,0.061217035625997604,0,0
0,0.40408722,0.10283610454039124,0,0
1,0.96254086,0.9949486672652594,1,1
0,0.41579613,0.11816548568022035,0,0
0,0.36027014,0.060054334951409195,0,0
0,0.39919874,0.0969739694547578,0,0
0,0.3990824,0.09683814974982495,0,0
0,0.4563272,0.1870521274287595,0,0
0,0.411821,0.11275118132975805,0,0
1,0.44463035,0.16447490691764727,0,0
0,0.35122368,0.05359362290194949,0,0
0,0.44594812,0.16690473346800833,0,0
1,0.42319208,0.12883883757348427,0,0
1,0.9716562,0.9955243916977136,1,1
0,0.35711777,0.05772420647064243,0,0
1,0.9597382,0.9947572604721323,1,1
0,0.37393343,0.07120536750861897,0,0
0,0.37982324,0.07657944114186288,0,0
0,0.4026289,0.10105523348104585,0,0
0,0.36846665,0.06653096943176538,0,0
0,0.4343533,0.14649166498810184,0,0
0,0.53639853,0.40101961076431675,1,0
0,0.38645306,0.0830719618555608,0,0
0,0.43157446,0.14191763893634193,0,0
0,0.36223373,0.061549965622321796,0,0
0,0.3814358,0.07811443654919355,0,0
0,0.42220607,0.12736982845907555,0,0
0,0.36851174,0.06656833272063131,0,0
1,0.6578383,0.7718260063266347,1,1
0,0.36022353,0.060019248920256625,0,0
0,0.39213866,0.08903440204613644,0,0
1,0.43881437,0.15408936339104087,0,0
0,0.4442877,0.1638477382686929,0,0
0,0.38599327,0.08260599173390348,0,0
0,0.4399505,0.15607507541164073,0,0
1,0.81187356,0.963501653548551,1,1
0,0.37934688,0.07613131731340965,0,0
0,0.36650738,0.06492617580524153,0,0
0,0.45418835,0.18275245033803808,0,0
0,0.3666108,0.06500997214043298,0,0
0,0.43119735,0.1413061623069814,0,0
0,0.40840578,0.10827367017773368,0,0
0,0.44181365,0.15937656661121571,0,0
0,0.4089641,0.10899481244224656,0,0
0,0.45166463,0.17777825309252654,0,0
1,0.9652797,0.9951289944349062,1,1
1,0.96798885,0.9953010631207102,1,1
0,0.36244223,0.0617108032126978,0,0
1,0.63745606,0.7204661025367132,1,1
0,0.36945617,0.06735540334011274,0,0
1,0.9586057,0.9946778865398364,1,1
0,0.39523432,0.09244085233108597,0,0
0,0.38380304,0.08041882292675538,0,0
0,0.35808346,0.058428843756922345,0,0
0,0.50699764,0.31144056206017723,1,0
0,0.37067223,0.06838155014236338,0,0
1,0.9637442,0.995028701297898,1,1
0,0.40172789,0.09996865852569432,0,0
0,0.37993118,0.07668132236067395,0,0
1,0.9659612,0.9951728618438803,1,1
0,0.3972013,0.09466571097141527,0,0
0,0.4231475,0.128772103104719,0,0
0,0.356963,0.05761202348078114,0,0
0,0.4054623,0.10454072315091266,0,0
0,0.35478035,0.05605153587738252,0,0
0,0.5211235,0.35320750671372875,1,0
0,0.45877504,0.1920680362638614,0,0
0,0.44930092,0.1732162495365708,0,0
0,0.37298796,0.07037579326047623,0,0
0,0.39101046,0.08782135422282297,0,0
0,0.46411616,0.20336669083755177,0,0
1,0.45823327,0.19094910916653454,0,0
0,0.3729762,0.07036554696442256,0,0
0,0.36379012,0.06276010053691429,0,0
0,0.41954276,0.12347326479901694,0,0
1,0.3987576,0.09645990797944254,0,0
0,0.3752813,0.0724036209512446,0,0
0,0.65760714,0.7712825604231457,1,1
1,0.6265085,0.6901341162977435,1,1
0,0.3673168,0.06558475090608812,0,0
1,0.8840325,0.9857384778035932,1,1
0,0.40517208,0.10417889246116704,0,0
0,0.40350193,0.10211804704128108,0,0
0,0.3613405,0.06086533566485224,0,0
0,0.38468236,0.08129048901514994,0,0
1,0.96591705,0.9951700308930096,1,1
0,0.35702094,0.057653995202027034,0,0
0,0.38541052,0.0820188225467256,0,0
0,0.36157125,0.061041518425503545,0,0
0,0.37969115,0.0764549447737495,0,0
1,0.4755084,0.22909573648052847,0,0
1,0.9699071,0.9954192276018917,1,1
0,0.3922285,0.08913166114299795,0,0
1,0.5194145,0.3480171457099845,1,0
0,0.3549404,0.05616461223777567,0,0
1,0.37523103,0.07235859332508073,0,0
0,0.35652888,0.05729842799380116,0,0
1,0.4799296,0.23967714910889315,0,0
1,0.4403282,0.15673984710655714,0,0
0,0.37248626,0.0699392384456851,0,0
0,0.37702817,0.07398423640000049,0,0
1,0.69007903,0.8387160662108488,1,1
0,0.35813144,0.058464064476945285,0,0
0,0.40303114,0.10154369213595207,0,0
0,0.37446696,0.07167746165415492,0,0
0,0.37486407,0.07203072888875842,0,0
1,0.9611236,0.9948527601353696,1,1
0,0.35342807,0.0551047625830417,0,0
1,0.959517,0.9947418505785804,1,1
0,0.40936974,0.10952139199606423,0,0
0,0.38070652,0.07741677133564147,0,0
1,0.96272314,0.9949608717876798,1,1
0,0.4103033,0.11074176884017349,0,0
0,0.36026433,0.060049959366795226,0,0
0,0.4587501,0.19201640889166052,0,0
1,0.7239773,0.8909877889490322,1,1
0,0.39718902,0.09465167510487593,0,0
0,0.37652427,0.07352506422461746,0,0
0,0.42515045,0.1317993407746805,0,0
1,0.37358412,0.07089782960053057,0,0
1,0.96929324,0.9953817387712885,1,1
0,0.3616271,0.06108423068056415,0,0
1,0.9619534,0.9949091313354202,1,1
1,0.35597217,0.056898634591194576,0,0
0,0.40777627,0.10746559738363375,0,0
0,0.5077771,0.3136745058046259,1,0
1,0.46486336,0.2049861825339613,0,0
0,0.38415802,0.08076967822984474,0,0
1,0.8115411,0.9633453761203173,1,1
0,0.5180962,0.34403798083925524,1,0
0,0.43511248,0.14776235840287913,0,0
0,0.35134143,0.053673343674530895,0,0
0,0.36966476,0.06753039469942675,0,0
0,0.39662397,0.09400776588627256,0,0
0,0.43184394,0.14235592524823798,0,0
0,0.39210886,0.08900216479171269,0,0
0,0.37499356,0.072146268634825,0,0
1,0.96481246,0.9950986905239593,1,1
0,0.34413606,0.048995851755417916,0,0
0,0.40249157,0.10088894733083557,0,0
0,0.3709076,0.06858183674570241,0,0
0,0.42685333,0.13442032140919816,0,0
0,0.40355122,0.10217835019696417,0,0
1,0.39208058,0.08897158137763977,0,0
0,0.47575748,0.22968306309061706,0,0
0,0.35043582,0.05306308176628445,0,0
1,0.9671234,0.9952467624260176,1,1
1,0.96343285,0.9950081139203777,1,1
0,0.3882114,0.08487605331047489,0,0
0,0.40470597,0.10360007971493734,0,0
0,0.38420588,0.08081709190829285,0,0
1,0.6629495,0.7836099039717206,1,1
0,0.37835735,0.0752081278499363,0,0
0,0.37906623,0.07586843204400723,0,0
0,0.37483722,0.07200679138832085,0,0
0,0.37028715,0.06805505283283077,0,0
0,0.40622967,0.10550281963939703,0,0
1,0.96870136,0.9953453039891892,1,1
0,0.4025418,0.10094972472988002,0,0
0,0.3962338,0.09356543657613968,0,0
0,0.36084703,0.06049017278612248,0,0
0,0.3583953,0.058658112670492486,0,0
0,0.39643937,0.09379826086906491,0,0
0,0.36794248,0.06609806363042775,0,0
0,0.3530359,0.054833022116803236,0,0
0,0.36972174,0.0675782724562915,0,0
0,0.42754692,0.1355004160039474,0,0
0,0.40534404,0.1043931520688203,0,0
0,0.37543112,0.07253794955779705,0,0
1,0.7970533,0.9558758790416545,1,1
0,0.35670134,0.05742281698066301,0,0
0,0.35601035,0.05692596691267027,0,0
0,0.34765863,0.051232211323894356,0,0
0,0.37868112,0.07550905717752594,0,0
0,0.5166275,0.33963036444075007,1,0
1,0.5264819,0.36970214590251965,1,0
1,0.7390224,0.9090057212392877,1,1
0,0.47330293,0.22394158158029023,0,0
0,0.5019682,0.2972390309041533,1,0
0,0.36885658,0.0668547216530617,0,0
0,0.36152688,0.061007601010128615,0,0
0,0.37204933,0.06956107758347488,0,0
0,0.4497742,0.17412223875798785,0,0
0,0.37887898,0.0756934993033797,0,0
0,0.45129207,0.17705300639782065,0,0
1,0.9678909,0.9952949498752773,1,1
0,0.35714504,0.05774399420822004,0,0
0,0.46208256,0.19900741779925984,0,0
0,0.3419049,0.04762759493891473,0,0
0,0.4429879,0.16148624718759572,0,0
0,0.39686158,0.0942780608717948,0,0
0,0.37059188,0.06831330602939775,0,0
0,0.38888806,0.08557974612959153,0,0
1,0.9708382,0.9954755113751307,1,1
0,0.36883911,0.0668401903581131,0,0
0,0.36177358,0.06119638626482091,0,0
0,0.3644935,0.06331423609357491,0,0
0,0.392024,0.08891044299692033,0,0
1,0.40134984,0.09951585996298325,0,0
0,0.3716784,0.06924153529454469,0,0
0,0.49288473,0.2725657897523855,0,0
0,0.36227372,0.06158078772379457,0,0
1,0.95870966,0.9946852217808506,1,1
0,0.383649,0.08026699590727937,0,0
1,0.6816689,0.822958830305675,1,1
0,0.39836827,0.0960082294579385,0,0
1,0.967319,0.9952590905480592,1,1
1,0.95839894,0.9946632660231376,1,1
0,0.38841298,0.08508513820049089,0,0
0,0.37532586,0.07244354550439026,0,0
0,0.36972126,0.06757787167500623,0,0
0,0.3645514,0.06336005911855928,0,0
0,0.3875158,0.08415815574755826,0,0
1,0.65096706,0.7552841536350362,1,1
0,0.40312937,0.10166329264387727,0,0
0,0.34237337,0.04791183645748729,0,0
0,0.37478083,0.07195654917479448,0,0
1,0.9647115,0.9950921172689489,1,1
0,0.34575734,0.05001340544787834,0,0
0,0.358878,0.059014634991494,0,0
0,0.37491223,0.07207368068576668,0,0
0,0.41094863,0.11159232233364966,0,0
0,0.36354968,0.06257170939082617,0,0
0,0.36558992,0.06418714517612949,0,0
0,0.354046,0.0555355054346117,0,0
0,0.4475207,0.16984186904825196,0,0
1,0.5169248,0.3405203745631771,1,0
0,0.45392165,0.18222172454962815,0,0
1,0.9664373,0.9952032711278728,1,1
1,0.9634362,0.9950083350611969,1,1
0,0.37116805,0.06880408362889437,0,0
1,0.9654084,0.9951373078747835,1,1
0,0.3530162,0.054819405457983215,0,0
0,0.38811213,0.08477325873971367,0,0
0,0.3695441,0.06742910888540371,0,0
0,0.37090746,0.06858170977818681,0,0
0,0.3997477,0.09761709515059833,0,0
0,0.45995632,0.19452502493197715,0,0
0,0.3791859,0.07598041286346018,0,0
0,0.3701103,0.06790559287404534,0,0
0,0.43206137,0.1427104014337849,0,0
0,0.36048386,0.06021545171318832,0,0
1,0.36278433,0.06197555558340449,0,0
1,0.96717614,0.9952500898750098,1,1
0,0.43568757,0.14873098511179772,0,0
0,0.4495547,0.17370161144947827,0,0
0,0.42834875,0.13675818198692874,0,0
0,0.38448355,0.08109265733281071,0,0
0,0.37098372,0.06864672022262293,0,0
0,0.4714745,0.21973149107107806,0,0
1,0.44428355,0.16384016816674846,0,0
1,0.43990207,0.15599000796141993,0,0
1,0.6513927,0.7563320069768661,1,1
1,0.9616959,0.9948917053775503,1,1
0,0.4328167,0.1439475081715357,0,0
0,0.41729552,0.12026551129282761,0,0
0,0.38966277,0.08639189532293269,0,0
0,0.39282826,0.08978328743582883,0,0
0,0.38499972,0.08160720193420863,0,0
0,0.43955055,0.15537368161165144,0,0
0,0.36865088,0.06668375579955516,0,0
0,0.3702132,0.06799252670109673,0,0
0,0.4178292,0.12102070514833209,0,0
0,0.38288754,0.07952036218011213,0,0
0,0.42603904,0.13316155774582386,0,0
0,0.36231583,0.061613256088845915,0,0
0,0.36245278,0.06171895207799558,0,0
0,0.37634614,0.07336337485858323,0,0
0,0.37810418,0.0749735870686901,0,0
0,0.36718863,0.06548004797267117,0,0
1,0.5224521,0.35726655296993204,1,0
0,0.3610322,0.06063068955429635,0,0
0,0.34325132,0.048448877617367325,0,0
0,0.37328866,0.07063866235549317,0,0
0,0.42731914,0.13514490142236782,0,0
0,0.40569207,0.104827987191203,0,0
0,0.3742343,0.07147122892357623,0,0
0,0.40684777,0.10628342829256636,0,0
1,0.566008,0.4984345028628592,1,0
0,0.36780933,0.06598850725260605,0,0
1,0.9667897,0.9952256610889043,1,1
0,0.44345605,0.1623336327875877,0,0
0,0.36422807,0.06310459530457034,0,0
0,0.38498324,0.08159072746927565,0,0
0,0.4624553,0.19980114195630325,0,0
0,0.35489172,0.056130188736210375,0,0
0,0.43827254,0.1531496448526767,0,0
1,0.96466345,0.9950889866553426,1,1
0,0.40587983,0.10506323374304383,0,0
1,0.48874193,0.2617478684853791,0,0
0,0.41205886,0.11306896133027795,0,0
0,0.37395167,0.07122145907542043,0,0
0,0.43223155,0.1429883347687109,0,0
0,0.41338563,0.11485594502344487,0,0
0,0.36862335,0.06666089871158531,0,0
1,0.9657835,0.9951614592143244,1,1
0,0.3645626,0.06336893013964368,0,0
0,0.40040845,0.09839622764370072,0,0
0,0.38646156,0.08308059212330608,0,0
0,0.37054542,0.06827387171463263,0,0
0,0.35138112,0.05370024512923465,0,0
0,0.61595607,0.6592579612278295,1,1
1,0.38494927,0.08155677520499804,0,0
1,0.96986884,0.9954168995708607,1,1
1,0.96176153,0.9948961522032836,1,1
0,0.3898195,0.08655704617794015,0,0
0,0.37117103,0.06880663064620861,0,0
1,0.3669516,0.06528685062602163,0,0
0,0.39521748,0.09242201077586511,0,0
0,0.43308577,0.14439032092177037,0,0
1,0.97871894,0.9959251421540776,1,1
0,0.35478437,0.05605437542458278,0,0
1,0.689342,0.8373817940793865,1,1
0,0.34390265,0.04885098330075524,0,0
0,0.36829993,0.06639299557886034,0,0
1,0.9688728,0.9953558858326543,1,1
0,0.37571594,0.07279395991325899,0,0
1,0.4355483,0.14849594076450498,0,0
0,0.38926175,0.08597062848713323,0,0
0,0.5111596,0.32346847871643214,1,0
0,0.36439526,0.06323657505616645,0,0
0,0.4036778,0.10233333605869686,0,0
0,0.43421337,0.14625845943933813,0,0
1,0.96502733,0.9951126499183159,1,1
1,0.9705565,0.995458556220797,1,1
0,0.4408433,0.15765013383980142,0,0
0,0.3940005,0.0910693537644215,0,0
0,0.37124678,0.0688714051547966,0,0
0,0.36132848,0.06085617891056099,0,0
1,0.6330763,0.708550357076349,1,1
0,0.5013915,0.2956345688125696,1,0
1,0.40492213,0.1038681477944954,0,0
0,0.40593925,0.10513778816377406,0,0
0,0.39992005,0.09781978912672687,0,0
0,0.37515083,0.07228682142540901,0,0
1,0.73532325,0.9048412202679375,1,1
0,0.35595638,0.0568873297434217,0,0
0,0.3636487,0.06264923881407476,0,0
1,0.37609845,0.07313909044329264,0,0
0,0.3995471,0.09738164558172338,0,0
0,0.37030408,0.06806937505815404,0,0
1,0.6268574,0.6911285462860004,1,1
0,0.37410924,0.0713606121859213,0,0
1,0.9576504,0.9946100039698702,1,1
0,0.41713607,0.1200406757777573,0,0
0,0.38080272,0.07750847333834482,0,0
1,0.9697808,0.9954115391766152,1,1
0,0.38875446,0.0854403874570943,0,0
0,0.4421021,0.15989273886089525,0,0
0,0.39448893,0.09161008529544326,0,0
0,0.5025667,0.29890931693825185,1,0
1,0.9622137,0.9949266867711875,1,1
0,0.36035347,0.06011710693157064,0,0
0,0.3630353,0.062170452203014495,0,0
0,0.37790704,0.07479141739988249,0,0
1,0.9655916,0.9951491202536772,1,1
0,0.38063452,0.07734820191905704,0,0
0,0.3726067,0.07004380439682577,0,0
0,0.43441394,0.14659284121121308,0,0
0,0.38607386,0.0826874880852961,0,0
0,0.40336093,0.10194573371073863,0,0
0,0.47890455,0.23719436282729603,0,0
1,0.9690526,0.9953669607329302,1,1
1,0.9672309,0.9952535427046856,1,1
0,0.3696539,0.06752128346221269,0,0
0,0.4620285,0.1988924940082156,0,0
1,0.9657597,0.9951599314785754,1,1
0,0.35416326,0.05561761093328329,0,0
0,0.4271267,0.1348451672902772,0,0
0,0.39941674,0.0972289152891192,0,0
0,0.38271174,0.07934888280634692,0,0
0,0.3973516,0.09483766514241651,0,0
1,0.9608727,0.9948355956540529,1,1
0,0.37630048,0.07332198405455218,0,0
0,0.36708987,0.06539947847683454,0,0
0,0.3851877,0.08179530875780174,0,0
1,0.9664819,0.9952061130350588,1,1
1,0.9706932,0.9954667905481743,1,1
0,0.46507594,0.20544867410977047,0,0
0,0.38504517,0.08165264902962031,0,0
1,0.5577922,0.4710695243150935,1,0
1,0.4126311,0.11383669169885068,0,0
1,0.4005017,0.09850663190942666,0,0
0,0.3584624,0.05870754278997709,0,0
0,0.3993838,0.09719036499495891,0,0
0,0.3879567,0.0846125508398124,0,0
1,0.9507888,0.9940964460640638,1,1
0,0.5300606,0.3808930286741904,1,0
0,0.36681184,0.06517316799475811,0,0
1,0.39721233,0.09467831758559274,0,0
0,0.4016366,0.09985915549830958,0,0
0,0.41452393,0.11640862478670987,0,0
0,0.67571694,0.8110935838031693,1,1
0,0.36818242,0.06629590274973288,0,0
1,0.4205559,0.12494331164773047,0,0
0,0.36959365,0.06747069179715716,0,0
0,0.36740997,0.06566094747141392,0,0
0,0.3874725,0.08411364681624917,0,0
0,0.3564421,0.05723593160433268,0,0
0,0.5518962,0.4515284772910192,1,0
1,0.36934295,0.06726059570001562,0,0
1,0.9729959,0.9956033107772181,1,1
0,0.3598846,0.059764689042880376,0,0
1,0.9648201,0.9950991868482593,1,1
0,0.3872686,0.08390434690417178,0,0
0,0.36426917,0.06313701355347011,0,0
1,0.4767714,0.23208472275915784,0,0
0,0.36255363,0.061796900456281875,0,0
1,0.76106626,0.930577560341703,1,1
0,0.37006882,0.06787057659315099,0,0
0,0.37595034,0.07300526970161089,0,0
1,0.45321906,0.18082933113252686,0,0
0,0.42010745,0.12429079171968264,0,0
0,0.39148617,0.08833100466248302,0,0
0,0.38433588,0.08094599866393014,0,0
0,0.45018786,0.1749171326476003,0,0
0,0.3559787,0.05690330645594474,0,0
0,0.42823473,0.1365787251629099,0,0
1,0.5469883,0.4353728426622964,1,0
0,0.3942547,0.0913504295445593,0,0
1,0.38258642,0.07922685306190705,0,0
0,0.38708097,0.08371216747335905,0,0
0,0.42079458,0.12529182161891034,0,0
0,0.4287788,0.13743680092896526,0,0
1,0.40041384,0.09840261107910862,0,0
0,0.36282587,0.06200777902723902,0,0
0,0.5522289,0.4526277892526266,1,0
0,0.3841182,0.08073025505182421,0,0
1,0.97204,0.9955471437360965,1,1
0,0.3712942,0.06891197528351668,0,0
0,0.44393322,0.16320099427893103,0,0
0,0.36167657,0.061122088779018986,0,0
0,0.3641119,0.06301304303814793,0,0
0,0.35828865,0.05857960110229795,0,0
0,0.43083203,0.140715921885243,0,0
0,0.3570261,0.05765773173045921,0,0
1,0.9673004,0.9952579199577245,1,1
1,0.69756997,0.851779472280643,1,1
0,0.50905305,0.31735014819411306,1,0
1,0.47596732,0.2301786620356149,0,0
0,0.373745,0.07103931068614784,0,0
1,0.381788,0.07845339423819828,0,0
0,0.56968886,0.510707572274974,1,1
0,0.4465231,0.16797388935317628,0,0
0,0.38103738,0.07773257780686264,0,0
0,0.4079624,0.10770398782924531,0,0
0,0.37826824,0.07512549934995115,0,0
0,0.38713756,0.08377009048413928,0,0
1,0.9605861,0.9948159146421792,1,1
0,0.369755,0.06760623239122143,0,0
0,0.36679086,0.06515611938435821,0,0
0,0.36899891,0.0669732635869482,0,0
0,0.36568657,0.06426462653073288,0,0
0,0.39783108,0.09538813170396597,0,0
0,0.42648888,0.13385569642153744,0,0
0,0.37864566,0.07547604070777647,0,0
0,0.3926909,0.0896336673928029,0,0
0,0.36681086,0.06517236874844982,0,0
0,0.4344827,0.1467076107311042,0,0
0,0.36118507,0.060746942662758846,0,0
0,0.39458415,0.09171583542226022,0,0
1,0.4407959,0.15756616228985948,0,0
0,0.37671763,0.07370094842482391,0,0
1,0.39837834,0.0960198917090234,0,0
0,0.43799874,0.15267658587337343,0,0
0,0.35550457,0.05656486073458744,0,0
0,0.36784738,0.06601980234825099,0,0
1,0.96698004,0.9952377083138108,1,1
0,0.37171668,0.06927443813352446,0,0
0,0.43721405,0.15132743116712152,0,0
0,0.36776724,0.06595391979844152,0,0
0,0.3500534,0.05280734857574374,0,0
0,0.3742342,0.07147114977979004,0,0
0,0.36783332,0.06600823356464493,0,0
0,0.352284,0.05431555634074395,0,0
1,0.55683863,0.4679015414149359,1,0
0,0.3767454,0.07372624594654584,0,0
0,0.40227252,0.10062421500208314,0,0
0,0.49735028,0.28453464620704155,0,0
0,0.38312784,0.07975529501262886,0,0
0,0.45889065,0.1923074367469965,0,0
0,0.4461839,0.16734247595334512,0,0
0,0.43370205,0.14540886881558462,0,0
0,0.39760053,0.09512309753833008,0,0
0,0.39292413,0.08988785292625102,0,0
0,0.41125736,0.11200123278163898,0,0
0,0.37027496,0.06804474155197344,0,0
0,0.36150888,0.06099384772770379,0,0
0,0.4087339,0.10869697721460819,0,0
0,0.44012102,0.15637491853658836,0,0
1,0.9496011,0.9940027405655093,1,1
0,0.35381696,0.05537548340665906,0,0
0,0.36482468,0.06357673875319939,0,0
0,0.38805246,0.08471153143543547,0,0
0,0.35829094,0.058581289193019415,0,0
0,0.37967557,0.07644026577994763,0,0
0,0.3641798,0.0630665313335898,0,0
0,0.4102697,0.11069765684491792,0,0
0,0.3494066,0.05237746923141417,0,0
0,0.47183865,0.22056542570226634,0,0
0,0.36802405,0.06616525894971367,0,0
0,0.43575817,0.14885025921922707,0,0
0,0.39584082,0.09312181884319459,0,0
1,0.36660132,0.06500228863553338,0,0
0,0.38718796,0.08382169975790237,0,0
0,0.38512027,0.08172779902918906,0,0
0,0.4004166,0.09840589110928584,0,0
1,0.71699715,0.8816097461034813,1,1
0,0.5032649,0.30086468722621407,1,0
0,0.36643654,0.06486883212786769,0,0
1,0.9630806,0.9949847207836481,1,1
0,0.3846968,0.08130488906256103,0,0
0,0.3712978,0.06891506166063403,0,0
0,0.4486272,0.17193304158425377,0,0
0,0.38694212,0.08357021349944202,0,0
0,0.37176922,0.0693196390503914,0,0
0,0.37979642,0.0765541448056029,0,0
0,0.4392199,0.1547957476492995,0,0
1,0.95838904,0.99466256539553,1,1
0,0.44925836,0.17313496697576525,0,0
1,0.9721639,0.995554465209382,1,1
1,0.40676287,0.10617589738007988,0,0
0,0.43983564,0.15587338307871573,0,0
0,0.3963843,0.09373583548521437,0,0
1,0.9610903,0.9948504878549121,1,1
1,0.3636209,0.06262746180123363,0,0
0,0.36891833,0.06690612545266282,0,0
1,0.965475,0.9951416072923841,1,1
1,0.9688871,0.99535676779621,1,1
0,0.359478,0.05946065408439185,0,0
0,0.41946313,0.12335835157030382,0,0
0,0.36796793,0.06611902313596778,0,0
0,0.4067013,0.10609797951912643,0,0
0,0.4361452,0.14950547923191843,0,0
0,0.36518258,0.06386154624526194,0,0
1,0.9628602,0.9949700317859724,1,1
0,0.36710346,0.06541055921100976,0,0
0,0.39204276,0.08893070014510586,0,0
1,0.37305212,0.07043180816859233,0,0
0,0.38623425,0.08284991490766322,0,0
0,0.6215458,0.6758028987758835,1,1
0,0.43536666,0.14818983306206557,0,0
0,0.3987048,0.09639853125465045,0,0
1,0.9637234,0.9950273285533751,1,1
0,0.41255498,0.11373431153479646,0,0
1,0.367843,0.06601619915642117,0,0
0,0.37211144,0.06961471599791737,0,0
0,0.42697522,0.13460960919344345,0,0
0,0.39227098,0.08917766272082427,0,0
0,0.37499985,0.07215188377509091,0,0
1,0.9607238,0.9948253817908252,1,1
0,0.35991174,0.05978504249192323,0,0
0,0.3974033,0.09489688908878002,0,0
0,0.48785818,0.2594763448586446,0,0
0,0.3811377,0.07782855954681649,0,0
0,0.36278623,0.061977034652877475,0,0
0,0.37963766,0.07640457545927301,0,0
0,0.48953077,0.263786227467183,0,0
0,0.36574772,0.06431369764694532,0,0
0,0.41362616,0.1151825332943397,0,0
0,0.42898738,0.13776697059621582,0,0
0,0.3570299,0.05766049647586186,0,0
0,0.37114966,0.06878837046337263,0,0
1,0.51526123,0.3355550054571689,1,0
0,0.3980313,0.09561882505302419,0,0
1,0.9558003,0.9944760752914605,1,1
0,0.3558149,0.056786170771447264,0,0
0,0.39947462,0.09729669918412065,0,0
0,0.3685041,0.06656200947293885,0,0
0,0.37091473,0.06858790604692207,0,0
0,0.36052647,0.06024762904567579,0,0
1,0.79345906,0.9538090078263043,1,1
0,0.388028,0.08468622948546423,0,0
0,0.39429915,0.09139964018644199,0,0
0,0.36992985,0.06775339902552899,0,0
0,0.48846143,0.26102551216114656,0,0
0,0.44666147,0.16823200402967906,0,0
0,0.37532893,0.07244629690641044,0,0
0,0.44020417,0.1565212896787899,0,0
0,0.3642373,0.06311188159278806,0,0
0,0.42797965,0.13617798681875584,0,0
0,0.3884047,0.08507653562588119,0,0
0,0.3682939,0.06638801830212439,0,0
0,0.42178586,0.12674813285401718,0,0
1,0.48444316,0.2508198497242068,0,0
0,0.3725152,0.06996435110595334,0,0
0,0.392517,0.08944457067273556,0,0
0,0.38779616,0.08444683288221265,0,0
1,0.96654105,0.9952098743704163,1,1
0,0.4380289,0.15272863722558677,0,0
0,0.38552877,0.08213766578838991,0,0
0,0.48487437,0.25190222423392483,0,0
0,0.3794672,0.07624427009863789,0,0
0,0.36104846,0.06064305278888033,0,0
0,0.36773315,0.06592590945795959,0,0
0,0.46532503,0.20599157640395893,0,0
0,0.40127704,0.09942886540286719,0,0
1,0.9598704,0.9947664492394309,1,1
0,0.45338386,0.18115519951750056,0,0
0,0.4498659,0.17429820922283804,0,0
0,0.40230644,0.10066516308723467,0,0
0,0.3755385,0.07263436814552283,0,0
0,0.36454353,0.06335383122117984,0,0
0,0.3865387,0.08315902864547742,0,0
0,0.35921332,0.05926351973254364,0,0
0,0.4374842,0.1517908144500835,0,0
0,0.35841724,0.05867427033324738,0,0
0,0.4371665,0.15124601855864162,0,0
0,0.44330662,0.1620627753611421,0,0
0,0.38108516,0.07777827394504712,0,0
0,0.3988253,0.09653861958990564,0,0
0,0.3839546,0.08056846776689545,0,0
0,0.384916,0.08152355019594937,0,0
1,0.40586776,0.10504809674698137,0,0
0,0.39958552,0.09742669539135106,0,0
0,0.3645295,0.06334272150355913,0,0
0,0.3706177,0.06833522028918951,0,0
0,0.4388565,0.15416264587332382,0,0
0,0.51087964,0.32265179664835664,1,0
0,0.34936908,0.05235263346879207,0,0
1,0.49004522,0.2651210365985325,0,0
0,0.38095868,0.07765734539544586,0,0
1,0.9653318,0.9951323615595702,1,1
0,0.3716742,0.06923792301389001,0,0
0,0.37216282,0.06965911757811022,0,0
0,0.37365937,0.07096397719175537,0,0
0,0.40403455,0.10277131543720011,0,0
1,0.60818774,0.635611843614372,1,1
0,0.3552171,0.056360575568461115,0,0
0,0.36598563,0.06450493361529804,0,0
1,0.9792477,0.9959536649907406,1,1
1,0.9649644,0.9951085649440259,1,1
0,0.35271442,0.05461120673487035,0,0
0,0.36878705,0.06679688664462859,0,0
0,0.35994336,0.05980875540421959,0,0
1,0.96962243,0.9954018805582147,1,1
0,0.3968001,0.09420805581258422,0,0
0,0.35578236,0.05676292408808723,0,0
0,0.39061978,0.0874047861835733,0,0
0,0.36492103,0.0636532964610642,0,0
0,0.36193275,0.061318480997164256,0,0
0,0.3553391,0.056447194354960505,0,0
1,0.96669954,0.9952199419367507,1,1
0,0.35760146,0.05807614209433858,0,0
0,0.43336612,0.1448529271782299,0,0
0,0.36689186,0.06523822814120546,0,0
0,0.4262502,0.1334870005824765,0,0
1,0.39295226,0.0899185575603168,0,0
1,0.9696283,0.9954022371630176,1,1
0,0.37029898,0.06806506296751583,0,0
0,0.3898382,0.0865767552114488,0,0
1,0.4093869,0.10954372529785676,0,0
0,0.36978486,0.06763134534474761,0,0
0,0.43007785,0.13950392313955484,0,0
1,0.7488069,0.9192402783964357,1,1
1,0.5782778,0.5392699529758601,1,1
1,0.3806478,0.07736085582589082,0,0
0,0.4338064,0.14558190019550474,0,0
1,0.40975717,0.1100264151309059,0,0
0,0.360976,0.06058802507776334,0,0
0,0.43687382,0.150745524201884,0,0
1,0.44767722,0.1701364460168248,0,0
1,0.9558505,0.9944797515800718,1,1
0,0.35304627,0.05484019222794298,0,0
0,0.4126818,0.11390492288495427,0,0
0,0.3892067,0.08591294994154937,0,0
1,0.64465797,0.7393976431532153,1,1
0,0.45224243,0.1789076524039701,0,0
0,0.41197324,0.1129544769779895,0,0
0,0.3729697,0.07035985228443009,0,0
0,0.36286226,0.06203601628911902,0,0
0,0.38014933,0.07688760204909181,0,0
1,0.43694225,0.1508624100044719,0,0
1,0.4451233,0.1653805305325482,0,0
0,0.38156816,0.07824166426807667,0,0
1,0.9636387,0.9950217353458514,1,1
0,0.38025093,0.07698384215729898,0,0
0,0.3583628,0.058634169245892154,0,0
0,0.36201158,0.06137902969879025,0,0
0,0.34073395,0.04692409977218894,0,0
0,0.39296564,0.08993316509394422,0,0
0,0.40214378,0.10046890524217732,0,0
0,0.36549658,0.06411239842017752,0,0
0,0.37702045,0.07397718285461086,0,0
0,0.3860796,0.08269330774385575,0,0
1,0.5382708,0.40703289013329635,1,0
0,0.35980853,0.05970770711882316,0,0
0,0.3618098,0.06122414106014976,0,0
1,0.52073526,0.352025252669871,1,0
0,0.5252997,0.36603517999201596,1,0
1,0.49616078,0.28131568279457897,0,0
0,0.36714244,0.06544235311006648,0,0
1,0.9653556,0.9951338979550303,1,1
1,0.652154,0.758198688687358,1,1
0,0.383523,0.08014300308106671,0,0
0,0.5197141,0.3489245653622954,1,0
0,0.38432407,0.08093428825321729,0,0
0,0.4115825,0.11243330848141864,0,0
0,0.36583632,0.06438485527592785,0,0
0,0.39345756,0.09047164902946284,0,0
0,0.42233407,0.1275597199144586,0,0
0,0.3888438,0.08553356056981316,0,0
1,0.42472416,0.13115003310479506,0,0
0,0.37483147,0.07200166477596014,0,0
0,0.41228363,0.1133699795230242,0,0
0,0.44411168,0.16352633845636783,0,0
1,0.95839685,0.99466311830806,1,1
0,0.49669626,0.28276204839250446,0,0
1,0.41256818,0.11375206396780588,0,0
1,0.97213644,0.9955528427717244,1,1
0,0.35338017,0.055071509308466764,0,0
0,0.51862717,0.345638064259507,1,0
1,0.96716124,0.9952491501526753,1,1
0,0.36483324,0.06358353146417252,0,0
1,0.95930105,0.9947267626412017,1,1
1,0.39030325,0.08706859103659172,0,0
0,0.43062276,0.1403787321251062,0,0
0,0.5379243,0.4059178968042534,1,0
0,0.4855855,0.25369401130499447,0,0
0,0.35314494,0.054908455491393914,0,0
1,0.9668842,0.9952316450980039,1,1
0,0.38316897,0.07979556775819713,0,0
0,0.37245017,0.06990793042396877,0,0
0,0.3576806,0.05813390510610272,0,0
0,0.3530394,0.05483545326242898,0,0
0,0.44822156,0.17116406569585527,0,0
0,0.3796049,0.0763737515557911,0,0
1,0.96878326,0.9953503624223203,1,1
0,0.40261102,0.10103356787120109,0,0
0,0.5092111,0.3178071064428494,1,0
0,0.48500758,0.25223723476117466,0,0
0,0.3607015,0.06037994995657698,0,0
1,0.43836066,0.15330216254462783,0,0
0,0.35614923,0.05702550007003547,0,0
1,0.95848227,0.9946691628613957,1,1
0,0.37529892,0.07241940140968596,0,0
0,0.36094373,0.060563525513379984,0,0
0,0.5082184,0.3149431805251304,1,0
0,0.3877972,0.08444790862059864,0,0
0,0.38460138,0.08120986204170087,0,0
0,0.39183232,0.08870353724595288,0,0
0,0.43331334,0.14476574108179002,0,0
0,0.372499,0.0699502807821279,0,0
0,0.3860077,0.08262057372615308,0,0
1,0.9721266,0.995552261929541,1,1
0,0.40334314,0.1019240079938805,0,0
0,0.34732705,0.05101765100897943,0,0
1,0.41997293,0.1240956110581306,0,0
0,0.43822938,0.15307500449831515,0,0
1,0.40162122,0.09984071886628719,0,0
0,0.36145234,0.06095067125096437,0,0
1,0.9622883,0.9949317087203854,1,1
0,0.35864156,0.05883975290983855,0,0
0,0.37959406,0.07636354487981797,0,0
1,0.96448785,0.9950775270765115,1,1
1,0.6549431,0.764953609903474,1,1
0,0.3649687,0.06369119266282171,0,0
1,0.96214825,0.9949222784632804,1,1
0,0.38556543,0.08217453661942932,0,0
0,0.44305775,0.16161246175820804,0,0
0,0.34136903,0.04730441486071609,0,0
0,0.41170403,0.11259518551520438,0,0
0,0.37725997,0.0741963491562199,0,0
0,0.36535698,0.06400076369477556,0,0
1,0.9652053,0.9951241824402048,1,1
1,0.38113007,0.0778212558768178,0,0
0,0.49223673,0.27085538812297316,0,0
0,0.3837873,0.08040330217919298,0,0
0,0.36270118,0.06191110943269084,0,0
0,0.40052396,0.09853300551834142,0,0
1,0.9678087,0.9952898128068678,1,1
0,0.3603628,0.06012413780209745,0,0
0,0.4030124,0.1015208820740937,0,0
1,0.96347106,0.9950106446102797,1,1
1,0.96902275,0.9953651234679589,1,1
0,0.36728925,0.06556221970599029,0,0
0,0.52048457,0.35126284881127035,1,0
0,0.4408825,0.15771956581222724,0,0
1,0.9723961,0.995568149722881,1,1
0,0.3621625,0.06149510949599992,0,0
0,0.44177818,0.1593131983029661,0,0
1,0.45888156,0.1922886048107391,0,0
0,0.37444913,0.07166164525377659,0,0
0,0.3684516,0.06651850287477312,0,0
0,0.43370125,0.145407535046755,0,0
0,0.3673337,0.06559856548175656,0,0
1,0.9632382,0.9949951997954815,1,1
0,0.3787985,0.07561843909833185,0,0
0,0.35989922,0.05977565809770135,0,0
0,0.34868792,0.05190369285164779,0,0
1,0.43982258,0.1558504745699837,0,0
0,0.3689737,0.06695225137159765,0,0
0,0.36565155,0.06423654351871122,0,0
0,0.35864913,0.05884534477451306,0,0
0,0.3781816,0.07504524452476886,0,0
1,0.6054007,0.6269588696725613,1,1
1,0.5304158,0.3820108840071108,1,0
0,0.41617143,0.11868812990246798,0,0
0,0.38329604,0.07992012208068147,0,0
1,0.9616278,0.9948870848402608,1,1
0,0.39017344,0.08693104560413818,0,0
0,0.3569832,0.05762665850743834,0,0
0,0.50996447,0.3199897099970375,1,0
1,0.95925564,0.9947235838248456,1,1
0,0.3696274,0.06749901078889786,0,0
0,0.4582594,0.19100297446080627,0,0
0,0.3684547,0.06652107006752335,0,0
1,0.43194,0.14251242408435283,0,0
1,0.4562451,0.18688564543747935,0,0
0,0.3724691,0.06992434548259147,0,0
0,0.42914283,0.13801346251464525,0,0
1,0.97477484,0.995705970389136,1,1
0,0.42424756,0.13042731903191893,0,0
1,0.7916094,0.9527097606183834,1,1
0,0.3561991,0.057061273626349454,0,0
0,0.3598675,0.0597518904722847,0,0
0,0.41415817,0.11590773329394297,0,0
0,0.36940265,0.06731056701814983,0,0
0,0.37228107,0.06976141288979086,0,0
0,0.40084356,0.09891232121256052,0,0
0,0.39658698,0.09396575690223784,0,0
0,0.3958958,0.09318377658084072,0,0
0,0.36011958,0.05994106989896094,0,0
0,0.36330664,0.062381823188373785,0,0
0,0.40828428,0.10811728751556939,0,0
0,0.36001343,0.05986133066616958,0,0
1,0.62489027,0.6854993336469877,1,1
0,0.34900364,0.05211132737043274,0,0
1,0.97059375,0.9954608021155233,1,1
0,0.4102333,0.11064984383181793,0,0
0,0.3686954,0.06672072843572317,0,0
0,0.37138432,0.06898914758797516,0,0
0,0.39257607,0.08950876160486378,0,0
0,0.42221764,0.12738697287326764,0,0
0,0.36580047,0.06435605310013266,0,0
0,0.38847965,0.08515438979760286,0,0
0,0.37719786,0.07413946188308722,0,0
0,0.3569005,0.057566780593256255,0,0
0,0.38206714,0.07872303185493221,0,0
0,0.37585342,0.07291782943756847,0,0
0,0.36727688,0.0655521134525894,0,0
0,0.38849822,0.08517368532668164,0,0
1,0.96830606,0.9953208108991141,1,1
1,0.4236322,0.12949919986212338,0,0
1,0.7554942,0.9256195397185869,1,1
1,0.9710496,0.9954881953025181,1,1
0,0.5061758,0.3090946272584955,1,0
0,0.3566923,0.0574162978442586,0,0
0,0.4268365,0.1343941905347287,0,0
0,0.387495,0.08413677163762917,0,0
0,0.39146098,0.08830395784420399,0,0
0,0.3495081,0.05244471375718268,0,0
0,0.45443144,0.18323725087293818,0,0
0,0.36616018,0.06464557697240388,0,0
0,0.36822426,0.06633045985568761,0,0
0,0.3582291,0.05853581438252059,0,0
1,0.61981916,0.6707366140103393,1,1
1,0.4953623,0.27916739739101804,0,0
0,0.377792,0.07468530538997414,0,0
1,0.40375614,0.10242938055494502,0,0
0,0.37822124,0.07508195263781933,0,0
1,0.9472109,0.9938096540060926,1,1
0,0.3748711,0.07203700007963981,0,0
0,0.4307496,0.1405830204181783,0,0
0,0.42379233,0.12974017150038608,0,0
0,0.381629,0.07830019931205126,0,0
0,0.38753697,0.08417991255604347,0,0
0,0.36872146,0.06674236649895952,0,0
0,0.4015457,0.0997502231994263,0,0
0,0.36543196,0.0640607055050079,0,0
0,0.3575027,0.05800411723780752,0,0
0,0.39847115,0.09612739581557209,0,0
0,0.4084667,0.10835214724193798,0,0
0,0.35913563,0.059205767700394485,0,0
0,0.36495084,0.06367699393719049,0,0
1,0.51601636,0.33780447719614876,1,0
0,0.4112101,0.11193854234673915,0,0
1,0.9645527,0.9950817623586303,1,1
0,0.36069903,0.0603780780421476,0,0
1,0.6339966,0.7110788681384709,1,1
0,0.49198627,0.2701961024697322,0,0
0,0.39734086,0.09482538074603428,0,0
0,0.52100575,0.35284868329993746,1,0
0,0.3611438,0.060715536059988466,0,0
0,0.38356203,0.080181402208553,0,0
0,0.412003,0.11299427401826095,0,0
1,0.96185523,0.9949024946755606,1,1
0,0.36859146,0.0666344390961507,0,0
1,0.9698722,0.9954171026858628,1,1
0,0.4640347,0.20319073361144402,0,0
0,0.3789303,0.0757414067537091,0,0
0,0.4298364,0.13911774081117104,0,0
0,0.3768889,0.0738570681056451,0,0
0,0.35162896,0.053868485217431955,0,0
1,0.43672115,0.15048498873043928,0,0
0,0.36879352,0.06680226410895768,0,0
1,0.9566397,0.9945372446694358,1,1
0,0.41048425,0.11097969835972979,0,0
0,0.47779083,0.23451698092867934,0,0
0,0.36893097,0.06691664889810395,0,0
0,0.4438672,0.16308077944585353,0,0
0,0.5204914,0.3512836843102423,1,0
1,0.36969405,0.06755500574476403,0,0
1,0.96724707,0.9952545604179378,1,1
1,0.40013707,0.09807555669843883,0,0
0,0.35024473,0.05293514908717216,0,0
0,0.37283677,0.07024397107613599,0,0
0,0.37723678,0.07417510727359652,0,0
0,0.36458164,0.06338400881315205,0,0
0,0.3678749,0.06604243064784653,0,0
0,0.40821514,0.10802838724518582,0,0
0,0.3965522,0.09392626823712427,0,0
1,0.96518934,0.9951231484783658,1,1
0,0.40147898,0.09967032344421299,0,0
0,0.49425247,0.2761981076412345,0,0
0,0.48711187,0.2575681062175284,0,0
0,0.35754624,0.05803585956074747,0,0
0,0.54658586,0.4340536658321248,1,0
0,0.37149054,0.06908020338594142,0,0
0,0.40287057,0.1013484488902871,0,0
1,0.5177319,0.34294216461202714,1,0
0,0.4133055,0.11474731531622595,0,0
1,0.4281057,0.13637591443429328,0,0
0,0.4489099,0.17247058579954444,0,0
1,0.9635558,0.9950162541587406,1,1
1,0.6222906,0.6779757896550661,1,1
0,0.36649555,0.06491659514177654,0,0
1,0.96349293,0.9950120929641176,1,1
1,0.40869358,0.10864487953108963,0,0
0,0.36135367,0.0608753800381998,0,0
1,0.9640786,0.995050715803154,1,1
1,0.96488166,0.9951031905104429,1,1
0,0.3663506,0.06479932067051908,0,0
0,0.39360163,0.09062989998726714,0,0
0,0.4102557,0.1106792650841797,0,0
0,0.35294124,0.0547676253453483,0,0
0,0.38369307,0.08031041125717929,0,0
1,0.36831674,0.06640689436478034,0,0
1,0.94938076,0.9939851928818476,1,1
0,0.37834677,0.07519831307658122,0,0
0,0.3645404,0.06335135437518986,0,0
0,0.34629396,0.05035459016507745,0,0
0,0.3889147,0.085607561669114,0,0
1,0.36557192,0.06417272409781619,0,0
0,0.40524113,0.10426488377210165,0,0
0,0.3665948,0.0649969976565236,0,0
0,0.44270387,0.16097391612555217,0,0
0,0.37174726,0.06930074005556695,0,0
1,0.54341793,0.4237036751201106,1,0
1,0.45757216,0.18959048874655912,0,0
0,0.37027183,0.0680420946352628,0,0
0,0.36698988,0.0653180061196736,0,0
0,0.4053455,0.10439497327039986,0,0
0,0.39913973,0.09690506424833212,0,0
0,0.40049824,0.09850253697331925,0,0
0,0.40229365,0.10064972485716434,0,0
1,0.96640843,0.9952014338101702,1,1
1,0.96693534,0.9952348812767292,1,1
1,0.9291226,0.992133757772866,1,1
0,0.40474758,0.10365162773972672,0,0
0,0.43578714,0.14889922018003213,0,0
1,0.965542,0.9951459259704332,1,1
0,0.38962308,0.08635011120571513,0,0
1,0.8129624,0.9640089880389784,1,1
0,0.3972234,0.09469099385907004,0,0
0,0.37031603,0.06807948802998708,0,0
0,0.36912534,0.0670787150317826,0,0
0,0.4990738,0.28923790162236146,0,0
1,0.96470004,0.9950913716950678,1,1
0,0.37186944,0.06940593749073255,0,0
1,0.40333122,0.10190945369611279,0,0
1,0.97502124,0.9957200004123773,1,1
1,0.5579959,0.4717466802765867,1,0
0,0.3872704,0.08390618027374426,0,0
0,0.40777263,0.10746094564655427,0,0
0,0.41695747,0.11978924911802619,0,0
0,0.44758826,0.16996897195731248,0,0
0,0.3668545,0.06520783499294591,0,0
1,0.9693896,0.9953876448712685,1,1
0,0.41500142,0.11706534958150527,0,0
0,0.43793288,0.152562966976413,0,0
0,0.44896373,0.17257307722064186,0,0
0,0.37886125,0.07567695238421905,0,0
0,0.40954036,0.10974354543553526,0,0
1,0.96080405,0.9948308878318733,1,1
0,0.51473814,0.33400112088305167,1,0
0,0.36482283,0.06357527142713243,0,0
0,0.36795056,0.06610471404592536,0,0
0,0.42663008,0.13407421623466656,0,0
0,0.50098455,0.29450555364831243,1,0
0,0.36910936,0.06706538216192909,0,0
0,0.41094398,0.11158617438924763,0,0
0,0.47834566,0.23584817348083553,0,0
0,0.48957768,0.26390776044454906,0,0
0,0.468519,0.21304715880178424,0,0
0,0.34657168,0.05053203467033324,0,0
0,0.60898125,0.6380598037922415,1,1
0,0.37838334,0.07523224124676338,0,0
0,0.5067841,0.3108300010357985,1,0
0,0.44969824,0.1739765702735565,0,0
0,0.36082152,0.06047083689730958,0,0
1,0.45370167,0.1817848919537773,0,0
0,0.4019625,0.10025057432142816,0,0
0,0.43051186,0.14020032743392602,0,0
0,0.35182855,0.05400433270600817,0,0
1,0.7547526,0.9249356130352612,1,1
0,0.38589817,0.08250991162550053,0,0
1,0.43777373,0.1522887169729382,0,0
0,0.4373227,0.1515136669461805,0,0
1,0.5558532,0.46463033565917333,1,0
0,0.35503295,0.056230080035862974,0,0
0,0.37555212,0.07264660619637953,0,0
0,0.50163835,0.29632077479641317,1,0
0,0.3905265,0.08730558794563732,0,0
0,0.44738707,0.16959068923267853,0,0
1,0.9662986,0.9951944311644334,1,1
0,0.39881238,0.09652360762336053,0,0
1,0.44061995,0.15725487227955118,0,0
0,0.38919324,0.08589884012120313,0,0
1,0.9685469,0.9953357502163749,1,1
0,0.36818856,0.06630097204716438,0,0
0,0.38225228,0.07890231706677057,0,0
0,0.525914,0.3679386754540452,1,0
0,0.36926988,0.06719946948716993,0,0
0,0.40664035,0.10602090329203652,0,0
0,0.38693765,0.08356564682177979,0,0
1,0.6400469,0.7273727550724585,1,1
0,0.42893848,0.13768949857396726,0,0
0,0.46240273,0.1996890505760781,0,0
0,0.4282134,0.13654516353075455,0,0
0,0.39951065,0.09733891961570393,0,0
0,0.42512244,0.13175658737811846,0,0
0,0.3642373,0.06311188159278806,0,0
1,0.9680875,0.995307213023282,1,1
1,0.7785224,0.9441934658767311,1,1
0,0.37081307,0.06850133229000575,0,0
0,0.355476,0.05654451969545056,0,0
0,0.3868101,0.0834354398086664,0,0
1,0.9302191,0.9922470858752086,1,1
0,0.40566865,0.10479867003512312,0,0
0,0.54570156,0.4311583766311159,1,0
0,0.3469192,0.05075490749161789,0,0
0,0.5283326,0.3754727545782757,1,0
0,0.37652844,0.07352885542383442,0,0
0,0.35825992,0.058558470943595856,0,0
0,0.4036648,0.10231741551260826,0,0
0,0.3710567,0.068708989608729,0,0
1,0.36361083,0.06261957433723853,0,0
0,0.439664,0.15557239201415543,0,0
0,0.40345255,0.10205766613841503,0,0
0,0.4424421,0.16050285398582825,0,0
0,0.5040112,0.3029628000519295,1,0
1,0.9632782,0.9949978557139624,1,1
0,0.50192606,0.297121626997707,1,0
0,0.36270508,0.061914133997940504,0,0
0,0.36572793,0.06429781506660735,0,0
0,0.45554096,0.18546257367150137,0,0
0,0.36944234,0.06734381713754044,0,0
0,0.3621961,0.061520971104418364,0,0
0,0.6533212,0.761041492307616,1,1
1,0.43728688,0.15145224861902942,0,0
0,0.5018392,0.2968797630898346,1,0
0,0.364124,0.06302257297093065,0,0
0,0.39490336,0.09207115591966901,0,0
1,0.3724544,0.06991160088358442,0,0
0,0.36838946,0.06646705500708014,0,0
1,0.6451545,0.7406717650019534,1,1
0,0.45369023,0.18176218783848175,0,0
1,0.49246502,0.27145718772928157,0,0
0,0.36859643,0.06663856813205721,0,0
0,0.37042978,0.06817582015178408,0,0
0,0.4180058,0.12127152207933606,0,0
0,0.37705058,0.07400471969881338,0,0
0,0.36859494,0.06663733186884395,0,0
0,0.40122628,0.09936826206352184,0,0
1,0.96902686,0.9953653765475059,1,1
0,0.38283455,0.07946864147982138,0,0
0,0.41044945,0.1109338959011975,0,0
1,0.9696861,0.9954057653384191,1,1
0,0.4341849,0.14621106126326047,0,0
0,0.47776753,0.2344611789062437,0,0
1,0.9812486,0.9960598137621995,1,1
1,0.9640199,0.9950468575440251,1,1
1,0.3948641,0.09202739992034424,0,0
0,0.40748873,0.10709827531913167,0,0
0,0.36180964,0.06122402681877664,0,0
0,0.41749787,0.12055138668978248,0,0
0,0.3653354,0.06398352462233302,0,0
1,0.36022884,0.06002324111956346,0,0
0,0.37619102,0.07322283636186258,0,0
1,0.95870334,0.9946847762334091,1,1
0,0.43238825,0.14324466577622086,0,0
1,0.9625349,0.9949482676676216,1,1
1,0.5460038,0.4321474783211687,1,0
1,0.9643445,0.9950681521970851,1,1
0,0.63663733,0.7182613996677818,1,1
0,0.39082637,0.08762484304750466,0,0
0,0.39751238,0.09502193119172431,0,0
1,0.7010072,0.8574750595741828,1,1
0,0.48594916,0.25461349845960585,0,0
0,0.39024204,0.0870037092425591,0,0
1,0.9686122,0.9953397901797094,1,1
0,0.3480873,0.05151086614666475,0,0
1,0.96266425,0.9949569318768747,1,1
0,0.37280554,0.07021676720177362,0,0
0,0.36379036,0.06276028760261511,0,0
0,0.3662563,0.06472314027963995,0,0
0,0.3794417,0.07622033489672736,0,0
1,0.69490105,0.8472283714298221,1,1
0,0.37968373,0.076447955790801,0,0
1,0.7851862,0.9486963891738852,1,1
0,0.36617598,0.06465831786635126,0,0
0,0.39715514,0.09461294986847514,0,0
0,0.3621178,0.06146070430312142,0,0
0,0.3763316,0.07335018798581781,0,0
1,0.9544251,0.9943743868846714,1,1
0,0.36961848,0.06749152970118379,0,0
0,0.36361745,0.06262475475644151,0,0
1,0.49707907,0.28379878572784006,0,0
0,0.48419112,0.25018864593488394,0,0
1,0.970226,0.9954385821401056,1,1
0,0.43885618,0.15416207567331514,0,0
1,0.9653748,0.995135141350283,1,1
0,0.40447876,0.10331895943045391,0,0
1,0.4987554,0.28836554657031815,0,0
1,0.51347554,0.3302653059275526,1,0
0,0.35881516,0.058968116899842195,0,0
0,0.47455573,0.22685919678046634,0,0
1,0.58418816,0.5587871494480112,1,1
0,0.44401252,0.16334550921015467,0,0
0,0.38429204,0.08090250641741298,0,0
1,0.42775202,0.13582120708308176,0,0
0,0.40442854,0.10325691944419574,0,0
1,0.9629826,0.9949781940855792,1,1
1,0.96836275,0.9953243309644964,1,1
1,0.5166805,0.3397889062283754,1,0
0,0.356836,0.05752010560280251,0,0
0,0.36793014,0.06608790515543357,0,0
0,0.36378437,0.06275558773454792,0,0
0,0.34722495,0.05095175341221712,0,0
0,0.36491242,0.06364644942158118,0,0
1,0.9827068,0.9961354178075484,1,1
0,0.5424361,0.4205090959369751,1,0
1,0.43690512,0.15079896882944582,0,0
0,0.3643493,0.0632002726390744,0,0
1,0.37705073,0.07400485590841986,0,0
0,0.37912172,0.07592034552023424,0,0
0,0.39761946,0.09514482769079284,0,0
0,0.45214283,0.17871257307440513,0,0
0,0.38106647,0.0777603973557928,0,0
0,0.3693221,0.06724314005296947,0,0
0,0.4499726,0.1745031222799239,0,0
0,0.35937825,0.059386287645346855,0,0
1,0.5838667,0.5577297648684592,1,1
0,0.42135578,0.1261145308135733,0,0
0,0.3662413,0.0647110371097197,0,0
0,0.35785276,0.058259777629796,0,0
0,0.36191896,0.06130788785609794,0,0
0,0.39111647,0.0879346950010678,0,0
0,0.3769535,0.07391604175974613,0,0
0,0.38695884,0.0835872948842812,0,0
0,0.35132793,0.0536641976534987,0,0
0,0.46737182,0.21049290441334143,0,0
0,0.41495264,0.11699810356621264,0,0
0,0.42372182,0.12963401268312957,0,0
0,0.3791068,0.07590637418849995,0,0
0,0.38888413,0.0855756398313163,0,0
0,0.35862958,0.058830903811411504,0,0
0,0.39026815,0.08703137499733057,0,0
0,0.3695056,0.0673968441371502,0,0
0,0.39550406,0.09274315464613439,0,0
1,0.41732624,0.12030888116590406,0,0
1,0.9587529,0.9946882681614294,1,1
0,0.5060669,0.3087845090596335,1,0
0,0.37549105,0.07259175064864659,0,0
0,0.4432923,0.162036810802539,0,0
0,0.44253325,0.1606667732191558,0,0
1,0.96863985,0.9953415010403283,1,1
0,0.40067104,0.09870739887573432,0,0
0,0.42624047,0.13347201132209446,0,0
1,0.38277522,0.079410761248091,0,0
0,0.38072845,0.0774376710955164,0,0
0,0.7008766,0.8572620376377473,1,1
0,0.3646899,0.0634697777596523,0,0
0,0.37385002,0.07113181503215125,0,0
0,0.45257676,0.1795636875795451,0,0
0,0.4677279,0.21128331848646525,0,0
0,0.35321328,0.054955777431463466,0,0
0,0.3933451,0.09034827237605408,0,0
0,0.37035888,0.06811576495309063,0,0
0,0.3725056,0.06995602239967096,0,0
0,0.381418,0.07809731925473747,0,0
0,0.4470644,0.16898541290805733,0,0
0,0.37497595,0.07213054306490159,0,0
0,0.4329365,0.14414449571147644,0,0
0,0.49684808,0.28317291745432643,0,0
0,0.5063558,0.30960762452134705,1,0
0,0.39121056,0.08803540081570956,0,0
0,0.4506977,0.17590076418664577,0,0
0,0.34501284,0.04954368123382216,0,0
0,0.3617202,0.06115549508771093,0,0
0,0.3660194,0.06453211794980951,0,0
0,0.38156343,0.0782371058949105,0,0
0,0.38354346,0.08016313854490789,0,0
0,0.39172736,0.08859042514735367,0,0
0,0.3561125,0.05699916983623395,0,0
1,0.8004633,0.9577550638399784,1,1
0,0.38515407,0.08176163708164257,0,0
1,0.94452477,0.9935852803335011,1,1
0,0.44128677,0.15843724861595193,0,0
1,0.4293617,0.13836114488981155,0,0
1,0.7766865,0.9428889838953868,1,1
1,0.96795213,0.9952987720456602,1,1
0,0.41813165,0.12145053315198984,0,0
1,0.47502813,0.2279662984479541,0,0
0,0.39256746,0.08949939919054832,0,0
0,0.37907207,0.07587389508567328,0,0
0,0.39258018,0.08951323255020857,0,0
0,0.36596096,0.06448507396062868,0,0
0,0.48984447,0.2645996523151982,0,0
0,0.46981227,0.21595370791168242,0,0
0,0.37137198,0.06897857760635438,0,0
0,0.42917868,0.13807036508926376,0,0
1,0.5113156,0.3239239723236822,1,0
0,0.4339889,0.14588497989334254,0,0
0,0.41532862,0.11751722076239156,0,0
1,0.521584,0.3546118811439977,1,0
0,0.38311702,0.0797447046137832,0,0
0,0.4982111,0.286877910517983,0,0
0,0.37888795,0.07570187136296808,0,0
1,0.9640507,0.9950488830134642,1,1
0,0.46392402,0.20295179903761604,0,0
0,0.40604547,0.10527116021551682,0,0
0,0.36378244,0.06275406794698506,0,0
0,0.44320464,0.1618781275069201,0,0
1,0.96394247,0.9950417647661426,1,1
0,0.4403953,0.1568581564537719,0,0
1,0.38199532,0.07865357694330417,0,0
0,0.39720628,0.09467140079764395,0,0
0,0.3575531,0.05804085812583849,0,0
0,0.39022252,0.08698302828925647,0,0
0,0.35824206,0.058545344912566195,0,0
0,0.38733092,0.08396826130223445,0,0
0,0.3769784,0.07393876687727516,0,0
0,0.43418726,0.14621498167648078,0,0
0,0.4031342,0.10166917428670591,0,0
0,0.37131503,0.06892980661665377,0,0
0,0.3916924,0.08855278214590599,0,0
1,0.35754177,0.05803259984463033,0,0
1,0.9629762,0.9949777690016144,1,1
0,0.37899,0.07579716687401833,0,0
0,0.3725507,0.06999516494200711,0,0
0,0.43183574,0.14234257874399955,0,0
0,0.37301344,0.07039803298659729,0,0
0,0.3694714,0.06736816528496253,0,0
0,0.37759385,0.07450284780394409,0,0
0,0.43435636,0.1464967845567131,0,0
0,0.43357572,0.14519959141161606,0,0
0,0.35799548,0.058364316837901976,0,0
0,0.4483053,0.17132259741652883,0,0
1,0.9630021,0.994979492952102,1,1
0,0.3607497,0.060416429294596,0,0
0,0.4315127,0.1418173631262706,0,0
0,0.360296,0.06007381553398283,0,0
0,0.39470756,0.09185306014621131,0,0
0,0.5125759,0.3276164909235987,1,0
0,0.46330088,0.20161055914316536,0,0
0,0.37020656,0.06798690926706263,0,0
0,0.44705623,0.16897011746915447,0,0
0,0.44163275,0.1590535485518879,0,0
0,0.40400416,0.10273393241054346,0,0
1,0.7520678,0.9224110595911875,1,1
0,0.37970415,0.07646718392247727,0,0
1,0.95358306,0.9943112064590235,1,1
0,0.5257456,0.36741630698029065,1,0
0,0.3428511,0.048203360357316136,0,0
0,0.36648887,0.0649111900079605,0,0
0,0.4035941,0.10223084034061734,0,0
1,0.514777,0.3341164411268801,1,0
0,0.44405165,0.16341685421261823,0,0
0,0.42688337,0.13446695139762851,0,0
1,0.96044487,0.9948061920086886,1,1
0,0.3507619,0.053282051489117147,0,0
0,0.3703164,0.0680797906840218,0,0
1,0.64786935,0.7475666705756744,1,1
0,0.3795589,0.0763304659061924,0,0
1,0.42799705,0.13620529859090486,0,0
0,0.3575823,0.058062160887956855,0,0
1,0.9603239,0.9947978503524307,1,1
1,0.9653252,0.9951319340554661,1,1
1,0.80997163,0.9625989367986075,1,1
0,0.37409464,0.07134770490800516,0,0
0,0.37225732,0.06974085502926722,0,0
0,0.36478153,0.06354247782876055,0,0
0,0.46207267,0.19898638060753557,0,0
1,0.80442446,0.9598419143251004,1,1
0,0.42506632,0.13167097952347745,0,0
0,0.37522337,0.07235173601852046,0,0
0,0.363559,0.06257900822044683,0,0
1,0.53878427,0.4086870957712987,1,0
0,0.3458197,0.05005295166198196,0,0
1,0.48415512,0.2500985710711413,0,0
1,0.61753535,0.6639741371909813,1,1
0,0.3699249,0.06774923103453867,0,0
0,0.3700344,0.06784153484550776,0,0
0,0.36472565,0.0634981392882536,0,0
0,0.3641045,0.06300722245973149,0,0
0,0.36581826,0.06437034494921226,0,0
1,0.96986705,0.9954167907555663,1,1
0,0.41532993,0.11751903474244965,0,0
1,0.7826999,0.9470580019923623,1,1
0,0.36098695,0.06059632943396565,0,0
0,0.35505298,0.05624425835561853,0,0
0,0.36356473,0.06258348585096365,0,0
0,0.36990464,0.06773215981832019,0,0
0,0.37952068,0.07629454246249126,0,0
1,0.96720403,0.9952518485379571,1,1
0,0.38889015,0.08558192378447771,0,0
1,0.9643779,0.9950703367067273,1,1
0,0.3713868,0.06899126687103145,0,0
0,0.39418304,0.0912711024405935,0,0
0,0.37098736,0.06864982101246002,0,0
0,0.40877718,0.10875291132414894,0,0
0,0.40869242,0.10864337814919833,0,0
1,0.74290705,0.9132018717861202,1,1
1,0.5074152,0.31263614336378204,1,0
0,0.3520497,0.05415524368180715,0,0
0,0.38683444,0.08346028049602497,0,0
0,0.44402546,0.16336908886667853,0,0
0,0.40093687,0.09902331188792472,0,0
1,0.96766025,0.9952805191486198,1,1
0,0.39365974,0.09069380777370906,0,0
0,0.35593903,0.056874918172177075,0,0
1,0.4869456,0.25714422846836416,0,0
0,0.42726347,0.13505813106365339,0,0
0,0.48414847,0.25008194537616996,0,0
0,0.34921485,0.0522506652323247,0,0
1,0.72578776,0.8933113055405659,1,1
0,0.3430628,0.048333074273991465,0,0
0,0.60042447,0.6113083629864499,1,1
0,0.36656582,0.06497351924318638,0,0
0,0.5493601,0.44316523143752795,1,0
1,0.438092,0.15283757034850426,0,0
1,0.7052115,0.8641923871065974,1,1
1,0.5752312,0.529158220449856,1,1
0,0.35752177,0.05801802015106065,0,0
0,0.35520387,0.05635118915598066,0,0
1,0.4239341,0.12995383473149322,0,0
1,0.53880334,0.40874858053638463,1,0
0,0.34753415,0.05115155970649429,0,0
0,0.3580159,0.05837928409744367,0,0
1,0.9680379,0.9953041223522003,1,1
0,0.416468,0.11910253761027857,0,0
1,0.3975538,0.09506945848346837,0,0
1,0.3663548,0.06480271750314624,0,0
0,0.3615823,0.061049972049323664,0,0
0,0.3584898,0.058727756478860284,0,0
0,0.38553813,0.08214707690989996,0,0
1,0.663753,0.785421678515501,1,1
1,0.47048768,0.2174830294227169,0,0
0,0.35842544,0.058680308574334476,0,0
0,0.4133775,0.11484491234131258,0,0
0,0.44577834,0.16659006658751468,0,0
0,0.36176902,0.061192892050455354,0,0
0,0.39338228,0.09038905423568037,0,0
0,0.3780915,0.07496187079946068,0,0
0,0.39119583,0.08801963573077122,0,0
1,0.40103754,0.09914318276053798,0,0
0,0.38399968,0.08061300415093403,0,0
0,0.37695646,0.07391873577912687,0,0
0,0.41913483,0.12288556259743552,0,0
0,0.37928197,0.07607044199308274,0,0
0,0.36867958,0.06670758537921999,0,0
0,0.35897124,0.05908374732624957,0,0
1,0.967799,0.9952892052283953,1,1
1,0.71744436,0.8822309549774644,1,1
1,0.5304259,0.382042792888558,1,0
1,0.5001562,0.2922151186922911,1,0
0,0.4362984,0.14976552899109272,0,0
1,0.6640043,0.7859861937846238,1,1
1,0.61819637,0.6659385118776584,1,1
0,0.44066027,0.15732616536167163,0,0
0,0.37659958,0.0735935230695411,0,0
1,0.4305566,0.1402722705767766,0,0
0,0.34789363,0.051384786854681015,0,0
0,0.4913836,0.26861385413002087,0,0
1,0.37652686,0.07352742016296164,0,0
1,0.96609795,0.9951816154836512,1,1
0,0.4268064,0.13434748939764943,0,0
1,0.6632052,0.7841876985098439,1,1
1,0.507747,0.3135880752284252,1,0
1,0.96617806,0.995186736692172,1,1
0,0.37193146,0.06945938812477175,0,0
0,0.44186616,0.1594704318199977,0,0
0,0.3925779,0.08951073786746681,0,0
0,0.37702572,0.07398200316424841,0,0
1,0.36754006,0.06576748249333689,0,0
0,0.37387404,0.07115298800659957,0,0
1,0.9812816,0.9960615389316289,1,1
0,0.362244,0.06155788796009118,0,0
0,0.36895797,0.06693914046639167,0,0
1,0.41607547,0.11855430098400488,0,0
0,0.37401348,0.07127601658022334,0,0
0,0.46319026,0.20137314098067322,0,0
0,0.3952798,0.09249175844701825,0,0
1,0.96030235,0.994796360692044,1,1
0,0.44309616,0.16168190293210483,0,0
0,0.43580526,0.14892985272077477,0,0
0,0.39380607,0.0908549040179957,0,0
0,0.34993732,0.05272995433903084,0,0
0,0.38073668,0.07744550983791305,0,0
0,0.40638566,0.10569933766950582,0,0
0,0.41444382,0.11629876037150945,0,0
1,0.96227574,0.9949308627161766,1,1
0,0.38349965,0.08012005955786057,0,0
0,0.4499035,0.17437036503458575,0,0
1,0.6776915,0.81509619253298,1,1
1,0.48018152,0.24029004171344975,0,0
0,0.40298718,0.10149020988962972,0,0
0,0.37271938,0.07014177341203429,0,0
0,0.4563272,0.1870521274287595,0,0
0,0.43000948,0.1393944884212782,0,0
1,0.49317235,0.27332714113354045,0,0
0,0.48367715,0.24890474265701495,0,0
0,0.36958867,0.06746651492840537,0,0
1,0.9615611,0.9948825572943367,1,1
0,0.44555953,0.1661852403887839,0,0
0,0.38127548,0.07796056160054833,0,0
0,0.40556282,0.10466631086059645,0,0
1,0.9554636,0.9944513479359888,1,1
0,0.36808422,0.06621486752583687,0,0
0,0.39185113,0.08872381612587563,0,0
0,0.6078531,0.6345774399545225,1,1
0,0.47126958,0.21926320787459352,0,0
0,0.37750694,0.0744229581665013,0,0
1,0.96697557,0.9952374256852325,1,1
0,0.5253478,0.36618408112688045,1,0
0,0.36110127,0.060683192940973255,0,0
0,0.4412322,0.1583402214518503,0,0
1,0.66113555,0.7794789495759032,1,1
1,0.39219996,0.08910074720466642,0,0
0,0.36868247,0.06670998609707396,0,0
1,0.6437381,0.7370263892675478,1,1
1,0.96767473,0.9952814265587434,1,1
0,0.369705,0.06756419633485211,0,0
0,0.36718976,0.06548097235830906,0,0
0,0.37683278,0.07380588212334352,0,0
1,0.9678973,0.995295348239846,1,1
0,0.43126017,0.14140787373809682,0,0
0,0.348591,0.05184011309549064,0,0
0,0.3711657,0.06880207154695361,0,0
1,0.96689457,0.995232301562759,1,1
0,0.36736622,0.06562515457868386,0,0
0,0.38977426,0.0865093463896572,0,0
0,0.35578182,0.05676254097593704,0,0
1,0.37824887,0.07510754767274777,0,0
1,0.5565858,0.46706194826358366,1,0
0,0.38754198,0.08418506139315445,0,0
0,0.3800927,0.07683401067577042,0,0
0,0.45127213,0.1770142598369942,0,0
0,0.3955122,0.09275228658793268,0,0
0,0.41637743,0.1189758464255537,0,0
0,0.40994266,0.11026892636513445,0,0
0,0.40010795,0.09804120668720862,0,0
1,0.9832638,0.9961639148286411,1,1
1,0.96695685,0.9952362422323316,1,1
0,0.4707001,0.21796557966845334,0,0
0,0.40280703,0.10127128429661943,0,0
0,0.3643026,0.063163401571569,0,0
0,0.3685599,0.06660826109864028,0,0
0,0.44413665,0.16357191085161413,0,0
0,0.41312128,0.11449795544166817,0,0
0,0.46174163,0.1982834851895163,0,0
0,0.37207684,0.06958482922545496,0,0
0,0.38618413,0.08279912159836539,0,0
0,0.3792059,0.0759991701696759,0,0
0,0.36257458,0.06181310516545141,0,0
0,0.3663537,0.06480182611968131,0,0
0,0.37350133,0.07082511995365016,0,0
0,0.40549245,0.1045783892045466,0,0
0,0.43299147,0.14423500171800838,0,0
0,0.35610834,0.05699617848707022,0,0
0,0.38342866,0.08005029888279402,0,0
0,0.38999543,0.08674276125790832,0,0
0,0.36241898,0.06169285163297674,0,0
1,0.9654776,0.9951417725790332,1,1
1,0.3945576,0.0916863335116318,0,0
0,0.42930835,0.13827633434261258,0,0
1,0.96435136,0.9950686008803229,1,1
0,0.3895897,0.08631499157662217,0,0
1,0.95744854,0.9945955484337603,1,1
0,0.49693373,0.283404886272987,0,0
0,0.47117588,0.21904932810400093,0,0
0,0.4076558,0.10731157424220586,0,0
0,0.4118952,0.11285020226058011,0,0
0,0.46732256,0.2103837219473809,0,0
0,0.3918784,0.08875322954231245,0,0
0,0.39711428,0.0945662736635521,0,0
1,0.9554702,0.9944518348746217,1,1
1,0.80085164,0.9579641441847996,1,1
0,0.50620943,0.3091903963731624,1,0
0,0.4862879,0.2554719599527739,0,0
1,0.4013559,0.09952309178313438,0,0
0,0.37096006,0.06862654284189562,0,0
0,0.39011034,0.08686427004376521,0,0
0,0.44643214,0.16780439412672732,0,0
1,0.47486565,0.22758507835756978,0,0
0,0.43426418,0.14634311297261046,0,0
0,0.360466,0.06020197801649946,0,0
0,0.37585053,0.07291522276958046,0,0
1,0.5075782,0.313103619217314,1,0
0,0.36928985,0.0672161668801992,0,0
0,0.41182604,0.11275790232687301,0,0
0,0.3676266,0.06583844839054455,0,0
0,0.44889823,0.172448345964914,0,0
1,0.3670515,0.065368213978693,0,0
1,0.43524873,0.14799138078363058,0,0
1,0.49181932,0.26975719278965443,0,0
1,0.9713259,0.9955047165394832,1,1
0,0.38161698,0.07828863826304178,0,0
0,0.35472736,0.05601415061259893,0,0
0,0.36447737,0.06330148284147676,0,0
1,0.9620518,0.99491577548573,1,1
0,0.38493955,0.08154706841611126,0,0
0,0.36328542,0.06236527008385724,0,0
0,0.3820039,0.07866187399975486,0,0
0,0.37163568,0.06920480576487009,0,0
0,0.38902804,0.08572597819979283,0,0
0,0.38550484,0.08211360295878152,0,0
0,0.3899086,0.08665106994444897,0,0
1,0.39629167,0.09363093133898846,0,0
1,0.96245104,0.9949426419934136,1,1
0,0.34596404,0.050144571384670475,0,0
0,0.45637327,0.18714560072080258,0,0
1,0.96529305,0.9951298576258988,1,1
0,0.34842357,0.051730449170234886,0,0
0,0.36986718,0.06770061367494741,0,0
1,0.9646876,0.9950905599787181,1,1
1,0.39929116,0.09708197402943249,0,0
0,0.35624626,0.057095142135478096,0,0
1,0.70442736,0.8629601021040564,1,1
1,0.36834958,0.06643405901201455,0,0
1,0.77767015,0.9435914411607516,1,1
1,0.96228236,0.9949313077880362,1,1
0,0.4353596,0.14817794080319968,0,0
1,0.9646264,0.9950865693644059,1,1
1,0.964586,0.9950839369802371,1,1
1,0.36704975,0.0653667810521563,0,0
1,0.95862925,0.9946795487861978,1,1
1,0.43706724,0.15107611244554275,0,0
1,0.9605051,0.9948103434793828,1,1
0,0.37557808,0.0726699360594151,0,0
0,0.36876684,0.06678008775559835,0,0
0,0.37585524,0.0729194687263588,0,0
0,0.3655012,0.06411609566539142,0,0
0,0.3650797,0.0637795564954555,0,0
0,0.3998128,0.09769360022969172,0,0
0,0.40022612,0.0981806773498335,0,0
0,0.3996837,0.09754193825944509,0,0
0,0.5345023,0.3949596054418726,1,0
1,0.9705743,0.9954596307948113,1,1
0,0.36223298,0.06154939157689613,0,0
0,0.36376283,0.06273868495387602,0,0
0,0.43278542,0.14389608030885878,0,0
1,0.96544945,0.9951399579633251,1,1
0,0.37636557,0.07338099679209202,0,0
0,0.3636366,0.06263976156077375,0,0
0,0.36524716,0.06391306564254182,0,0
0,0.39459336,0.09172606871750243,0,0
0,0.4377008,0.15216317991925257,0,0
0,0.4243329,0.13055645512478883,0,0
0,0.35986573,0.05975055045628364,0,0
0,0.3874337,0.08407378154477954,0,0
0,0.4005492,0.09856291733928542,0,0
0,0.35867783,0.05886654995213065,0,0
0,0.36000118,0.05985213637932084,0,0
1,0.95500815,0.9944177257793708,1,1
1,0.977086,0.9958357859149631,1,1
1,0.96379083,0.9950317758207906,1,1
0,0.37591147,0.07297019595875995,0,0
0,0.39521742,0.0924219440862213,0,0
1,0.7856838,0.9490185076473423,1,1
0,0.4277334,0.13579204751503868,0,0
0,0.4036697,0.10232340371739714,0,0
1,0.79128075,0.9525118540787645,1,1
0,0.3563435,0.057165014074777476,0,0
1,0.95691556,0.9945571989135371,1,1
0,0.36771536,0.06591129656435356,0,0
1,0.4420032,0.15971558729149743,0,0
0,0.38277146,0.07940709960656964,0,0
0,0.35103703,0.053467480900630915,0,0
0,0.38971567,0.08644760456198623,0,0
0,0.3703174,0.06808064821055965,0,0
0,0.40506846,0.10404996741873954,0,0
1,0.83814836,0.9740118654205512,1,1
0,0.371773,0.06932289621105575,0,0
0,0.3441034,0.04897555455614431,0,0
0,0.43288168,0.14405433103495333,0,0
0,0.3693439,0.06726139377294119,0,0
0,0.5144042,0.333010928763378,1,0
0,0.43666214,0.15038439309929436,0,0
0,0.37963033,0.07639767485009442,0,0
1,0.9640507,0.9950488830134642,1,1
0,0.35519314,0.05634357963034617,0,0
0,0.49376348,0.27489605007971846,0,0
0,0.4538429,0.18206526836081768,0,0
0,0.36995623,0.06777562395470565,0,0
0,0.435587,0.14856119728890904,0,0
1,0.606622,0.6307610263507668,1,1
0,0.42020112,0.12442684727729175,0,0
0,0.37724409,0.07418179595188132,0,0
0,0.40948755,0.10967474239689863,0,0
0,0.35529062,0.05641275613379315,0,0
0,0.4689839,0.21408866646694383,0,0
0,0.41754174,0.12061343873391009,0,0
0,0.4259113,0.13296501052495888,0,0
0,0.36927542,0.06720410449685803,0,0
0,0.6160628,0.6595777603797601,1,1
0,0.46844867,0.21288990950938844,0,0
1,0.95627993,0.9945111102840372,1,1
0,0.37225813,0.06974155137699119,0,0
1,0.40453592,0.10338961837426705,0,0
1,0.40730107,0.10685913001922254,0,0
0,0.39268836,0.08963091018541851,0,0
1,0.9653828,0.9951356570932911,1,1
0,0.40342808,0.10202776071148766,0,0
0,0.6132236,0.6510235376457869,1,1
0,0.37290764,0.07030573509165892,0,0
0,0.42160138,0.1264760244231564,0,0
1,0.94854945,0.9939185333027036,1,1
0,0.37393335,0.0712052886366583,0,0
0,0.36890534,0.06689530577598383,0,0
1,0.433014,0.1442721007508152,0,0
0,0.4729006,0.2230102847525032,0,0
0,0.36212906,0.061469372715975815,0,0
0,0.40942347,0.10959131319936212,0,0
0,0.36014506,0.05996022479582533,0,0
0,0.4666805,0.20896451668760604,0,0
0,0.46541086,0.20617889564822603,0,0
0,0.39518264,0.09238303804882117,0,0
0,0.3498808,0.0526923193057117,0,0
0,0.3721994,0.06969073489226567,0,0
0,0.40475777,0.10366425972596986,0,0
0,0.4990697,0.28922662386613357,0,0
1,0.46331987,0.2016513224567821,0,0
1,0.49241173,0.2713166404148038,0,0
0,0.41612825,0.11862789071911263,0,0
0,0.50697935,0.3113882220061757,1,0
0,0.4412889,0.15844101197372273,0,0
1,0.4880259,0.2599064687405537,0,0
1,0.9734514,0.9956298269712381,1,1
0,0.3644439,0.06327501747078298,0,0
0,0.34091607,0.047032863217278224,0,0
0,0.4108355,0.1114428064117151,0,0
0,0.5615548,0.48359028767799433,1,0
0,0.3606667,0.06035361282980565,0,0
0,0.3526442,0.05456287242435483,0,0
0,0.404715,0.1036112662203873,0,0
0,0.36314586,0.062256498358238446,0,0
1,0.3945398,0.09166657101193793,0,0
0,0.4293393,0.13832550966641305,0,0
1,0.96755856,0.9952741437152268,1,1
0,0.4100753,0.11044264169666312,0,0
0,0.48818108,0.26030482916187353,0,0
0,0.48354253,0.24856919703921895,0,0
1,0.957227,0.9945796400959613,1,1
1,0.612455,0.6486907108852941,1,1
0,0.3601124,0.05993567171751938,0,0
0,0.35460338,0.055926771648636776,0,0
0,0.36931524,0.06723740554363135,0,0
0,0.44271636,0.16099641385523525,0,0
0,0.47989753,0.23959920958353695,0,0
0,0.37297052,0.07036058034761866,0,0
1,0.7966196,0.9556312460434869,1,1
1,0.40072694,0.09877376515851007,0,0
1,0.9687528,0.9953484817957998,1,1
1,0.9652222,0.995125274036247,1,1
1,0.96337974,0.9950045941003182,1,1
1,0.44667062,0.1682490819883824,0,0
0,0.3663705,0.06481541493354621,0,0
0,0.46977592,0.21587160254515847,0,0
0,0.39003822,0.08678799394989142,0,0
1,0.96392316,0.9950404937004373,1,1
0,0.4818839,0.2444598284289587,0,0
0,0.3622074,0.06152969336972919,0,0
1,0.96643716,0.9952032635370915,1,1
0,0.36645976,0.06488761983430019,0,0
0,0.58013684,0.5454246750602074,1,1
0,0.3446109,0.04929182290077577,0,0
0,0.43384552,0.14564683717182464,0,0
0,0.360022,0.05986777416612977,0,0
0,0.37560302,0.0726923617332853,0,0
1,0.96391374,0.9950398737421547,1,1
0,0.5293212,0.37857001766584364,1,0
1,0.96501833,0.9951120660060094,1,1
0,0.36583683,0.06438526237521489,0,0
1,0.41674274,0.11948757733794849,0,0
1,0.96342534,0.9950076163178933,1,1
0,0.39087033,0.08767173160929118,0,0
0,0.36527368,0.06393423618672706,0,0
0,0.40023887,0.09819574301099607,0,0
0,0.44260582,0.16079735159722677,0,0
0,0.37450582,0.07171196209995305,0,0
1,0.43278715,0.1438989206871449,0,0
1,0.4015177,0.09971667192880757,0,0
1,0.6002626,0.6107951487447791,1,1
1,0.9637225,0.9950272695444412,1,1
1,0.5043236,0.3038434730508475,1,0
1,0.3657789,0.06433872490611105,0,0
0,0.35217908,0.054243705018057774,0,0
0,0.35724682,0.05781790304653977,0,0
1,0.9694437,0.9953909544011496,1,1
0,0.44107834,0.15806688690086113,0,0
0,0.43598986,0.1492422180739953,0,0
0,0.37148046,0.0690715631300856,0,0
0,0.3812099,0.07789771872981913,0,0
0,0.47153267,0.21986456096489204,0,0
0,0.4119433,0.1129144532592456,0,0
0,0.43907598,0.15454475601604734,0,0
0,0.339113,0.0459665504136975,0,0
0,0.35427636,0.05569690347392744,0,0
1,0.96604574,0.9951782746345219,1,1
0,0.438535,0.15360426334326233,0,0
1,0.96294755,0.9949758576679055,1,1
0,0.40779603,0.10749088000241235,0,0
0,0.36717555,0.06546936976581601,0,0
1,0.95434135,0.994368134651827,1,1
0,0.4072388,0.10677989860238421,0,0
0,0.40283766,0.10130848472930014,0,0
0,0.3881522,0.08481475179907563,0,0
0,0.3991026,0.09686172509867277,0,0
0,0.3671095,0.06541549264334497,0,0
1,0.45376065,0.18190193590213471,0,0
0,0.37697363,0.07393441186587757,0,0
0,0.36303023,0.06216651204912455,0,0
0,0.462789,0.20051374345633213,0,0
0,0.4105311,0.11104136957596039,0,0
0,0.37257904,0.07001977845145031,0,0
0,0.4048971,0.10383707034891618,0,0
0,0.40783548,0.10754138462857027,0,0
0,0.39417964,0.09126734377561778,0,0
1,0.96417546,0.9950570744162859,1,1
0,0.3659677,0.06449049402607157,0,0
0,0.46620637,0.20792104541123566,0,0
0,0.48020175,0.2403393197033782,0,0
1,0.9618417,0.9949015792942795,1,1
0,0.3900752,0.08682710151265013,0,0
0,0.37445417,0.0716661147795498,0,0
0,0.3654804,0.06409944770178469,0,0
0,0.47447008,0.2266588716797825,0,0
0,0.34662506,0.05056620513189934,0,0
0,0.40698963,0.10646330090247859,0,0
0,0.34248886,0.04798215394282454,0,0
0,0.41713926,0.12004516892862108,0,0
0,0.40331355,0.10188788034008392,0,0
1,0.9596477,0.994750962428097,1,1
0,0.4516418,0.1777337466456239,0,0
0,0.3708652,0.06854571057719894,0,0
0,0.3535329,0.05517762574813043,0,0
1,0.3970912,0.09453993165403096,0,0
0,0.40439132,0.10321095380959555,0,0
0,0.42111596,0.12576240056399432,0,0
1,0.9681193,0.9953091956323838,1,1
1,0.79434675,0.9543278886309838,1,1
0,0.5063032,0.3094575836957419,1,0
1,0.96611696,0.9951828314991517,1,1
0,0.44027227,0.15664125021926714,0,0
0,0.39856672,0.0962382229609339,0,0
0,0.51534545,0.33580552654086565,1,0
0,0.4134686,0.11496850680396385,0,0
0,0.41392425,0.11558837883142646,0,0
0,0.35996196,0.059822705659488315,0,0
0,0.36375353,0.06273139212002346,0,0
0,0.376693,0.07367853476756779,0,0
1,0.63900805,0.7246162331217305,1,1
1,0.96636015,0.9951983573933328,1,1
0,0.45655334,0.1875112532126309,0,0
0,0.45227453,0.17897055455555347,0,0
1,0.5341068,0.39369951715276724,1,0
1,0.7641618,0.9331981413437087,1,1
0,0.45874357,0.19200290240078965,0,0
0,0.41500118,0.11706502086950407,0,0
0,0.39386284,0.090917476054868,0,0
0,0.38795874,0.08461464457959926,0,0
0,0.49800676,0.2863206625105202,0,0
0,0.365249,0.06391454023281644,0,0
0,0.47694728,0.23250306092050904,0,0
0,0.38241136,0.07905667582495411,0,0
0,0.38984182,0.08658059061510412,0,0
0,0.38231787,0.07896592989131393,0,0
0,0.35886726,0.05900668829068874,0,0
0,0.34863076,0.05186618517908401,0,0
0,0.37406787,0.07132405593966504,0,0
0,0.36515418,0.06383890137519369,0,0
0,0.41889378,0.12253943135562056,0,0
0,0.38216057,0.07881346481824471,0,0
1,0.96799916,0.995301706355857,1,1
0,0.4414674,0.15875877351014323,0,0
0,0.35474694,0.05602796234464566,0,0
0,0.37792426,0.07480731863507532,0,0
1,0.96241707,0.9949403611620058,1,1
0,0.3818629,0.07852567895034689,0,0
0,0.35849175,0.05872918486670612,0,0
0,0.36223197,0.0615486108831456,0,0
0,0.35408112,0.055560093808956115,0,0
0,0.36567536,0.06425563872307218,0,0
0,0.40351674,0.10213616383948035,0,0
1,0.37358174,0.07089573476635547,0,0
0,0.41605887,0.11853116432924682,0,0
0,0.41202775,0.11302734793148735,0,0
0,0.3878052,0.08445614611540532,0,0
0,0.3687641,0.06677780856259169,0,0
1,0.952268,0.9942111195782856,1,1
0,0.37248042,0.06993417037206213,0,0
0,0.33698088,0.04473533274551731,0,0
0,0.51981324,0.3492249937527465,1,0
1,0.9682198,0.9953154498611209,1,1
0,0.37718245,0.07412535546632174,0,0
0,0.3730184,0.0704023776445502,0,0
1,0.4989423,0.2888773878103476,0,0
0,0.41233867,0.11344380391101262,0,0
1,0.96721274,0.9952523970480421,1,1
0,0.38123766,0.07792430702781727,0,0
0,0.418998,0.12268898470871768,0,0
0,0.4415252,0.15886174559216532,0,0
0,0.3683645,0.06644641223239922,0,0
0,0.39426857,0.09136577437004689,0,0
0,0.4052514,0.10427769319326145,0,0
0,0.36941433,0.06732035075652068,0,0
0,0.36968246,0.06754526548608168,0,0
1,0.9611675,0.9948557598086273,1,1
0,0.42272136,0.1281357300672892,0,0
0,0.41181868,0.11274807944903731,0,0
1,0.5505803,0.4471853958043313,1,0
0,0.37066746,0.06837749828398479,0,0
1,0.9666666,0.9952178498913418,1,1
0,0.4345546,0.14682773318172151,0,0
0,0.37356505,0.07088107252791967,0,0
0,0.4078829,0.10760210170663638,0,0
0,0.39619115,0.0935172017960537,0,0
0,0.35343707,0.05511101390850153,0,0
0,0.39758068,0.09510031131563415,0,0
0,0.35637766,0.05718957289011941,0,0
1,0.40399188,0.10271883601418025,0,0
1,0.9628112,0.9949667560045832,1,1
0,0.43448,0.14670313198223697,0,0
0,0.38853374,0.08521061495070859,0,0
0,0.37311214,0.07048424399293989,0,0
1,0.4364602,0.1500405512319125,0,0
0,0.47086877,0.21834935308730716,0,0
0,0.38675866,0.08338298329087224,0,0
0,0.39035,0.08711818212491194,0,0
1,0.5103129,0.3210019236964115,1,0
0,0.4689234,0.21395291884613232,0,0
0,0.49330923,0.2736899408821398,0,0
0,0.4544528,0.18327991248184541,0,0
0,0.36784527,0.0660180620082904,0,0
0,0.43863928,0.1537851885539612,0,0
0,0.425023,0.13160490782038017,0,0
0,0.43860295,0.15372213709387053,0,0
0,0.36577973,0.06433939497648601,0,0
0,0.3675578,0.06578201688785495,0,0
0,0.4467926,0.16847690170437768,0,0
0,0.36334625,0.06241273173955303,0,0
0,0.35344106,0.055113787889318644,0,0
0,0.39101204,0.087823042053387,0,0
0,0.4057854,0.10494488014856804,0,0
0,0.35762146,0.05809073549299709,0,0
0,0.476169,0.23065568077325377,0,0
0,0.41134816,0.11212175882399907,0,0
1,0.44996503,0.17448857749663543,0,0
0,0.36169687,0.061137626066295796,0,0
1,0.40263036,0.10105700302130656,0,0
1,0.96392626,0.9950406977204768,1,1
0,0.37386248,0.07114279483102515,0,0
0,0.3660904,0.06458930462117873,0,0
0,0.37666702,0.07365487970028411,0,0
0,0.40026498,0.09822658475942528,0,0
0,0.43844393,0.15344638720755505,0,0
0,0.39963305,0.09748246545938265,0,0
0,0.3811198,0.07781141403304215,0,0
1,0.6054578,0.6271369920296807,1,1
0,0.3596643,0.05959977767968578,0,0
0,0.37727085,0.07420631674923457,0,0
1,0.68498164,0.8293053928965178,1,1
0,0.3633274,0.062398031534228494,0,0
0,0.37707046,0.07402289209746427,0,0
0,0.37277758,0.07019242695622444,0,0
0,0.39206254,0.08895208899841058,0,0
1,0.44510254,0.16534228906251575,0,0
1,0.40231246,0.10067243309858917,0,0
0,0.3874075,0.08404687759743397,0,0
0,0.42705712,0.13473691475534927,0,0
0,0.39161795,0.08847266639637058,0,0
0,0.38046384,0.07718588397431668,0,0
0,0.3874522,0.08409276286684433,0,0
0,0.39181653,0.08868650750532497,0,0
0,0.5079425,0.3141496767806884,1,0
0,0.3970897,0.0945381961710169,0,0
0,0.36907414,0.06703598889101887,0,0
0,0.37573743,0.0728133076074615,0,0
0,0.37357947,0.07089374472684624,0,0
1,0.95815283,0.9946458117763575,1,1
0,0.4314113,0.1416528010332217,0,0
1,0.9664101,0.995201540120361,1,1
1,0.45041063,0.175346401818405,0,0
0,0.37136889,0.0689759225809315,0,0
1,0.79236776,0.9531634231066379,1,1
0,0.37542728,0.07253449962378114,0,0
1,0.9667077,0.9952204600784599,1,1
0,0.3643803,0.06322475462536127,0,0
0,0.38789243,0.08454616057903412,0,0
0,0.38672763,0.0833513597588943,0,0
0,0.35515222,0.05631456661393942,0,0
0,0.49956527,0.29058746891623355,0,0
0,0.44855854,0.17180268110616473,0,0
0,0.36377773,0.06275037383733148,0,0
0,0.3677512,0.0659407457259305,0,0
0,0.39503154,0.09221418255829568,0,0
0,0.37366697,0.07097066061161826,0,0
0,0.41609755,0.11858508668578524,0,0
1,0.56563467,0.4971896642504219,1,0
0,0.3488832,0.05203203433552952,0,0
0,0.48713207,0.2576196499601453,0,0
0,0.51237553,0.3270279463479358,1,0
0,0.47242507,0.2219131257981354,0,0
0,0.41249067,0.11364786807480398,0,0
0,0.43780905,0.15234954088517033,0,0
0,0.393754,0.09079755575713881,0,0
0,0.4409163,0.1577794609438951,0,0
0,0.44030055,0.15669109390368471,0,0
0,0.4079171,0.1076459313692135,0,0
0,0.37728733,0.0742214206821196,0,0
1,0.9576681,0.9946112697147134,1,1
0,0.36967313,0.06753742915430168,0,0
0,0.3889286,0.085622063845532,0,0
0,0.37099802,0.06865892080044343,0,0
0,0.3797455,0.07650615905155043,0,0
0,0.41046435,0.11095350109242,0,0
0,0.37958223,0.07635241429989953,0,0
0,0.36896184,0.06694236830900092,0,0
0,0.41022158,0.1106344708221915,0,0
0,0.35064024,0.053200256080799015,0,0
0,0.3800858,0.07682746923353984,0,0
1,0.40994453,0.11027138348231164,0,0
0,0.38863084,0.0853116258836824,0,0
0,0.46044752,0.19555369278881024,0,0
0,0.42629966,0.13356334835241862,0,0
0,0.43711317,0.1511546955523583,0,0
1,0.9688203,0.9953526468617161,1,1
0,0.36065105,0.06034177815440662,0,0
0,0.41507202,0.11716272465033936,0,0
0,0.3691577,0.06710573655998607,0,0
0,0.37095225,0.0686198860200787,0,0
0,0.35013872,0.05286430520167747,0,0
1,0.9638333,0.9950345734850982,1,1
0,0.5049701,0.30567055537577187,1,0
1,0.9825188,0.996125752354592,1,1
0,0.376515,0.07351664299027576,0,0
0,0.3636594,0.06265762006157372,0,0
0,0.4201375,0.12433441255323642,0,0
0,0.54732937,0.4364915000086074,1,0
0,0.40477183,0.10368169558041139,0,0
1,0.44882157,0.17230248172837448,0,0
0,0.36071354,0.0603890622191848,0,0
0,0.44630045,0.16755922349363636,0,0
0,0.49805045,0.2864397628588262,0,0
0,0.3709975,0.0686584632425293,0,0
0,0.51039773,0.3212485663376244,1,0
1,0.5290915,0.37784942904906194,1,0
0,0.36762205,0.0658347077092019,0,0
1,0.446791,0.1684738944197865,0,0
0,0.37290356,0.07030217541554615,0,0
0,0.40923867,0.10935099954536319,0,0
1,0.9645595,0.995082205919075,1,1
0,0.50662106,0.31036438598050425,1,0
0,0.38297006,0.07960097157859286,0,0
0,0.45266342,0.17973405550049953,0,0
1,0.40384242,0.10253523512769336,0,0
0,0.39957526,0.09741467097058094,0,0
0,0.35974306,0.059658692514218674,0,0
1,0.9653608,0.9951342367442092,1,1
0,0.35939634,0.059399768006386494,0,0
0,0.44003204,0.15621838824349826,0,0
1,0.41046762,0.1109578146414156,0,0
0,0.3893204,0.08603212425032924,0,0
0,0.37708092,0.07403245673252888,0,0
0,0.35248688,0.054454717878458105,0,0
0,0.36775166,0.06594111299963891,0,0
0,0.3616101,0.061071236270126214,0,0
0,0.44745857,0.16972503700636912,0,0
1,0.40604717,0.10527329448257258,0,0
0,0.3980477,0.09563773390573645,0,0
1,0.8515803,0.9781817918715118,1,1
0,0.37466264,0.07185133664903437,0,0
0,0.36971962,0.06757649400615263,0,0
0,0.4073703,0.10694729734136937,0,0
1,0.9690795,0.9953686140181212,1,1
0,0.43718055,0.15127005577743347,0,0
0,0.35988376,0.05976406357314577,0,0
0,0.35908213,0.0591660343037145,0,0
1,0.5260718,0.36842823816111475,1,0
1,0.7806428,0.9456652333190805,1,1
0,0.4541965,0.18276871899046668,0,0
1,0.91486114,0.9905011978304027,1,1
0,0.4144019,0.11624128912514987,0,0
0,0.40276402,0.10121908662779573,0,0
0,0.4414578,0.1587416786969468,0,0
0,0.35795212,0.05833253700960422,0,0
0,0.3497613,0.052612805550227834,0,0
0,0.38870478,0.08538861953973764,0,0
0,0.5009715,0.29446937812404095,1,0
1,0.58481175,0.5608368651812579,1,1
0,0.3839955,0.08060887946831445,0,0
0,0.42405677,0.1301389485661637,0,0
0,0.44148988,0.15879880882272962,0,0
0,0.35800937,0.05837449855290994,0,0
1,0.7273132,0.895235127496966,1,1
0,0.35935038,0.059365528611129204,0,0
0,0.39204085,0.0889286388141227,0,0
1,0.44357997,0.1625585256184475,0,0
0,0.36614278,0.06463154065603989,0,0
1,0.9112462,0.9900366229478151,1,1
0,0.43541807,0.14827641439580755,0,0
0,0.53231937,0.3880230301434506,1,0
1,0.49578753,0.2803102087433518,0,0
1,0.51087636,0.3226422400229523,1,0
1,0.7342991,0.9036584624446639,1,1
0,0.36557612,0.06417609033777828,0,0
0,0.3765655,0.0735625237501165,0,0
1,0.9642499,0.9950619562185907,1,1
0,0.39530197,0.09251658680898095,0,0
1,0.9672441,0.9952543726643043,1,1
0,0.39667425,0.0940648993705384,0,0
0,0.4656296,0.20665686964463467,0,0
0,0.38123527,0.07792202199282565,0,0
1,0.7285506,0.8967730894788081,1,1
0,0.38584238,0.08245359357738291,0,0
1,0.9636488,0.9950224008756993,1,1
0,0.37627,0.07329435713139745,0,0
0,0.3881355,0.08479744278899828,0,0
0,0.3855016,0.08211033714173786,0,0
1,0.673881,0.8073126834705776,1,1
0,0.39657125,0.09394788872246729,0,0
0,0.37577003,0.07284267363023869,0,0
0,0.36246717,0.06173007206656813,0,0
0,0.45079467,0.176088356920831,0,0
0,0.36646733,0.06489374683066783,0,0
0,0.4058588,0.10503688539834082,0,0
0,0.41547257,0.11771649124992713,0,0
0,0.370822,0.06850894245433767,0,0
0,0.40230656,0.10066530704333061,0,0
0,0.35882753,0.05897727215532278,0,0
0,0.3691914,0.06713388850324288,0,0
0,0.39741474,0.09491000134083916,0,0
0,0.39665025,0.09403763262401238,0,0
0,0.45127586,0.1770214989727658,0,0
0,0.3545656,0.05590016337798412,0,0
0,0.36174095,0.06117138276105612,0,0
0,0.36619723,0.06467546166212078,0,0
0,0.3773868,0.07431265059812588,0,0
0,0.3861737,0.08278855580285295,0,0
0,0.3714934,0.06908265760556091,0,0
1,0.9688658,0.9953554558149652,1,1
0,0.51605487,0.3379193770565259,1,0
0,0.34260392,0.04805231483968929,0,0
0,0.36631942,0.06477412664669896,0,0
0,0.4328415,0.14398826948697863,0,0
0,0.36675346,0.06512573762044141,0,0
1,0.51147646,0.32439408789669943,1,0
0,0.4282147,0.13654722577718628,0,0
0,0.3558154,0.056786532741083286,0,0
0,0.39273018,0.08967643011234122,0,0
0,0.3605216,0.0602439604673573,0,0
0,0.37710416,0.07405371554817272,0,0
0,0.42454103,0.13087192547588822,0,0
0,0.40962353,0.1098519908445588,0,0
0,0.35837963,0.05864656776691067,0,0
1,0.55440986,0.45984474081356974,1,0
1,0.6814914,0.8226136005208402,1,1
0,0.3649528,0.06367855825982685,0,0
0,0.35650706,0.057282712021737035,0,0
0,0.37896886,0.07577742521009442,0,0
1,0.96075857,0.994827767366999,1,1
1,0.95271266,0.9942451555980217,1,1
1,0.39470342,0.09184845096339303,0,0
0,0.35286212,0.05471301283689239,0,0
0,0.45222956,0.17888242631662205,0,0
0,0.3994479,0.09726538490691208,0,0
0,0.355432,0.056513226172140024,0,0
0,0.36859104,0.06663409296022135,0,0
0,0.36698148,0.06531116237314853,0,0
1,0.73875654,0.9087119937453422,1,1
0,0.39957407,0.09741327286804248,0,0
0,0.5375787,0.40480674608544714,1,0
0,0.3937418,0.09078410152803272,0,0
0,0.39192665,0.08880529517373177,0,0
0,0.5041355,0.3033129808021989,1,0
0,0.40418786,0.10296002676248149,0,0
0,0.39226818,0.08917462757109784,0,0
1,0.40868452,0.10863317693421067,0,0
0,0.4052479,0.10427331184348326,0,0
0,0.404344,0.10315253846067016,0,0
0,0.39082935,0.08762802121659038,0,0
0,0.34868702,0.05190310598581986,0,0
0,0.36976168,0.06761184571393711,0,0
1,0.9709328,0.9954811908044393,1,1
0,0.38760436,0.08424923130069287,0,0
1,0.96780014,0.995289276054442,1,1
0,0.39465788,0.09179779681448681,0,0
0,0.45092916,0.17634879118450386,0,0
1,0.8020529,0.958604682373889,1,1
0,0.351361,0.05368661104620441,0,0
0,0.39009422,0.08684721297642707,0,0
0,0.36644828,0.06487833387802854,0,0
0,0.37545592,0.0725602039289101,0,0
0,0.37321192,0.07057149123335822,0,0
0,0.35438207,0.055771110481655985,0,0
1,0.9628764,0.9949711099811552,1,1
1,0.9512152,0.9941297327217223,1,1
0,0.35556418,0.05660730422176502,0,0
0,0.35947895,0.059461365507942385,0,0
0,0.4586944,0.1919011644537533,0,0
0,0.3599813,0.0598372180515471,0,0
0,0.37926325,0.07605289762796628,0,0
0,0.38593864,0.08255078818452788,0,0
0,0.36109567,0.060678933101021924,0,0
0,0.40754294,0.10716744430350518,0,0
0,0.38569093,0.08230088088911959,0,0
0,0.39278895,0.08974044631098035,0,0
0,0.3821672,0.07881987228400648,0,0
0,0.36267042,0.06188728714865107,0,0
0,0.37126958,0.06889090971485715,0,0
0,0.36377558,0.06274869051288885,0,0
1,0.41383338,0.11546452973151661,0,0
0,0.383989,0.08060245713156927,0,0
0,0.36516607,0.06384838137024983,0,0
0,0.3573556,0.0578969960157246,0,0
1,0.7142494,0.8777303831504809,1,1
1,0.967501,0.9952705299100322,1,1
0,0.4021275,0.10044929097861338,0,0
0,0.36047313,0.060207353660628946,0,0
0,0.37105873,0.06871071935388853,0,0
0,0.36267442,0.06189037986845918,0,0
0,0.4380604,0.1527830186447555,0,0
0,0.40365648,0.10230722897520866,0,0
0,0.43660313,0.15028385281778617,0,0
0,0.5132996,0.32974637673793594,1,0
0,0.371524,0.06910891769380474,0,0
0,0.45400202,0.182381545530468,0,0
0,0.44238964,0.1604086041368892,0,0
0,0.5732294,0.5225006233968866,1,1
0,0.41940573,0.12327557815534454,0,0
0,0.3595179,0.05949042952826242,0,0
0,0.4388238,0.15410573805045824,0,0
0,0.3483356,0.05167291377061884,0,0
1,0.67149264,0.802308316165702,1,1
1,0.3685085,0.06656564033213205,0,0
0,0.39891082,0.09663817426499868,0,0
0,0.42079,0.1252851124945196,0,0
0,0.36502376,0.06373501634224311,0,0
0,0.37233573,0.06980874047581002,0,0
0,0.36934718,0.06726413721563804,0,0
0,0.4394986,0.15528277302232862,0,0
0,0.4063763,0.10568753899375198,0,0
0,0.39234623,0.08925922688787183,0,0
1,0.5552113,0.4625012079283962,1,0
1,0.54024017,0.4133883848113555,1,0
0,0.4081397,0.10793147493073332,0,0
0,0.34938952,0.052366164521969384,0,0
0,0.42099085,0.12557903378378749,0,0
0,0.3495822,0.052493846235722987,0,0
0,0.44139445,0.15862884793712476,0,0
0,0.3550564,0.05624668504185594,0,0
1,0.9683838,0.9953256369004742,1,1
0,0.4272964,0.13510945367298266,0,0
0,0.3861232,0.08273743468575002,0,0
0,0.38382068,0.08043622822825718,0,0
0,0.36783946,0.06601328242069873,0,0
0,0.37174726,0.06930074005556695,0,0
1,0.9674035,0.9952644033611616,1,1
0,0.37039718,0.06814819725092686,0,0
0,0.44182584,0.15939835085526816,0,0
0,0.36090675,0.060535463076980246,0,0
0,0.36835605,0.06643940934656749,0,0
1,0.39192522,0.08880375113903878,0,0
0,0.35052252,0.053121218534505694,0,0
0,0.44939533,0.17339668156084456,0,0
0,0.38931128,0.0860225597935356,0,0
0,0.48331404,0.2480003468298443,0,0
0,0.4086581,0.10859903785461571,0,0
1,0.36159796,0.06106193659503057,0,0
0,0.37128082,0.06890052364741726,0,0
1,0.9654609,0.9951406961934521,1,1
1,0.95870376,0.9946848056574992,1,1
1,0.9672588,0.9952553000953108,1,1
0,0.4120777,0.11309415907825918,0,0
0,0.363,0.06214301503269046,0,0
0,0.43096393,0.1409288020033869,0,0
0,0.35271215,0.05460964693404294,0,0
0,0.36768135,0.0658833764440624,0,0
1,0.44988212,0.1743293346137979,0,0
0,0.36006016,0.05989641980155907,0,0
0,0.52569574,0.36726183718112637,1,0
1,0.96352625,0.9950142982360288,1,1
0,0.35769376,0.058143526629135654,0,0
0,0.363764,0.06273959661372819,0,0
1,0.42712444,0.13484164271167248,0,0
1,0.96575224,0.9951594527658778,1,1
0,0.45822197,0.1909258345979467,0,0
0,0.515708,0.3368850802339408,1,0
1,0.4994834,0.2903624058530674,0,0
0,0.35913455,0.05920497057324841,0,0
0,0.48212385,0.24505144322977992,0,0
0,0.35183626,0.05400959295901617,0,0
0,0.41748995,0.12054017641998599,0,0
0,0.5099604,0.31997794598787466,1,0
0,0.36907923,0.06704024047712465,0,0
1,0.81553125,0.9651791308513807,1,1
0,0.44961637,0.17381969433700545,0,0
0,0.43944225,0.15518419439035194,0,0
1,0.45981786,0.19423580325888298,0,0
0,0.3623624,0.06164918983337851,0,0
1,0.948432,0.9939090587103545,1,1
0,0.3630301,0.062166419342428905,0,0
0,0.39934245,0.09714196096582814,0,0
1,0.48008424,0.2400532554354326,0,0
0,0.3654528,0.06407736793578298,0,0
1,0.9615179,0.9948796217687165,1,1
1,0.97241706,0.9955693843553026,1,1
0,0.3885241,0.08520057559599073,0,0
1,0.9712082,0.9954976876858078,1,1
0,0.42873493,0.13736744576449322,0,0
0,0.4846417,0.25131782571728545,0,0
1,0.9692774,0.9953807664843062,1,1
1,0.61671394,0.6615251845803765,1,1
0,0.39768445,0.09521949689809339,0,0
0,0.38214839,0.07880166131987905,0,0
1,0.5514308,0.4499915753829095,1,0
1,0.4482256,0.1711716793259546,0,0
0,0.4346193,0.14693587811789163,0,0
1,0.97120833,0.995497694812774,1,1
1,0.9583186,0.994657573943631,1,1
0,0.37087303,0.06855238611629752,0,0
0,0.3566716,0.057401347334950406,0,0
1,0.40533382,0.10438040444365473,0,0
1,0.38977066,0.08650554525682454,0,0
1,0.4255511,0.13241204810030113,0,0
1,0.9682133,0.9953150457759176,1,1
0,0.37041116,0.06816003797352355,0,0
1,0.9638746,0.9950372949872733,1,1
0,0.3688877,0.06688061743879538,0,0
0,0.49116683,0.26804614376251223,0,0
0,0.38213637,0.07879003255912505,0,0
0,0.36765957,0.06586549474777012,0,0
1,0.4635011,0.20204077180989946,0,0
1,0.35804668,0.058401861970486385,0,0
0,0.3643115,0.06317041188236416,0,0
0,0.36465374,0.06344112098330686,0,0
0,0.36244404,0.06171220732401874,0,0
0,0.40440318,0.10322559901940952,0,0
0,0.36241168,0.061687214002710766,0,0
0,0.38643086,0.08304940588378637,0,0
1,0.966892,0.9952321393413309,1,1
1,0.9581351,0.9946445541013228,1,1
0,0.37703153,0.07398731400943842,0,0
0,0.3957615,0.09303249022092602,0,0
1,0.970511,0.9954558129329943,1,1
0,0.41148826,0.11230793218191462,0,0
0,0.4334405,0.1449758789742669,0,0
0,0.39040142,0.08717273336125346,0,0
1,0.53678274,0.4022512601536236,1,0
1,0.9651688,0.9951218171241714,1,1
0,0.37283346,0.07024108928847993,0,0
0,0.4319316,0.1424987738937509,0,0
1,0.96305126,0.9949827684236826,1,1
0,0.39135283,0.08818788558319271,0,0
0,0.36453736,0.06334894838267995,0,0
0,0.45631728,0.18703199849514504,0,0
1,0.9628452,0.9949690289774373,1,1
0,0.4913395,0.26849828365528466,0,0
0,0.40159854,0.0998135339299266,0,0
1,0.97021425,0.9954378709046044,1,1
0,0.49622113,0.28147846343434924,0,0
0,0.3688303,0.06683285143302983,0,0
0,0.4415741,0.15894893447530414,0,0
0,0.39992356,0.0978239289270545,0,0
0,0.36852068,0.06657574348643704,0,0
0,0.40224648,0.10059277634108643,0,0
0,0.36112,0.060697424647096876,0,0
0,0.3686607,0.06669189606491849,0,0
0,0.38394538,0.08055933940353055,0,0
0,0.51718533,0.3413012194809318,1,0
0,0.4406205,0.15725587325692528,0,0
1,0.49817267,0.28677309256940253,0,0
1,0.96630204,0.9951946516956062,1,1
0,0.34624335,0.050322321901961904,0,0
0,0.3516157,0.053859469896670474,0,0
0,0.356008,0.05692428095593235,0,0
0,0.3703891,0.06814135625262643,0,0
0,0.37822744,0.07508769494711767,0,0
0,0.44162637,0.15904217012936042,0,0
0,0.36742473,0.06567302069209635,0,0
0,0.36414775,0.06304128465526122,0,0
0,0.43424907,0.14631793609808405,0,0
0,0.38546464,0.08207319305256809,0,0
1,0.4753583,0.22874236073716098,0,0
0,0.38752377,0.0841663369341358,0,0
1,0.44999215,0.174540691182974,0,0
0,0.50715566,0.3118927281424863,1,0
0,0.35772967,0.058169764841497586,0,0
1,0.96930236,0.9953822979267805,1,1
0,0.36372703,0.06271061655610047,0,0
0,0.4932457,0.27352149750026206,0,0
1,0.9598348,0.9947639775547504,1,1
0,0.41033286,0.11078060952354066,0,0
0,0.35192913,0.05407291635489244,0,0
0,0.42077956,0.12526986562925924,0,0
1,0.6101252,0.6415761794785165,1,1
1,0.49927458,0.28978878559081583,0,0
1,0.7359022,0.9055040714136783,1,1
0,0.3832168,0.07984243007320838,0,0
0,0.35903665,0.0591322750358681,0,0
0,0.36699137,0.06531921961952389,0,0
1,0.36614951,0.06463697218164559,0,0
0,0.431159,0.14124409434747154,0,0
0,0.38713634,0.08376883952381745,0,0
0,0.49318725,0.27336662143351936,0,0
0,0.44335085,0.16214290338076465,0,0
1,0.5930632,0.5877384022697307,1,1
0,0.42747086,0.13538162196182404,0,0
1,0.47754213,0.23392197313378965,0,0
1,0.7783958,0.9441044176012211,1,1
0,0.403583,0.10221723219321288,0,0
0,0.3680402,0.0661785729665104,0,0
0,0.3794468,0.0762251213855274,0,0
0,0.3849337,0.08154123293934475,0,0
0,0.36275965,0.06195642309399537,0,0
0,0.37726006,0.07419643107662202,0,0
0,0.3616635,0.061112074775460136,0,0
0,0.37691033,0.07387662144977222,0,0
1,0.35448366,0.05584251804496544,0,0
0,0.53049755,0.3822684364666188,1,0
0,0.3681003,0.0662281170650848,0,0
0,0.3932976,0.09029624076317698,0,0
0,0.36021698,0.06001431508480534,0,0
0,0.35610434,0.05699331547673806,0,0
0,0.35596645,0.056894539006284224,0,0
0,0.4292494,0.13818266708390942,0,0
0,0.40027404,0.09823728984929492,0,0
0,0.4399281,0.15603575646394907,0,0
0,0.39505962,0.09224553472146584,0,0
1,0.6400932,0.72749524079339,1,1
1,0.96723795,0.9952539858685179,1,1
0,0.35911348,0.05918931791981082,0,0
0,0.39007768,0.08682971765580821,0,0
0,0.3831221,0.07974966414478793,0,0
0,0.4433205,0.1620879334145794,0,0
0,0.36600956,0.06452419908178077,0,0
1,0.966495,0.9952069436632446,1,1
0,0.39184073,0.0887125995562983,0,0
0,0.4567289,0.18786829629513868,0,0
0,0.41873127,0.12230654032407282,0,0
0,0.39913306,0.0968972716644578,0,0
0,0.38771588,0.08436406908124156,0,0
1,0.96189,0.9949048448836203,1,1
0,0.44032732,0.15673827084004335,0,0
0,0.39255074,0.08948122761289085,0,0
1,0.96669745,0.9952198095558163,1,1
1,0.9627722,0.9949641513793054,1,1
0,0.37021962,0.06799794302023496,0,0
0,0.5045963,0.3046134125139,1,0
0,0.37871376,0.07553944959537544,0,0
0,0.35429087,0.055707086525827405,0,0
0,0.37934515,0.07612969562835462,0,0
0,0.40430018,0.10309848987957164,0,0
0,0.42110124,0.1257408109684832,0,0
0,0.3764097,0.0734210390100233,0,0
0,0.38525715,0.08186493094357075,0,0
0,0.5001,0.2920600774800623,1,0
0,0.4027921,0.1012531589070907,0,0
1,0.9726658,0.9955839949970112,1,1
1,0.9775857,0.9958633335899648,1,1
0,0.45057335,0.17566047886854608,0,0
0,0.4946189,0.2771762736625464,0,0
0,0.40021428,0.09816670473455219,0,0
0,0.38248095,0.07912428368788299,0,0
0,0.40734646,0.10691692685282507,0,0
0,0.35865006,0.0588460272802973,0,0
0,0.42384133,0.1298139788278719,0,0
1,0.9552627,0.994436544055082,1,1
0,0.41818333,0.12152410255566003,0,0
1,0.35488173,0.056123133737984186,0,0
0,0.35486633,0.05611224751179195,0,0
0,0.3894051,0.08612100095500431,0,0
0,0.44478175,0.16475261355102722,0,0
0,0.36084756,0.060490579444008034,0,0
0,0.41880146,0.12240707275579489,0,0
0,0.47218966,0.22137140819933526,0,0
0,0.4910574,0.26775984595996627,0,0
0,0.36784318,0.066016346221898,0,0
0,0.4738052,0.22510806315252638,0,0
0,0.49195072,0.2701025947341605,0,0
1,0.45671943,0.18784900954207692,0,0
1,0.9671801,0.9952503379308393,1,1
0,0.4967317,0.28285791779000063,0,0
0,0.4121217,0.11315306595804946,0,0
0,0.36460468,0.06340225399555348,0,0
0,0.40383944,0.10253157705062016,0,0
0,0.3580502,0.05840444157105024,0,0
0,0.3756838,0.07276504112935524,0,0
1,0.3590956,0.059176037239008314,0,0
0,0.38819802,0.08486219059104365,0,0
0,0.366019,0.06453180597728292,0,0
1,0.96611464,0.9951826828490677,1,1
0,0.35223332,0.05428083367293121,0,0
0,0.41171235,0.11260626791058388,0,0
0,0.37785318,0.07474172544367548,0,0
0,0.37220594,0.06969640525171675,0,0
0,0.42425555,0.1304394026091797,0,0
0,0.34335765,0.04851430929225853,0,0
0,0.38336208,0.0799849230226102,0,0
1,0.38457152,0.08118014609655454,0,0
0,0.41844007,0.1218901855796448,0,0
0,0.47744024,0.23367849766919227,0,0
0,0.5009084,0.2942944836997569,1,0
0,0.3651268,0.06381707148855435,0,0
0,0.38272464,0.07936145828192949,0,0
0,0.36923578,0.06717096820821672,0,0
0,0.35527042,0.05639841094310573,0,0
0,0.36490119,0.06363751850223881,0,0
0,0.3646727,0.06345614479597865,0,0
0,0.5156473,0.33670411859546395,1,0
0,0.4382221,0.15306242991454835,0,0
0,0.37645668,0.07346367186506662,0,0
0,0.38291043,0.07954271223954773,0,0
0,0.38078064,0.07748741399125256,0,0
0,0.6237798,0.6822971151842273,1,1
1,0.9668384,0.9952287465234694,1,1
0,0.42315263,0.128779774285319,0,0
1,0.98605794,0.9963037383193771,1,1
1,0.95513695,0.9944272551691508,1,1
1,0.6207344,0.6734271250163548,1,1
0,0.41036576,0.1108238494660374,0,0
1,0.47625402,0.23085700150210192,0,0
1,0.9551873,0.9944309769757789,1,1
0,0.35106516,0.05348647589665064,0,0
0,0.4504119,0.17534881610729672,0,0
0,0.44926992,0.1731570491692479,0,0
0,0.37341645,0.07075064968477214,0,0
0,0.3740299,0.0712905173694016,0,0
0,0.4114293,0.11222952510255126,0,0
1,0.9688175,0.9953524740044192,1,1
1,0.9653584,0.9951340789021714,1,1
0,0.35995626,0.05981843530589026,0,0
0,0.36537597,0.06401593479953549,0,0
1,0.9569858,0.9945622664343655,1,1
1,0.7626717,0.9319483346937576,1,1
0,0.35198992,0.05411441117194487,0,0
0,0.3647654,0.06352968172056726,0,0
1,0.39108846,0.08790472985815555,0,0
0,0.41938853,0.12325078980574879,0,0
0,0.36411586,0.06301616476463036,0,0
0,0.5057157,0.30778556483756253,1,0
0,0.4723967,0.22184778694686744,0,0
1,0.6129469,0.6501845824399094,1,1
1,0.963514,0.9950134856726983,1,1
0,0.68943894,0.8375577577256625,1,1
0,0.3776556,0.07455966229196198,0,0
0,0.43840674,0.1533819524461966,0,0
0,0.5749286,0.5281524070840458,1,1
0,0.41797584,0.12122895409821666,0,0
0,0.44654012,0.1680056154574721,0,0
0,0.38880375,0.08549177978473514,0,0
1,0.36498156,0.06370143464351986,0,0
0,0.37551692,0.07261498396334115,0,0
1,0.43813038,0.15290387729750693,0,0
0,0.3612069,0.060763547813031026,0,0
0,0.3604122,0.06016139403791338,0,0
0,0.4050054,0.10397157646866324,0,0
0,0.37213138,0.06963194296764451,0,0
0,0.35625166,0.05709901585900988,0,0
0,0.5145242,0.33336668448242873,1,0
1,0.9640066,0.9950459836344375,1,1
0,0.4341562,0.14616327892544242,0,0
0,0.37692577,0.07389071151217348,0,0
0,0.44619516,0.1673634149219104,0,0
0,0.41435668,0.11617935238095291,0,0
0,0.36208922,0.06143871734398892,0,0
0,0.4844933,0.2509455151134622,0,0
1,0.9646605,0.9950887962686187,1,1
0,0.3672331,0.06551635138873892,0,0
1,0.98038083,0.9960141229452628,1,1
0,0.38669467,0.0833177736004135,0,0
0,0.40292323,0.10141244237681404,0,0
1,0.96638405,0.9951998806548191,1,1
0,0.43628323,0.14973976537891243,0,0
0,0.38622516,0.08284070236470324,0,0
1,0.9702698,0.9954412347605197,1,1
0,0.38883886,0.08552839914378393,0,0
0,0.42501268,0.13158918926197039,0,0
0,0.37041834,0.06816612318030199,0,0
0,0.40812105,0.10790751710159316,0,0
0,0.37138888,0.06899305426504296,0,0
0,0.44685635,0.16859605801909908,0,0
1,0.96717805,0.995250210146113,1,1
0,0.51130295,0.3238870609023785,1,0
1,0.9710735,0.9954896270332453,1,1
0,0.35666332,0.057395368154928475,0,0
0,0.40171224,0.09994988206564691,0,0
0,0.41352078,0.11503935182449014,0,0
0,0.3677053,0.06590302460256849,0,0
0,0.39308256,0.09006088493880336,0,0
1,0.95681757,0.9945501189017728,1,1
0,0.3676993,0.06589810593488794,0,0
1,0.9809229,0.9960427243195231,1,1
1,0.96817267,0.9953125166752752,1,1
0,0.37917945,0.07597438463170407,0,0
0,0.43790838,0.15252072460894592,0,0
0,0.42849836,0.13699394380120108,0,0
0,0.3715524,0.06913329388976246,0,0
0,0.3502081,0.05291066127077242,0,0
0,0.38635287,0.08297021649653279,0,0
0,0.37230024,0.0697780025514031,0,0
0,0.36907324,0.06703524302452359,0,0
0,0.36087406,0.06051066700817246,0,0
0,0.44005018,0.15625030250666538,0,0
0,0.371475,0.06906688553923546,0,0
1,0.4968526,0.28318518293502065,0,0
0,0.37456635,0.07176572759337702,0,0
1,0.7714356,0.938998236767767,1,1
0,0.36811948,0.06624395091307544,0,0
1,0.4078824,0.10760145277904853,0,0
1,0.3794538,0.07623169975865099,0,0
0,0.36985177,0.06768764280406646,0,0
0,0.41569856,0.11802993248728533,0,0
0,0.3884886,0.08516368088971629,0,0
0,0.36864907,0.0666822466116231,0,0
0,0.46176136,0.19832532300694716,0,0
0,0.40481794,0.10373886051274196,0,0
0,0.38249353,0.07913650796260606,0,0
0,0.43122017,0.14134311489223458,0,0
0,0.5120274,0.326006727603594,1,0
1,0.66503006,0.7882786905205591,1,1
0,0.45281374,0.1800298622954184,0,0
0,0.376801,0.07377691929717979,0,0
1,0.5084882,0.3157200737853836,1,0
0,0.374882,0.07204672673619912,0,0
0,0.37320694,0.07056713693133557,0,0
1,0.9558906,0.99448268824164,1,1
0,0.35800877,0.05837406153521656,0,0
0,0.38024148,0.07697488821745563,0,0
0,0.4427565,0.16106875670674595,0,0
0,0.3691829,0.06712679347945247,0,0
0,0.45042148,0.1753673265250061,0,0
0,0.50430954,0.3038037857101776,1,0
1,0.40080136,0.09886216187166558,0,0
0,0.40979585,0.11007695165137692,0,0
1,0.38648975,0.08310924440103566,0,0
0,0.38461715,0.08122555439916379,0,0
0,0.434114,0.1460930430450499,0,0
0,0.48393178,0.249540261938186,0,0
0,0.366085,0.06458495754666979,0,0
1,0.51201904,0.3259822707311161,1,0
1,0.44213724,0.15995570625001343,0,0
0,0.41241404,0.11354495576055611,0,0
0,0.39854982,0.09621862033400388,0,0
0,0.43513653,0.14780276165378012,0,0
0,0.374043,0.07130207257917798,0,0
0,0.49084982,0.2672173333509646,0,0
0,0.36627087,0.06473490860187879,0,0
0,0.36610743,0.06460304412794476,0,0
0,0.40710485,0.106609587993707,0,0
1,0.6574551,0.7709245783382009,1,1
0,0.4191157,0.12285805709858513,0,0
1,0.38802657,0.08468475041193721,0,0
0,0.40781263,0.1075121244966277,0,0
0,0.3619038,0.06129624423860693,0,0
1,0.9549155,0.9944108630712302,1,1
0,0.45455563,0.1834852957193189,0,0
1,0.96315753,0.9949898401511874,1,1
0,0.4507949,0.17608881831371334,0,0
0,0.43028918,0.13984265281083247,0,0
0,0.63169473,0.7047301393238703,1,1
1,0.9643632,0.9950693772014507,1,1
0,0.4354914,0.14840000941488024,0,0
0,0.46671715,0.20904535264685853,0,0
0,0.38173562,0.07840291159234002,0,0
1,0.36332425,0.062395566309975135,0,0
1,0.46999088,0.21635736223527283,0,0
0,0.36460185,0.06340001143888911,0,0
0,0.37484965,0.07201786920820821,0,0
1,0.43163523,0.14201637545270776,0,0
0,0.365978,0.06449879282415202,0,0
0,0.3742372,0.07147381433174105,0,0
0,0.37888357,0.07569778257649809,0,0
0,0.36995143,0.06777158027250552,0,0
1,0.967612,0.9952774969306561,1,1
0,0.39701954,0.09445812276589532,0,0
0,0.3989341,0.09666528148915082,0,0
0,0.365794,0.06435085897268528,0,0
0,0.41366592,0.11523659054370033,0,0
1,0.4938684,0.27517513781914704,0,0
0,0.36699814,0.06532472917255402,0,0
1,0.57067394,0.5139905402206939,1,1
1,0.44164088,0.15906806497427986,0,0
0,0.35426906,0.05569178124563105,0,0
0,0.36213955,0.061477445916122406,0,0
0,0.48807293,0.26002715151089345,0,0
1,0.36507568,0.06377635205362947,0,0
0,0.5378365,0.4056355137128628,1,0
0,0.4036629,0.10231507873643261,0,0
0,0.3716974,0.0692578567792989,0,0
0,0.40923077,0.10934074003774231,0,0
0,0.36893424,0.06691937928825817,0,0
0,0.39442778,0.09154222473473447,0,0
0,0.378278,0.07513453191486867,0,0
1,0.96574277,0.9951588437752416,1,1
0,0.3659083,0.06444271134271612,0,0
0,0.3697527,0.06760430291136932,0,0
0,0.36654314,0.06495514298946267,0,0
0,0.4308697,0.14077668984507158,0,0
0,0.36472216,0.06349537351951513,0,0
1,0.6731616,0.8058156049610343,1,1
1,0.5050416,0.3058730810562782,1,0
0,0.4037601,0.10243424152694466,0,0
1,0.5084614,0.3156429562868814,1,0
0,0.41583553,0.11822025855234031,0,0
0,0.40247524,0.1008691881515925,0,0
0,0.3946948,0.09183886850774835,0,0
1,0.40972605,0.10998578263843574,0,0
0,0.38544446,0.08205292003580925,0,0
1,0.7019081,0.8589374145198007,1,1
0,0.37870157,0.0755280962274922,0,0
0,0.35799643,0.058365015958193336,0,0
1,0.9659452,0.9951718343347307,1,1
0,0.5093907,0.31832669368259364,1,0
1,0.57706565,0.5352501460138364,1,1
0,0.35760927,0.0580818398525061,0,0
0,0.37804836,0.07492196541184268,0,0
0,0.39235494,0.08926866359841225,0,0
0,0.39404678,0.09112046934214807,0,0
1,0.96536726,0.995134652498849,1,1
0,0.3691763,0.06712126731149089,0,0
1,0.45655778,0.18752027740143112,0,0
0,0.40349537,0.10211002844244531,0,0
0,0.3625189,0.06177005501659573,0,0
0,0.34357533,0.04864851514128755,0,0
0,0.35542932,0.05651131855721968,0,0
0,0.39762986,0.0951567726109983,0,0
1,0.7724813,0.9397923395521166,1,1
0,0.38250023,0.07914302635018185,0,0
0,0.36036882,0.060128675705455145,0,0
0,0.3649297,0.06366019157856675,0,0
1,0.692543,0.8431126813478798,1,1
0,0.36371854,0.06270395758258838,0,0
0,0.35500315,0.05620898756807743,0,0
0,0.3551578,0.05631851730530671,0,0
1,0.9590748,0.9947109080481367,1,1
1,0.575498,0.5300447725599767,1,1
0,0.50797045,0.3142300234856694,1,0
0,0.413282,0.1147154987895857,0,0
0,0.36702892,0.06534980673893283,0,0
0,0.43173245,0.14217445371227566,0,0
0,0.39250216,0.08942844849919841,0,0
0,0.37452003,0.07172458610570712,0,0
1,0.49886164,0.28865645697133435,0,0
1,0.51444215,0.33312342876503936,1,0
0,0.36648023,0.06490419291215485,0,0
0,0.37248433,0.06993755766934148,0,0
0,0.3921481,0.08904462345478321,0,0
0,0.3724535,0.06991082541952069,0,0
0,0.61322117,0.6510161317432578,1,1
1,0.9647275,0.9950931616594878,1,1
0,0.4517478,0.17794049081888835,0,0
0,0.38662398,0.08324578401188283,0,0
0,0.37589753,0.07295761192905825,0,0
0,0.36741444,0.06566460580520625,0,0
0,0.47283077,0.22284893453136892,0,0
1,0.96108097,0.9948498483416527,1,1
1,0.9638911,0.9950383823874837,1,1
0,0.36679378,0.06515849237982113,0,0
0,0.4828914,0.24695049433362137,0,0
0,0.4030674,0.10158783834184552,0,0
1,0.75334024,0.9236171163597442,1,1
0,0.38885644,0.08554674525285763,0,0
0,0.45231137,0.17904276440896358,0,0
0,0.3778932,0.0747786546426012,0,0
0,0.39983222,0.09771645001944676,0,0
1,0.96612173,0.9951831364081158,1,1
0,0.36360425,0.06261441765046677,0,0
1,0.5744893,0.5266919188223559,1,1
1,0.9620216,0.9949137360744781,1,1
1,0.4739452,0.22543400286070223,0,0
0,0.40133187,0.09949438100723795,0,0
0,0.36507022,0.06377200849424144,0,0
0,0.39279813,0.08975044850277102,0,0
1,0.38031328,0.07704295645372575,0,0
0,0.44146898,0.1587615873958279,0,0
0,0.48449135,0.250940658063355,0,0
1,0.45700976,0.18844055451873815,0,0
0,0.40310183,0.10162975126447178,0,0
0,0.35274157,0.05462990708880751,0,0
0,0.4829645,0.24713180784534963,0,0
0,0.39355215,0.09057552838730436,0,0
0,0.37096822,0.06863350519623182,0,0
0,0.46665385,0.208905777182432,0,0
0,0.40301576,0.10152497957221178,0,0
0,0.4087115,0.1086680185147851,0,0
0,0.4023729,0.10074544697554892,0,0
0,0.36590993,0.06444402953932919,0,0
0,0.3670588,0.06537416457940032,0,0
0,0.35941413,0.05941302908192819,0,0
0,0.38913825,0.08584126760611505,0,0
0,0.36017504,0.05998276994251847,0,0
0,0.36848053,0.0665424751499192,0,0
0,0.40680927,0.10623465194998587,0,0
1,0.98223233,0.9961109780163853,1,1
0,0.42199725,0.12706055172146008,0,0
1,0.9658721,0.9951671485804026,1,1
0,0.5409456,0.41567202268320647,1,0
0,0.37185097,0.06939002010737184,0,0
0,0.39223114,0.08913450132189676,0,0
1,0.95557696,0.9944596858234487,1,1
0,0.38782382,0.08447535952504916,0,0
1,0.6068411,0.6314414522085141,1,1
0,0.35046095,0.05307992305477148,0,0
0,0.39922976,0.09701021442771002,0,0
0,0.44046137,0.15697474984870888,0,0
0,0.415197,0.11733528655091105,0,0
0,0.44969237,0.17396531625974526,0,0
1,0.6563748,0.7683699081584383,1,1
1,0.9547248,0.9943967049327572,1,1
1,0.72042316,0.886296994220458,1,1
0,0.36017513,0.05998283718643323,0,0
1,0.4300187,0.13940922499825903,0,0
0,0.35015732,0.05287672677673964,0,0
0,0.4119727,0.11295376002639554,0,0
0,0.36219692,0.06152161375821938,0,0
0,0.53763735,0.4049952551911263,1,0
0,0.42406762,0.13015532996486923,0,0
0,0.35151702,0.05379243652510875,0,0
1,0.3772687,0.07420435044158973,0,0
0,0.4472885,0.1694056307824433,0,0
0,0.40509227,0.10407958136683775,0,0
0,0.35764545,0.05810824776184644,0,0
0,0.35499653,0.05620430604961445,0,0
0,0.3508138,0.05331699392903144,0,0
1,0.53819305,0.40678268571489107,1,0
0,0.4154573,0.11769535388649875,0,0
0,0.39153472,0.08838316692158504,0,0
1,0.958349,0.994659728184969,1,1
1,0.9589647,0.9947031766221565,1,1
1,0.39392295,0.09098376913621771,0,0
0,0.3843321,0.08094224288411492,0,0
0,0.3759559,0.07301030072158955,0,0
0,0.37168264,0.0692451733705105,0,0
0,0.40659332,0.10596146207347279,0,0
0,0.53260094,0.38891527452129215,1,0
1,0.96547127,0.995141365118118,1,1
0,0.38192248,0.0785831994123743,0,0
1,0.5118502,0.3254875721429677,1,0
0,0.43624875,0.14968121609550478,0,0
0,0.39473403,0.09188251076788803,0,0
1,0.4234299,0.1291953122284545,0,0
0,0.38232607,0.07897388117608822,0,0
1,0.8646782,0.9816149562812388,1,1
0,0.40750334,0.10711690410848101,0,0
1,0.96570224,0.995156238426559,1,1
0,0.41456905,0.11647054492820572,0,0
0,0.3640539,0.0629673837433421,0,0
1,0.96410954,0.9950527475304937,1,1
0,0.40808165,0.10785693781269465,0,0
0,0.41190583,0.11286441116367643,0,0
0,0.3930113,0.08998302248694022,0,0
0,0.5435086,0.42399898398511326,1,0
1,0.72322047,0.890003335094388,1,1
1,0.96059775,0.9948167182360635,1,1
1,0.46497756,0.2052345467785918,0,0
0,0.40454945,0.10340634994870358,0,0
1,0.36532632,0.06397626360107068,0,0
0,0.3556724,0.056684436892846246,0,0
0,0.46021235,0.19506068998972897,0,0
0,0.4496447,0.1738739914907018,0,0
0,0.4965629,0.2824014044197708,0,0
0,0.37938002,0.07616241506053646,0,0
0,0.40594673,0.10514717620553532,0,0
0,0.4875636,0.2587220731465851,0,0
0,0.3711024,0.06874799498320744,0,0
0,0.42539278,0.13216964893751876,0,0
1,0.9280614,0.9920225121342593,1,1
1,0.96662796,0.9952153972934764,1,1
0,0.44140792,0.15865283096631472,0,0
0,0.4974292,0.2847489892506851,0,0
0,0.36989468,0.06772377629950667,0,0
0,0.50975543,0.31938329738169696,1,0
0,0.4316825,0.14209321553109397,0,0
1,0.4100392,0.11039531556326762,0,0
0,0.36278394,0.06197525515144599,0,0
0,0.35768163,0.05813466693694409,0,0
0,0.3699858,0.06780054400138241,0,0
0,0.40939617,0.10955578539020178,0,0
0,0.43646705,0.150052211747786,0,0
0,0.391561,0.08841142107722325,0,0
0,0.5365628,0.40154605288109785,1,0
0,0.5996466,0.6088402038133294,1,1
0,0.3981259,0.09572799236167341,0,0
0,0.5437184,0.42468261538010543,1,0
1,0.9574922,0.9945986758334429,1,1
1,0.37141982,0.06901956379701162,0,0
0,0.37674677,0.07372749474361631,0,0
0,0.37335464,0.07069646370522274,0,0
0,0.3801917,0.07692773337854167,0,0
1,0.53341603,0.39150231659476464,1,0
1,0.5030053,0.3001368738913161,1,0
0,0.43500257,0.14757783123371157,0,0
0,0.3611445,0.06071608016059461,0,0
0,0.43478033,0.14720530626730163,0,0
1,0.9689085,0.9953580867555065,1,1
0,0.44115663,0.15820591507086118,0,0
0,0.36837503,0.0664551174792636,0,0
1,0.3846147,0.08122312175441954,0,0
0,0.41822532,0.12158391127541657,0,0
0,0.54030025,0.4135827411700096,1,0
0,0.46577471,0.20697438620588968,0,0
0,0.35238802,0.05438686358139423,0,0
1,0.79938227,0.957167760642279,1,1
0,0.39702696,0.09446658984866745,0,0
0,0.516584,0.3395002051407103,1,0
0,0.3610996,0.0606819240232256,0,0
0,0.50403875,0.30304037434687103,1,0
0,0.39756477,0.09508204480976166,0,0
0,0.3730032,0.07038911030462436,0,0
0,0.5075486,0.31301864194281487,1,0
1,0.9699176,0.9954198656104007,1,1
0,0.36828333,0.0663792719476549,0,0
1,0.6739431,0.8074415236184243,1,1
1,0.9657146,0.9951570316730373,1,1
0,0.41127473,0.11202428495878058,0,0
0,0.43509468,0.14773247488458233,0,0
0,0.3908846,0.08768696334876239,0,0
1,0.96186185,0.9949029422253831,1,1
1,0.8073852,0.9613368433981986,1,1
1,0.9685315,0.9953347941354872,1,1
1,0.490875,0.26728311422721723,0,0
1,0.634315,0.7119506549883481,1,1
0,0.39748502,0.09499055432454533,0,0
0,0.36916083,0.06710834967419596,0,0
0,0.40847266,0.10835982869859194,0,0
0,0.3647203,0.06349390794399676,0,0
0,0.41399243,0.11568139225971745,0,0
0,0.37483957,0.07200888994334478,0,0
1,0.9679262,0.9952971534901367,1,1
0,0.38863066,0.08531143976011248,0,0
0,0.36881125,0.06681701083116477,0,0
0,0.35453513,0.055878725948279126,0,0
1,0.6314168,0.7039581064185423,1,1
0,0.36309686,0.06221835530097539,0,0
1,0.7933952,0.9537714781188437,1,1
1,0.40526548,0.10429522021904275,0,0
0,0.40578192,0.10494051138950612,0,0
0,0.3510083,0.05344809003683058,0,0
0,0.41405857,0.11577166278640849,0,0
0,0.43111345,0.1411704332947941,0,0
0,0.37752795,0.07444226582431794,0,0
1,0.9642557,0.995062335148933,1,1
0,0.36801422,0.06615715384851902,0,0
0,0.40261877,0.10104295579588463,0,0
0,0.51264536,0.3278205600106735,1,0
1,0.38298213,0.0796127679411844,0,0
0,0.35501626,0.05621826733704352,0,0
0,0.42030635,0.12457985113045365,0,0
0,0.36095476,0.06057189458985101,0,0
0,0.4278607,0.13599146425414374,0,0
0,0.40770775,0.10737796860366289,0,0
0,0.35967237,0.05960581600398276,0,0
1,0.967104,0.9952455398991737,1,1
0,0.4022976,0.10065447485783509,0,0
1,0.38764182,0.0842877913797744,0,0
0,0.41016397,0.11055888473872447,0,0
1,0.4358552,0.14901432065740433,0,0
0,0.37293968,0.07033367264010885,0,0
0,0.40977278,0.1100468141751948,0,0
0,0.48241144,0.24576183109937697,0,0
0,0.34276026,0.048147799634548565,0,0
0,0.4151839,0.11731717243318042,0,0
0,0.3831278,0.07975526583621198,0,0
0,0.3756837,0.07276493384375192,0,0
1,0.68521535,0.8297462362933171,1,1
0,0.4071128,0.10661969764375293,0,0
0,0.40101686,0.09911854511272888,0,0
0,0.384652,0.08126024164322825,0,0
0,0.3949945,0.09217282699810908,0,0
0,0.3615111,0.06099555534518365,0,0
0,0.38282275,0.07945712631955393,0,0
0,0.366973,0.06530427076348558,0,0
1,0.4468959,0.16867001437681256,0,0
0,0.3944831,0.09160360153413401,0,0
0,0.3660252,0.06453679770620964,0,0
0,0.38815668,0.08481938041976964,0,0
0,0.36287943,0.06204934122952005,0,0
0,0.41282088,0.11409231049425764,0,0
1,0.51484424,0.3343159990586789,1,0
0,0.37007582,0.06787648693125026,0,0
0,0.5250862,0.36537456749429825,1,0
0,0.35724148,0.057814026850573304,0,0
0,0.3983264,0.09595976532558714,0,0
0,0.4287987,0.1374682843134451,0,0
0,0.38130096,0.07798499714636685,0,0
0,0.3508204,0.05332142847058047,0,0
0,0.4824734,0.24591505899713118,0,0
0,0.3575473,0.05803664191818179,0,0
0,0.3645005,0.06331977660743217,0,0
0,0.36061865,0.06031728164335781,0,0
0,0.41074592,0.11132453114823627,0,0
0,0.38900766,0.08570466909599048,0,0
0,0.36999452,0.06780790608391603,0,0
0,0.4238261,0.1297910336736899,0,0
0,0.39023837,0.08699982530447603,0,0
0,0.4098826,0.11019036291476643,0,0
0,0.3610102,0.06061398255587729,0,0
0,0.4258424,0.1328590889349616,0,0
0,0.40375477,0.10242769936407099,0,0
0,0.37433422,0.07155973588189272,0,0
0,0.3695466,0.06743120871479394,0,0
0,0.41084677,0.11145768712535445,0,0
0,0.40167862,0.09990955010391288,0,0
1,0.36296877,0.06211873886246731,0,0
0,0.6684065,0.7956976953157425,1,1
0,0.3711811,0.0688152402111007,0,0
0,0.3599021,0.05977782532338253,0,0
1,0.4271407,0.1348669657539904,0,0
0,0.4249047,0.13142469434228884,0,0
1,0.9652123,0.9951246337655857,1,1
0,0.36769465,0.06589428869663963,0,0
0,0.35947102,0.05945545204201496,0,0
0,0.40066403,0.09869908820129426,0,0
1,0.9651617,0.995121357819564,1,1
0,0.36673626,0.06511177369482389,0,0
0,0.4457707,0.166575937888325,0,0
0,0.3824458,0.07909014018110253,0,0
0,0.4283642,0.13678249379220878,0,0
0,0.39766142,0.09519302629932763,0,0
0,0.4147148,0.11667077431447172,0,0
1,0.967578,0.9952753626606295,1,1
0,0.3600028,0.05985334431235574,0,0
1,0.36576685,0.06432905747115959,0,0
0,0.43775564,0.1522575684743018,0,0
1,0.9690448,0.9953664804003164,1,1
1,0.48802686,0.25990891568537866,0,0
0,0.37036383,0.06811995384586292,0,0
0,0.3938472,0.09090022792237053,0,0
0,0.40328234,0.10184980033669004,0,0
0,0.37449172,0.07169944598045604,0,0
0,0.45595455,0.1862974392512774,0,0
0,0.43243465,0.14332064396887917,0,0
0,0.39586422,0.09314817574615297,0,0
0,0.36353874,0.06256315235009538,0,0
0,0.56855917,0.506941576876106,1,1
0,0.36475348,0.06352022218703245,0,0
0,0.35943347,0.05942744837243867,0,0
0,0.36161765,0.06107700364556449,0,0
0,0.3754211,0.0725289639992246,0,0
1,0.5394438,0.4108147697420941,1,0
0,0.42567044,0.13259505474536606,0,0
0,0.40003368,0.0979536398585075,0,0
0,0.42104214,0.12565417859379815,0,0
0,0.41462702,0.11655013423187843,0,0
0,0.36550868,0.06412208323853169,0,0
0,0.36899772,0.0669722699637388,0,0
0,0.39939177,0.09719967861256264,0,0
1,0.60546297,0.6271531663604906,1,1
0,0.49654505,0.28235315168577846,0,0
1,0.9664954,0.9952069702106416,1,1
0,0.34560478,0.04991680913341678,0,0
0,0.41769874,0.12083573670195588,0,0
0,0.40193856,0.10022178458102816,0,0
0,0.3766835,0.07366988032525419,0,0
0,0.51594764,0.33759944808887543,1,0
0,0.36488923,0.0636280203182419,0,0
0,0.3755795,0.07267122194720214,0,0
0,0.3848345,0.08144217725365238,0,0
0,0.36328194,0.06236255037328496,0,0
0,0.37940678,0.07618753667552745,0,0
0,0.38362885,0.08024715937901497,0,0
0,0.36995453,0.06777419231492823,0,0
0,0.36763608,0.06584622377204422,0,0
1,0.9623479,0.9949357163089169,1,1
0,0.39115348,0.08797430139704313,0,0
0,0.41568714,0.1180140839678478,0,0
0,0.38968503,0.08641533631909154,0,0
0,0.4058266,0.10499649593070771,0,0
1,0.9657688,0.9951605173587933,1,1
1,0.42060667,0.12501739119184208,0,0
0,0.40258595,0.10100320684769261,0,0
0,0.41392422,0.11558833819292154,0,0
0,0.37607113,0.07311438258773133,0,0
1,0.66880226,0.7965545559376191,1,1
0,0.3463546,0.05039328848472296,0,0
0,0.35657427,0.05733113964164263,0,0
0,0.3902966,0.087061544790515,0,0
0,0.39566424,0.09292309877495648,0,0
0,0.37040508,0.0681548874035906,0,0
0,0.37421727,0.07145616668043354,0,0
0,0.48059,0.24128608313070488,0,0
0,0.4506594,0.1758267273872618,0,0
0,0.35928988,0.05932048159617565,0,0
0,0.36153623,0.061014752040878924,0,0
1,0.35620302,0.05706409706355961,0,0
0,0.38124824,0.07793444761070313,0,0
0,0.35396847,0.055481297069074245,0,0
0,0.39352164,0.09054200296455533,0,0
0,0.41321665,0.11462699397634821,0,0
0,0.35080457,0.05331077411787301,0,0
0,0.4110217,0.1116889943282033,0,0
0,0.36121967,0.06077328149297176,0,0
0,0.35015514,0.05287527346938381,0,0
0,0.39402694,0.09109854539930032,0,0
1,0.48025647,0.24047260081989108,0,0
1,0.5529678,0.45507067969826587,1,0
0,0.40106845,0.0991800073847706,0,0
0,0.3703781,0.0681320424111764,0,0
1,0.51742256,0.3420129649754121,1,0
0,0.38841364,0.08508581901346385,0,0
0,0.37924245,0.07603340203796682,0,0
1,0.6656339,0.789619867944513,1,1
0,0.38655263,0.08317318407604665,0,0
1,0.6407254,0.7291637175135491,1,1
0,0.49266356,0.2719812620898034,0,0
0,0.52470475,0.36419550562562414,1,0
0,0.37329036,0.07064014991834382,0,0
1,0.5368521,0.40247379985001974,1,0
0,0.37507695,0.07222076189163124,0,0
0,0.36969295,0.06755407923736102,0,0
1,0.9636687,0.9950237159228505,1,1
0,0.36311314,0.06223102083015262,0,0
0,0.35523617,0.05637410811922697,0,0
0,0.3690267,0.06699641888180032,0,0
1,0.78249705,0.9469221821005858,1,1
1,0.78880405,0.950994985241114,1,1
0,0.37748984,0.07440724157389465,0,0
0,0.36204472,0.06140450201525839,0,0
1,0.3603232,0.0600942899840847,0,0
1,0.9670329,0.9952410496020052,1,1
0,0.4602134,0.1950628745898594,0,0
0,0.36554772,0.06415334157599359,0,0
1,0.518532,0.3453509475222437,1,0
1,0.4565388,0.18748169981888163,0,0
0,0.3691028,0.06705991042732756,0,0
0,0.47703952,0.2327226840406348,0,0
0,0.36320674,0.062303929185172684,0,0
0,0.37025067,0.06802419894118927,0,0
0,0.36400408,0.06292817800358298,0,0
0,0.3920839,0.0889751903069863,0,0
0,0.3898435,0.08658235117975949,0,0
0,0.36665317,0.06504434079430287,0,0
0,0.3684312,0.06650162093806278,0,0
1,0.953671,0.994317835977223,1,1
0,0.3723378,0.06981052164611913,0,0
0,0.36609864,0.0645959578537781,0,0
0,0.43651515,0.15013405914313777,0,0
0,0.45893574,0.19240087627449873,0,0
1,0.96923244,0.9953780093453364,1,1
0,0.4324675,0.14337443943565814,0,0
0,0.39639995,0.09375356618040007,0,0
0,0.36118132,0.060744084827384914,0,0
0,0.35334203,0.055045036089823716,0,0
0,0.3918673,0.08874127023928435,0,0
0,0.52112985,0.3532267600193314,1,0
0,0.463269,0.20154210087838337,0,0
0,0.36397177,0.06290277209694321,0,0
0,0.36170352,0.06114271470292916,0,0
1,0.96300495,0.9949796835832727,1,1
0,0.36183426,0.061242902196482166,0,0
0,0.36429837,0.06316006134313308,0,0
0,0.3832086,0.07983439892074076,0,0
0,0.5412813,0.41676003193263317,1,0
0,0.38870502,0.08538886790813109,0,0
0,0.49396172,0.2754234602821335,0,0
1,0.7983414,0.9565949181056915,1,1
0,0.35099193,0.053437049865295315,0,0
1,0.96364117,0.9950218968138893,1,1
1,0.96531683,0.9951313948078206,1,1
1,0.7884914,0.9508002787973725,1,1
0,0.36261252,0.061842458930002696,0,0
0,0.36932713,0.06724735395993878,0,0
0,0.44185796,0.15945577907919792,0,0
0,0.34832993,0.051669212684620706,0,0
0,0.37856585,0.07540178826324499,0,0
1,0.42808428,0.13634225433838568,0,0
0,0.3688555,0.06685382886097624,0,0
1,0.37715778,0.07410276851513029,0,0
1,0.98327637,0.9961645558382278,1,1
0,0.40798032,0.10772695064213869,0,0
0,0.39665216,0.09403980015582303,0,0
1,0.81418115,0.9645687852664422,1,1
0,0.44332236,0.16209128086082208,0,0
0,0.34952685,0.052457140997613776,0,0
1,0.9596236,0.994749280848489,1,1
0,0.41187966,0.11282946882009094,0,0
1,0.97054356,0.9954577761874766,1,1
0,0.38724178,0.08387685072714242,0,0
0,0.3770281,0.0739841819300978,0,0
0,0.3549396,0.05616404326708959,0,0
0,0.40595198,0.10515375949676113,0,0
0,0.374389,0.07160829528420296,0,0
1,0.4916753,0.26937889475264515,0,0
1,0.3748437,0.07201255590898548,0,0
0,0.35618034,0.05704782132293678,0,0
0,0.35639635,0.05720301371367252,0,0
0,0.37749022,0.07440759749081534,0,0
1,0.50028926,0.2925822803964061,1,0
0,0.36223865,0.061553754447601396,0,0
0,0.3490949,0.0521714863709769,0,0
0,0.36604947,0.06455633610178091,0,0
0,0.36275333,0.06195152532436222,0,0
0,0.41769922,0.12083641240461128,0,0
1,0.96423596,0.9950610419788678,1,1
0,0.3927216,0.0896670843365128,0,0
0,0.40548834,0.10457325221880236,0,0
0,0.46430174,0.20376802406494554,0,0
0,0.3976661,0.09519840207172252,0,0
0,0.36009145,0.05991992775524524,0,0
0,0.36791262,0.06607347966993625,0,0
1,0.958958,0.9947027074358573,1,1
0,0.3770359,0.07399129056419126,0,0
0,0.44192117,0.1595688199166857,0,0
0,0.37099475,0.06865612465730052,0,0
0,0.3945755,0.09170623229243227,0,0
0,0.49761373,0.28525058141393317,0,0
0,0.37060496,0.06832441417618546,0,0
0,0.39547274,0.09270800587771193,0,0
0,0.36369917,0.06268877291830059,0,0
1,0.52953047,0.3792269420344583,1,0
0,0.40732336,0.10688751268213938,0,0
0,0.38194925,0.07860905156311697,0,0
1,0.9634774,0.9950110629788826,1,1
0,0.395025,0.09220689505127849,0,0
0,0.3628507,0.0620270419675521,0,0
1,0.96166384,0.9948895310491881,1,1
0,0.43413913,0.14613485383214417,0,0
0,0.39349723,0.09051519721689955,0,0
0,0.4251628,0.13181817419428069,0,0
0,0.3897895,0.08652540077537416,0,0
0,0.37219062,0.06968315789632733,0,0
0,0.40487686,0.10381195542249193,0,0
0,0.36773974,0.06593131968469312,0,0
0,0.39663193,0.09401680628026136,0,0
0,0.35774228,0.05817897806793863,0,0
0,0.35371575,0.05530490807491898,0,0
1,0.4949565,0.2780793950596157,0,0
0,0.38446796,0.08107716608884918,0,0
0,0.33722705,0.044875864002979375,0,0
0,0.40097174,0.09906481560875555,0,0
0,0.36203408,0.06139632322559986,0,0
0,0.48521924,0.2527701111538784,0,0
0,0.38189375,0.0785554558703785,0,0
0,0.3776025,0.07451079724213011,0,0
0,0.43810004,0.15285146814455336,0,0
1,0.94673103,0.993770150051519,1,1
0,0.3810303,0.0777257953237723,0,0
0,0.42505196,0.1316490736817845,0,0
0,0.4422233,0.1601100317947334,0,0
0,0.49880666,0.2885058798873505,0,0
0,0.36944285,0.06734424159939675,0,0
0,0.4145697,0.11647144490322027,0,0
0,0.35935158,0.05936641655893592,0,0
0,0.36305228,0.062183665008902614,0,0
0,0.5163431,0.3387801322087812,1,0
0,0.36100158,0.060607441286923296,0,0
0,0.3998235,0.09770618104279521,0,0
1,0.44697854,0.16882464267614056,0,0
0,0.39588505,0.09317165077496693,0,0
0,0.41896746,0.1226451331106237,0,0
0,0.36114544,0.06071678296396091,0,0
1,0.9670105,0.9952396335122771,1,1
0,0.3631371,0.06224967555196728,0,0
0,0.4908388,0.26718853312850377,0,0
0,0.40910324,0.10917519489189186,0,0
1,0.8170287,0.9658442312848603,1,1
0,0.41733944,0.1203275204761019,0,0
1,0.968926,0.9953591666282621,1,1
0,0.43678972,0.1506019626035296,0,0
1,0.44007996,0.15630266597996204,0,0
1,0.9667245,0.9952215264423951,1,1
1,0.53903437,0.409493540944128,1,0
0,0.37011117,0.06790632255797854,0,0
0,0.39243048,0.08935062628980434,0,0
0,0.36162844,0.061085256665160494,0,0
0,0.37461478,0.0718087720642703,0,0
0,0.4299436,0.13928908129156442,0,0
0,0.421853,0.12684729744812223,0,0
0,0.35674495,0.05745430364870753,0,0
0,0.37354034,0.07085937232089269,0,0
1,0.44006768,0.15628106890149648,0,0
1,0.79070497,0.952163242555197,1,1
1,0.9619171,0.9949066783450263,1,1
0,0.3870722,0.08370320318368255,0,0
0,0.4996803,0.29090389458672933,0,0
1,0.36786485,0.06603416790907168,0,0
0,0.38094676,0.07764595667757301,0,0
0,0.36541057,0.0640435943636348,0,0
0,0.5032877,0.3009285755145491,1,0
1,0.42192438,0.12695278480277444,0,0
1,0.89290625,0.9873102766984087,1,1
0,0.37155306,0.06913385670810034,0,0
0,0.3779006,0.07478547586725692,0,0
1,0.43209234,0.14276094105624026,0,0
0,0.4435984,0.16259197267232736,0,0
0,0.4687471,0.2135577356332641,0,0
0,0.36428437,0.06314900683237314,0,0
0,0.3698695,0.06770257079561383,0,0
0,0.427774,0.13585564549586412,0,0
1,0.4613323,0.19741694388069253,0,0
0,0.3660702,0.06457304651733266,0,0
0,0.38830835,0.0849765499353564,0,0
1,0.44130263,0.15846544906183774,0,0
0,0.39095286,0.08775981620445356,0,0
0,0.5173901,0.3419154602098005,1,0
1,0.9633875,0.9950051078081326,1,1
1,0.69225204,0.8425985801286495,1,1
0,0.3449203,0.049485590113255117,0,0
1,0.6343149,0.7119503288918771,1,1
1,0.9662493,0.9951912855982136,1,1
0,0.41281825,0.11408877466870015,0,0
1,0.81368405,0.9643414730580339,1,1
0,0.45749858,0.18943973121750174,0,0
1,0.61056036,0.6429099116751749,1,1
0,0.5208798,0.3524651654711317,1,0
0,0.37025285,0.06802603871974111,0,0
1,0.9693924,0.9953878164265028,1,1
0,0.35399297,0.055498423278263945,0,0
0,0.39317,0.09015651302837852,0,0
0,0.37080714,0.06849628464640505,0,0
0,0.4051121,0.10410423445033529,0,0
0,0.35909247,0.05917371340698407,0,0
0,0.4197841,0.12382209285177075,0,0
1,0.42821112,0.1365416015304948,0,0
0,0.42133078,0.12607777748942928,0,0
0,0.4014553,0.09964200285834883,0,0
0,0.37524417,0.07237036153928805,0,0
1,0.9576474,0.9946097865900001,1,1
0,0.37366164,0.07096596905215832,0,0
1,0.39697796,0.09441069927042996,0,0
0,0.3694381,0.06734027172958054,0,0
0,0.42763323,0.13563532949559698,0,0
1,0.96042824,0.9948050457690777,1,1
0,0.37020007,0.06798141820035372,0,0
0,0.36812678,0.06624997558304654,0,0
1,0.96711993,0.9952465442749325,1,1
1,0.4236977,0.1295977310487471,0,0
0,0.38298827,0.07961876867904612,0,0
1,0.9588789,0.994697141074876,1,1
0,0.4251477,0.13179515588028262,0,0
1,0.43615833,0.1495277719528331,0,0
1,0.9638479,0.9950355358019868,1,1
1,0.9698823,0.9954177192300911,1,1
0,0.35867214,0.05886234357905572,0,0
0,0.3633414,0.06240894007980453,0,0
1,0.95792687,0.9946297363429912,1,1
0,0.40793797,0.10767266447759914,0,0
0,0.3632938,0.062371802490605026,0,0
0,0.37557578,0.07266787332489173,0,0
0,0.359717,0.05963920423874097,0,0
0,0.3729154,0.07031249113950146,0,0
0,0.48170725,0.2440248369182827,0,0
1,0.6227357,0.6792705462406989,1,1
0,0.4488137,0.17228751519040825,0,0
1,0.38910815,0.08580976575562665,0,0
0,0.37351757,0.07083937901173645,0,0
0,0.37043312,0.06817864867595609,0,0
0,0.49987128,0.29142964238799585,0,0
0,0.3677269,0.06592076890085807,0,0
0,0.39370608,0.09074479920900634,0,0
0,0.38013107,0.07687030803647454,0,0
0,0.45282146,0.18004506167398343,0,0
0,0.3961899,0.09351578643712609,0,0
0,0.40628433,0.10557164309228804,0,0
0,0.3703702,0.06812535433705637,0,0
1,0.6333933,0.7094227222595844,1,1
0,0.3514969,0.05377878036560191,0,0
0,0.38155478,0.07822879250682087,0,0
1,0.4038071,0.10249189434514741,0,0
0,0.3655344,0.06414267396820988,0,0
0,0.45734632,0.1891280666230608,0,0
0,0.43435937,0.14650180486014364,0,0
1,0.9623549,0.9949361849907126,1,1
0,0.36996347,0.06778172757573839,0,0
0,0.39404532,0.09111885615755072,0,0
0,0.3795782,0.07634862968109281,0,0
0,0.3643912,0.06323337250487328,0,0
1,0.96587366,0.9951672479989807,1,1
0,0.36584598,0.06439261452189562,0,0
0,0.42796278,0.13615152125003782,0,0
0,0.3797965,0.07655422911399265,0,0
0,0.35773304,0.05817222592401034,0,0
0,0.36571923,0.06429083171481387,0,0
1,0.9807194,0.9960320110548965,1,1
1,0.45954973,0.19367665238807447,0,0
0,0.3677899,0.06597253418090579,0,0
0,0.5169352,0.34055162034101166,1,0
0,0.34959054,0.05249938278632053,0,0
1,0.9564571,0.9945239938102902,1,1
0,0.36925215,0.06718464443224427,0,0
0,0.38708967,0.08372107164491466,0,0
0,0.36241397,0.06168898577750019,0,0
0,0.38512948,0.08173701818613671,0,0
0,0.4282288,0.13656939658236258,0,0
0,0.4244835,0.13078468184014289,0,0
1,0.37064087,0.06835491325057429,0,0
0,0.37269497,0.07012054166277326,0,0
0,0.4158829,0.11828612281384977,0,0
1,0.36875227,0.06676797417752504,0,0
0,0.4482694,0.1712546006927218,0,0
0,0.37324578,0.07060111750583799,0,0
1,0.4023766,0.10074991285998719,0,0
0,0.36247516,0.061736242971112514,0,0
0,0.41676477,0.11951848886099571,0,0
0,0.36664042,0.06503399458319267,0,0
0,0.5155453,0.3364003741255531,1,0
0,0.49147072,0.26884219826534633,0,0
1,0.96805173,0.9953049843775837,1,1
0,0.40799868,0.10775049103721154,0,0
0,0.38484636,0.08145401412378887,0,0
1,0.50387913,0.3025908682298463,1,0
0,0.3682603,0.06636023077150202,0,0
0,0.40124065,0.09938541128831452,0,0
0,0.3707001,0.06840523263887203,0,0
1,0.3895752,0.0862997561904922,0,0
1,0.9644617,0.9950758171439124,1,1
0,0.37185895,0.06939690011012258,0,0
1,0.97148377,0.9955141317142298,1,1
0,0.46078452,0.1962618213219312,0,0
0,0.36882406,0.06682767000746627,0,0
0,0.36972442,0.06758052689209987,0,0
1,0.36854723,0.06659775797799092,0,0
0,0.4568775,0.18817089707072585,0,0
1,0.7415666,0.9117741114080262,1,1
0,0.35960042,0.05955204830166664,0,0
0,0.37899375,0.07580067575967722,0,0
0,0.39110026,0.08791735234660858,0,0
0,0.3666946,0.06507795237113179,0,0
0,0.43517557,0.14786836753813096,0,0
0,0.38467178,0.08127995024786853,0,0
0,0.4373048,0.15148295522557592,0,0
0,0.47662628,0.23173987082795547,0,0
0,0.36664796,0.06504011026591316,0,0
0,0.3793582,0.07614194293070524,0,0
0,0.3497054,0.05257564551784568,0,0
0,0.4437144,0.16280279497144387,0,0
0,0.37905598,0.07585884472136169,0,0
0,0.36122125,0.060774484123403694,0,0
0,0.36547136,0.06409222211715361,0,0
1,0.63292515,0.7081338089570642,1,1
0,0.4355172,0.1484434711804598,0,0
0,0.39863926,0.09632241305228798,0,0
0,0.39410788,0.09118798274811545,0,0
0,0.37129316,0.06891108255367137,0,0
0,0.37459418,0.07179046532060276,0,0
0,0.4040464,0.10278586875364887,0,0
0,0.45288706,0.18017426746722898,0,0
0,0.35753763,0.058029579327735094,0,0
0,0.37375635,0.07104930650649316,0,0
1,0.48777884,0.259273060779201,0,0
1,0.6930956,0.8440852052273341,1,1
0,0.35921147,0.05926214565395076,0,0
0,0.44143558,0.1587020796811859,0,0
1,0.42239574,0.12765128121726418,0,0
0,0.36501962,0.06373171910354322,0,0
0,0.3758128,0.07288120959318493,0,0
1,0.3937508,0.09079401154219115,0,0
1,0.3823707,0.0790172068477383,0,0
0,0.3738922,0.0711689898084452,0,0
1,0.40543935,0.10451207222451057,0,0
0,0.3704857,0.06822321228071208,0,0
0,0.36173174,0.06116432870573645,0,0
0,0.35635918,0.05717628504073809,0,0
1,0.396921,0.0943457688006226,0,0
0,0.34474203,0.04937385547859029,0,0
0,0.36056256,0.060274891104495444,0,0
1,0.71087503,0.8728172338805853,1,1
0,0.36435172,0.06320217909166469,0,0
0,0.40939674,0.10955652221814904,0,0
0,0.42976055,0.13899661835660865,0,0
1,0.9658402,0.9951651024000863,1,1
0,0.44279864,0.16114472615910516,0,0
0,0.3624118,0.06168730604178882,0,0
0,0.34664878,0.0505813990246143,0,0
0,0.41369388,0.11527461402490562,0,0
0,0.37593085,0.07298767709519276,0,0
0,0.45730615,0.1890459000892636,0,0
0,0.45242396,0.17926362475693017,0,0
0,0.35719094,0.05777731253762429,0,0
1,0.5231078,0.35927747086921813,1,0
0,0.3508854,0.05336521064834041,0,0
0,0.44214335,0.15996665682679656,0,0
0,0.3969673,0.09439853237905776,0,0
0,0.36281997,0.0620032011430045,0,0
0,0.52196586,0.3557785536420382,1,0
0,0.37018752,0.06797081505629764,0,0
0,0.62790865,0.6941138670418798,1,1
0,0.39256418,0.08949583587386642,0,0
0,0.36805555,0.06619122604520608,0,0
0,0.36111614,0.0606945010004714,0,0
0,0.38962552,0.08635268297254345,0,0
0,0.43802926,0.15272925452255628,0,0
0,0.37008712,0.06788601992876553,0,0
0,0.3450476,0.04956551249577475,0,0
0,0.3946283,0.09176489171167754,0,0
0,0.3672125,0.06549953561713363,0,0
0,0.3684415,0.06651013545256854,0,0
0,0.36907434,0.06703616292764276,0,0
0,0.35587078,0.056826106964845434,0,0
0,0.36185682,0.0612602055943455,0,0
0,0.369602,0.06747769546866574,0,0
0,0.43993545,0.15604863501691135,0,0
1,0.4616713,0.19813438932233127,0,0
0,0.4532931,0.18097570911440394,0,0
0,0.41372538,0.11531747445592347,0,0
0,0.41518116,0.11731338524235263,0,0
0,0.39044178,0.0872155737704666,0,0
0,0.44613507,0.16725176461061125,0,0
1,0.3963118,0.09365370562254084,0,0
0,0.43782783,0.1523818857609716,0,0
0,0.38827267,0.08493955784462462,0,0
0,0.46693087,0.2095170908670097,0,0
0,0.38755718,0.08420069354336449,0,0
0,0.40535626,0.10440839155944336,0,0
1,0.97326386,0.9956189303232694,1,1
0,0.36793095,0.06608856762044797,0,0
0,0.40467858,0.10356615753980893,0,0
0,0.44131875,0.15849413076101515,0,0
0,0.46756157,0.21091383999907315,0,0
0,0.5150796,0.3350150956819386,1,0
1,0.423616,0.12947482346384065,0,0
1,0.6387507,0.7239306457646427,1,1
0,0.36797163,0.06612206694993933,0,0
0,0.3757211,0.07279860185446059,0,0
0,0.40978304,0.11006020771624896,0,0
0,0.43962064,0.1554964222814438,0,0
1,0.47914818,0.23778286203949542,0,0
0,0.5122022,0.3265193167492315,1,0
0,0.3521684,0.054236404507434485,0,0
0,0.5514417,0.4500275857164904,1,0
1,0.9666648,0.9952177363727704,1,1
0,0.34786493,0.05136612969525865,0,0
0,0.35698524,0.05762812651979376,0,0
0,0.40352917,0.1021513666504276,0,0
1,0.94269246,0.9934276103026327,1,1
0,0.354303,0.05571559814098546,0,0
0,0.5078383,0.3138503163910011,1,0
0,0.4533727,0.1811330873050055,0,0
0,0.3778693,0.07475659959710265,0,0
0,0.46622974,0.2079723778259568,0,0
0,0.4324338,0.14331927733389296,0,0
0,0.41642943,0.11904857850617585,0,0
1,0.9588163,0.9946927358429374,1,1
0,0.4059842,0.10519420234935795,0,0
1,0.96514964,0.9951205780611166,1,1
1,0.40483606,0.103761335030863,0,0
1,0.453426,0.18123859620784455,0,0
1,0.9606761,0.9948221023958973,1,1
0,0.39012542,0.08688022634746521,0,0
0,0.3965231,0.09389322018611511,0,0
0,0.39599332,0.09329374598362496,0,0
0,0.3921804,0.08907958415895705,0,0
0,0.43943056,0.15516376565782522,0,0
0,0.39472905,0.09187697154585885,0,0
0,0.36977354,0.06762182045192877,0,0
0,0.3949325,0.0921036610802805,0,0
0,0.3769469,0.07391000095383206,0,0
0,0.4086254,0.10855682927378596,0,0
0,0.44765726,0.17009884410998766,0,0
0,0.49765453,0.28536155093729465,0,0
0,0.37990308,0.07665478527877846,0,0
1,0.36258215,0.06181896104358367,0,0
0,0.35288006,0.05472539128658938,0,0
0,0.36855006,0.06660010560089108,0,0
0,0.37561312,0.07270144634768715,0,0
1,0.62124157,0.6749131890135752,1,1
0,0.34894928,0.052075522472508476,0,0
0,0.4093039,0.10943577925213664,0,0
0,0.37964985,0.07641604968881278,0,0
0,0.43515462,0.1478331577244465,0,0
0,0.36743322,0.06567997287657465,0,0
0,0.4534472,0.1812805417637377,0,0
1,0.37874302,0.07556671518064145,0,0
0,0.49660736,0.2825216149386305,0,0
1,0.37106058,0.06871229650962725,0,0
1,0.53505963,0.3967374143661042,1,0
0,0.40611574,0.10535948335788232,0,0
1,0.9670382,0.9952413847320905,1,1
0,0.38911983,0.08582199097236098,0,0
1,0.9614877,0.9948775719817293,1,1
0,0.3397786,0.04635747461713001,0,0
0,0.37653983,0.07353920089720381,0,0
0,0.46898493,0.2140910074926131,0,0
0,0.38212854,0.07878244441263196,0,0
1,0.4153281,0.11751647868663619,0,0
0,0.40153226,0.09973412447557481,0,0
0,0.52364826,0.36093859341567114,1,0
1,0.4305858,0.14031925878385584,0,0
0,0.368842,0.0668425955064535,0,0
0,0.47627616,0.23090945115915637,0,0
0,0.43828768,0.1531758378968257,0,0
0,0.42688888,0.1344755109645593,0,0
1,0.58066565,0.5471729929882739,1,1
0,0.39038628,0.08715666520860318,0,0
1,0.9675895,0.9952760841587531,1,1
1,0.9792686,0.9959547894588711,1,1
1,0.61535424,0.6574523431977208,1,1
1,0.5329926,0.39015760800668503,1,0
0,0.3717973,0.06934380183390323,0,0
0,0.50263745,0.2991071258856089,1,0
1,0.3789942,0.0758010934940928,0,0
0,0.3495994,0.05250525608746829,0,0
0,0.42335725,0.1290863152873994,0,0
0,0.4548942,0.18416289281148213,0,0
0,0.37380248,0.07108993280714837,0,0
0,0.36107236,0.06066121698093177,0,0
0,0.5125072,0.3274145879888954,1,0
0,0.357383,0.05791694779554192,0,0
0,0.36787212,0.06604015033018464,0,0
0,0.46334755,0.20171078266459488,0,0
0,0.39133018,0.08816359471589448,0,0
0,0.36832023,0.06640977796202048,0,0
0,0.3652543,0.06391877391006877,0,0
0,0.44174618,0.15925602460674756,0,0
0,0.36587384,0.06441501105538987,0,0
1,0.42271927,0.12813262134556003,0,0
1,0.96080786,0.9948311494895177,1,1
0,0.39842436,0.09607318152776886,0,0
0,0.36941683,0.06732244744354114,0,0
1,0.63413876,0.7114682813772608,1,1
0,0.40837598,0.1082352945057232,0,0
0,0.36797053,0.06612115870149649,0,0
0,0.36383995,0.06279920857815344,0,0
0,0.35533488,0.0564441878964389,0,0
0,0.38583604,0.08244718781166616,0,0
0,0.35517234,0.05632882835841176,0,0
0,0.3670332,0.0653533032578368,0,0
1,0.9642537,0.9950622062377342,1,1
0,0.36718866,0.06548007229845354,0,0
0,0.41073668,0.11131234001342755,0,0
0,0.3620558,0.06141302553485012,0,0
1,0.9591145,0.9947136931278977,1,1
1,0.812572,0.9638278684924138,1,1
1,0.632345,0.7065318813589002,1,1
0,0.4285506,0.13707635308915578,0,0
0,0.3943962,0.0915071877680494,0,0
0,0.36015192,0.0599653785531696,0,0
0,0.5041852,0.3034531170759121,1,0
0,0.4338541,0.14566108398637956,0,0
0,0.44853848,0.17176461750602887,0,0
0,0.36600837,0.06452323928046906,0,0
0,0.44842848,0.17155598041587206,0,0
0,0.36955673,0.0674397086439438,0,0
0,0.4235775,0.1294169451724164,0,0
0,0.41515407,0.11727597184821166,0,0
0,0.39563233,0.09288721887956983,0,0
0,0.49182415,0.2697698789720288,0,0
0,0.35694042,0.057595665738791386,0,0
0,0.35322374,0.05496302460645511,0,0
0,0.48314133,0.24757096831918726,0,0
1,0.36484227,0.06359070359695404,0,0
0,0.35094196,0.05340333938619771,0,0
1,0.60772616,0.6341846524684839,1,1
0,0.6072688,0.6327682185238245,1,1
0,0.39231235,0.08922249046094388,0,0
0,0.3725424,0.06998797133711548,0,0
0,0.3868173,0.08344279705954492,0,0
0,0.36893338,0.06691865944808842,0,0
1,0.4562422,0.18687978590132104,0,0
0,0.36740717,0.06565865501215329,0,0
0,0.35806993,0.05841891554918777,0,0
0,0.39316118,0.09014686133006147,0,0
0,0.36949885,0.0673911724205757,0,0
0,0.36267352,0.061889687455960754,0,0
1,0.97371113,0.9956448769997847,1,1
0,0.3780301,0.07490507764618692,0,0
0,0.3951178,0.09231053274476915,0,0
0,0.36173928,0.06117010429978492,0,0
0,0.34371582,0.04873531853447952,0,0
0,0.4278824,0.13602547185441546,0,0
0,0.40391436,0.10262357619191696,0,0
1,0.49765074,0.28535125537608397,0,0
0,0.38838068,0.08505159880750017,0,0
1,0.8081288,0.9617038098869227,1,1
0,0.38217002,0.07882261436308717,0,0
0,0.4345206,0.14677092249084583,0,0
0,0.5147947,0.3341689785501441,1,0
0,0.39123064,0.08805691437832484,0,0
1,0.95171076,0.9941681823679251,1,1
0,0.37204725,0.06955927657322734,0,0
1,0.50981385,0.3195526926010123,1,0
0,0.37210536,0.06960946371546979,0,0
0,0.3650809,0.06378050598851391,0,0
0,0.3916489,0.0885059491376456,0,0
1,0.9625278,0.9949477921054508,1,1
0,0.39744133,0.09494046626899738,0,0
0,0.38072154,0.07743108256995608,0,0
0,0.48553395,0.25356382393796056,0,0
0,0.33964875,0.046280964141314,0,0
0,0.40084195,0.0989104079408917,0,0
0,0.37764257,0.07454767638583164,0,0
1,0.4078222,0.10752436941029334,0,0
0,0.43659255,0.1502658325066182,0,0
0,0.39419025,0.0912790818225225,0,0
0,0.51397574,0.3317427835021311,1,0
0,0.3534905,0.05514814232029203,0,0
0,0.35595432,0.05688585813550549,0,0
0,0.36705714,0.06537280439768027,0,0
0,0.38925895,0.08596769218620236,0,0
1,0.9652012,0.9951239162544655,1,1
1,0.95604515,0.9944939883805788,1,1
1,0.36250675,0.06176065592790015,0,0
0,0.37312156,0.07049247453601139,0,0
0,0.3730167,0.07040086869334033,0,0
0,0.35493982,0.056164190777487674,0,0
0,0.40321472,0.10176731877894378,0,0
0,0.3752437,0.07236993454375189,0,0
0,0.47562525,0.2293711383022016,0,0
1,0.49908394,0.2892656885113584,0,0
1,0.4166425,0.1193469523804926,0,0
0,0.37235954,0.06982936848676649,0,0
0,0.3809954,0.07769243225910419,0,0
0,0.41584623,0.11823513637260248,0,0
0,0.38158914,0.07826185017419782,0,0
1,0.44539675,0.1658845856455311,0,0
0,0.36844298,0.06651136952417616,0,0
1,0.49889547,0.2887491115989069,0,0
0,0.36666197,0.06505147283601934,0,0
0,0.37305108,0.07043089723919826,0,0
0,0.5212192,0.35349908179335243,1,0
0,0.3739472,0.07121751475335275,0,0
0,0.37842256,0.07526864601350612,0,0
0,0.3899849,0.08673164534690361,0,0
0,0.35895035,0.05906825727571876,0,0
0,0.36984962,0.06768583659869941,0,0
1,0.96608466,0.9951807652349794,1,1
0,0.3667195,0.06509817546078005,0,0
0,0.3604921,0.060221683408694084,0,0
0,0.37038532,0.06813815054257866,0,0
0,0.37046662,0.0682070409599122,0,0
1,0.9571891,0.994576913425891,1,1
0,0.46119016,0.19711673625441825,0,0
0,0.34728035,0.05098750045455568,0,0
0,0.40841758,0.10828887024783049,0,0
0,0.44511577,0.16536664866256728,0,0
0,0.36881354,0.06681891945136159,0,0
0,0.36524907,0.06391458780077242,0,0
0,0.365687,0.06426498511117461,0,0
0,0.42357916,0.12941945337227412,0,0
1,0.9667018,0.9952200856604908,1,1
0,0.4126225,0.11382514285546287,0,0
0,0.42674825,0.1342573164170172,0,0
0,0.5143681,0.33290409787036584,1,0
1,0.4101791,0.11057874467693354,0,0
0,0.4067481,0.10615718646062042,0,0
1,0.95825845,0.9946533093780344,1,1
1,0.38337576,0.07999835123556485,0,0
1,0.97399217,0.9956611017891573,1,1
0,0.37536678,0.0724802298782622,0,0
0,0.3993218,0.09711780187725735,0,0
0,0.35186,0.05402576262953025,0,0
0,0.3893659,0.08607986716446359,0,0
0,0.39257887,0.08951180700953686,0,0
0,0.39267525,0.08961663880481463,0,0
0,0.38457534,0.0811839415930909,0,0
1,0.4662337,0.20798108693055828,0,0
0,0.36294928,0.062103593908016244,0,0
0,0.3873294,0.08396670188844618,0,0
0,0.36900803,0.06698086525724871,0,0
0,0.44999465,0.17454550229580193,0,0
1,0.9664773,0.9952058171602877,1,1
0,0.35409212,0.0555677915120236,0,0
0,0.4453965,0.1658841456068241,0,0
1,0.6329126,0.7080991355986199,1,1
0,0.38549858,0.0821073111232555,0,0
1,0.95385474,0.9943316679962461,1,1
1,0.9719785,0.9955435049546685,1,1
0,0.37436205,0.07158440807941527,0,0
0,0.3724219,0.06988340495568231,0,0
1,0.43888283,0.15420842300898552,0,0
0,0.3623609,0.06164801702219534,0,0
1,0.40984687,0.11014363801430394,0,0
1,0.96889055,0.9953569809123886,1,1
0,0.3583779,0.05864529488515984,0,0
1,0.4053597,0.10441266640363754,0,0
0,0.3654831,0.06410161791001795,0,0
0,0.38850334,0.08517901320168685,0,0
0,0.37207803,0.06958585871866733,0,0
0,0.4337325,0.1454593619012916,0,0
0,0.3721312,0.06963178844814803,0,0
0,0.36765096,0.06585842648429502,0,0
1,0.44126174,0.15839272989045347,0,0
1,0.44132525,0.15850568945738078,0,0
0,0.4270982,0.1348008374646981,0,0
0,0.39283744,0.08979329393153067,0,0
0,0.4429481,0.16141439861430867,0,0
0,0.40953857,0.10974121514269611,0,0
0,0.4493685,0.17334540736459567,0,0
1,0.63136494,0.7038139348353565,1,1
0,0.38962606,0.08635324751600841,0,0
0,0.3590438,0.0591375832916718,0,0
0,0.38502318,0.08163065273686729,0,0
0,0.45389804,0.18217481226046411,0,0
0,0.38507634,0.0816838345980367,0,0
0,0.52060705,0.3516352554729521,1,0
0,0.43268457,0.1437304396624388,0,0
0,0.51006955,0.32029478913005893,1,0
0,0.37896058,0.07576968576137204,0,0
0,0.3964119,0.09376711107965727,0,0
0,0.427611,0.13560056540216323,0,0
0,0.43307576,0.14437382025118015,0,0
0,0.50550526,0.3071877713019509,1,0
0,0.40718988,0.10671765727475019,0,0
0,0.4300387,0.13944123028087121,0,0
0,0.36849904,0.06655781074947287,0,0
0,0.351265,0.05362159617651771,0,0
0,0.5338906,0.39301139408783203,1,0
1,0.9675789,0.9952754187395438,1,1
0,0.4805701,0.2412375458390686,0,0
1,0.785132,0.948661202430842,1,1
1,0.45510864,0.18459302085979956,0,0
0,0.37738845,0.07431415465059636,0,0
0,0.3659872,0.0645062050189764,0,0
0,0.38659838,0.08321972753480088,0,0
1,0.96190023,0.9949055380495073,1,1
1,0.68633306,0.8318420416183756,1,1
1,0.7963467,0.9554766626336517,1,1
1,0.5036885,0.3020545742623737,1,0
0,0.3662233,0.06469650646471571,0,0
0,0.40248528,0.10088133891889323,0,0
1,0.9626271,0.9949544459244599,1,1
0,0.3529194,0.0547525426379603,0,0
0,0.36634204,0.0647924070621513,0,0
0,0.37721404,0.07415428037239534,0,0
0,0.3528233,0.054686229312010524,0,0
0,0.36917686,0.06712174025529044,0,0
0,0.4066862,0.10607886604257635,0,0
1,0.50564736,0.30759130843650895,1,0
0,0.42585278,0.1328750275808967,0,0
1,0.47994217,0.23970772120842357,0,0
1,0.49150562,0.2689337109620987,0,0
0,0.38612995,0.08274425319785485,0,0
0,0.38935053,0.08606373131493004,0,0
0,0.44632205,0.16759942760581598,0,0
1,0.4811288,0.2426042923899701,0,0
0,0.43905112,0.1545014418078833,0,0
1,0.6983336,0.8530609009771872,1,1
1,0.9535861,0.9943114358113495,1,1
0,0.4349117,0.1474254200161478,0,0
0,0.3798265,0.07658250532962012,0,0
0,0.4097726,0.11004658057959488,0,0
0,0.38937297,0.08608727931600754,0,0
0,0.39316252,0.09014832858905743,0,0
0,0.37729117,0.07422494442944116,0,0
0,0.3792099,0.07600291097402108,0,0
0,0.43177903,0.14225024953136667,0,0
0,0.37927082,0.07605999315004423,0,0
0,0.36184338,0.061249896150577285,0,0
0,0.41632912,0.1189083171370965,0,0
1,0.7588974,0.9286851689061074,1,1
0,0.37588388,0.07294529872466192,0,0
1,0.6474646,0.7465464140797102,1,1
1,0.963773,0.995030600491385,1,1
0,0.39139727,0.0882355579937513,0,0
0,0.38408223,0.08069465354591467,0,0
0,0.37402654,0.07128754330135234,0,0
1,0.95807457,0.9946402495294502,1,1
0,0.3703956,0.06814685929343835,0,0
0,0.36584237,0.06438971667693749,0,0
1,0.9663472,0.9951975328841602,1,1
0,0.3550763,0.05626078287079615,0,0
0,0.3805148,0.0772343170693088,0,0
0,0.4011559,0.0992842618023926,0,0
1,0.9564025,0.9945200261885643,1,1
0,0.35632017,0.05714824005776158,0,0
0,0.52915615,0.37805223884173655,1,0
0,0.3692479,0.06718110680053184,0,0
0,0.4497239,0.1740257633426489,0,0
0,0.4472909,0.16941010565377324,0,0
0,0.44501933,0.16518917481051992,0,0
0,0.3867538,0.08337803095147683,0,0
0,0.3683524,0.06643640127512421,0,0
1,0.7772836,0.9433163785169629,1,1
0,0.4227256,0.12814203652900533,0,0
0,0.3532271,0.0549653579340948,0,0
1,0.48727733,0.25799038533002144,0,0
1,0.49835688,0.28727592284258013,0,0
0,0.524649,0.3640233880994166,1,0
0,0.38537326,0.08198141697541007,0,0
0,0.5174791,0.3421827803629939,1,0
0,0.48781392,0.25936292981525594,0,0
0,0.35201514,0.054131628121608474,0,0
0,0.4958656,0.2805203706828475,0,0
0,0.38628754,0.08290394030097657,0,0
1,0.97873473,0.9959259971003562,1,1
0,0.45265353,0.17971459858663372,0,0
1,0.9826729,0.9961336789430354,1,1
0,0.38047087,0.07719256665202828,0,0
1,0.9678477,0.9952922497915744,1,1
0,0.37674505,0.07372592017659883,0,0
0,0.4066651,0.10605218011174176,0,0
1,0.43114823,0.14122668854492995,0,0
0,0.44461933,0.16445469494914658,0,0
0,0.35227025,0.05430612342230215,0,0
1,0.53903025,0.40948027562161343,1,0
0,0.40224442,0.10059029471312465,0,0
0,0.444364,0.16398726364051833,0,0
0,0.43288267,0.14405594858475823,0,0
0,0.3491898,0.05223411189850161,0,0
0,0.35104555,0.053473235068380386,0,0
0,0.39824954,0.09587086209276355,0,0
0,0.4159451,0.1183727189949877,0,0
0,0.37540954,0.07251858909500464,0,0
0,0.36488155,0.06362190996575064,0,0
0,0.50643337,0.3098287656893618,1,0
0,0.39379963,0.09084781168296158,0,0
0,0.38204688,0.0787034289399529,0,0
0,0.3634036,0.06245750353300727,0,0
0,0.36544153,0.06406835684966261,0,0
0,0.5034502,0.3013848819616868,1,0
1,0.50969493,0.31920790258859166,1,0
0,0.4312157,0.14133587811072665,0,0
0,0.39733207,0.09481531542761301,0,0
1,0.6712456,0.8017850942898824,1,1
0,0.47233558,0.2217070668945131,0,0
0,0.43340194,0.14491212632260503,0,0
0,0.44870618,0.17208307566790013,0,0
1,0.3847899,0.08139769891664608,0,0
0,0.37384415,0.07112664088478972,0,0
0,0.38563883,0.0822484135127242,0,0
1,0.96406186,0.9950496154270934,1,1
0,0.5008417,0.29410974606052426,1,0
0,0.36174712,0.06117610871864695,0,0
0,0.3920213,0.08890751265733626,0,0
0,0.36106676,0.06065695858403053,0,0
0,0.42032638,0.12460898823207871,0,0
0,0.39220053,0.08910136022632074,0,0
0,0.44813824,0.17100643936805698,0,0
1,0.81347156,0.9642438787210627,1,1
0,0.37850782,0.07534784625647557,0,0
0,0.46389943,0.20289875234592541,0,0
1,0.9640754,0.9950505043618783,1,1
0,0.69450456,0.8465425802954006,1,1
1,0.7818322,0.9464746965854839,1,1
0,0.45324114,0.18087296980020157,0,0
0,0.5229053,0.35865580477219766,1,0
0,0.36180288,0.06121884047031512,0,0
0,0.37733293,0.07426322387613937,0,0
1,0.96140933,0.9948722411478532,1,1
0,0.36856878,0.06661562655711063,0,0
0,0.3655882,0.06418576023959706,0,0
0,0.4408709,0.15769902403220573,0,0
0,0.41103163,0.11170212875595806,0,0
0,0.35802612,0.05838678000490083,0,0
1,0.5037445,0.30221198552737605,1,0
0,0.36764884,0.06585669009838574,0,0
0,0.35806745,0.05841710065146438,0,0
0,0.37101063,0.06866967422455747,0,0
0,0.39087835,0.0876802852562284,0,0
0,0.36130407,0.060837573992155156,0,0
0,0.43163666,0.14201870049470725,0,0
0,0.369267,0.06719705242238902,0,0
0,0.34639972,0.050422097542082864,0,0
0,0.4456399,0.1663338570730225,0,0
0,0.37071818,0.06842061133303666,0,0
0,0.3631786,0.062282008841024104,0,0
0,0.428034,0.1362633046389175,0,0
0,0.3526634,0.054576080344865496,0,0
1,0.37323424,0.07059102346234329,0,0
0,0.37229687,0.0697750868411506,0,0
0,0.3591653,0.05922782553997353,0,0
0,0.36879757,0.06680563452189649,0,0
1,0.96770704,0.9952834498685593,1,1
0,0.39888337,0.09660621659418657,0,0
0,0.352885,0.05472880507729813,0,0
0,0.4036578,0.10230883539454201,0,0
0,0.40314046,0.10167679908765032,0,0
0,0.40527895,0.10431200701400915,0,0
0,0.47756135,0.23396792493527427,0,0
0,0.38232183,0.07896977533037253,0,0
0,0.3786034,0.07543671570522052,0,0
0,0.35791236,0.05830341430422419,0,0
0,0.43698168,0.150929795724121,0,0
0,0.37287855,0.07028037928132172,0,0
0,0.40395576,0.10267443761561355,0,0
0,0.35316366,0.05492141206545353,0,0
1,0.9662535,0.9951915557332579,1,1
0,0.3908335,0.08763243904470333,0,0
0,0.3940948,0.0911735212135326,0,0
0,0.37755182,0.074464208199614,0,0
0,0.43892288,0.1542781209788301,0,0
1,0.44348943,0.16239418528692579,0,0
0,0.34581754,0.05005157186415904,0,0
1,0.9681681,0.995312231046297,1,1
0,0.35444236,0.05581347544057411,0,0
0,0.35043877,0.05306505930742109,0,0
0,0.6591089,0.7747970173878361,1,1
0,0.3786955,0.07552243400869102,0,0
0,0.35400462,0.05550657143304963,0,0
1,0.97166306,0.995524799060461,1,1
1,0.38712913,0.08376145615254015,0,0
0,0.45196447,0.17836363243354822,0,0
1,0.96608233,0.9951806165214426,1,1
0,0.42688605,0.13447111545378793,0,0
0,0.5534219,0.4565732439811114,1,0
1,0.7832631,0.9474334101825139,1,1
1,0.39286903,0.08982773955451476,0,0
0,0.3887449,0.08543041673846162,0,0
0,0.37506273,0.07220805734881415,0,0
0,0.4370313,0.1510146360513959,0,0
0,0.3931992,0.09018847461938231,0,0
0,0.3701482,0.06793760515535348,0,0
1,0.8852122,0.9859580112272297,1,1
0,0.37753206,0.07444604573465431,0,0
0,0.4495955,0.1737797365327797,0,0
0,0.45381206,0.18200400533162794,0,0
0,0.36291263,0.062075119617996014,0,0
0,0.4448804,0.16493376264451406,0,0
0,0.43369672,0.145400026611688,0,0
0,0.37049553,0.06823155200639944,0,0
0,0.36648026,0.06490421703886537,0,0
0,0.4414587,0.15874327131831734,0,0
0,0.4619126,0.19864627923649048,0,0
0,0.39692143,0.09434624433622743,0,0
1,0.9620013,0.9949123679660764,1,1
1,0.9742527,0.9956760890789532,1,1
0,0.37485802,0.07202533500455607,0,0
1,0.96291673,0.9949738024751777,1,1
0,0.3943731,0.09148157875003592,0,0
1,0.9634518,0.9950093695548399,1,1
1,0.48563766,0.25382574860876683,0,0
1,0.96895415,0.9953608997785974,1,1
0,0.3576045,0.05807836024318369,0,0
1,0.44421178,0.16370907031309478,0,0
0,0.37048835,0.06822546138641884,0,0
0,0.39986402,0.09775385405147839,0,0
0,0.45239255,0.1792019869361878,0,0
1,0.6018009,0.6156619401181789,1,1
0,0.44107342,0.1580581579536036,0,0
0,0.51107305,0.32321589971366493,1,0
1,0.9590565,0.9947096237436897,1,1
0,0.46720567,0.21012483578090324,0,0
0,0.35839814,0.05866019800384072,0,0
0,0.40194118,0.10022493926258519,0,0
0,0.4011012,0.09921904695877065,0,0
0,0.38967788,0.08640780444753968,0,0
0,0.38694078,0.08356884347232973,0,0
0,0.38331786,0.07994152214189995,0,0
0,0.42964804,0.13881712022736115,0,0
0,0.366502,0.06492180763176332,0,0
0,0.42920682,0.13811503061399666,0,0
0,0.40543118,0.10450187863305561,0,0
0,0.40526873,0.10429926814366422,0,0
1,0.6928927,0.8437285945269519,1,1
0,0.4457315,0.16650332267641615,0,0
0,0.41836974,0.1217898061588914,0,0
0,0.4026209,0.10104555566576454,0,0
0,0.35448277,0.05584188926664173,0,0
0,0.43808293,0.15282192369913708,0,0
1,0.96592486,0.9951705314917015,1,1
0,0.3744361,0.07165008915183048,0,0
0,0.35176656,0.05396210571763041,0,0
1,0.45758876,0.18962451195728255,0,0
0,0.36675826,0.0651296344642373,0,0
0,0.38313052,0.07975792093006732,0,0
1,0.67388177,0.8073142912854729,1,1
0,0.38982925,0.08656732454506931,0,0
0,0.37014097,0.06793148852067915,0,0
0,0.3649583,0.06368291959083705,0,0
0,0.36384097,0.0628000040731927,0,0
0,0.3889114,0.085604107616363,0,0
0,0.35931748,0.059341026162110164,0,0
0,0.3922017,0.08910261854584815,0,0
1,0.4149633,0.11701280691746488,0,0
0,0.37181193,0.06935639932604373,0,0
0,0.36712474,0.06542791281530846,0,0
1,0.45458943,0.18355284324887283,0,0
0,0.36331674,0.06238970595314672,0,0
0,0.42167827,0.12658937879809729,0,0
0,0.43838447,0.15334339512457584,0,0
1,0.6870347,0.8331471836953805,1,1
1,0.48681176,0.2568033456271621,0,0
0,0.3797607,0.07652048446093082,0,0
1,0.94875133,0.9939347886396104,1,1
0,0.6284561,0.6956621549455376,1,1
0,0.3714976,0.06908626238697327,0,0
0,0.44938016,0.17336768168207498,0,0
0,0.40111047,0.09923009703638855,0,0
0,0.36267763,0.061892872613364174,0,0
0,0.35456315,0.055898443063919286,0,0
0,0.36888903,0.06688173384576263,0,0
0,0.3729818,0.07037040988224641,0,0
1,0.9634928,0.995012085072315,1,1
0,0.38050312,0.07722321181837097,0,0
1,0.9682874,0.9953196517729127,1,1
1,0.42329484,0.12899276027193554,0,0
0,0.44575775,0.16655193233651144,0,0
0,0.3875534,0.08419680058500617,0,0
0,0.4752218,0.2284213155403661,0,0
0,0.49299154,0.2728483707275932,0,0
0,0.36218053,0.06150899134995542,0,0
1,0.9706271,0.9954628134980706,1,1
1,0.81059057,0.9628950346358841,1,1
0,0.38016978,0.0769069597734849,0,0
1,0.9658514,0.9951658215299023,1,1
0,0.39752546,0.09503693931181896,0,0
0,0.36108375,0.06066987054244411,0,0
1,0.96331614,0.9950003757577813,1,1
0,0.43349928,0.1450730800491233,0,0
1,0.4681095,0.21213277045590356,0,0
0,0.3808902,0.07759193805711277,0,0
0,0.43379778,0.14556761036236351,0,0
0,0.41684628,0.11963295090353397,0,0
0,0.43902698,0.15445938354942676,0,0
0,0.5570745,0.46868489024321136,1,0
0,0.36761203,0.06582649357287289,0,0
0,0.36476323,0.06352795525774489,0,0
0,0.39296752,0.08993521487441318,0,0
0,0.3784672,0.0753101051756477,0,0
0,0.4266877,0.13416345408105093,0,0
0,0.45175904,0.1779624143006993,0,0
0,0.3550262,0.0562252913927223,0,0
0,0.36933723,0.06725580744697594,0,0
1,0.9700524,0.9954280576002653,1,1
0,0.40676898,0.10618363157256117,0,0
0,0.36700332,0.06532895264681148,0,0
0,0.36485174,0.06359823159679559,0,0
0,0.3634012,0.06245564132280163,0,0
0,0.39318153,0.09016913337607081,0,0
0,0.42524758,0.13194765883641088,0,0
0,0.4781209,0.23530826053836826,0,0
0,0.3823217,0.07896963076189727,0,0
0,0.38732108,0.08395817144330218,0,0
1,0.7367388,0.9064546339897939,1,1
0,0.3982779,0.09590367083968547,0,0
0,0.36211842,0.0614611858516423,0,0
1,0.38970554,0.08643693097875005,0,0
1,0.9643976,0.9950716274552025,1,1
0,0.38959837,0.08632411516491072,0,0
0,0.412116,0.11314540694912643,0,0
0,0.40995812,0.11028916976054695,0,0
0,0.39629284,0.09363224705129715,0,0
0,0.35321063,0.05495393997172909,0,0
0,0.37347266,0.07079995722423793,0,0
1,0.39722753,0.09469569673404848,0,0
0,0.37442824,0.07164310872444485,0,0
0,0.41081116,0.111410649535617,0,0
1,0.962394,0.9949388120142533,1,1
1,0.37436384,0.07158599328548611,0,0
1,0.3737309,0.0710269029839379,0,0
0,0.3774602,0.07438003225458586,0,0
1,0.96246964,0.9949438900152613,1,1
0,0.36665204,0.06504342214352009,0,0
1,0.9592292,0.9947217307223281,1,1
0,0.38119715,0.07788549832507964,0,0
0,0.34702742,0.050824495348352955,0,0
0,0.44156787,0.15893782782389768,0,0
0,0.35261583,0.054543353189394156,0,0
0,0.45545992,0.18529934440044402,0,0
0,0.4004435,0.09843770892885,0,0
0,0.3765648,0.07356190063533602,0,0
1,0.45519575,0.18476798411060955,0,0
0,0.3901834,0.08694158505396125,0,0
0,0.4635767,0.20220341648587617,0,0
0,0.43280035,0.14392061683926952,0,0
1,0.52758455,0.37313591001129326,1,0
0,0.43845424,0.15346425525554552,0,0
0,0.4030164,0.10152574107032664,0,0
0,0.36974794,0.06760029376591317,0,0
0,0.4865051,0.25602341398458134,0,0
0,0.40362144,0.10226430204795549,0,0
0,0.3654001,0.06403523099591069,0,0
0,0.38735718,0.0839952035635429,0,0
0,0.3904311,0.08720424483891923,0,0
0,0.37128532,0.0689043746691173,0,0
0,0.36504352,0.06375074564684666,0,0
1,0.40152645,0.09972716454545341,0,0
0,0.3845747,0.0811833188833472,0,0
0,0.38075355,0.07746158721385796,0,0
0,0.35553735,0.05658820094914757,0,0
0,0.38338935,0.0800116937206124,0,0
1,0.9649091,0.9951049723134708,1,1
0,0.43310702,0.14442534093040005,0,0
1,0.35473958,0.05602276943036383,0,0
0,0.38484803,0.08145567973886743,0,0
0,0.471062,0.21878959556513622,0,0
0,0.4857901,0.2542110566238287,0,0
0,0.3840001,0.08061341662978609,0,0
0,0.45590523,0.18619772663729844,0,0
0,0.43649977,0.1501078883213506,0,0
0,0.35978892,0.059693023323509384,0,0
0,0.44753873,0.16987578192413286,0,0
0,0.40637624,0.10568746384667334,0,0
0,0.35634264,0.05716439273242106,0,0
1,0.9671805,0.9952503642390348,1,1
0,0.4217613,0.1267118814876142,0,0
1,0.96871847,0.99534636104295,1,1
0,0.3513699,0.05369262983877301,0,0
0,0.42999172,0.13936606816074776,0,0
0,0.6197537,0.670543789750411,1,1
0,0.470802,0.21819741282970018,0,0
1,0.4687943,0.2136634442813579,0,0
1,0.38939637,0.08611183424218825,0,0
1,0.40550506,0.10459413657119976,0,0
0,0.4152055,0.117347020853062,0,0
0,0.34990025,0.05270525844820616,0,0
0,0.39420852,0.09129929686662805,0,0
0,0.50158983,0.29618584646583496,1,0
1,0.96907794,0.9953685187227324,1,1
0,0.52033263,0.35080117104943237,1,0
1,0.96400315,0.9950457563144274,1,1
0,0.46871263,0.21348049826534005,0,0
1,0.96750814,0.9952709789794947,1,1
0,0.3613371,0.060862745286058506,0,0
0,0.40010303,0.09803540656674349,0,0
0,0.49169433,0.2694288925939601,0,0
0,0.35161057,0.05385598570454097,0,0
0,0.4438514,0.16305202529572924,0,0
0,0.37638146,0.07339540534783102,0,0
0,0.35780004,0.05822120652823086,0,0
1,0.9689756,0.9953622212398365,1,1
1,0.9768788,0.9958243097980832,1,1
0,0.4033233,0.10189977610813217,0,0
0,0.35564443,0.05666450167160909,0,0
0,0.3651408,0.06382823497924858,0,0
0,0.36461046,0.0634068337620316,0,0
0,0.36940265,0.06731056701814983,0,0
0,0.35532397,0.056436439549538774,0,0
0,0.38874608,0.08543165913807546,0,0
0,0.38095772,0.07765643424172247,0,0
0,0.35690913,0.05757301380128067,0,0
0,0.42347032,0.12925596954377136,0,0
0,0.39402372,0.09109499061259496,0,0
0,0.39607322,0.09338393909725158,0,0
0,0.40731466,0.1068764320294822,0,0
0,0.3652836,0.06394215897993995,0,0
1,0.38519076,0.08179838401709683,0,0
0,0.41079488,0.11138916366294027,0,0
1,0.37393084,0.07120308025451053,0,0
0,0.363719,0.06270430803842895,0,0
0,0.40501115,0.10397872432961161,0,0
0,0.3648611,0.06360566571985468,0,0
0,0.3605401,0.060257915683797306,0,0
0,0.45938727,0.1933384758209813,0,0
1,0.4345816,0.14687285612677917,0,0
0,0.53076094,0.38309842221308027,1,0
0,0.49492392,0.2779921771440606,0,0
0,0.36332193,0.062393752335097995,0,0
1,0.96233666,0.9949349591163844,1,1
0,0.38911128,0.08581304021251249,0,0
0,0.4104259,0.11090292587877615,0,0
1,0.43959904,0.15545857924683157,0,0
0,0.3738926,0.071169357705029,0,0
0,0.3921625,0.08906019943473409,0,0
0,0.37582794,0.07289485609390502,0,0
0,0.36731723,0.06558509197414845,0,0
0,0.48072538,0.24161685234433639,0,0
0,0.3583062,0.05859251506036019,0,0
0,0.40484044,0.10376676948330837,0,0
0,0.35917082,0.05923192347655919,0,0
1,0.43999922,0.1561607045109217,0,0
0,0.4945825,0.2770790378352948,0,0
0,0.38596335,0.08257575060580508,0,0
0,0.3632477,0.06233584730269146,0,0
0,0.45895028,0.19243102144861043,0,0
0,0.4748263,0.22749284766733305,0,0
0,0.47604907,0.2303719379525368,0,0
1,0.9675748,0.995275160771053,1,1
0,0.3776947,0.07459565808408615,0,0
1,0.9822534,0.996112065096452,1,1
0,0.36934057,0.06725860055614247,0,0
0,0.37789655,0.07478173512485287,0,0
0,0.35311055,0.054884654260679594,0,0
0,0.5191919,0.3473438372487002,1,0
1,0.6534601,0.7613782176760412,1,1
0,0.4620636,0.19896711910274814,0,0
0,0.39797273,0.09555129618638797,0,0
0,0.43003237,0.13943111766339367,0,0
1,0.512336,0.3269119471490914,1,0
0,0.36976153,0.06761172041183836,0,0
0,0.46362364,0.2023044374161472,0,0
0,0.39432868,0.09143236145466606,0,0
1,0.3812242,0.07791139738591761,0,0
0,0.486633,0.2563485376312813,0,0
0,0.3999927,0.09790535334268177,0,0
1,0.9642525,0.9950621242015912,1,1
0,0.37573722,0.07281311974299297,0,0
0,0.35784674,0.05825537202961162,0,0
0,0.4143061,0.11611010048643537,0,0
0,0.36005768,0.059894561922106744,0,0
1,0.9666386,0.9952160749108968,1,1
0,0.37998438,0.07673157733621096,0,0
1,0.43016922,0.13965029832234,0,0
1,0.4391144,0.15461172039763033,0,0
0,0.41530833,0.11748914839305794,0,0
1,0.67803544,0.8157865938678607,1,1
0,0.36723524,0.06551810376952376,0,0
0,0.36306167,0.06219096794746223,0,0
1,0.36244124,0.06171004362393195,0,0
0,0.40444592,0.10327838118082765,0,0
0,0.3470284,0.05082512820489066,0,0
0,0.3832959,0.0799199759233893,0,0
0,0.38078174,0.07748846541326568,0,0
0,0.40165222,0.09987788106711071,0,0
0,0.40513253,0.10412967146011642,0,0
1,0.36928976,0.06721609210717285,0,0
0,0.45191017,0.17825751119032443,0,0
1,0.96235776,0.9949363772579395,1,1
0,0.35230625,0.05433079111002187,0,0
1,0.95838994,0.9946626287090135,1,1
1,0.9668943,0.9952322864726252,1,1
1,0.95545954,0.994451049610249,1,1
1,0.9661975,0.9951879780735639,1,1
0,0.47284672,0.22288576986128708,0,0
1,0.45965952,0.19390545980413862,0,0
0,0.37315357,0.07052045460384077,0,0
1,0.9594206,0.9947351219158105,1,1
0,0.41010207,0.11047771822870474,0,0
0,0.37989426,0.07664645724215771,0,0
1,0.44411,0.16352329340984573,0,0
0,0.37358555,0.07089908652847944,0,0
0,0.38636085,0.08297832291331769,0,0
0,0.3588413,0.058987465838274515,0,0
0,0.39461735,0.09175273309363625,0,0
0,0.45649785,0.18739850930570867,0,0
0,0.52990097,0.3803910697553936,1,0
0,0.36730388,0.06557417861418555,0,0
0,0.35930705,0.059333260153861006,0,0
1,0.9605387,0.9948126538959273,1,1
0,0.362827,0.062008657647184655,0,0
0,0.390085,0.08683747194490136,0,0
1,0.66272056,0.7830916331742279,1,1
0,0.36046633,0.06020222542122061,0,0
1,0.954917,0.9944109735415271,1,1
1,0.98043025,0.9960167387247054,1,1
0,0.35543418,0.05651477350426229,0,0
1,0.6593883,0.7754467037622673,1,1
1,0.38696048,0.08358896970062629,0,0
0,0.3712566,0.06887979276364188,0,0
0,0.37312633,0.07049664223829982,0,0
0,0.3655014,0.06411626264244302,0,0
0,0.3698302,0.06766948244063321,0,0
0,0.43701625,0.150988899558235,0,0
0,0.36115548,0.060724423607682765,0,0
0,0.39014423,0.08690012814163824,0,0
0,0.3943098,0.09141142655359202,0,0
0,0.4391558,0.15468390638117718,0,0
0,0.4996537,0.2908306723435416,0,0
1,0.95902663,0.9947075271930371,1,1
0,0.3631827,0.062285189630718385,0,0
0,0.41854936,0.1220462978430624,0,0
0,0.7195582,0.8851290749535015,1,1
0,0.43972665,0.1556821969405402,0,0
1,0.9654066,0.9951371924536495,1,1
0,0.44224325,0.16014579821594935,0,0
0,0.37728396,0.07421833411516023,0,0
0,0.40994516,0.11027220253202973,0,0
0,0.38160434,0.07827647646346943,0,0
0,0.36904645,0.06701289546542107,0,0
0,0.45246163,0.1793375652075788,0,0
1,0.964417,0.9950728944792254,1,1
1,0.9601165,0.9947835122797737,1,1
0,0.44531533,0.1657343667915177,0,0
0,0.3587444,0.0589157700283229,0,0
0,0.41329494,0.11473302115495415,0,0
0,0.37692094,0.0738863047018261,0,0
0,0.40257815,0.10099375001460315,0,0
0,0.3614688,0.060963232042093245,0,0
1,0.9627132,0.9949602060462359,1,1
0,0.36378977,0.06275981993933848,0,0
1,0.60719246,0.6325315219835804,1,1
1,0.3708304,0.06851607135201943,0,0
0,0.41404712,0.11575603700925244,0,0
0,0.52079886,0.35221878342217927,1,0
0,0.36337277,0.062433438459616485,0,0
0,0.43420252,0.14624039203614167,0,0
0,0.3491035,0.052177167731398376,0,0
0,0.39383405,0.09088574176702317,0,0
1,0.45880765,0.1921355317206022,0,0
0,0.40284953,0.10132289048691752,0,0
0,0.37833485,0.07518725558692012,0,0
0,0.45109665,0.1766735308041463,0,0
0,0.37978733,0.07654557389702239,0,0
0,0.47613347,0.23057160421922165,0,0
1,0.4745709,0.2268946884103054,0,0
0,0.37493157,0.07209093715788559,0,0
0,0.37364557,0.07095184368397793,0,0
0,0.37794024,0.07482206719401815,0,0
1,0.966223,0.9951896073788985,1,1
0,0.3694292,0.06733280696495661,0,0
1,0.97728616,0.9958468426232046,1,1
0,0.5997868,0.6092854554381595,1,1
1,0.95104223,0.9941162526333331,1,1
0,0.38082966,0.07753417227258054,0,0
0,0.34133482,0.04728385230132248,0,0
0,0.3601838,0.05998936018161067,0,0
0,0.39179558,0.08866392355384001,0,0
1,0.94992113,0.9940281337686605,1,1
0,0.3616417,0.06109540338030534,0,0
0,0.43278146,0.14388956720372262,0,0
0,0.3541503,0.055608528854429184,0,0
0,0.39850774,0.09616981942015587,0,0
0,0.44682592,0.16853917325075676,0,0
0,0.37294087,0.07033471237478973,0,0
0,0.44512743,0.1653881028554658,0,0
0,0.4403144,0.1567155214973789,0,0
1,0.7733678,0.9404579554236999,1,1
0,0.38224223,0.07889258130310814,0,0
0,0.36868343,0.06671077810406702,0,0
0,0.3588597,0.059001082055269945,0,0
0,0.35493687,0.056162104592864165,0,0
1,0.97023946,0.9954393979393089,1,1
0,0.45647827,0.18735874047403292,0,0
0,0.37510377,0.07224473834095196,0,0
0,0.43970945,0.15565204914325104,0,0
0,0.38186625,0.07852890068882969,0,0
0,0.43650725,0.15012061823249856,0,0
1,0.9692328,0.9953780312918985,1,1
0,0.3724979,0.06994932388824104,0,0
0,0.34340575,0.04854393512923112,0,0
0,0.50747234,0.31280001571325167,1,0
1,0.4167276,0.11946633228792007,0,0
0,0.37744364,0.07436481654577426,0,0
0,0.40205255,0.10035898714175215,0,0
1,0.6103886,0.6423836968122173,1,1
1,0.9656473,0.9951527036516403,1,1
0,0.36295503,0.06210806293194483,0,0
0,0.3690124,0.06698449248018966,0,0
0,0.3692458,0.06717933804949873,0,0
1,0.74713063,0.9175647311475054,1,1
0,0.3545876,0.05591566943133646,0,0
0,0.35961738,0.05956471770545083,0,0
1,0.49320394,0.2734108435924414,0,0
0,0.42532343,0.13206358094482998,0,0
0,0.35676238,0.05746689854852731,0,0
1,0.9539484,0.9943387034770567,1,1
1,0.64492345,0.7400794122514014,1,1
0,0.44550213,0.16607917431796995,0,0
0,0.40813062,0.10791980160249048,0,0
0,0.40793213,0.10766517861884754,0,0
0,0.3721796,0.06967362330422573,0,0
0,0.4018781,0.10014907212968756,0,0
0,0.3777681,0.0746632756549031,0,0
0,0.3699874,0.06780190077999121,0,0
0,0.3685373,0.06658952954871712,0,0
1,0.9638387,0.99503493093875,1,1
1,0.44857824,0.1718400725163232,0,0
0,0.3489455,0.05207303034391181,0,0
0,0.4380173,0.15270862762322768,0,0
0,0.40926492,0.10938511363944235,0,0
1,0.66925496,0.7975313704766446,1,1
0,0.44176862,0.15929610833248942,0,0
0,0.43726125,0.1514083179429151,0,0
1,0.9606711,0.9948217624652449,1,1
0,0.37381965,0.07110505504568547,0,0
1,0.7963353,0.9554701682432778,1,1
0,0.3993528,0.0971540599558798,0,0
0,0.38883945,0.08552902098738262,0,0
1,0.96138555,0.9948706225641873,1,1
0,0.47183126,0.2205484774080615,0,0
0,0.36018538,0.05999054829002096,0,0
0,0.4080562,0.10782427513263629,0,0
0,0.37085792,0.06853951783991578,0,0
1,0.6964293,0.8498482562272108,1,1
0,0.39148057,0.08832498649848927,0,0
1,0.44583327,0.16669181048355872,0,0
0,0.41917628,0.12294517601069431,0,0
0,0.38117805,0.07786719955306598,0,0
0,0.37088078,0.06855898610056307,0,0
0,0.37199372,0.06951308254774627,0,0
0,0.37031338,0.06807724338482302,0,0
1,0.50725937,0.31218970511572003,1,0
0,0.41273728,0.11397965302284466,0,0
0,0.40581635,0.10498364591378684,0,0
1,0.3910618,0.08787623965562552,0,0
1,0.78021514,0.9453713732034454,1,1
0,0.35713315,0.05773536467427598,0,0
1,0.4384108,0.15338897310723895,0,0
0,0.40712917,0.10664048755446119,0,0
0,0.3703842,0.0681371913809159,0,0
0,0.36698502,0.0653140502557642,0,0
0,0.3635003,0.06253308313388001,0,0
0,0.37988564,0.07663832695283844,0,0
0,0.3694014,0.06730951883871801,0,0
0,0.3538741,0.05541535973728863,0,0
0,0.3564919,0.057271786225519455,0,0
0,0.3637062,0.06269428572270552,0,0
0,0.42250174,0.1278088234485535,0,0
0,0.4065422,0.10589689355660308,0,0
0,0.6002706,0.6108206640987787,1,1
1,0.9618064,0.9948991912749696,1,1
0,0.39312118,0.09010311429337887,0,0
0,0.35771012,0.05815547942484152,0,0
1,0.95984936,0.9947649878978119,1,1
0,0.43713525,0.15119249471711366,0,0
0,0.48676047,0.25667279402715615,0,0
0,0.36204952,0.06140819082216722,0,0
0,0.3849908,0.08159829402622043,0,0
0,0.41218844,0.11324241456730104,0,0
0,0.42956835,0.1386900914124588,0,0
0,0.5800819,0.5452429205597847,1,1
0,0.36438343,0.06322722685580534,0,0
0,0.4000154,0.09793211022993756,0,0
1,0.44612586,0.16723465680398372,0,0
0,0.37839398,0.07524211540884025,0,0
0,0.5416333,0.4179018448135084,1,0
0,0.5379054,0.4058571207079067,1,0
1,0.424211,0.13037200823672565,0,0
0,0.4008011,0.098861843134732,0,0
0,0.36287376,0.06204494555448861,0,0
0,0.36603376,0.06454368592240126,0,0
0,0.42456535,0.13090882677076807,0,0
0,0.4472783,0.16938644583816673,0,0
0,0.39815748,0.09576447506918358,0,0
1,0.97114986,0.9954941976872826,1,1
1,0.38335037,0.07997342729926984,0,0
0,0.49533996,0.279107404338367,0,0
0,0.3710113,0.06867023354697457,0,0
0,0.39096984,0.08777795838573138,0,0
0,0.3770179,0.07397484088757694,0,0
1,0.5502707,0.4461645585812401,1,0
0,0.37286958,0.07027256121351484,0,0
1,0.963744,0.9950286855665726,1,1
0,0.44172725,0.15922222861631177,0,0
0,0.3858547,0.08246601543725195,0,0
0,0.4534827,0.18135082192852228,0,0
0,0.4408245,0.1576168258752805,0,0
1,0.6248096,0.6852673741266773,1,1
1,0.43799976,0.15267833439809933,0,0
0,0.44102985,0.15798083129482207,0,0
1,0.46292248,0.20079932945888296,0,0
1,0.96399695,0.9950453486801429,1,1
0,0.38898537,0.08568137165309055,0,0
0,0.4147236,0.11668286067079835,0,0
1,0.9649243,0.9951059597741416,1,1
1,0.96860886,0.9953395836542426,1,1
0,0.42398295,0.13002752060436706,0,0
0,0.35803786,0.05839539157831941,0,0
0,0.41839144,0.12182076306161983,0,0
0,0.38529092,0.08189879081861323,0,0
0,0.35787946,0.05827932307020471,0,0
0,0.5333383,0.39125535970924813,1,0
0,0.35880467,0.058960352522494916,0,0
0,0.39223927,0.08914331285096994,0,0
0,0.37960035,0.07636946123459845,0,0
0,0.36008608,0.059915897206926326,0,0
0,0.42465812,0.1310496845772109,0,0
1,0.45053092,0.1755785230850662,0,0
0,0.3726133,0.07004955311273585,0,0
0,0.4842398,0.25031044540204944,0,0
0,0.36402082,0.06294135346806669,0,0
0,0.37014017,0.06793080892612136,0,0
1,0.47579917,0.22978147566462184,0,0
1,0.9685481,0.9953358240369032,1,1
0,0.44110063,0.15810646303954493,0,0
0,0.3861812,0.08279616305197487,0,0
1,0.40156195,0.09976968039462335,0,0
1,0.96587855,0.99516756153655,1,1
0,0.44686133,0.16860536384014096,0,0
0,0.41754684,0.1206206490119107,0,0
0,0.4154578,0.11769601437931587,0,0
1,0.43835276,0.1532884891635141,0,0
0,0.4831421,0.2475728936657565,0,0
0,0.48281437,0.2467594429470744,0,0
0,0.52008975,0.350063682492539,1,0
0,0.37416497,0.07140989038585466,0,0
0,0.37110516,0.06875036191806325,0,0
0,0.36000016,0.05985137584060201,0,0
0,0.38436922,0.08097909779818804,0,0
0,0.37497663,0.07213115499919352,0,0
0,0.37719643,0.07413815209243413,0,0
0,0.45454368,0.18346141447723086,0,0
0,0.36050865,0.06023417111306469,0,0
0,0.3888733,0.085564348431901,0,0
1,0.96894854,0.9953605546686848,1,1
0,0.46203578,0.19890794943065335,0,0
0,0.41886464,0.1224976341001194,0,0
1,0.96349794,0.9950124244086117,1,1
1,0.62503636,0.685919299510715,1,1
1,0.96434075,0.9950679063794807,1,1
0,0.4718061,0.22049080553273795,0,0
0,0.36446366,0.06329064092538071,0,0
1,0.9650617,0.9951148805200778,1,1
1,0.36644694,0.06487724858724203,0,0
0,0.4035799,0.10221343825062656,0,0
1,0.9666647,0.9952177288047704,1,1
0,0.37093315,0.06860360219534312,0,0
0,0.37256342,0.07000621544375397,0,0
0,0.41459027,0.11649967445656402,0,0
1,0.3578502,0.058257901940024816,0,0
0,0.45053673,0.1755897441841373,0,0
0,0.50509953,0.3060371818633285,1,0
0,0.472724,0.22260235301977824,0,0
0,0.3755444,0.07263967017495317,0,0
1,0.68679833,0.8327083870990495,1,1
1,0.44932908,0.17327005605103624,0,0
0,0.411245,0.11198482595314638,0,0
1,0.96513146,0.9951194004680622,1,1
0,0.3612737,0.06081443317468294,0,0
0,0.3701064,0.06790229680617609,0,0
0,0.3616996,0.06113972536616569,0,0
1,0.957482,0.9945979454135305,1,1
1,0.9588372,0.9946942088539166,1,1
0,0.35577983,0.05676111496873529,0,0
0,0.36788404,0.06604995866753449,0,0
1,0.9613106,0.9948655200935127,1,1
0,0.3612166,0.06077094436918902,0,0
1,0.9670063,0.9952393698322511,1,1
1,0.4315592,0.1418928548544654,0,0
0,0.37276393,0.07018054510786265,0,0
1,0.39504832,0.09223291948338196,0,0
0,0.40362012,0.10226269624821342,0,0
0,0.45694888,0.1883163828976901,0,0
0,0.3639879,0.06291545041678819,0,0
0,0.37478837,0.07196326573683696,0,0
0,0.38381758,0.0804331702912718,0,0
0,0.3556059,0.056637032473135625,0,0
0,0.36746788,0.06570834976149321,0,0
0,0.38295367,0.07958495438347986,0,0
1,0.37339908,0.07073541416680758,0,0
1,0.4436387,0.1626652183502317,0,0
0,0.43932506,0.15497938111594625,0,0
1,0.40424898,0.10303535466359919,0,0
0,0.36748502,0.06572238381604081,0,0
0,0.35398257,0.05549115132378339,0,0
1,0.3862529,0.08286882619396317,0,0
0,0.4415438,0.15889489511108879,0,0
0,0.3692607,0.067191794962146,0,0
0,0.3909059,0.08770967230238307,0,0
0,0.35730436,0.05785973383495036,0,0
0,0.3675013,0.06573571264534024,0,0
1,0.7506815,0.9210772649117892,1,1
0,0.5065958,0.3102922372286118,1,0
0,0.3727118,0.07013518808236086,0,0
0,0.41729677,0.12026727779403694,0,0
1,0.96769285,0.9952825615104575,1,1
1,0.5679455,0.5048953854909649,1,1
0,0.37408212,0.07133664324235296,0,0
0,0.40522572,0.1042456908076131,0,0
0,0.36376867,0.06274326675406824,0,0
0,0.48535505,0.25311242352057794,0,0
0,0.4246802,0.13108323249015502,0,0
0,0.38082767,0.07753226732717859,0,0
0,0.67021567,0.7995927463745882,1,1
1,0.42893007,0.1376761889698696,0,0
1,0.9648077,0.9950983802958728,1,1
1,0.44180012,0.1593523883932566,0,0
0,0.37785736,0.07474557431672367,0,0
0,0.3768222,0.07379623574256863,0,0
0,0.3628265,0.06200826457892969,0,0
0,0.3839974,0.08061076501362054,0,0
0,0.42804313,0.13627762223496823,0,0
0,0.41091228,0.11154425015392133,0,0
0,0.45036846,0.17526507857018217,0,0
0,0.4257092,0.13265450369777318,0,0
0,0.3725101,0.06995992798316222,0,0
0,0.35975218,0.05966551704991807,0,0
0,0.50140274,0.29566586039741954,1,0
0,0.38628188,0.08289819782622833,0,0
1,0.50816566,0.31479138999415057,1,0
0,0.39177874,0.08864577663036158,0,0
0,0.50996083,0.3199791569782451,1,0
0,0.54198056,0.41902905413149255,1,0
0,0.4346615,0.14700644944213612,0,0
0,0.4081359,0.10792657582504193,0,0
0,0.38140345,0.07808335317053629,0,0
0,0.44335303,0.16214684581258107,0,0
0,0.3607436,0.06041182594106887,0,0
0,0.415097,0.11719718650965695,0,0
0,0.38517332,0.08178091913811084,0,0
1,0.39528352,0.09249592946052697,0,0
0,0.52231336,0.35684164921965195,1,0
0,0.48032784,0.24064653744109216,0,0
1,0.45385817,0.18209558024929728,0,0
0,0.36494803,0.06367476602435697,0,0
0,0.3664376,0.064869700254324,0,0
0,0.40862533,0.10855675233419955,0,0
0,0.37557963,0.07267132910546432,0,0
0,0.36240554,0.06168247416362677,0,0
0,0.44563717,0.1663287857120376,0,0
1,0.41051736,0.11102328095311237,0,0
0,0.3910462,0.08785954457915965,0,0
0,0.44517103,0.16546839754992554,0,0
0,0.41552204,0.11778504516944148,0,0
1,0.95918906,0.9947189206185985,1,1
0,0.46074525,0.1961791859683457,0,0
0,0.44887727,0.17240846745809185,0,0
0,0.39535037,0.09257080284310933,0,0
0,0.38152483,0.0781999885718587,0,0
0,0.41216224,0.11320733022089392,0,0
1,0.96015817,0.9947863954062874,1,1
1,0.46111086,0.19694937659273457,0,0
0,0.39856902,0.09624088532125764,0,0
0,0.45636156,0.18712183599098714,0,0
0,0.38888943,0.08558117715428722,0,0
1,0.51970947,0.3489104772579333,1,0
0,0.50174093,0.296606164207454,1,0
0,0.37543324,0.07253984842322277,0,0
0,0.39791396,0.0954835696428167,0,0
0,0.37560496,0.07269410353993029,0,0
0,0.43185338,0.14237131142262205,0,0
0,0.3890083,0.08570535440180055,0,0
0,0.47461224,0.22699142126704472,0,0
1,0.9674124,0.995264965415046,1,1
0,0.46666363,0.20892732673045153,0,0
1,0.96896243,0.9953614100538754,1,1
0,0.40045822,0.09845513853636048,0,0
1,0.37791583,0.0747995326939869,0,0
0,0.37219492,0.06968686898278509,0,0
0,0.37170622,0.06926544222886384,0,0
0,0.4505145,0.17554681933756497,0,0
0,0.4040235,0.10275771688393817,0,0
0,0.44784442,0.17045155117107777,0,0
1,0.3668694,0.06521995189386685,0,0
0,0.3764149,0.07342574481796985,0,0
0,0.39753014,0.095042307195516,0,0
0,0.36942133,0.06732621664041574,0,0
0,0.35606283,0.05696356099116609,0,0
0,0.36849678,0.06655593375266236,0,0
0,0.37108764,0.06873539805143576,0,0
1,0.9596541,0.9947514066078097,1,1
0,0.38621542,0.08283082634557286,0,0
0,0.40911263,0.10918737404977455,0,0
0,0.3436476,0.048693150649038446,0,0
0,0.35231036,0.05433360977952713,0,0
0,0.41129538,0.11205169199646814,0,0
0,0.37808764,0.07495828733551921,0,0
0,0.39144439,0.08828613344012327,0,0
1,0.97213393,0.9955526949281518,1,1
0,0.40738326,0.1069638144815064,0,0
0,0.3733428,0.07068609593083941,0,0
0,0.39286944,0.08982819457638222,0,0
0,0.41143253,0.11223384238828395,0,0
0,0.4789166,0.23722342225968662,0,0
0,0.36861402,0.06665315764646415,0,0
0,0.41004583,0.11040402192573866,0,0
0,0.39933735,0.09713599913391213,0,0
0,0.35599706,0.056916449341775456,0,0
1,0.47769576,0.23428940649591107,0,0
1,0.95429045,0.9943643309865815,1,1
0,0.36830264,0.06639523793063658,0,0
1,0.9677398,0.9952855021600376,1,1
0,0.39022264,0.086983154571656,0,0
1,0.39283746,0.08979332642179016,0,0
1,0.4002339,0.0981898643420586,0,0
0,0.37409297,0.07134622992776722,0,0
0,0.45209026,0.17860967193480173,0,0
0,0.38447556,0.08108471884393255,0,0
0,0.3752046,0.07233492881328646,0,0
0,0.3855039,0.08211264417454128,0,0
1,0.38145196,0.07812995385280211,0,0
0,0.37481195,0.07198426867933042,0,0
0,0.46373057,0.20253471335800408,0,0
1,0.95205534,0.9941947700129371,1,1
0,0.36613217,0.0646229856633133,0,0
0,0.37958944,0.07635919901029606,0,0
1,0.96587944,0.995167618888793,1,1
1,0.96309274,0.9949855300770516,1,1
0,0.3780237,0.07489918290422913,0,0
1,0.962869,0.9949706166657732,1,1
1,0.5044243,0.30412759185513716,1,0
0,0.42108616,0.1257187002192169,0,0
1,0.62110066,0.6745006770206652,1,1
0,0.36716774,0.06546299766685437,0,0
1,0.53732663,0.4039968986586486,1,0
0,0.38609117,0.08270500849601821,0,0
0,0.3638166,0.06278086800604075,0,0
0,0.4003621,0.09834140172457922,0,0
1,0.9656339,0.9951518444901825,1,1
0,0.41440314,0.11624300432754027,0,0
0,0.457342,0.18911922692061398,0,0
0,0.4435996,0.16259419184778098,0,0
0,0.44657132,0.1680638016659403,0,0
0,0.38937408,0.08608843653951741,0,0
0,0.36742738,0.0656751916516752,0,0
0,0.36895886,0.06693988534032423,0,0
0,0.3678688,0.06603742875649762,0,0
1,0.43252096,0.14346205168431514,0,0
0,0.40527785,0.10431063278400828,0,0
0,0.44798246,0.17071207288892015,0,0
0,0.39768687,0.09522227104190079,0,0
0,0.48395103,0.24958835668568638,0,0
0,0.37865856,0.07548805272890409,0,0
0,0.36185032,0.06125522211302668,0,0
0,0.43984076,0.1558823798648485,0,0
0,0.36899537,0.06697030759809937,0,0
1,0.8007615,0.9579157091946073,1,1
0,0.36801726,0.06615965896310685,0,0
0,0.3717593,0.06931109929382771,0,0
1,0.6759483,0.8115660331337976,1,1
0,0.70397085,0.8622383823780809,1,1
0,0.43738443,0.15161953636479272,0,0
1,0.6033718,0.6206079021414423,1,1
0,0.40185463,0.10012088135063982,0,0
1,0.3977292,0.09527091592788571,0,0
0,0.34178045,0.04755235143734198,0,0
0,0.37069407,0.06840011556298477,0,0
0,0.4227219,0.12813652946327586,0,0
0,0.36435285,0.06320307349531147,0,0
1,0.651538,0.756689056100189,1,1
0,0.41985524,0.12392507621043804,0,0
1,0.49659678,0.28249300975759983,0,0
0,0.35299036,0.054801550009829315,0,0
1,0.38798147,0.0846381407955848,0,0
0,0.3876587,0.08430515938363,0,0
0,0.39895576,0.09669052056399705,0,0
1,0.96408737,0.9950512913477585,1,1
0,0.42622572,0.13344925427803034,0,0
1,0.38659835,0.08321969720562201,0,0
0,0.39520916,0.09241270798808181,0,0
0,0.40629214,0.10558147824591256,0,0
1,0.7341131,0.903442217566692,1,1
0,0.44059232,0.15720604141486072,0,0
0,0.37709835,0.07404840031778699,0,0
0,0.48253125,0.24605817402329827,0,0
1,0.96549135,0.9951426604185181,1,1
0,0.3867837,0.08340850878891441,0,0
0,0.35544887,0.05652522433795912,0,0
0,0.36467338,0.06345668817209665,0,0
0,0.38743833,0.08407852651046686,0,0
0,0.42646956,0.13382583363499947,0,0
0,0.36606705,0.06457050128033198,0,0
0,0.43874377,0.1539666505820364,0,0
0,0.39451793,0.09164227864827645,0,0
0,0.4255342,0.13238615659705544,0,0
0,0.42201415,0.12708555423073703,0,0
1,0.3712679,0.06888948175657274,0,0
0,0.39255342,0.08948414261518553,0,0
1,0.97803694,0.995888056922076,1,1
0,0.45327798,0.18094577806273993,0,0
0,0.4365728,0.15023218243489792,0,0
0,0.37140012,0.06900268139580168,0,0
0,0.5291854,0.3781440313116056,1,0
0,0.41699556,0.11984282735622222,0,0
0,0.39409158,0.09116996379463732,0,0
0,0.37136775,0.06897495249909183,0,0
0,0.48340493,0.24822653589442115,0,0
0,0.41784948,0.12104950559131174,0,0
0,0.40627915,0.10556511179555811,0,0
0,0.36816815,0.06628411679480319,0,0
0,0.35051304,0.05311486033465871,0,0
1,0.38731605,0.08395300463894477,0,0
0,0.4863322,0.25558441195947973,0,0
0,0.4089028,0.10891542520873788,0,0
0,0.35642257,0.057221883032236194,0,0
1,0.9547424,0.9943980116270601,1,1
0,0.49525908,0.27889037551775664,0,0
0,0.37814865,0.07501473139007402,0,0
0,0.3722528,0.06973693496950698,0,0
1,0.5525934,0.4538325998283779,1,0
0,0.37118962,0.06882252600678701,0,0
1,0.51324904,0.3295973842539431,1,0
0,0.49051678,0.2663483590553534,0,0
0,0.3616961,0.06113703279811117,0,0
0,0.35828418,0.05857631274486847,0,0
0,0.38926739,0.08597653260123811,0,0
0,0.49493566,0.2780236151488362,0,0
0,0.35971564,0.059638178705210654,0,0
1,0.6624876,0.782563401506367,1,1
0,0.4131302,0.11451000712087869,0,0
1,0.5176892,0.34281390266230594,1,0
1,0.60211337,0.6166476337720693,1,1
0,0.4477372,0.1702494036992848,0,0
0,0.398168,0.09577662725813628,0,0
0,0.47157246,0.21995560264024916,0,0
1,0.9650159,0.9951119074483006,1,1
1,0.95973504,0.9947570407066435,1,1
0,0.38447797,0.0810871180886154,0,0
0,0.35353282,0.055177563574907926,0,0
0,0.4362228,0.14963715211503392,0,0
0,0.37863573,0.07546680401958862,0,0
1,0.59260255,0.5862488489584142,1,1
0,0.42811444,0.13638963328123177,0,0
0,0.4741534,0.22591929874350888,0,0
0,0.47063667,0.21782141761682733,0,0
1,0.96467805,0.9950899384788076,1,1
1,0.9637512,0.9950291614172512,1,1
0,0.43925995,0.15486566246862146,0,0
0,0.41178504,0.11270319005575499,0,0
0,0.3672175,0.0655036235975029,0,0
0,0.44193542,0.15959430437194036,0,0
0,0.40173626,0.09997870969061694,0,0
0,0.40373582,0.102404457578179,0,0
0,0.43656182,0.15021350754597323,0,0
0,0.37882075,0.07563917111944518,0,0
0,0.65249676,0.7590358239023338,1,1
1,0.44263542,0.16085062645643247,0,0
0,0.35346493,0.055130372412384235,0,0
0,0.37548694,0.07258805750412271,0,0
1,0.7042987,0.862756978630944,1,1
0,0.43076944,0.14061501095512788,0,0
0,0.3915881,0.08844054869032178,0,0
1,0.96686536,0.9952304526676067,1,1
0,0.37911934,0.07591811441071472,0,0
0,0.41156578,0.11241105538318703,0,0
0,0.35366845,0.05527195624043501,0,0
1,0.9674567,0.995267748476538,1,1
0,0.35809785,0.05843940788275787,0,0
0,0.35705805,0.057680890317197496,0,0
0,0.36023247,0.06002597748963117,0,0
0,0.49223378,0.27084761578632194,0,0
0,0.39112508,0.08794390954350667,0,0
1,0.4636522,0.20236590222051098,0,0
0,0.37154874,0.06913014730174986,0,0
0,0.3596612,0.05959746054131078,0,0
0,0.41405964,0.115773127796997,0,0
1,0.95934516,0.994729847857446,1,1
0,0.4109098,0.11154098032755315,0,0
0,0.48955858,0.26385826269246715,0,0
0,0.41315085,0.11453794385468351,0,0
0,0.35043386,0.05306176344417475,0,0
0,0.4397869,0.15578788244264902,0,0
1,0.96305096,0.9949827485787451,1,1
0,0.38447565,0.0810848077036925,0,0
0,0.47320783,0.2237212011534667,0,0
1,0.5181365,0.34415928266731066,1,0
0,0.4356586,0.148682069806074,0,0
0,0.3569932,0.0576338909667147,0,0
0,0.3677422,0.0659333516863904,0,0
1,0.66242033,0.7824106254032036,1,1
1,0.9747649,0.9957054026610597,1,1
0,0.3674863,0.06572343343122773,0,0
0,0.3709668,0.06863228546645124,0,0
0,0.53061277,0.3826314123396197,1,0
0,0.40371063,0.10237358538882671,0,0
0,0.3979169,0.09548696868371669,0,0
0,0.36566567,0.06424787094962744,0,0
0,0.37603572,0.07308238427920663,0,0
0,0.36374483,0.06272456749208653,0,0
1,0.9569218,0.9945576507931703,1,1
0,0.40931582,0.10945127743266893,0,0
0,0.36464095,0.06343098886930665,0,0
0,0.3899268,0.0866702634010593,0,0
0,0.36535662,0.06400047792903042,0,0
1,0.79318553,0.9536479969817299,1,1
0,0.37640637,0.07341801013112041,0,0
0,0.45547277,0.18532521114713799,0,0
0,0.35599732,0.056916641385598196,0,0
0,0.43064165,0.14040914841668817,0,0
0,0.39888382,0.09660673700181077,0,0
0,0.34149364,0.04737937527209589,0,0
0,0.36589488,0.06443192704070745,0,0
0,0.37790316,0.07478784142548615,0,0
0,0.34439883,0.04915942729426311,0,0
0,0.43751654,0.15184635531010562,0,0
0,0.43832675,0.15324345146708812,0,0
0,0.3663006,0.06475893274889737,0,0
1,0.39508682,0.09227593082893389,0,0
0,0.37868884,0.07551624487233558,0,0
0,0.47447425,0.2266686271374254,0,0
0,0.52924275,0.3783239025634076,1,0
1,0.773808,0.9407858919952897,1,1
0,0.38136303,0.07804455777320926,0,0
0,0.409091,0.10915930578296075,0,0
1,0.81538016,0.9651113305094822,1,1
0,0.47438872,0.22646869958184213,0,0
0,0.36220706,0.06152941791210361,0,0
1,0.57175714,0.5175990701451195,1,1
1,0.45489106,0.18415656177460465,0,0
0,0.4196605,0.12364335180109683,0,0
0,0.44333962,0.16212254438121865,0,0
0,0.35829625,0.05858519170722982,0,0
1,0.73723984,0.9070198014633832,1,1
0,0.5217386,0.3550840240599187,1,0
0,0.3840006,0.08061391749955225,0,0
0,0.38187814,0.07854037911487766,0,0
1,0.43588603,0.14906645244621589,0,0
0,0.4609776,0.1966684211793226,0,0
0,0.40361384,0.10225499601901028,0,0
1,0.5434722,0.4238803491027355,1,0
1,0.95754594,0.9946025270664317,1,1
1,0.36157495,0.06104434377368031,0,0
0,0.3720183,0.06953429843790036,0,0
0,0.39249033,0.08941559796105011,0,0
0,0.4909674,0.2675245285899721,0,0
1,0.7406601,0.910796546400201,1,1
0,0.36462495,0.0634183081393991,0,0
0,0.37851375,0.07535335796280142,0,0
0,0.42823228,0.13657488116022176,0,0
0,0.45557627,0.1855337473148472,0,0
0,0.36765507,0.06586180155329209,0,0
0,0.42765677,0.13567215220964043,0,0
0,0.43433067,0.1464539438047074,0,0
0,0.40898862,0.10902658927641154,0,0
0,0.36114666,0.06071771248977765,0,0
0,0.38232893,0.07897665706968036,0,0
0,0.40614492,0.10539617277087418,0,0
0,0.37745926,0.07437915645269386,0,0
0,0.4519832,0.17840027962605312,0,0
0,0.36739293,0.06564699876419851,0,0
0,0.36971623,0.0675736385573025,0,0
0,0.5286578,0.37649049571650106,1,0
0,0.36057317,0.060282907579907515,0,0
0,0.3729698,0.07035995629303071,0,0
0,0.35691565,0.05757773765777305,0,0
0,0.4070727,0.10656874148994386,0,0
0,0.3546624,0.05596834467136862,0,0
1,0.43034905,0.13993874577319979,0,0
0,0.36757135,0.06579313343947447,0,0
0,0.3641153,0.06301571879487267,0,0
0,0.45645398,0.1873094167773206,0,0
1,0.64238244,0.7335066153230833,1,1
0,0.5513773,0.449814876539045,1,0
1,0.37470978,0.07189328790703368,0,0
1,0.96399075,0.9950449410124853,1,1
1,0.4258097,0.13280885615488272,0,0
1,0.37197754,0.06949912190327172,0,0
0,0.376024,0.07307180182000543,0,0
0,0.37539476,0.07250532832307843,0,0
0,0.3523624,0.0543692839819222,0,0
0,0.35710636,0.05771592562459626,0,0
0,0.3751229,0.07226184602667333,0,0
0,0.6263889,0.6897929477523883,1,1
1,0.43868917,0.15387180888016141,0,0
1,0.7735055,0.9405607151599947,1,1
0,0.38096297,0.07766144570836098,0,0
0,0.41271204,0.11394565394302938,0,0
0,0.43855655,0.1536416337174438,0,0
0,0.4480342,0.1708097937218238,0,0
0,0.36535114,0.06399609633645564,0,0
0,0.36152142,0.061003433732643365,0,0
0,0.35643494,0.057230783659918245,0,0
0,0.41919717,0.12297522785014008,0,0
0,0.3714375,0.06903471268507876,0,0
0,0.41588363,0.11828715932100413,0,0
0,0.38416803,0.08077959580421283,0,0
0,0.34522375,0.04967632573127304,0,0
1,0.96040946,0.9948037513251315,1,1
0,0.3992873,0.09707747895555517,0,0
0,0.37214392,0.06964278587772735,0,0
1,0.7898572,0.9516455342055459,1,1
0,0.36477298,0.06353568920602375,0,0
1,0.9686405,0.9953415415919373,1,1
0,0.39312676,0.09010920904477547,0,0
1,0.4686129,0.21325724528317314,0,0
0,0.3893693,0.08608343243102241,0,0
0,0.45589602,0.18617911415975869,0,0
0,0.41911268,0.12285373039150747,0,0
0,0.3705611,0.06828717432685089,0,0
1,0.9640765,0.9950505787589077,1,1
0,0.36706164,0.06537647209073309,0,0
0,0.3771198,0.07406802752856664,0,0
0,0.38742113,0.08406086422544398,0,0
0,0.37118423,0.06881791498317413,0,0
0,0.56247675,0.4866620491099631,1,0
1,0.4318569,0.14237703912250066,0,0
0,0.35922906,0.05927522277284508,0,0
0,0.39710936,0.09456065756767307,0,0
1,0.9691102,0.9953705011977213,1,1
0,0.41073328,0.11130785711562009,0,0
0,0.38642997,0.08304849770628989,0,0
0,0.366545,0.06495663995399338,0,0
0,0.404198,0.102972510707318,0,0
0,0.3842489,0.08085974455936915,0,0
0,0.40595618,0.10515903387318662,0,0
0,0.36011845,0.05994021870319535,0,0
1,0.9657519,0.9951594297864831,1,1
1,0.41328877,0.1147246634228445,0,0
0,0.37002933,0.06783726127547372,0,0
0,0.4486524,0.17198087138200102,0,0
0,0.4197184,0.12372706999993757,0,0
0,0.36570913,0.06428272521640613,0,0
0,0.44143283,0.15869719671165117,0,0
0,0.36443904,0.06327117696108304,0,0
0,0.42143863,0.12623637731326762,0,0
1,0.718098,0.883133800035478,1,1
0,0.38743785,0.08407803669630023,0,0
0,0.387015,0.08364471279926888,0,0
0,0.4176897,0.12082294119817664,0,0
0,0.38373357,0.0803503229567382,0,0
0,0.4920309,0.2703134666629714,0,0
0,0.4089803,0.10901581590293591,0,0
0,0.35947904,0.05946143220430907,0,0
0,0.38160038,0.07827266191557661,0,0
1,0.38315696,0.07978380502964201,0,0
0,0.42318225,0.12882411420191875,0,0
0,0.36924034,0.06717477935522352,0,0
0,0.4650763,0.2054494528208088,0,0
0,0.36525962,0.06392300784860801,0,0
1,0.96219075,0.9949251414866734,1,1
0,0.36748314,0.06572084603588488,0,0
0,0.36930764,0.06723104824851883,0,0
1,0.50406015,0.3031006616901863,1,0
0,0.366836,0.06519281294410642,0,0
0,0.5132209,0.3295144693026396,1,0
0,0.3550127,0.05621575743921644,0,0
0,0.4154756,0.11772070260198764,0,0
0,0.44720772,0.16925404419682838,0,0
0,0.35557026,0.05661163513956722,0,0
0,0.44649372,0.16791911612953656,0,0
0,0.36808613,0.06621644062612803,0,0
0,0.38250133,0.07914409830979195,0,0
1,0.96753824,0.9952728683484529,1,1
0,0.3610776,0.060665203818710496,0,0
0,0.3723171,0.06979260860146962,0,0
1,0.96268266,0.9949581644252083,1,1
1,0.9167181,0.9907314395753918,1,1
0,0.3659826,0.06450248682859365,0,0
0,0.41852108,0.12200588032068961,0,0
1,0.54563916,0.43095422674793454,1,0
0,0.5183316,0.3447468788301945,1,0
0,0.36158225,0.06104992647429322,0,0
0,0.37321684,0.07057579363188647,0,0
0,0.37933385,0.07611909953559162,0,0
0,0.43258497,0.1435670105941049,0,0
1,0.809581,0.9624108830103351,1,1
1,0.9631304,0.9949880364750305,1,1
1,0.45973232,0.1940573038427636,0,0
0,0.5203934,0.35098570003402985,1,0
1,0.97018987,0.9954363939260903,1,1
0,0.403273,0.10183838243256617,0,0
1,0.9669891,0.9952382810565357,1,1
0,0.40864897,0.10858726263542354,0,0
0,0.37135836,0.06896691151758118,0,0
0,0.3586844,0.05887139533839611,0,0
0,0.35454312,0.055884346756885105,0,0
0,0.36920878,0.06714840435145993,0,0
1,0.9676527,0.9952800448363682,1,1
0,0.35788396,0.05828261760609105,0,0
0,0.36409944,0.06300323283682009,0,0
0,0.3590565,0.059147006545546936,0,0
0,0.36440575,0.06324486471480623,0,0
0,0.3584853,0.058724438349746076,0,0
0,0.3886941,0.08537750572458233,0,0
0,0.36004618,0.059885922372383285,0,0
1,0.45616496,0.18672326183487636,0,0
1,0.9655755,0.9951480838766696,1,1
0,0.38549396,0.08210266743099603,0,0
0,0.3814562,0.07813401973820153,0,0
1,0.9688015,0.995351488227757,1,1
0,0.44622952,0.1674272972466747,0,0
0,0.36595768,0.06448243602913609,0,0
0,0.3965983,0.09397861846193463,0,0
0,0.35384363,0.055394097318674194,0,0
0,0.5327886,0.3895102661548279,1,0
0,0.3555991,0.056632190014899254,0,0
0,0.45604497,0.18648034258308588,0,0
0,0.40893102,0.10895196713281917,0,0
0,0.36728108,0.06555554698101987,0,0
0,0.4259773,0.1330665093643474,0,0
0,0.36899433,0.06696943821266199,0,0
0,0.43233597,0.14315911459641179,0,0
0,0.40465498,0.10353693107697597,0,0
1,0.76500547,0.9338962519202684,1,1
1,0.36014545,0.059960516084096055,0,0
0,0.35947785,0.05946054292518237,0,0
0,0.43308586,0.14439046825624696,0,0
1,0.96955013,0.9953974643841279,1,1
0,0.44676676,0.16842862325280616,0,0
0,0.4345033,0.146742001341566,0,0
0,0.41181216,0.11273937072058259,0,0
1,0.437494,0.15180765410988928,0,0
1,0.9661598,0.995185571179181,1,1
0,0.37326723,0.0706199006706472,0,0
0,0.35942245,0.05941922741991295,0,0
0,0.3671929,0.06548352664487478,0,0
1,0.9612948,0.9948644396872375,1,1
0,0.38790315,0.08455723772396014,0,0
1,0.7813982,0.94618063327398,1,1
0,0.40604135,0.1052659932007512,0,0
1,0.44802323,0.17078907499754006,0,0
0,0.38820663,0.08487111313031075,0,0
0,0.383768,0.08038425772511104,0,0
1,0.95219076,0.9942051862477606,1,1
0,0.41199997,0.11299021009600402,0,0
0,0.37881017,0.07562930469455864,0,0
0,0.47835428,0.23586887929776804,0,0
0,0.40085158,0.0989218526308071,0,0
1,0.9615638,0.9948827434918804,1,1
0,0.4010566,0.09916587267621299,0,0
0,0.38940057,0.08611624541687486,0,0
1,0.96880406,0.9953516464074313,1,1
1,0.39981323,0.09769412586148779,0,0
0,0.37525266,0.07237796778646759,0,0
1,0.5010118,0.29458105155008557,1,0
0,0.3820435,0.07870017182933478,0,0
1,0.9694408,0.9953907793143866,1,1
1,0.62964064,0.6989969364508561,1,1
1,0.9586608,0.9946817741250091,1,1
1,0.6518897,0.7575516509657929,1,1
0,0.4323134,0.1431222051439613,0,0
0,0.38838935,0.08506060128605322,0,0
0,0.44806248,0.17086323246707424,0,0
1,0.9673962,0.9952639461750385,1,1
0,0.36876,0.06677438990849811,0,0
0,0.4354771,0.14837589643678517,0,0
0,0.3802761,0.0770077145792379,0,0
1,0.6268617,0.6911407660697093,1,1
0,0.35449997,0.055853983937809853,0,0
0,0.3790242,0.07582914223143011,0,0
0,0.3944059,0.09151796200370521,0,0
0,0.49669752,0.28276543452869385,0,0
0,0.37137657,0.06898250926010906,0,0
1,0.9616052,0.9948855518283646,1,1
0,0.3994604,0.09728004599062286,0,0
0,0.40757,0.10720198646385194,0,0
0,0.54312766,0.42275851063909503,1,0
0,0.38653442,0.08315466424369414,0,0
0,0.37061226,0.06833061421131531,0,0
0,0.43166938,0.14207189450469015,0,0
0,0.39070776,0.0874984364913139,0,0
0,0.47668168,0.23187146713631118,0,0
0,0.53402656,0.3934441014557771,1,0
0,0.36643827,0.06487023078136986,0,0
0,0.40094185,0.09902923497624648,0,0
0,0.36400622,0.06292986581974304,0,0
0,0.41908902,0.12281972104033267,0,0
0,0.36551285,0.064125423147033,0,0
0,0.55151856,0.4502812470870676,1,0
0,0.3957392,0.09300740345986454,0,0
0,0.38581276,0.08242370387904704,0,0
0,0.3454381,0.04981147045098623,0,0
1,0.96806514,0.9953058202431405,1,1
0,0.42886922,0.13757984458951963,0,0
0,0.3591192,0.059193568327521894,0,0
0,0.37674403,0.07372499716894396,0,0
1,0.9647226,0.9950928394361859,1,1
0,0.3612726,0.06081359308400286,0,0
1,0.63642484,0.7176874734719598,1,1
0,0.43658605,0.15025476739424046,0,0
0,0.42596427,0.13304647029845637,0,0
1,0.34639853,0.05042133620397305,0,0
0,0.44012845,0.1563879772344432,0,0
0,0.40132073,0.09948106113992983,0,0
0,0.40790698,0.10763294882264865,0,0
0,0.3667861,0.06515224527883524,0,0
1,0.4316029,0.14196382828921475,0,0
0,0.39948186,0.09730518386437553,0,0
1,0.37796667,0.07484647972871498,0,0
0,0.36153528,0.061014023237549314,0,0
0,0.36445197,0.06328140309379775,0,0
1,0.39215434,0.0890513630698845,0,0
0,0.3684765,0.06653914175819367,0,0
1,0.43526444,0.14801779831473447,0,0
1,0.9619298,0.9949075364211658,1,1
0,0.3519234,0.054069012505308045,0,0
0,0.4809044,0.24205468741183708,0,0
0,0.41794378,0.12118339310529162,0,0
1,0.9619735,0.9949104882321441,1,1
1,0.70279294,0.8603614202891813,1,1
0,0.43454406,0.14681010548069412,0,0
0,0.3794085,0.07618915949108124,0,0
0,0.5084576,0.3156319648640674,1,0
0,0.45069155,0.1758888936020758,0,0
1,0.9682484,0.9953172289062071,1,1
1,0.7887506,0.9509617384256186,1,1
0,0.37837598,0.07522541024032017,0,0
1,0.7163674,0.8807302117901344,1,1
0,0.4386328,0.1537739111854978,0,0
0,0.40651396,0.1058612169257726,0,0
0,0.43369874,0.14540338560865468,0,0
0,0.41425943,0.11604622630993569,0,0
0,0.36439812,0.06323883577167135,0,0
0,0.45261124,0.17963145640018297,0,0
1,0.9633908,0.9950053290814541,1,1
0,0.3587505,0.0589202665317778,0,0
0,0.3819129,0.07857393138190771,0,0
0,0.41077742,0.11136610776593692,0,0
0,0.38522288,0.08183057606052463,0,0
1,0.7676292,0.9360242687064758,1,1
1,0.45306122,0.18051768012706365,0,0
1,0.4386148,0.15374266916734064,0,0
1,0.6409241,0.7296868752769015,1,1
0,0.43848985,0.15352598025701727,0,0
0,0.4161584,0.11866995974253325,0,0
0,0.360067,0.05990156842414472,0,0
0,0.6220062,0.6771469030000539,1,1
1,0.40442285,0.10324988909886529,0,0
1,0.968525,0.9953343917110823,1,1
1,0.9683887,0.9953259402104078,1,1
1,0.568016,0.5051305004486553,1,1
0,0.3678114,0.06599022236657624,0,0
1,0.96543545,0.9951390542485115,1,1
0,0.45199555,0.17842440357027514,0,0
0,0.43463093,0.14695531233650372,0,0
0,0.43044907,0.14009939072818087,0,0
0,0.43066883,0.14045291149075614,0,0
0,0.36299515,0.06213923867263378,0,0
0,0.47154102,0.21988365360507175,0,0
0,0.47112846,0.218941152904598,0,0
0,0.50117177,0.2950246845683119,1,0
0,0.39833537,0.09597014619203008,0,0
0,0.4109099,0.11154109851258828,0,0
0,0.36809918,0.06622720746324808,0,0
0,0.40637597,0.10568712568540263,0,0
1,0.96677196,0.9952245351853174,1,1
1,0.45808902,0.19065204537939628,0,0
1,0.81243664,0.9637648665946404,1,1
0,0.36362746,0.06263259615164066,0,0
0,0.47322625,0.2237638701072094,0,0
0,0.41345254,0.11494670664167923,0,0
1,0.8088061,0.9620351823857693,1,1
0,0.39038497,0.08715527360492113,0,0
0,0.5028102,0.2995903814170725,1,0
1,0.7891542,0.9512121739863597,1,1
0,0.3620704,0.06142425443899228,0,0
0,0.39280173,0.08975437821018857,0,0
0,0.38047677,0.07719817371436039,0,0
0,0.4347419,0.14714099137689188,0,0
0,0.37293443,0.07032909797629304,0,0
0,0.36004066,0.059881782069189746,0,0
0,0.40486038,0.10379150496637586,0,0
0,0.38860026,0.08527980410442226,0,0
0,0.3878218,0.08447326891373814,0,0
0,0.4459066,0.166827748931261,0,0
1,0.9549187,0.9944110972656818,1,1
0,0.3709657,0.06863134527178298,0,0
1,0.9078444,0.9895789347523423,1,1
0,0.4040135,0.10274543923573225,0,0
0,0.43251854,0.14345809498676268,0,0
0,0.39257538,0.0895080164668831,0,0
1,0.9701065,0.9954313382656609,1,1
0,0.37203658,0.06955006636679145,0,0
1,0.5285635,0.37619528288784737,1,0
1,0.5144724,0.3332131598228157,1,0
0,0.45871815,0.19195030183187456,0,0
0,0.37071645,0.06841914173125971,0,0
1,0.96187335,0.9949037203045208,1,1
0,0.5181552,0.34421563392028687,1,0
0,0.4371092,0.15114791190912447,0,0
0,0.3785031,0.07534347039155787,0,0
0,0.37666613,0.07365406600356626,0,0
1,0.49011743,0.2653087437527381,0,0
0,0.43854252,0.15361728785715079,0,0
0,0.39680344,0.09421185518214825,0,0
0,0.36981532,0.06765696846714506,0,0
0,0.4001439,0.09808360958324497,0,0
1,0.48259348,0.24621219037421638,0,0
0,0.36947137,0.06736814030832013,0,0
1,0.57030666,0.5127666298552069,1,1
0,0.36107412,0.06066255345037728,0,0
0,0.38720447,0.08383861410388703,0,0
1,0.94939,0.9939859296079394,1,1
0,0.3583277,0.05860832678245386,0,0
1,0.9707436,0.9954698248401603,1,1
1,0.86259943,0.9811077994172721,1,1
0,0.36598164,0.0645017192270428,0,0
0,0.5068041,0.3108872291831033,1,0
0,0.44651657,0.16796172246630728,0,0
0,0.5424619,0.42059279426615626,1,0
0,0.42006505,0.12422923426664795,0,0
0,0.45283446,0.1800706505345389,0,0
1,0.9679215,0.9952968594860689,1,1
0,0.39882782,0.09654156675658786,0,0
0,0.36540517,0.06403928150278855,0,0
0,0.42950523,0.13858954469752358,0,0
1,0.5937959,0.5901045305671597,1,1
0,0.36132675,0.06085486117108387,0,0
1,0.36759812,0.06581507848343254,0,0
0,0.3869312,0.08355907120437094,0,0
1,0.5622619,0.4859460402551906,1,0
0,0.46106544,0.1968535751754051,0,0
0,0.3645632,0.06336940203490192,0,0
1,0.39448687,0.09160780269975688,0,0
1,0.60621226,0.6294872579290863,1,1
0,0.48843282,0.2609519061642582,0,0
1,0.38537157,0.08197971165177967,0,0
0,0.3671882,0.0654796830869441,0,0
0,0.37388414,0.07116189500354202,0,0
1,0.9627767,0.9949644541263234,1,1
0,0.35767052,0.05812654847884927,0,0
0,0.36172885,0.061162114482743245,0,0
1,0.38436723,0.08097711564391127,0,0
1,0.55683434,0.46788728936465857,1,0
0,0.39033616,0.08710348229385156,0,0
0,0.35663104,0.057372080739398486,0,0
0,0.3558737,0.05682819502220351,0,0
0,0.48114505,0.24264410413509885,0,0
0,0.37963873,0.07640558535247374,0,0
0,0.40212727,0.10044900361542343,0,0
0,0.3579641,0.05834131579255183,0,0
0,0.35907742,0.05916253807620417,0,0
0,0.3527197,0.05461483959163282,0,0
1,0.51033443,0.32106448486626327,1,0
0,0.39192137,0.08879960166585937,0,0
0,0.41886294,0.12249519844208884,0,0
0,0.4386762,0.15384929617614224,0,0
1,0.96957827,0.99539918329802,1,1
0,0.3647189,0.06349279696421396,0,0
1,0.3856172,0.08222663109369202,0,0
0,0.41318282,0.11458121113929305,0,0
0,0.35476756,0.05604251332550171,0,0
0,0.5083749,0.31539381080091955,1,0
0,0.40219694,0.10053301659332382,0,0
0,0.43113422,0.14120402993641779,0,0
1,0.96506363,0.9951150041979739,1,1
0,0.39900327,0.09674587965457082,0,0
0,0.4010965,0.09921343351243522,0,0
0,0.41092172,0.11155673929833483,0,0
1,0.38257405,0.07921481900182419,0,0
1,0.96799135,0.9953012192899001,1,1
0,0.3614232,0.060928422747783116,0,0
1,0.44366488,0.16271276376665553,0,0
1,0.9653432,0.9951330970872921,1,1
0,0.42949343,0.1385707523835956,0,0
0,0.35592636,0.0568658563471748,0,0
0,0.36602774,0.06453883769890233,0,0
1,0.97130615,0.9955035387051716,1,1
0,0.3910361,0.08784874528383325,0,0
0,0.49121457,0.268171108964861,0,0
0,0.39951938,0.0973491541574822,0,0
1,0.9548704,0.9944075170021944,1,1
1,0.96756583,0.9952745999216231,1,1
0,0.3632634,0.0623480935997784,0,0
0,0.43607935,0.14939385465029295,0,0
0,0.3834412,0.08006262450451086,0,0
0,0.41875574,0.12234157986519503,0,0
1,0.9702473,0.9954398743566111,1,1
0,0.35401502,0.055513845289519866,0,0
1,0.963295,0.9949989714936235,1,1
1,0.96476626,0.9950956843670314,1,1
1,0.9595426,0.994743634297802,1,1
0,0.3515159,0.053791667647036044,0,0
0,0.49826926,0.2870366853981026,0,0
1,0.5043126,0.3038123619642869,1,0
1,0.41440564,0.11624643479826063,0,0
0,0.34896502,0.052085884656583516,0,0
0,0.6140362,0.6534820299328754,1,1
1,0.7397689,0.9098260515877497,1,1
1,0.9629951,0.9949790282584496,1,1
0,0.4376133,0.15201266805035699,0,0
0,0.36904913,0.06701513239564012,0,0
0,0.34835482,0.05168547985352484,0,0
0,0.36754996,0.065775592073023,0,0
1,0.4195033,0.12341631277142615,0,0
0,0.3374881,0.04502536164615045,0,0
0,0.35598534,0.0569080640219468,0,0
0,0.4470802,0.1690150021062564,0,0
0,0.454137,0.18265017358999708,0,0
0,0.37941933,0.07619931679850446,0,0
0,0.42889398,0.13761904547760043,0,0
0,0.43824616,0.15310402203362086,0,0
0,0.5004206,0.2929449367720602,1,0
1,0.60354364,0.6211474489899208,1,1
1,0.4394136,0.15513411663332216,0,0
0,0.44580483,0.1666391381493682,0,0
0,0.51113284,0.32339036305009805,1,0
0,0.3923382,0.0892505019630446,0,0
0,0.35895157,0.05906916315104467,0,0
0,0.39218125,0.0890804873670276,0,0
0,0.3684459,0.06651378836621662,0,0
0,0.5068932,0.311141930461834,1,0
0,0.36261934,0.06184774076102996,0,0
0,0.3765686,0.07356534137326266,0,0
1,0.9632907,0.9949986866372539,1,1
0,0.3890435,0.08574215015323368,0,0
0,0.36116514,0.06073177035643637,0,0
1,0.5001189,0.29211219092605045,1,0
0,0.3689781,0.06695592682575353,0,0
0,0.36196586,0.06134390693806119,0,0
0,0.34969446,0.05256837883763297,0,0
0,0.42743698,0.135328723597895,0,0
0,0.4105194,0.1110259489609393,0,0
0,0.3667904,0.06515575617786173,0,0
0,0.37653655,0.0735362216968174,0,0
0,0.35759458,0.05807111893346741,0,0
0,0.51131,0.3239076056683821,1,0
0,0.37009498,0.0678926610615835,0,0
1,0.52500504,0.36512351258696235,1,0
0,0.34242406,0.047942691506472665,0,0
0,0.3716967,0.06925726740156114,0,0
0,0.36593547,0.06446457268300854,0,0
0,0.48979926,0.26448232309203096,0,0
0,0.37675542,0.07373536804298397,0,0
0,0.3646053,0.06340274972858609,0,0
0,0.3743955,0.07161405679497464,0,0
0,0.43557084,0.14853394553835245,0,0
0,0.37210253,0.06960701792474612,0,0
1,0.7115488,0.8738115563526984,1,1
0,0.3659852,0.06450459777671244,0,0
1,0.9697953,0.9954124215117559,1,1
0,0.37096605,0.06863165019847624,0,0
0,0.36265007,0.061871525752477494,0,0
0,0.40468428,0.10357320693279554,0,0
0,0.4488409,0.17233922214075933,0,0
0,0.35774451,0.058180611761613654,0,0
1,0.62089276,0.6738915356975711,1,1
0,0.3712036,0.06883447523898815,0,0
0,0.37916374,0.07595967870447046,0,0
0,0.3732958,0.07064492597366441,0,0
0,0.45639423,0.1871881169610871,0,0
0,0.37155947,0.06913935720150256,0,0
0,0.37236568,0.06983468776162868,0,0
0,0.42776445,0.13584066528198144,0,0
1,0.97192436,0.9955403009431865,1,1
1,0.46379295,0.20266913126739533,0,0
1,0.42375353,0.12968174359279466,0,0
0,0.40470654,0.10360078114758371,0,0
0,0.36065483,0.06034464081960213,0,0
1,0.9780642,0.9958895445514375,1,1
0,0.42422602,0.1303947251719421,0,0
0,0.44526947,0.16564979298012883,0,0
1,0.9680626,0.9953056605113939,1,1
0,0.36237064,0.06165553717322199,0,0
1,0.8398618,0.9745841770825856,1,1
1,0.43699503,0.1509526197774072,0,0
1,0.4640281,0.20317644569019463,0,0
0,0.38975433,0.08648833210194705,0,0
0,0.37990025,0.07665211233877232,0,0
1,0.38347235,0.08009322646955087,0,0
0,0.5197429,0.3490118091170293,1,0
0,0.40704554,0.10653426550731784,0,0
0,0.40120533,0.09934325453245617,0,0
1,0.72789013,0.8959546782524275,1,1
0,0.3600407,0.059881804448486516,0,0
1,0.9581002,0.994642071766143,1,1
1,0.37112904,0.06877075122361086,0,0
0,0.36551654,0.06412838148702887,0,0
0,0.43700787,0.15097458041769743,0,0
0,0.40365157,0.10230120510175136,0,0
1,0.9677352,0.9952852111618851,1,1
0,0.38764578,0.08429187226180003,0,0
0,0.34596294,0.05014387081802216,0,0
0,0.50596154,0.3084845695954905,1,0
1,0.9693991,0.9953882252133758,1,1
1,0.9775804,0.9958630453546751,1,1
0,0.40999603,0.11033879739929796,0,0
0,0.39672574,0.09412345365762856,0,0
0,0.3657101,0.06428351430274495,0,0
0,0.39638573,0.0937374564524674,0,0
1,0.9658948,0.995168605241362,1,1
0,0.43511692,0.14776981754755586,0,0
0,0.5313013,0.38480334749278794,1,0
0,0.36664397,0.06503687106296102,0,0
0,0.362527,0.06177632181806064,0,0
0,0.40252203,0.10092580665924959,0,0
0,0.50594807,0.3084462405517069,1,0
0,0.37217316,0.06966805772192493,0,0
0,0.34663627,0.05057338160800648,0,0
0,0.46646813,0.20849664656702405,0,0
0,0.37248677,0.06993967803950678,0,0
0,0.3639581,0.06289201731370525,0,0
0,0.6574035,0.770803103431638,1,1
0,0.48818246,0.26030835014479775,0,0
0,0.3625179,0.06176927170817045,0,0
0,0.41261926,0.11382077220542229,0,0
0,0.36676708,0.0651367994138951,0,0
0,0.468637,0.21331114135098142,0,0
0,0.4891772,0.26287133088318504,0,0
0,0.38918778,0.08589312811406713,0,0
1,0.96104467,0.9948473669342064,1,1
0,0.3750227,0.0721722986046801,0,0
0,0.4381425,0.15292483478257488,0,0
0,0.35790935,0.05830120991727624,0,0
0,0.41333535,0.11478778346395395,0,0
0,0.3675756,0.06579660313838558,0,0
0,0.492856,0.2724898142779453,0,0
0,0.41836733,0.12178636219715162,0,0
0,0.43527657,0.14803820313524185,0,0
1,0.97085863,0.995476739477848,1,1
1,0.9863528,0.9963181943166775,1,1
0,0.4006891,0.09872883268180306,0,0
0,0.4090968,0.10916684415829421,0,0
0,0.40900463,0.1090473277542802,0,0
0,0.36389467,0.0628421787661852,0,0
0,0.45017192,0.17488644081301538,0,0
0,0.35535002,0.056454944090078535,0,0
0,0.35504368,0.056237675146248146,0,0
1,0.41686577,0.11966033538139291,0,0
0,0.40006918,0.09799548191697852,0,0
0,0.49098504,0.2675706466822676,0,0
1,0.77882785,0.9444077811608769,1,1
0,0.37649092,0.07349476817809761,0,0
0,0.3688799,0.06687414261952827,0,0
1,0.70956707,0.8708678851817926,1,1
0,0.35331368,0.05502537507595811,0,0
0,0.37276927,0.07018518866565371,0,0
1,0.43125018,0.14139170583357027,0,0
0,0.41002074,0.11037115172644461,0,0
0,0.3584372,0.0586889827037856,0,0
0,0.3895637,0.0862876573926569,0,0
1,0.96564484,0.9951525464057381,1,1
0,0.4013883,0.09956182381798398,0,0
1,0.969563,0.9953982510850556,1,1
1,0.6332282,0.7089685235893121,1,1
0,0.39743832,0.09493701632541093,0,0
0,0.39952713,0.09735823680735521,0,0
0,0.38219637,0.07884813431329218,0,0
0,0.44171995,0.15920919077278048,0,0
0,0.37220415,0.06969485874772217,0,0
0,0.45908606,0.19271263235897723,0,0
0,0.42062414,0.12504287560167893,0,0
0,0.35657325,0.05733040918367675,0,0
0,0.35589966,0.056846756333049336,0,0
1,0.97787195,0.9958790350449317,1,1
0,0.42907283,0.13790241027570038,0,0
0,0.43997997,0.15612686727732158,0,0
0,0.4966828,0.28272560867198293,0,0
0,0.36805546,0.06619115233144325,0,0
0,0.3652656,0.06392778918322128,0,0
0,0.36127782,0.06081756658160209,0,0
0,0.36660817,0.06500784580293836,0,0
1,0.38923794,0.0859456728251162,0,0
0,0.40064713,0.09867903905421979,0,0
1,0.9569607,0.9945604559154602,1,1
1,0.972081,0.9955495679469958,1,1
0,0.42628726,0.13354421194973048,0,0
0,0.42425925,0.13044499384004743,0,0
1,0.9679596,0.9952992370452656,1,1
0,0.36572325,0.06429406023144257,0,0
1,0.36881283,0.06681832455132534,0,0
0,0.43582007,0.14895489666938724,0,0
0,0.385902,0.08251376371060828,0,0
0,0.35513827,0.056304680464359685,0,0
0,0.36496454,0.06368789753705681,0,0
0,0.39103362,0.0878461013913852,0,0
0,0.39858744,0.09626225573983621,0,0
0,0.38614118,0.08275562857921331,0,0
0,0.36010653,0.05993125943427077,0,0
0,0.35299388,0.05480397984097755,0,0
0,0.37561032,0.07269892720522972,0,0
0,0.44999418,0.17454458588529623,0,0
0,0.40310457,0.10163309044234163,0,0
0,0.33889318,0.04583813490014373,0,0
1,0.9689424,0.9953601764869927,1,1
0,0.4035554,0.10218345590275954,0,0
0,0.38897163,0.08566701606119043,0,0
0,0.37425664,0.07149101740835148,0,0
1,0.475955,0.23014957128057828,0,0
0,0.36343125,0.06247910895912148,0,0
0,0.35979095,0.05969454064109333,0,0
0,0.3722929,0.0697716552203665,0,0
0,0.3620278,0.06139148974179433,0,0
0,0.3616402,0.06109424041840137,0,0
0,0.36979523,0.0676400692328637,0,0
0,0.3748785,0.07204359068729457,0,0
0,0.36735758,0.06561808592177713,0,0
0,0.36157063,0.06104103995122546,0,0
0,0.5047866,0.3051514204187331,1,0
1,0.38861984,0.08530017996908457,0,0
0,0.36399758,0.06292306792880892,0,0
0,0.35628518,0.057123098406942664,0,0
0,0.36813745,0.0662587798937267,0,0
0,0.3996083,0.09745344049193394,0,0
0,0.38505295,0.08166042949885552,0,0
0,0.3749964,0.07214879672866725,0,0
0,0.35977212,0.059680439905032634,0,0
1,0.9631927,0.9949921780223538,1,1
0,0.3758204,0.07288805941247675,0,0
1,0.96597487,0.9951737363920855,1,1
0,0.3663347,0.06478648165854728,0,0
1,0.5630538,0.4885851084579971,1,0
0,0.36559793,0.06419356878015607,0,0
1,0.39642552,0.09378254967491022,0,0
0,0.35883814,0.05898512688192627,0,0
0,0.3818148,0.07847926482183876,0,0
0,0.4405465,0.15712510523126155,0,0
0,0.36489227,0.06363043618985907,0,0
0,0.36301425,0.06215409050213612,0,0
0,0.48714682,0.25765728570716045,0,0
0,0.35747316,0.05798259561402577,0,0
0,0.66889954,0.7967647476938108,1,1
0,0.37348893,0.07081423775971508,0,0
0,0.36472276,0.06349584629253836,0,0
0,0.36659554,0.06499760162929896,0,0
1,0.37099382,0.06865533667237564,0,0
0,0.4464273,0.16779534563531726,0,0
0,0.3691365,0.06708804452830983,0,0
0,0.3721712,0.06966635720937062,0,0
0,0.39583012,0.09310976740691879,0,0
0,0.4455386,0.16614657451249534,0,0
1,0.9683413,0.9953229987577558,1,1
0,0.35793808,0.058322252997056956,0,0
1,0.65946805,0.7756318860286096,1,1
0,0.35888392,0.05901902818159568,0,0
0,0.3702176,0.06799622990860982,0,0
0,0.48006392,0.24000380003759053,0,0
1,0.95677435,0.9945469937242868,1,1
0,0.37108895,0.06873651769213043,0,0
0,0.40068692,0.09872625050213141,0,0
0,0.43282074,0.1439541214344572,0,0
0,0.37504694,0.07219394360731637,0,0
0,0.3645291,0.06334241489167892,0,0
0,0.39730543,0.09478481823608845,0,0
0,0.37515455,0.07229015385723007,0,0
0,0.38966596,0.0863952526491265,0,0
0,0.35606748,0.056966892425908314,0,0
0,0.41412637,0.11586427498291038,0,0
0,0.4457866,0.16660535536157992,0,0
0,0.43345565,0.1450009134292587,0,0
0,0.42598888,0.13308434949226733,0,0
0,0.44404253,0.16340022472849747,0,0
0,0.38819277,0.08485675721247032,0,0
0,0.35799602,0.05836471009209931,0,0
0,0.37851536,0.07535485366558216,0,0
0,0.35849366,0.05873059131118024,0,0
0,0.44508106,0.1653027382748116,0,0
0,0.41175818,0.11266737720858308,0,0
0,0.42495197,0.1314966819481443,0,0
1,0.50282145,0.2996219135987645,1,0
1,0.4520014,0.17843582545867206,0,0
0,0.51190424,0.32564591025511563,1,0
1,0.9654268,0.9951384965538231,1,1
0,0.43101978,0.1410190180617702,0,0
0,0.4113703,0.11215116584681266,0,0
0,0.36878526,0.06679539985905715,0,0
1,0.62677616,0.6908971685604566,1,1
0,0.39567244,0.09293231364018052,0,0
0,0.38026452,0.0769967239470369,0,0
1,0.3949565,0.09213042408698102,0,0
0,0.36575115,0.06431644876620345,0,0
0,0.373208,0.07056804948903991,0,0
0,0.4404724,0.1569942152424627,0,0
0,0.4565079,0.18741891075451028,0,0
0,0.4064475,0.10577733582745207,0,0
0,0.37719816,0.07413973475881931,0,0
1,0.9653275,0.9951320842638681,1,1
0,0.40213645,0.10046006762542331,0,0
1,0.3692199,0.06715769303435445,0,0
1,0.964891,0.9951037987200985,1,1
1,0.9512408,0.9941317228643781,1,1
1,0.43895742,0.15433824578550523,0,0
0,0.5573102,0.4694679973887214,1,0
0,0.3968685,0.0942859363863693,0,0
0,0.36701885,0.06534160031554322,0,0
1,0.6575914,0.7712455315395895,1,1
0,0.34630156,0.050359437797593984,0,0
1,0.40090543,0.09898590086337487,0,0
0,0.36049634,0.06022487823029873,0,0
0,0.4979611,0.2861962319012475,0,0
0,0.35861963,0.05882355252435611,0,0
0,0.49771345,0.28552184997804375,0,0
0,0.41330832,0.11475115158374571,0,0
1,0.43327692,0.1447056076039948,0,0
0,0.41557017,0.11785177389613621,0,0
1,0.797519,0.9561371676626403,1,1
0,0.4038908,0.10259462188377809,0,0
0,0.43823093,0.15307768443704192,0,0
0,0.47040382,0.21729271349765317,0,0
0,0.36447352,0.06329844221637981,0,0
0,0.43432543,0.14644519801297043,0,0
0,0.36544722,0.06407290992287566,0,0
0,0.37385893,0.07113966884377516,0,0
0,0.37457442,0.07177290443220674,0,0
0,0.36565304,0.06423773830763037,0,0
0,0.35816228,0.05848671688246779,0,0
1,0.961047,0.9948475258777112,1,1
0,0.38299343,0.07962380845284793,0,0
0,0.3659465,0.0644734438359569,0,0
0,0.43011668,0.13956611449183012,0,0
1,0.7875775,0.950226867683848,1,1
0,0.37577158,0.07284406972746992,0,0
1,0.70813304,0.8687014692310802,1,1
0,0.36920643,0.06714643719629079,0,0
1,0.49030071,0.265785558596944,0,0
0,0.47796875,0.23494329225838448,0,0
1,0.4483814,0.1714667309360264,0,0
0,0.36975393,0.06760533029038764,0,0
0,0.43942723,0.15515792928034702,0,0
0,0.3666613,0.06505094092983528,0,0
1,0.40895236,0.10897960259470778,0,0
0,0.4766637,0.231828775796951,0,0
1,0.63116777,0.7032653803546407,1,1
0,0.45671147,0.1878328171230079,0,0
0,0.3608876,0.060520927856527525,0,0
0,0.35658494,0.05733883146492179,0,0
0,0.5054839,0.30712719847697223,1,0
0,0.4263403,0.13362610994392995,0,0
0,0.40918422,0.109280284171223,0,0
0,0.45514396,0.1846639364547485,0,0
0,0.36245757,0.06172265853290649,0,0
0,0.40575817,0.10491075582362,0,0
1,0.4434805,0.1623779640823243,0,0
0,0.3959814,0.09328029604746925,0,0
0,0.4440711,0.16345234586815136,0,0
0,0.40430644,0.10310620957060604,0,0
0,0.37452206,0.071726385921318,0,0
0,0.37022656,0.06800381325026808,0,0
1,0.9696862,0.9954057726102228,1,1
1,0.96230733,0.994932987483727,1,1
1,0.9644556,0.99507541976289,1,1
1,0.4098612,0.11016238044668065,0,0
0,0.35404214,0.0555328157252693,0,0
0,0.4403855,0.1568408601488964,0,0
0,0.3850363,0.08164376640779622,0,0
0,0.35329443,0.055012023417191344,0,0
1,0.4022262,0.10056832209017684,0,0
1,0.964218,0.9950598657219835,1,1
1,0.44270447,0.16097498994511922,0,0
0,0.37113023,0.06877176956294942,0,0
0,0.43043834,0.1400821508651797,0,0
0,0.36875322,0.06676876682372213,0,0
0,0.36912164,0.06707563034318116,0,0
1,0.43431956,0.14643540920245257,0,0
0,0.36931968,0.06724112045660896,0,0
0,0.4203932,0.12470624090225427,0,0
0,0.40650326,0.1058477092381112,0,0
0,0.37743652,0.07435827686004912,0,0
0,0.36152855,0.06100887629577213,0,0
0,0.38543716,0.0820455845434888,0,0
0,0.42824826,0.13660000946004017,0,0
1,0.9655632,0.9951472891717473,1,1
1,0.9669611,0.9952365098539736,1,1
0,0.39603645,0.09334241565916175,0,0
0,0.5445298,0.4273291338018985,1,0
0,0.35564125,0.056662228029969695,0,0
0,0.37836337,0.07521371311953154,0,0
0,0.43038362,0.1399942551857891,0,0
0,0.37857544,0.0754107127519852,0,0
0,0.43733594,0.1515363590895252,0,0
1,0.36396486,0.06289733591365845,0,0
0,0.36251244,0.06176505582514169,0,0
0,0.35894114,0.059061430487823516,0,0
0,0.365155,0.06383956659521182,0,0
1,0.96336925,0.9950038985352088,1,1
0,0.3626524,0.06187332554656803,0,0
0,0.4538318,0.18204318814631518,0,0
0,0.40856403,0.108477645319927,0,0
0,0.35442334,0.05580011139978607,0,0
0,0.39196774,0.08884966435213791,0,0
0,0.44598782,0.16697837338944596,0,0
0,0.38869947,0.08538309351239487,0,0
1,0.95808226,0.994640796265171,1,1
0,0.37404764,0.07130617917489256,0,0
0,0.4087471,0.1087140398328855,0,0
1,0.54148823,0.4174311698174477,1,0
0,0.65363127,0.7617928229543405,1,1
0,0.44255906,0.16071320317675208,0,0
0,0.5125554,0.32755624607142286,1,0
1,0.58597136,0.5646429257801283,1,1
0,0.41258568,0.11377559066385061,0,0
0,0.36299738,0.062140976235001505,0,0
0,0.41473043,0.11669224371014192,0,0
0,0.46855658,0.21313121527855888,0,0
0,0.36104786,0.060642599881538396,0,0
0,0.36528596,0.06394403869575419,0,0
0,0.37994063,0.07669024498934231,0,0
0,0.48069146,0.24153396722554307,0,0
0,0.3703118,0.068075906718608,0,0
0,0.40575734,0.10490971059413846,0,0
0,0.3813329,0.07801564436833652,0,0
0,0.3653676,0.06400924195263133,0,0
0,0.3894103,0.08612644508670131,0,0
1,0.617815,0.6648059296253783,1,1
0,0.37266794,0.07009703553651755,0,0
1,0.764823,0.93374585261031,1,1
0,0.37923062,0.07602231561821711,0,0
0,0.38447922,0.08108836216689634,0,0
1,0.63634384,0.7174685026434708,1,1
0,0.50109863,0.2948218279735556,1,0
1,0.94194436,0.9933621350662938,1,1
0,0.40908968,0.10915760487938049,0,0
0,0.36330009,0.06237670802727816,0,0
0,0.4398597,0.15591559841079897,0,0
1,0.3592506,0.05929125147144967,0,0
1,0.39250153,0.0894277687060936,0,0
0,0.39329162,0.09028967748707376,0,0
1,0.4835841,0.24867279238241,0,0
1,0.44615257,0.16728426775871727,0,0
0,0.38125148,0.07793756144053104,0,0
0,0.36360493,0.06261495430075022,0,0
0,0.37708002,0.0740316391979155,0,0
1,0.39890164,0.09662748595863768,0,0
0,0.39262107,0.0895576937724421,0,0
1,0.48427027,0.25038676733079346,0,0
0,0.3819575,0.07861702757135938,0,0
1,0.9682566,0.995317736551961,1,1
0,0.3803574,0.07708483068117093,0,0
0,0.36829326,0.06638747624341004,0,0
0,0.36159143,0.06105694540375888,0,0
1,0.5373843,0.4041820318255879,1,0
1,0.9633448,0.9950022778109281,1,1
0,0.4137235,0.11531491947235212,0,0
0,0.3736519,0.07095739917756176,0,0
0,0.37091127,0.06858496021515281,0,0
0,0.3986649,0.09635217548502902,0,0
0,0.40257925,0.10099508547390448,0,0
0,0.3639332,0.06287245691058,0,0
1,0.3658358,0.06438442423223639,0,0
0,0.35960707,0.05955701333837653,0,0
1,0.40824223,0.1080632116335312,0,0
0,0.36604387,0.06455182305949508,0,0
0,0.36590987,0.064443981604467,0,0
0,0.4369071,0.15080237963453003,0,0
0,0.38302627,0.07965591836153217,0,0
0,0.3669817,0.0653113322453088,0,0
1,0.6883351,0.8355445600242755,1,1
0,0.36462468,0.06341809563333776,0,0
0,0.3913173,0.08814978996980583,0,0
1,0.43067864,0.1404687016283718,0,0
1,0.95333993,0.9942928329644282,1,1
0,0.3642118,0.06309176394340738,0,0
0,0.3800174,0.07676278720991735,0,0
1,0.3987,0.0963929564304357,0,0
0,0.39047155,0.08724719422591776,0,0
1,0.41031107,0.1107519868560301,0,0
0,0.3578827,0.05828170122757686,0,0
0,0.37786543,0.07475302515293365,0,0
1,0.96417093,0.995056777210118,1,1
0,0.36283502,0.062014877684008964,0,0
0,0.4336079,0.1452528867469395,0,0
0,0.35745695,0.05797078470998996,0,0
0,0.40470636,0.10360055964208369,0,0
1,0.45293134,0.18026154135879474,0,0
0,0.36860228,0.06664341448923461,0,0
0,0.3766676,0.07365539504581853,0,0
1,0.5119765,0.3258575554206693,1,0
1,0.9575441,0.9946023947523124,1,1
0,0.36477816,0.06353980487569943,0,0
0,0.39739332,0.09488545133914901,0,0
0,0.39710897,0.09456021510008576,0,0
0,0.410989,0.11164569578067225,0,0
0,0.42851543,0.13702087619270337,0,0
1,0.9640603,0.9950495136006352,1,1
0,0.3770344,0.0739899287082314,0,0
1,0.7016505,0.8585205519960901,1,1
0,0.42269155,0.12809132586203986,0,0
0,0.42157888,0.1264428693131057,0,0
0,0.38111365,0.07780553799727578,0,0
0,0.4093727,0.10952523024810447,0,0
1,0.6504388,0.7539793879228867,1,1
0,0.36012286,0.059943533950498416,0,0
1,0.967907,0.9952959550297632,1,1
0,0.36101824,0.06062009437273508,0,0
1,0.96261054,0.9949533362296867,1,1
0,0.3717481,0.06930145797635587,0,0
0,0.3529502,0.05477379947846575,0,0
0,0.48273712,0.24656797402086783,0,0
0,0.45028386,0.17510200440590473,0,0
0,0.41438076,0.11621233819236645,0,0
0,0.3582764,0.05857059141558817,0,0
0,0.3551727,0.05632908193125847,0,0
1,0.49524018,0.2788396917317697,0,0
1,0.39319664,0.09018566941817331,0,0
0,0.3921424,0.08903843244362644,0,0
0,0.40832153,0.10816521301478689,0,0
0,0.40484506,0.10377249996085633,0,0
1,0.9664334,0.9952030244213639,1,1
0,0.35607213,0.056970224043714685,0,0
0,0.4393424,0.15500968288995515,0,0
0,0.36937767,0.0672896562060447,0,0
1,0.682501,0.8245702533387984,1,1
0,0.35986033,0.05974650824517575,0,0
1,0.97027594,0.9954416063655893,1,1
1,0.35493666,0.05616195708761924,0,0
0,0.5071589,0.3119019423467264,1,0
1,0.6886325,0.8360888775584313,1,1
0,0.3789211,0.07573280807175568,0,0
0,0.35824993,0.05855112966794818,0,0
1,0.4289994,0.1377860019283053,0,0
0,0.42354617,0.12936987931207503,0,0
1,0.6709444,0.8011458468005849,1,1
0,0.42381158,0.12976916938995495,0,0
0,0.4464982,0.16792744785052932,0,0
0,0.35860717,0.0588143536239028,0,0
0,0.35996532,0.059825232233448836,0,0
0,0.41929895,0.1231217190906243,0,0
0,0.3687915,0.06680057896168956,0,0
0,0.46344468,0.2019194770268938,0,0
0,0.3669545,0.06528920379037403,0,0
0,0.3639604,0.06289382137327464,0,0
0,0.42613253,0.13330556997990106,0,0
0,0.3659748,0.06449622632664749,0,0
0,0.4375412,0.15188870042317526,0,0
0,0.3951494,0.09234587935665364,0,0
0,0.349161,0.05221510431464815,0,0
0,0.50243074,0.2985294078931975,1,0
0,0.43624574,0.1496761059470599,0,0
0,0.36920655,0.06714653679779874,0,0
0,0.38684532,0.08347138040502511,0,0
1,0.96414024,0.9950547627787194,1,1
0,0.36288193,0.06205128467329219,0,0
0,0.42266017,0.1280445824238779,0,0
0,0.36738324,0.06563907458979149,0,0
1,0.9707343,0.9954692654773966,1,1
0,0.40804935,0.10781547987859702,0,0
0,0.42174086,0.12668170810699186,0,0
0,0.43647754,0.15007005885178348,0,0
1,0.51939356,0.34795382807562303,1,0
0,0.36494803,0.06367476602435697,0,0
0,0.3780534,0.07492662187115821,0,0
0,0.35334703,0.055048510016390786,0,0
0,0.3942103,0.09130127571699602,0,0
0,0.4465033,0.16793700196337313,0,0
0,0.40368807,0.10234593529396786,0,0
0,0.35839826,0.058660285808875175,0,0
0,0.3719406,0.06946727666519348,0,0
0,0.46587315,0.2071899861446541,0,0
1,0.9642989,0.9950651664441007,1,1
0,0.34566006,0.04995179282901686,0,0
0,0.38762125,0.08426662276583269,0,0
0,0.43259004,0.14357532012683433,0,0
0,0.36823738,0.06634129316126851,0,0
0,0.39936996,0.09717414655083763,0,0
1,0.5036303,0.30189084216558926,1,0
0,0.48450717,0.2509803382571668,0,0
1,0.9659838,0.9951743091547866,1,1
0,0.3573768,0.05791243639390865,0,0
0,0.36131674,0.06084722789502196,0,0
0,0.37250954,0.06995943654103724,0,0
0,0.35675296,0.05746009482769301,0,0
0,0.3703673,0.06812288116566796,0,0
0,0.4349898,0.14755642881963477,0,0
0,0.4005001,0.09850472562720272,0,0
0,0.37223086,0.0697179565102666,0,0
0,0.42111617,0.1257627065122396,0,0
1,0.966696,0.9952197187782098,1,1
1,0.9636568,0.9950229285109963,1,1
0,0.46013036,0.1948890384079299,0,0
0,0.38248992,0.07913300272153731,0,0
1,0.7875119,0.9501854505602388,1,1
0,0.35867083,0.058861374611578594,0,0
0,0.36409253,0.06299778855517929,0,0
0,0.40661404,0.10598763820361257,0,0
1,0.9649294,0.9951062927553938,1,1
0,0.36404845,0.06296309157433494,0,0
0,0.47670335,0.23192294475461983,0,0
0,0.35970145,0.059627567632267515,0,0
0,0.37897098,0.07577940194822916,0,0
0,0.36113515,0.06070896187149104,0,0
0,0.4030132,0.10152186110897915,0,0
1,0.961681,0.9948906951164109,1,1
0,0.39057675,0.08735900922756208,0,0
0,0.36383584,0.06279597990068893,0,0
0,0.396444,0.0938034984581225,0,0
0,0.37059742,0.06831801223805317,0,0
0,0.45540187,0.18518246869917507,0,0
1,0.54372454,0.4247026237199152,1,0
0,0.39704204,0.09448379814337268,0,0
1,0.9557811,0.9944746687513843,1,1
0,0.44594675,0.1669021908115744,0,0
1,0.9674516,0.9952674264289284,1,1
0,0.36161172,0.06107246720870237,0,0
1,0.3947803,0.09193403659216064,0,0
0,0.44290808,0.16134214553628792,0,0
1,0.59525377,0.5947998588984237,1,1
0,0.3719475,0.0694732128887606,0,0
0,0.428087,0.136346514130679,0,0
0,0.3871505,0.08378333339760398,0,0
1,0.70366675,0.8617558424816462,1,1
0,0.3655139,0.06412625814947748,0,0
0,0.3487232,0.05192685949902548,0,0
0,0.36827937,0.0663759954200647,0,0
0,0.3939254,0.09098646516410255,0,0
1,0.7858743,0.9491413074600102,1,1
0,0.35114625,0.053541262993769635,0,0
0,0.36220804,0.06153017542334666,0,0
0,0.36611563,0.06460965062849172,0,0
1,0.9679671,0.9952997057185411,1,1
0,0.37710586,0.07405526929719809,0,0
0,0.36849362,0.06655331591815428,0,0
0,0.3580785,0.058425213435768474,0,0
1,0.6995013,0.8550025049171439,1,1
1,0.61484987,0.6559355857890676,1,1
0,0.37104967,0.06870298668841443,0,0
0,0.5538778,0.45808232265514814,1,0
0,0.38682315,0.08344875625692443,0,0
0,0.38501176,0.08161923944471824,0,0
0,0.3755884,0.0726792056364576,0,0
0,0.4610587,0.19683937139912897,0,0
0,0.4004861,0.09848817059504685,0,0
0,0.5670637,0.5019550075170408,1,1
0,0.39102703,0.08783906198019578,0,0
1,0.44903848,0.1727154874412047,0,0
0,0.38207498,0.07873061476800673,0,0
0,0.37374008,0.07103498219060302,0,0
0,0.45434755,0.1830698324291491,0,0
0,0.43263486,0.14364885249008616,0,0
0,0.41123894,0.11197680120926237,0,0
0,0.43538228,0.14821612929369746,0,0
0,0.46373263,0.20253914365729758,0,0
0,0.37297618,0.07036552096034938,0,0
0,0.40224436,0.10059022278269025,0,0
0,0.4674387,0.21064118956674877,0,0
1,0.9670588,0.9952426836098842,1,1
0,0.5202113,0.350432608896431,1,0
0,0.52633023,0.36923076701895147,1,0
0,0.3648707,0.06361329008849605,0,0
0,0.36136702,0.060885562342335046,0,0
1,0.966866,0.9952304941812449,1,1
0,0.39880538,0.09651546112410385,0,0
0,0.50986046,0.31968789724764923,1,0
0,0.40330502,0.10187747709966398,0,0
0,0.46420336,0.20355519962670524,0,0
0,0.39169544,0.088556054877027,0,0
0,0.5219669,0.355781651516985,1,0
0,0.4492706,0.17315835823515793,0,0
0,0.36721537,0.06550187157686505,0,0
0,0.37916046,0.07595660948567694,0,0
0,0.3690997,0.06705732393338577,0,0
0,0.35607237,0.05697039490084471,0,0
1,0.9640118,0.9950463245949931,1,1
0,0.355459,0.05653243286798924,0,0
1,0.96680766,0.995226798058909,1,1
0,0.37067258,0.06838185404071029,0,0
0,0.37877655,0.07559796231912558,0,0
0,0.36528108,0.06394013655839491,0,0
1,0.96588254,0.9951678177046587,1,1
0,0.4388212,0.15410122969530485,0,0
0,0.36017746,0.05998458555298828,0,0
0,0.42045593,0.12479761007222934,0,0
0,0.42365235,0.12952949656519608,0,0
1,0.96089596,0.9948371884813777,1,1
0,0.44439584,0.16404547736607872,0,0
0,0.37897688,0.07578491479198084,0,0
0,0.36647326,0.06489854749136093,0,0
0,0.37030533,0.068070434206871,0,0
0,0.51272726,0.3280613225787398,1,0
0,0.36700326,0.06532890409968752,0,0
0,0.47914433,0.23777356783326545,0,0
1,0.96737516,0.9952626230857755,1,1
0,0.36220667,0.061529119500976344,0,0
0,0.44320732,0.16188298164677617,0,0
1,0.9655969,0.9951494618259685,1,1
0,0.451105,0.1766897222787228,0,0
0,0.37954554,0.07631791055245934,0,0
0,0.38613826,0.08275267144668516,0,0
0,0.48078468,0.24176183862360856,0,0
0,0.37500206,0.0721538531614503,0,0
1,0.9658144,0.9951634457014298,1,1
0,0.422784,0.1282291105166556,0,0
0,0.37116396,0.06880059435692797,0,0
0,0.35917258,0.059233230441940614,0,0
0,0.3698619,0.06769617271112888,0,0
1,0.9677747,0.995287684076478,1,1
0,0.35670474,0.057425269905006744,0,0
0,0.39072356,0.08751526000474584,0,0
0,0.40809277,0.10787120656003657,0,0
0,0.37666965,0.07365726659172525,0,0
1,0.70869446,0.8695532638594949,1,1
0,0.4095267,0.10972575863181531,0,0
0,0.44814944,0.1710276299067674,0,0
0,0.44582868,0.1666833069202838,0,0
1,0.95931023,0.9947274048477176,1,1
0,0.3859548,0.08256710783225574,0,0
1,0.71556044,0.8795948391770174,1,1
1,0.4676656,0.211144898912734,0,0
0,0.50183547,0.29686930757327656,1,0
0,0.36102858,0.06062795003576875,0,0
1,0.4459714,0.16694790807980706,0,0
0,0.3589448,0.059064147858485856,0,0
0,0.42492467,0.13145510116658576,0,0
0,0.3858459,0.08245714250642062,0,0
0,0.37156683,0.06914567687305631,0,0
0,0.3714438,0.06904012922338894,0,0
0,0.3937291,0.09077012415684341,0,0
1,0.4556079,0.1855974911470857,0,0
0,0.35564786,0.05666694540075586,0,0
0,0.39525324,0.09246203235570244,0,0
1,0.3631171,0.06223410638773482,0,0
0,0.65241355,0.7588327639972964,1,1
1,0.46686614,0.20937412512062575,0,0
1,0.968193,0.995313781395409,1,1
0,0.44671038,0.1683233065084686,0,0
1,0.72266895,0.8892810664556641,1,1
0,0.39555874,0.09280455153738369,0,0
0,0.36982659,0.06766644779301095,0,0
1,0.7050588,0.8639531464457237,1,1
0,0.3677471,0.06593736689701706,0,0
0,0.35017318,0.052887319141951064,0,0
1,0.9722493,0.9955595047299372,1,1
0,0.5005911,0.29341630539099767,1,0
0,0.40102014,0.09912244985198727,0,0
0,0.37342304,0.07075642586219788,0,0
0,0.39161244,0.08846673568795994,0,0
0,0.46111673,0.19696176293972678,0,0
0,0.50631136,0.3094808603331458,1,0
1,0.69384694,0.8453995733033469,1,1
0,0.3822286,0.07887938055340353,0,0
0,0.37481275,0.07198498569371654,0,0
0,0.42571312,0.13266054131539542,0,0
1,0.9688439,0.9953541030223181,1,1
0,0.36231187,0.06161019929060578,0,0
1,0.4368685,0.15073641471985239,0,0
1,0.43714672,0.15121213702585232,0,0
0,0.3651847,0.06386323362327033,0,0
1,0.3889908,0.08568703975382583,0,0
0,0.39367977,0.09071584077801792,0,0
0,0.44933856,0.1732881653407418,0,0
0,0.36295983,0.06211179120755127,0,0
1,0.5146888,0.33385469985294935,1,0
1,0.810289,0.9627510607955105,1,1
0,0.39002505,0.08677406907906293,0,0
0,0.3829623,0.07959337032434267,0,0
0,0.361973,0.0613493778926741,0,0
0,0.51418525,0.33236261496811226,1,0
0,0.43196422,0.14255192348087095,0,0
0,0.41081765,0.11141922915662623,0,0
0,0.43434203,0.14647287793830358,0,0
0,0.39024752,0.08700951965417053,0,0
0,0.43421575,0.1462624305451192,0,0
0,0.44117656,0.1582413362778513,0,0
1,0.39375114,0.09079440533770222,0,0
0,0.35387996,0.055419459149195445,0,0
1,0.6240362,0.6830380724153451,1,1
1,0.7767487,0.9429336646468793,1,1
0,0.3893178,0.08602940484598154,0,0
0,0.4151535,0.11727518994047631,0,0
0,0.3491662,0.05221854723270096,0,0
0,0.36071968,0.06039370906624862,0,0
0,0.3702827,0.06805129623273211,0,0
0,0.4228672,0.12835323366319326,0,0
1,0.9629279,0.9949745459393003,1,1
0,0.34989417,0.05270120968234072,0,0
0,0.38144997,0.07812803550932557,0,0
0,0.34874824,0.05194330122261203,0,0
0,0.4577732,0.19000286913142322,0,0
0,0.43507925,0.14770654984997136,0,0
1,0.82410234,0.9688237299659123,1,1
0,0.47323287,0.2237791992035803,0,0
0,0.36527002,0.06393130998091216,0,0
0,0.37052056,0.06825278466258188,0,0
0,0.4377365,0.15222462962142072,0,0
0,0.3795489,0.0763210772375571,0,0
0,0.4561652,0.18672374477842685,0,0
0,0.43697008,0.15090997981882315,0,0
0,0.40326613,0.10183001971970985,0,0
1,0.6919643,0.8420889246541312,1,1
0,0.33088318,0.04138538642505789,0,0
0,0.5503125,0.44630247790970384,1,0
0,0.51003575,0.32019665557917776,1,0
0,0.38330302,0.07992696251496027,0,0
1,0.44877565,0.17221513476480776,0,0
0,0.36452502,0.063339183758304,0,0
0,0.3479146,0.051398430204194746,0,0
0,0.37429827,0.07152789024244818,0,0
0,0.4000433,0.09796498587875313,0,0
0,0.44440088,0.1640546906105476,0,0
0,0.3656599,0.06424323460324449,0,0
0,0.37706873,0.07402131172591606,0,0
0,0.37012026,0.06791399726032989,0,0
1,0.9640955,0.9950518237650917,1,1
0,0.44192976,0.15958417417275098,0,0
1,0.5638429,0.49121547409586896,1,0
0,0.3644378,0.06327018741711568,0,0
0,0.3848398,0.08144747093646378,0,0
1,0.7291703,0.8975357972505574,1,1
0,0.39832366,0.0959565926364514,0,0
0,0.39763314,0.0951605377636836,0,0
0,0.3694872,0.06738140411440027,0,0
0,0.4394394,0.1551791912324506,0,0
0,0.38822067,0.08488565653206288,0,0
1,0.5315505,0.38559057104599354,1,0
1,0.7039398,0.8621891718933341,1,1
1,0.5165177,0.33930198168809744,1,0
1,0.96767753,0.99528160204601,1,1
0,0.4407188,0.15742970039088575,0,0
0,0.3533534,0.05505293543614663,0,0
0,0.36738914,0.06564390213479485,0,0
0,0.37950835,0.07628294491353686,0,0
1,0.95833355,0.9946586342762842,1,1
1,0.7726832,0.9399445287144396,1,1
0,0.43892112,0.15427506078051323,0,0
1,0.964144,0.9950550092481507,1,1
0,0.35630143,0.057134768494140314,0,0
0,0.3711167,0.06876021223170918,0,0
0,0.36463508,0.06342633663243565,0,0
1,0.6551398,0.7654250209419285,1,1
0,0.443936,0.16320604323378043,0,0
0,0.36612815,0.06461974177040121,0,0
0,0.35632303,0.057150296393503906,0,0
0,0.37589452,0.07295489640718836,0,0
1,0.96693814,0.9952350584867622,1,1
0,0.37876505,0.075587239741944,0,0
0,0.39643133,0.09378913795294251,0,0
1,0.3550741,0.0562592209716074,0,0
0,0.35354984,0.05518939840022051,0,0
0,0.37374148,0.07103621513119102,0,0
0,0.3737703,0.0710615866146831,0,0
0,0.4360393,0.14932597363375813,0,0
1,0.4973374,0.2844996870771564,0,0
0,0.48624548,0.255364378280176,0,0
0,0.38816437,0.08482734218348222,0,0
1,0.3687737,0.06678578605410052,0,0
0,0.43455726,0.14683216528051138,0,0
0,0.37375754,0.07105035601179084,0,0
0,0.39663267,0.09401765279899135,0,0
0,0.39212856,0.08902347243668395,0,0
0,0.3848776,0.08148519006554673,0,0
0,0.503501,0.3015275269854691,1,0
0,0.49530965,0.27902606638091293,0,0
0,0.36829147,0.06638599792235768,0,0
0,0.39210784,0.08900106891021499,0,0
0,0.44175902,0.15927896661512853,0,0
0,0.38730627,0.08394297758254862,0,0
0,0.3667768,0.06514469138942773,0,0
0,0.42820904,0.13653832080998896,0,0
0,0.38778222,0.08443244991839247,0,0
1,0.95885473,0.9946954423450252,1,1
0,0.37113604,0.06877673416722085,0,0
0,0.358722,0.05889919746050686,0,0
1,0.9723051,0.9955627933484958,1,1
0,0.35094583,0.05340595188399932,0,0
0,0.39690974,0.09433293015089701,0,0
0,0.40654835,0.10590464747517299,0,0
0,0.3500146,0.05278146571223811,0,0
0,0.3783386,0.07519073853499651,0,0
0,0.39274594,0.08969359877314187,0,0
0,0.37628037,0.07330375407030085,0,0
0,0.36787647,0.06604373021644963,0,0
0,0.46653202,0.20863733347238111,0,0
1,0.617249,0.6631214345853347,1,1
1,0.96596533,0.9951731253706371,1,1
0,0.40369537,0.10235488341150922,0,0
0,0.3773306,0.07426109220914776,0,0
0,0.46666875,0.20893862775700062,0,0
0,0.3652821,0.06394094551986108,0,0
0,0.43463048,0.14695456482721664,0,0
1,0.44334075,0.16212459638853327,0,0
0,0.38650993,0.08312975477118754,0,0
1,0.6729507,0.8053749452881019,1,1
0,0.37554014,0.07263584089569569,0,0
0,0.37804055,0.07491474704799102,0,0
0,0.44769844,0.1701764123002338,0,0
0,0.3653744,0.06401467239774421,0,0
0,0.3610157,0.06061817022006842,0,0
0,0.40883973,0.10883381391099584,0,0
0,0.4201807,0.12439718381337628,0,0
1,0.9666058,0.9952139887550824,1,1
0,0.3685388,0.06659076498836759,0,0
0,0.4816454,0.24387269912252768,0,0
0,0.35970134,0.059627478471079805,0,0
0,0.6269823,0.6914839986969115,1,1
0,0.4387753,0.1540214444793572,0,0
0,0.36140913,0.06091768794608088,0,0
0,0.36978328,0.06763001679818652,0,0
0,0.36380836,0.06277441256550238,0,0
1,0.716117,0.8803789123850229,1,1
0,0.3721248,0.06962625170886912,0,0
0,0.43800378,0.15268527723180653,0,0
1,0.96620166,0.9951882445862955,1,1
0,0.38870126,0.08538495618201322,0,0
0,0.43518826,0.14788970715597027,0,0
0,0.36892205,0.06690922772380829,0,0
0,0.5862966,0.5657091539551858,1,1
1,0.96687907,0.9952313206051954,1,1
0,0.6171017,0.6626824215448294,1,1
0,0.4127225,0.11395974221772484,0,0
0,0.40799195,0.10774185393846009,0,0
0,0.36386544,0.06281921579335113,0,0
0,0.41805416,0.12134029339662268,0,0
0,0.44944212,0.17348615523573074,0,0
0,0.3915025,0.08834854908333721,0,0
0,0.44480878,0.1648022357944315,0,0
1,0.3846268,0.0812351669622249,0,0
0,0.5074328,0.31268671836554607,1,0
1,0.6546724,0.7643037043631297,1,1
1,0.97317356,0.9956136732455293,1,1
0,0.36619928,0.06467712096366472,0,0
0,0.44665024,0.16821103396569884,0,0
0,0.37402424,0.07128551678963038,0,0
1,0.9713163,0.9955041436735493,1,1
0,0.43738103,0.15161370711060887,0,0
0,0.41586784,0.11826518705313584,0,0
0,0.378284,0.07514011216300222,0,0
0,0.43582284,0.14895958334744758,0,0
0,0.4009864,0.09908227307926366,0,0
0,0.35789132,0.058288007057989095,0,0
0,0.42269385,0.1280947445193079,0,0
1,0.6645205,0.7871420870717771,1,1
0,0.3619988,0.06136920533914358,0,0
0,0.36417443,0.06306230332559079,0,0
0,0.38141316,0.07809268271918629,0,0
0,0.3752902,0.07241157753738525,0,0
0,0.42680126,0.13433953769902063,0,0
0,0.37379247,0.07108111287294368,0,0
1,0.42851138,0.1370144834593357,0,0
0,0.40487623,0.10381117875781992,0,0
1,0.81945646,0.9668965694187185,1,1
0,0.35658056,0.05733567297328726,0,0
0,0.38081217,0.07751748413373344,0,0
0,0.47127604,0.21927797547171748,0,0
0,0.3701332,0.06792491937065093,0,0
0,0.36743033,0.0656776066176839,0,0
0,0.36390018,0.06284651007185382,0,0
0,0.6387514,0.7239325525185724,1,1
0,0.41568094,0.11800547771140543,0,0
0,0.35361317,0.055233463191748905,0,0
0,0.38106275,0.077756833892293,0,0
1,0.50715697,0.31189648205958204,1,0
0,0.36832476,0.06641352434752107,0,0
0,0.37064156,0.0683554955132603,0,0
0,0.44677874,0.168451007045287,0,0
0,0.3829585,0.07958967186957669,0,0
1,0.9695199,0.9953956172963014,1,1
0,0.34803158,0.05147455857482993,0,0
0,0.3696344,0.06750489111341294,0,0
0,0.5170972,0.3410369110863078,1,0
0,0.3674944,0.0657300732185945,0,0
0,0.38102546,0.07772117898560009,0,0
1,0.96655464,0.9952107384557075,1,1
0,0.48085082,0.24192357912281703,0,0
0,0.48477742,0.2516586091186906,0,0
1,0.9703705,0.9954473245568433,1,1
0,0.5048174,0.3052385829958246,1,0
0,0.39223498,0.08913866491353128,0,0
0,0.37709275,0.07404327622286565,0,0
1,0.96268564,0.9949583638385119,1,1
0,0.35441133,0.05579167140211883,0,0
0,0.358519,0.058749273647011505,0,0
0,0.369664,0.06752976889116878,0,0
0,0.36615387,0.06464048126923427,0,0
0,0.39822295,0.09584013022950129,0,0
1,0.9593868,0.99473276048697,1,1
0,0.40297288,0.10147281088706109,0,0
0,0.3598831,0.05976357213694032,0,0
0,0.4382466,0.15310479520897616,0,0
1,0.50600016,0.3085944834254221,1,0
0,0.38686278,0.08348920388726806,0,0
0,0.53680855,0.40233403869318574,1,0
0,0.4425571,0.16070966425310507,0,0
0,0.35670212,0.05742337641088698,0,0
0,0.433462,0.14501141122749994,0,0
0,0.38384593,0.08046113672333573,0,0
1,0.6313512,0.7037756479630687,1,1
0,0.3774411,0.07436249065551782,0,0
0,0.39541045,0.09263814519633158,0,0
0,0.3630475,0.06217995588644413,0,0
1,0.37118378,0.06881753286698321,0,0
0,0.4898051,0.26449748043164156,0,0
0,0.38408455,0.0806969537902583,0,0
0,0.3658929,0.0644303215216956,0,0
0,0.40820065,0.10800977231201997,0,0
0,0.44432312,0.16391250408597177,0,0
1,0.9641114,0.9950528688598079,1,1
0,0.3854944,0.08210311681011788,0,0
0,0.36402702,0.06294623044896787,0,0
1,0.44123217,0.15834016847368215,0,0
0,0.41333154,0.11478261318826989,0,0
0,0.4103414,0.11079184892106453,0,0
0,0.35996583,0.05982561234614259,0,0
1,0.9654296,0.9951386773307995,1,1
0,0.37381846,0.07110400479425692,0,0
0,0.3783593,0.07520992504857422,0,0
0,0.3956774,0.09293787646488263,0,0
1,0.96782213,0.9952906513606774,1,1
1,0.9616763,0.9948903758325626,1,1
0,0.3746116,0.07180593701896967,0,0
1,0.9642332,0.9950608622367213,1,1
0,0.37750098,0.07441748165532704,0,0
0,0.3544441,0.05581469050269099,0,0
0,0.38822442,0.08488954750692237,0,0
1,0.5053337,0.3067010081719364,1,0
1,0.44903204,0.1727032187877916,0,0
0,0.3804289,0.0771527049701727,0,0
0,0.36629176,0.06475178241110728,0,0
0,0.4529955,0.1803880471577616,0,0
0,0.3606385,0.06033228944083533,0,0
0,0.3670402,0.06535898547216448,0,0
0,0.36972684,0.06758255594397002,0,0
0,0.38218957,0.07884155152175844,0,0
1,0.97221047,0.9955572125063848,1,1
0,0.3660533,0.06455943298689769,0,0
0,0.39253503,0.08946416037360037,0,0
0,0.37075478,0.06845173321580478,0,0
0,0.34839323,0.051710601194301965,0,0
0,0.36158583,0.061052661032427444,0,0
0,0.39628774,0.09362647828187949,0,0
0,0.42575574,0.13272596376020368,0,0
0,0.40316814,0.10171053583871557,0,0
0,0.3678816,0.06604794784807282,0,0
0,0.36736554,0.0656245939352195,0,0
0,0.39367485,0.09071043044228627,0,0
1,0.45255396,0.17951889029623352,0,0
0,0.38670546,0.08332876518368271,0,0
0,0.36410704,0.06300921735955511,0,0
0,0.35506108,0.05624999815507701,0,0
1,0.35491183,0.05614440656477108,0,0
1,0.9607258,0.994825516852659,1,1
0,0.3720315,0.06954569320020797,0,0
0,0.36125162,0.06079761072369578,0,0
0,0.3668773,0.06522637470052627,0,0
1,0.81184894,0.9634901046391454,1,1
0,0.3703901,0.06814218925528337,0,0
0,0.38083768,0.0775418209178007,0,0
0,0.3750092,0.07216024070157522,0,0
0,0.35854343,0.05876730188660864,0,0
0,0.39262217,0.08955889307525575,0,0
0,0.36445686,0.0632852677479111,0,0
1,0.379122,0.07592059652382117,0,0
0,0.35957423,0.059532481372206875,0,0
1,0.7450634,0.9154548658642555,1,1
0,0.40983036,0.11012205455869212,0,0
1,0.68935347,0.8374025800692941,1,1
1,0.37171108,0.0692696196797393,0,0
0,0.40454152,0.10339654657708107,0,0
0,0.41841882,0.12185985157630665,0,0
0,0.36784855,0.06602075832777941,0,0
1,0.9695015,0.995394491194521,1,1
1,0.43799636,0.1526724717623048,0,0
0,0.3598525,0.05974063521249502,0,0
0,0.3673259,0.0655921816908183,0,0
0,0.44321904,0.16190417943359928,0,0
0,0.36593068,0.06446071288754411,0,0
1,0.38390842,0.08052283538560369,0,0
0,0.35784057,0.05825085770416192,0,0
0,0.51646006,0.33912965149653346,1,0
0,0.39741915,0.09491505545429135,0,0
0,0.4198343,0.12389473874462868,0,0
0,0.4275166,0.13545306474337168,0,0
0,0.4338471,0.14564945889465875,0,0
0,0.39600146,0.09330292656392743,0,0
0,0.5192247,0.347442974046356,1,0
0,0.39614716,0.09346747356374877,0,0
0,0.3676379,0.06584771537360655,0,0
0,0.36930436,0.06722830605812007,0,0
1,0.54796815,0.43858841637590035,1,0
0,0.44248018,0.16057132029484514,0,0
0,0.3614473,0.06094682613033558,0,0
0,0.34145766,0.047357723600119965,0,0
0,0.3597807,0.05968686517000315,0,0
0,0.3612743,0.060814887282272294,0,0
0,0.40577087,0.1049266593775501,0,0
0,0.43291792,0.1441139452723299,0,0
0,0.37732744,0.07425819541857416,0,0
0,0.40704256,0.10653048169488823,0,0
1,0.9688779,0.9953562018887631,1,1
0,0.36505824,0.06376246787267893,0,0
1,0.3870348,0.08366494706122692,0,0
0,0.38019738,0.07693309696509389,0,0
0,0.3861731,0.08278795208015859,0,0
0,0.35723275,0.05780768254223726,0,0
1,0.49656314,0.2824020488974711,0,0
0,0.38183552,0.07849924800159558,0,0
0,0.42091033,0.12546113276703627,0,0
0,0.36271793,0.06192408602248903,0,0
0,0.4065223,0.10587175322446897,0,0
0,0.36459544,0.06339493645213129,0,0
0,0.3839657,0.08057942304863366,0,0
1,0.5762892,0.5326727904072978,1,1
0,0.37039414,0.06814562233553383,0,0
1,0.9546848,0.9943937316280975,1,1
1,0.50893056,0.31699629915342975,1,0
1,0.96726996,0.9952560021194532,1,1
0,0.54382676,0.4250358085014011,1,0
0,0.36264545,0.06186794938371644,0,0
0,0.37997887,0.07672636743494862,0,0
0,0.3708334,0.06851863386392507,0,0
0,0.39648008,0.09384442826164884,0,0
1,0.39210153,0.08899423604139406,0,0
1,0.9671856,0.9952506874421712,1,1
0,0.38359848,0.08021726632270766,0,0
0,0.43613806,0.1494933988339049,0,0
1,0.36946237,0.06736059775537542,0,0
0,0.3711237,0.06876619432615023,0,0
1,0.43796846,0.15262434341497116,0,0
0,0.4770714,0.23279864551734605,0,0
0,0.4527539,0.17991205707509758,0,0
0,0.3726745,0.07010273646336476,0,0
1,0.3916413,0.08849777169433778,0,0
0,0.37598705,0.0730384211249837,0,0
0,0.37991837,0.07666922063178862,0,0
0,0.4399549,0.15608282497164278,0,0
1,0.61506414,0.6565803563459272,1,1
0,0.38061097,0.07732579270236788,0,0
0,0.3989518,0.0966859027969365,0,0
1,0.50149876,0.29593266188709794,1,0
0,0.36517078,0.0638521357158096,0,0
0,0.44461858,0.1644533293475522,0,0
0,0.38265404,0.07929267846900795,0,0
0,0.38166937,0.07833908228667216,0,0
0,0.35938105,0.059388375026040656,0,0
0,0.38288015,0.07951314619899803,0,0
0,0.41046888,0.11095946167156763,0,0
0,0.45240092,0.17921841816997167,0,0
0,0.50136006,0.29554732676660284,1,0
0,0.3845429,0.08115168502854893,0,0
0,0.36978275,0.06762956559920033,0,0
0,0.41051894,0.11102536042497778,0,0
0,0.38756445,0.08420817338660291,0,0
0,0.39759266,0.09511406457733271,0,0
0,0.34558308,0.04990308602683079,0,0
0,0.35236043,0.054367935071168445,0,0
1,0.5034107,0.3012739065752227,1,0
0,0.38826692,0.08493359473997193,0,0
0,0.38192597,0.07858656723633477,0,0
0,0.36490124,0.06363756587803937,0,0
1,0.9566304,0.9945365707884403,1,1
0,0.37519443,0.07232583308162005,0,0
1,0.9637831,0.9950312648419953,1,1
0,0.3923071,0.08921680512672295,0,0
0,0.3923903,0.08930703373791911,0,0
0,0.3590512,0.05914306895847613,0,0
0,0.35700336,0.05764125383779895,0,0
0,0.4161477,0.11865503457010097,0,0
0,0.430689,0.14048540527459435,0,0
0,0.4312909,0.14145764196412505,0,0
1,0.45956656,0.19371173032213235,0,0
0,0.5771671,0.5355867459282486,1,1
1,0.96225435,0.9949294229832809,1,1
0,0.43632165,0.14980501666156418,0,0
0,0.40635937,0.10566619911680884,0,0
0,0.40144694,0.09963198179639288,0,0
0,0.37197727,0.06949889053323241,0,0
0,0.36129442,0.06083021527320377,0,0
0,0.38507372,0.08168121053756919,0,0
0,0.36301607,0.062155504031470056,0,0
1,0.7282525,0.8964043636121594,1,1
1,0.9633074,0.9949997943213492,1,1
0,0.35921383,0.059263896501243724,0,0
0,0.3772671,0.07420287574230816,0,0
1,0.98362523,0.996182294550108,1,1
1,0.9683196,0.9953216513646052,1,1
0,0.36331767,0.06239042684234236,0,0
0,0.36625317,0.06472061359899607,0,0
0,0.3646753,0.06345822382370754,0,0
0,0.399665,0.09751996453905425,0,0
1,0.95952797,0.9947426156973829,1,1
1,0.9626059,0.9949530248328565,1,1
0,0.38541117,0.082019481023938,0,0
0,0.36291942,0.06208039685843584,0,0
0,0.36413208,0.06302893483182558,0,0
0,0.37683615,0.07380895290492381,0,0
0,0.3799081,0.07665954050963456,0,0
0,0.38902372,0.08572146051801899,0,0
0,0.3457855,0.05003125709541555,0,0
0,0.3907662,0.08756069809951128,0,0
1,0.4915446,0.2690359533759956,0,0
0,0.4066834,0.10607532265458218,0,0
1,0.5985031,0.6052016259580034,1,1
0,0.35005137,0.05280599648599464,0,0
0,0.41361257,0.11516406001336983,0,0
0,0.3777715,0.07466640669937213,0,0
0,0.35275742,0.054640830393164225,0,0
0,0.45458442,0.18354283499126242,0,0
0,0.35250595,0.05446781923372117,0,0
0,0.36935833,0.06727346569746831,0,0
1,0.4050318,0.10400439354519932,0,0
0,0.4709147,0.21845392410623996,0,0
1,0.96560204,0.9951497918618493,1,1
0,0.41548315,0.11773114897015682,0,0
0,0.39005178,0.0868023304880018,0,0
0,0.34531277,0.04973241214234177,0,0
0,0.3658753,0.06441618497746857,0,0
0,0.64155626,0.7313468885493575,1,1
0,0.41108376,0.11177113625732599,0,0
0,0.3607124,0.06038820507035463,0,0
1,0.96944827,0.9953912352556704,1,1
0,0.43414828,0.14615008276254735,0,0
0,0.3751334,0.07227122752709311,0,0
0,0.39900613,0.09674921460605776,0,0
0,0.39501283,0.09219328643508318,0,0
0,0.36809608,0.06622465080673424,0,0
0,0.37051678,0.0682495740943211,0,0
0,0.6093599,0.6392254655830387,1,1
0,0.4112918,0.11204694576967497,0,0
0,0.35661468,0.057360279150930074,0,0
0,0.36958155,0.06746053767124817,0,0
0,0.37292728,0.07032286024160406,0,0
1,0.3576193,0.05808914766882351,0,0
0,0.3720773,0.06958521528375826,0,0
0,0.3763215,0.07334102871761787,0,0
0,0.3996672,0.09752255356960221,0,0
0,0.36308962,0.06221271921853241,0,0
0,0.36899552,0.06697043179687416,0,0
1,0.44946235,0.1735248624734204,0,0
0,0.3753062,0.07242591744756775,0,0
0,0.40540943,0.10447472481104081,0,0
0,0.3780225,0.07489805358644544,0,0
0,0.3644199,0.0632560526502566,0,0
0,0.41719478,0.12012342342520925,0,0
0,0.43972597,0.15568099511745423,0,0
1,0.41145042,0.11225760986130096,0,0
1,0.4532275,0.18084599648387334,0,0
1,0.36598504,0.0645044538463884,0,0
0,0.37174436,0.06929825302606188,0,0
0,0.3627851,0.061976156451402024,0,0
0,0.43075636,0.14059392341580507,0,0
1,0.48814455,0.26021099868712977,0,0
0,0.5471926,0.43604274668447146,1,0
0,0.40158036,0.09979174786586122,0,0
0,0.3959594,0.09325548548070967,0,0
0,0.35328898,0.055008241690769066,0,0
0,0.3807268,0.07743610911413648,0,0
0,0.4263429,0.1336301139120572,0,0
0,0.3602684,0.06005303346428944,0,0
0,0.37146997,0.06906256605734094,0,0
1,0.35197464,0.05410397362130092,0,0
0,0.436433,0.14999427141349678,0,0
0,0.42911246,0.13796527865223418,0,0
0,0.41487157,0.11688644329528254,0,0
0,0.38132173,0.07800492230484438,0,0
0,0.50311923,0.3004561189182147,1,0
0,0.48592427,0.2545505067752263,0,0
0,0.36953902,0.06742485941629656,0,0
0,0.36263698,0.061861397054226844,0,0
1,0.9726404,0.9955825056732037,1,1
0,0.38953853,0.0862611770439515,0,0
0,0.3681859,0.06629878186962894,0,0
0,0.38275754,0.07939352962992913,0,0
0,0.4119945,0.11298287942155173,0,0
0,0.48490477,0.25197864359427813,0,0
0,0.3566555,0.05738973363574851,0,0
1,0.9642023,0.9950588338253636,1,1
0,0.40645057,0.1057812088649995,0,0
0,0.3545204,0.05586836659781165,0,0
0,0.37823862,0.07509804868776988,0,0
0,0.37521338,0.0723427984056186,0,0
0,0.3677053,0.06590302460256849,0,0
0,0.4807498,0.24167651540175905,0,0
0,0.3920654,0.08895518174679808,0,0
0,0.38008505,0.07682676436722222,0,0
0,0.37564674,0.07273168233276041,0,0
0,0.3894377,0.08615523533241415,0,0
0,0.35543153,0.05651288703617429,0,0
0,0.43421185,0.14625592790603795,0,0
0,0.5152217,0.3354374892407266,1,0
0,0.362981,0.06212823516443108,0,0
0,0.37767693,0.07457930435703664,0,0
0,0.42666173,0.13412323774875046,0,0
0,0.4216081,0.12648590652301198,0,0
0,0.40918842,0.10928574025060075,0,0
0,0.35442227,0.055799357405723754,0,0
0,0.39423248,0.0913258166670277,0,0
0,0.35323447,0.05497045854147833,0,0
0,0.40829787,0.10813476857528671,0,0
1,0.96409446,0.9950517572160422,1,1
0,0.43684217,0.15069148462681,0,0
0,0.37793502,0.07481725160576733,0,0
0,0.40671882,0.10612015042919727,0,0
0,0.35867336,0.05886324649402722,0,0
0,0.37184498,0.06938486051955524,0,0
1,0.9652102,0.9951244987580777,1,1
0,0.43165487,0.1420482991174507,0,0
0,0.5098725,0.31972282716098194,1,0
0,0.39598715,0.0932867854244719,0,0
0,0.33017892,0.04101430250796127,0,0
0,0.367873,0.06604088590853267,0,0
0,0.39220494,0.08910613547262448,0,0
0,0.48937735,0.26338898677860934,0,0
0,0.4399502,0.15607455180403257,0,0
0,0.3617308,0.061163621059312716,0,0
0,0.3769129,0.07387896055536045,0,0
0,0.4706067,0.21775335748693092,0,0
1,0.45424974,0.18287478965462997,0,0
1,0.96279216,0.9949654857202891,1,1
0,0.3657374,0.06430542102726061,0,0
0,0.3881531,0.08481567750487988,0,0
0,0.35868236,0.05886989763362984,0,0
0,0.392368,0.0892828203515051,0,0
1,0.5104886,0.32151299897345237,1,0
0,0.38439822,0.08100788839894495,0,0
0,0.49083227,0.2671714874395438,0,0
1,0.3730176,0.07040167519802677,0,0
1,0.9703691,0.9954472416832985,1,1
0,0.3736541,0.0709593384538786,0,0
1,0.4461347,0.1672510448365196,0,0
1,0.40341708,0.10201432219112809,0,0
0,0.4428767,0.1612855126593052,0,0
0,0.47243273,0.22193076690036617,0,0
0,0.41888362,0.12252485648185378,0,0
0,0.3942237,0.09131608533857842,0,0
0,0.38943005,0.08614719196259149,0,0
0,0.46779814,0.21143950101986003,0,0
0,0.37116838,0.06880436379652469,0,0
0,0.38482863,0.08143631888036033,0,0
0,0.3752791,0.07240164527961862,0,0
0,0.36118653,0.06074805407714388,0,0
0,0.37043968,0.06818420502223646,0,0
0,0.35913557,0.059205723415289235,0,0
0,0.4115053,0.11233060347334024,0,0
0,0.46067005,0.19602107345367106,0,0
0,0.37115896,0.0687963157653664,0,0
0,0.38188568,0.07854765821021152,0,0
1,0.96901023,0.9953643531412177,1,1
0,0.40402064,0.10275419838031664,0,0
1,0.4580761,0.1906254251086814,0,0
1,0.53433335,0.394421104720247,1,0
0,0.36523548,0.06390374316035709,0,0
1,0.8038929,0.9595677216635627,1,1
0,0.3617872,0.061206824342539774,0,0
0,0.3733016,0.07064998944008502,0,0
0,0.5483566,0.4398646278936628,1,0
0,0.37319505,0.07055673454423517,0,0
0,0.38148978,0.07816629599265999,0,0
0,0.38935974,0.08607339373290479,0,0
1,0.9640995,0.9950520899523841,1,1
0,0.3765608,0.07355827041106038,0,0
1,0.49661452,0.2825409546473913,0,0
0,0.44664437,0.168200076963419,0,0
0,0.3738456,0.07112792782298015,0,0
0,0.39254704,0.08947721152776483,0,0
0,0.35586882,0.056824700762764406,0,0
0,0.37559453,0.0726847250351142,0,0
0,0.34539762,0.049785925648697736,0,0
0,0.43237895,0.14322944489391792,0,0
0,0.36258963,0.061824748266856674,0,0
0,0.36758593,0.06580508262535566,0,0
0,0.40102863,0.09913256731327715,0,0
0,0.3691877,0.06713080146000039,0,0
0,0.3489864,0.05209995915129475,0,0
0,0.45013374,0.17481296976019467,0,0
0,0.4065891,0.10595611455810751,0,0
0,0.3932849,0.09028229839630326,0,0
1,0.96388245,0.9950378132003397,1,1
0,0.3632986,0.06237554554527028,0,0
0,0.44357315,0.16254613321529582,0,0
0,0.45593205,0.18625194591331554,0,0
0,0.3691913,0.06713378891914645,0,0
0,0.3718108,0.06935542429177395,0,0
0,0.35102645,0.05346033930225652,0,0
0,0.4842785,0.250407361238802,0,0
1,0.9692722,0.9953804484364537,1,1
0,0.3990082,0.0967516464062275,0,0
1,0.965175,0.9951222184980039,1,1
0,0.3715519,0.06913285898758832,0,0
0,0.38356856,0.08018782324294582,0,0
0,0.38420138,0.08081263287871027,0,0
0,0.36616296,0.06464781246962238,0,0
0,0.38202092,0.07867832643350672,0,0
0,0.4535099,0.18140471184817344,0,0
0,0.3769627,0.07392442345008754,0,0
0,0.36441883,0.06325520465788727,0,0
1,0.38149548,0.07817176726796053,0,0
1,0.6755901,0.8108342154348557,1,1
1,0.9610778,0.9948496324371735,1,1
1,0.6733323,0.8061715378486944,1,1
1,0.9729786,0.995602301387452,1,1
0,0.35921073,0.059261591598447474,0,0
0,0.3788153,0.07563408489932047,0,0
0,0.41256547,0.11374841710839433,0,0
1,0.45410666,0.18258976631572324,0,0
0,0.3622766,0.061583016109591916,0,0
0,0.37444574,0.07165863045267906,0,0
1,0.52010626,0.3501137909624317,1,0
0,0.38500026,0.08160773822450289,0,0
0,0.3842057,0.08081691472402824,0,0
0,0.500738,0.29382278585515703,1,0
0,0.36832434,0.06641317927749088,0,0
0,0.39684814,0.0942627528294372,0,0
0,0.44488645,0.16494487759283094,0,0
0,0.369764,0.06761380045456454,0,0
1,0.5562635,0.4659920447895369,1,0
0,0.38791475,0.08456920867513922,0,0
1,0.95633423,0.9945150626408753,1,1
0,0.38125628,0.07794216097551726,0,0
0,0.47777635,0.23448229981590407,0,0
1,0.9680535,0.9953050958348831,1,1
0,0.44399506,0.163313675586565,0,0
0,0.36527988,0.06393918485123114,0,0
1,0.9517506,0.9941712607707628,1,1
1,0.4500372,0.17462730721411743,0,0
0,0.36008,0.05991132955902685,0,0
1,0.9605885,0.9948160827511504,1,1
0,0.40500948,0.1039766502941379,0,0
1,0.45717376,0.18877533438169253,0,0
1,0.37390342,0.0711788973509572,0,0
0,0.4098847,0.11019309134368807,0,0
0,0.36371076,0.06269785994352887,0,0
0,0.49855116,0.2878068195752562,0,0
1,0.96624047,0.9951907224512578,1,1
0,0.35338166,0.05507254366185844,0,0
0,0.37118667,0.06882000391974936,0,0
0,0.44161412,0.15902031902884442,0,0
1,0.9615406,0.9948811646468418,1,1
0,0.3631934,0.06229352541216454,0,0
0,0.41584894,0.11823890788822429,0,0
0,0.43047723,0.1401446538186369,0,0
0,0.46125853,0.19726110009787198,0,0
0,0.4068588,0.10629740038385925,0,0
0,0.4388967,0.15423253434855422,0,0
0,0.47210956,0.22118727971026694,0,0
0,0.3472542,0.05097061427960907,0,0
0,0.36073184,0.06040291351792718,0,0
1,0.96362054,0.995020534017596,1,1
0,0.50317264,0.30060586825800534,1,0
0,0.41924086,0.12303809562132814,0,0
1,0.65751636,0.7710688850369587,1,1
0,0.3635466,0.06256930771328566,0,0
0,0.39041173,0.08718367895190463,0,0
0,0.3724986,0.06994994457478822,0,0
0,0.44285992,0.1612552397506567,0,0
1,0.9708368,0.9954754290123456,1,1
0,0.36443093,0.0632647687417558,0,0
0,0.35440415,0.05578662473180402,0,0
0,0.4522461,0.17891483534046113,0,0
0,0.4150148,0.1170837998260703,0,0
0,0.4083225,0.10816647850084725,0,0
0,0.5295361,0.37924472314088786,1,0
0,0.5141758,0.33233456451340015,1,0
1,0.45534974,0.1850775810986178,0,0
0,0.38192722,0.07858777623098483,0,0
1,0.95615286,0.9945018495672692,1,1
1,0.44959426,0.17377733929520373,0,0
1,0.41218585,0.11323894163232907,0,0
0,0.5066056,0.3103203128868652,1,0
0,0.4420521,0.15980315576267784,0,0
1,0.5965571,0.5989828108876165,1,1
0,0.3821583,0.07881127138085246,0,0
1,0.9680214,0.9953030929172957,1,1
0,0.36809346,0.06622248755361439,0,0
1,0.46044096,0.19553993516670107,0,0
0,0.40963328,0.10986470270482512,0,0
0,0.5278329,0.37391116627840426,1,0
1,0.97822326,0.995898221997832,1,1
1,0.9590638,0.9947101383393886,1,1
0,0.37370488,0.07100400776608722,0,0
1,0.96592873,0.9951707798611997,1,1
0,0.38117135,0.07786077736053022,0,0
0,0.35962713,0.059571999858370736,0,0
0,0.42420307,0.13036002009957537,0,0
0,0.3708001,0.06849029894286224,0,0
0,0.40028265,0.09824746769138598,0,0
1,0.66656107,0.7916669426786122,1,1
1,0.96311706,0.9949871482740774,1,1
0,0.40428334,0.10307772277419645,0,0
0,0.3957324,0.09299975790051769,0,0
0,0.37694913,0.0739120417158265,0,0
0,0.38480085,0.08140860833054277,0,0
0,0.4324377,0.14332562251666794,0,0
0,0.43527266,0.14803163523668386,0,0
0,0.3804898,0.07721055021824129,0,0
0,0.36083445,0.06048063965081036,0,0
1,0.959285,0.9947256406782251,1,1
1,0.4899815,0.26495547860064667,0,0
0,0.40835357,0.10820644387341122,0,0
0,0.37023556,0.06801142257368673,0,0
0,0.35895637,0.05907272049474118,0,0
0,0.415272,0.11743891295555982,0,0
0,0.3914034,0.08824214635383523,0,0
1,0.48133057,0.24309914954178005,0,0
0,0.5064619,0.3099102069944065,1,0
1,0.59689486,0.6000645819380837,1,1
0,0.37640005,0.07341227721104975,0,0
1,0.9603941,0.9948026908748839,1,1
1,0.65295005,0.7601399842473733,1,1
0,0.5092814,0.3180103692483728,1,0
0,0.43616542,0.14953980408326797,0,0
0,0.49877486,0.2884188194962058,0,0
1,0.9690592,0.9953673676935311,1,1
1,0.8014963,0.9583090697253269,1,1
0,0.3725001,0.06995123768812034,0,0
0,0.42236203,0.12760122311523825,0,0
1,0.9353052,0.9927519309613374,1,1
0,0.37974906,0.07650950142705147,0,0
0,0.41775778,0.12091942191879189,0,0
0,0.36390045,0.06284672079112547,0,0
0,0.40603426,0.1052570824981461,0,0
0,0.37823504,0.07509473534805156,0,0
0,0.39087418,0.08767583344993855,0,0
0,0.3790504,0.0758536334747696,0,0
0,0.4279839,0.13618467403506324,0,0
0,0.36074165,0.060410336691078106,0,0
0,0.37274155,0.07016106601403199,0,0
0,0.4427435,0.16104533773479074,0,0
0,0.38947684,0.08619633911729327,0,0
0,0.4473241,0.16947242801520962,0,0
0,0.43326345,0.144683370364686,0,0
0,0.3918439,0.08871600617274135,0,0
1,0.49113515,0.2679632440291864,0,0
0,0.37626362,0.0732885791048773,0,0
0,0.42556402,0.13243186918705732,0,0
0,0.39868444,0.09637488351515339,0,0
0,0.36538562,0.06402365262796379,0,0
0,0.3616793,0.06112416476669693,0,0
0,0.3888695,0.08556036721367487,0,0
1,0.44173148,0.1592297856401707,0,0
1,0.3899435,0.08668791848485324,0,0
0,0.4099208,0.1102403415272166,0,0
0,0.3621824,0.06151043706671387,0,0
0,0.5133639,0.32993600507079945,1,0
0,0.34904474,0.05213841241437477,0,0
0,0.46269736,0.20031785428654633,0,0
1,0.67822415,0.8161645684298173,1,1
0,0.5102553,0.3208343746193601,1,0
1,0.40566602,0.10479538815787647,0,0
1,0.5386403,0.40822317019336296,1,0
0,0.38230324,0.07895173505377821,0,0
0,0.43810886,0.1528667054370106,0,0
1,0.9687555,0.9953486474390988,1,1
0,0.36139354,0.06090579530559409,0,0
0,0.6074952,0.6334696167127656,1,1
1,0.96610814,0.9951822673669322,1,1
1,0.9743972,0.9956843782632203,1,1
1,0.44371092,0.16279645572184448,0,0
0,0.35929397,0.059323520706890176,0,0
1,0.43936226,0.15504436405123004,0,0
0,0.38540637,0.08201466227927029,0,0
0,0.40295362,0.10144939890622803,0,0
0,0.40753236,0.10715394204733286,0,0
0,0.35075867,0.0532798858496879,0,0
0,0.41052887,0.11103842656579374,0,0
1,0.9608955,0.994837155812907,1,1
0,0.34972012,0.05258542832385443,0,0
0,0.37547374,0.07257620314524445,0,0
0,0.41039252,0.11085903198124562,0,0
1,0.6424856,0.7337755501793614,1,1
0,0.41947305,0.12337266770312098,0,0
1,0.8104499,0.9628279382089767,1,1
1,0.44263434,0.1608486947923736,0,0
1,0.40198517,0.10027786502921303,0,0
0,0.3791596,0.07595580034695434,0,0
1,0.7124013,0.8750600506403017,1,1
1,0.9695313,0.9953963132286194,1,1
0,0.39391014,0.09096963260591925,0,0
0,0.40489012,0.10382841452467372,0,0
0,0.36393958,0.06287746945498368,0,0
0,0.4070305,0.10651515846497901,0,0
0,0.36991808,0.06774348160589083,0,0
0,0.39893454,0.09666580218090563,0,0
0,0.40644363,0.1057724477061261,0,0
0,0.37119812,0.06882978703828482,0,0
0,0.36460486,0.06340239563319405,0,0
0,0.3592521,0.05929236010695643,0,0
0,0.35700792,0.05764455770038205,0,0
0,0.37419364,0.07143525322397683,0,0
1,0.96681374,0.9952271832832944,1,1
1,0.41080925,0.11140813085751898,0,0
0,0.36461556,0.06341087082223962,0,0
1,0.9645422,0.995081077485384,1,1
0,0.3728639,0.070267600663842,0,0
0,0.3677681,0.06595462999450397,0,0
1,0.60020745,0.6106203050012787,1,1
0,0.36549792,0.06411347179348992,0,0
0,0.36960563,0.06748074727932796,0,0
0,0.48395154,0.24958962242047522,0,0
0,0.41088104,0.11150296982360258,0,0
0,0.46576256,0.20694776593225825,0,0
0,0.36878574,0.06679579633220534,0,0
0,0.35772142,0.0581637323356563,0,0
0,0.36722875,0.06551279808372011,0,0
0,0.37035674,0.06811394815817476,0,0
1,0.3685061,0.06656366433152852,0,0
0,0.38550118,0.0821099176875692,0,0
0,0.36114946,0.060719843647988665,0,0
0,0.4513367,0.17713979039978361,0,0
0,0.41363657,0.11519667357734664,0,0
1,0.8512666,0.9780923088971675,1,1
0,0.43926215,0.15486951269429916,0,0
0,0.3947234,0.09187066980197091,0,0
0,0.3744594,0.0716707432578152,0,0
0,0.40966305,0.10990354600830188,0,0
1,0.95935196,0.9947303229878811,1,1
0,0.38174862,0.07841543610062567,0,0
1,0.7719254,0.9393713789266168,1,1
0,0.5217152,0.3550126566577788,1,0
0,0.3790303,0.07583482555908316,0,0
0,0.36317086,0.06227597272282842,0,0
0,0.39980662,0.09768634676843965,0,0
0,0.37227184,0.06975341606720716,0,0
0,0.4354671,0.1483590192772509,0,0
0,0.3560643,0.05696460738364141,0,0
0,0.40160915,0.09982625037385019,0,0
0,0.3524711,0.05444389103143431,0,0
0,0.3717992,0.06934544374950681,0,0
0,0.37104857,0.06870204559665294,0,0
0,0.35394135,0.05546234319900949,0,0
1,0.7705811,0.938342079217829,1,1
0,0.3614587,0.06095551779120802,0,0
1,0.9674579,0.9952678233682049,1,1
0,0.40861732,0.10854640439620586,0,0
0,0.3671895,0.06548075342377178,0,0
0,0.37918493,0.07597951976438982,0,0
0,0.36396986,0.06290127241639787,0,0
0,0.38628706,0.082903456710204,0,0
1,0.38479805,0.08140581396680208,0,0
0,0.49547383,0.27946684075044925,0,0
1,0.6425677,0.7339893626859586,1,1
0,0.4528901,0.180180256949581,0,0
0,0.61638594,0.6605448422397149,1,1
1,0.4432171,0.1619006732837587,0,0
0,0.3734583,0.07078735280865234,0,0
1,0.9573725,0.9945900925398569,1,1
0,0.36771852,0.06591389092865065,0,0
0,0.37311152,0.07048369705794218,0,0
1,0.9681487,0.9953110252785695,1,1
0,0.35589296,0.056841960959642425,0,0
0,0.35959446,0.059547595683733516,0,0
0,0.40967265,0.10991606863714312,0,0
0,0.3707832,0.06847592001722218,0,0
0,0.3834414,0.08006280017910009,0,0
1,0.38621733,0.0828327591824453,0,0
0,0.6581987,0.7726715901433093,1,1
0,0.4120743,0.11308961355271971,0,0
0,0.50686187,0.31105230345331025,1,0
0,0.39364603,0.09067872843536999,0,0
0,0.37915534,0.07595181057169315,0,0
0,0.37215707,0.06965414556552399,0,0
0,0.39912066,0.0968828012070987,0,0
0,0.40951705,0.10971317735393583,0,0
1,0.4482212,0.1711633889417399,0,0
1,0.9648819,0.9951032060071635,1,1
0,0.3750082,0.0721593357683527,0,0
0,0.42362055,0.12948167893102921,0,0
0,0.48909065,0.26264769916804465,0,0
0,0.37252373,0.06997174942145808,0,0
0,0.4189777,0.12265984863142712,0,0
0,0.44548163,0.16604129885535002,0,0
0,0.43152702,0.1418405877787438,0,0
0,0.40373215,0.10239996324368371,0,0
0,0.5595665,0.4769703068240896,1,0
1,0.4423951,0.16041840189318138,0,0
0,0.5089151,0.3169517171258272,1,0
0,0.50887847,0.31684586979238116,1,0
0,0.5127499,0.328127924996709,1,0
0,0.36563817,0.06422581524161779,0,0
1,0.5219993,0.3558807898908395,1,0
0,0.37627,0.07329435713139745,0,0
0,0.36664337,0.06503638761270747,0,0
0,0.37130457,0.0689208521514491,0,0
0,0.400953,0.09904250100061367,0,0
0,0.36843756,0.06650687760570216,0,0
0,0.4093272,0.10946607999213351,0,0
0,0.36936945,0.06728277043241587,0,0
1,0.9769096,0.9958260153758612,1,1
0,0.34745446,0.0510999918471743,0,0
0,0.37730923,0.07424149990654882,0,0
0,0.37823048,0.07509051103471114,0,0
1,0.68110687,0.8218639468563234,1,1
1,0.795946,0.9552487188964235,1,1
0,0.46050858,0.1956818614666631,0,0
1,0.39825153,0.09587317078344909,0,0
1,0.968404,0.9953268907012265,1,1
0,0.4254409,0.13224330539527032,0,0
1,0.70701474,0.8669906828389345,1,1
0,0.4213046,0.1260393255421955,0,0
0,0.3574758,0.05798450641362808,0,0
1,0.96722263,0.9952530206198834,1,1
0,0.35675895,0.057464422423328415,0,0
0,0.5042779,0.3037144998774997,1,0
0,0.35877398,0.058937638399868174,0,0
0,0.59754354,0.6021392904779034,1,1
0,0.430576,0.1403034827030333,0,0
1,0.45137405,0.1772124063916045,0,0
0,0.39801893,0.0956045596772758,0,0
0,0.39090836,0.08771231248358255,0,0
1,0.6240616,0.6831113943395936,1,1
0,0.43451795,0.14676649192265093,0,0
0,0.3914805,0.08832492247745874,0,0
0,0.45166624,0.17778139095230575,0,0
0,0.38105205,0.07774660045653253,0,0
0,0.4158116,0.11818698617643382,0,0
0,0.48154533,0.24362662868343074,0,0
1,0.9615359,0.9948808447704925,1,1
0,0.36353236,0.06255816319011118,0,0
1,0.38226154,0.07891130267792144,0,0
1,0.9614881,0.994877600344034,1,1
0,0.4400634,0.15627352098149216,0,0
0,0.3719516,0.06947675942810659,0,0
1,0.36842805,0.06649900508764305,0,0
0,0.36861926,0.06665751034712637,0,0
0,0.36465228,0.06343996362589918,0,0
1,0.4876416,0.2589216436878325,0,0
1,0.50495696,0.30563343381074154,1,0
1,0.42409173,0.13019174435294323,0,0
1,0.9787178,0.9959250808491781,1,1
0,0.36010423,0.05992953491891411,0,0
0,0.35617006,0.057040444138890325,0,0
0,0.3713418,0.06895272066510008,0,0
0,0.34122586,0.04721842394528071,0,0
0,0.38451007,0.08111902530928775,0,0
0,0.5058724,0.30823107028490854,1,0
0,0.35876912,0.058934044586653564,0,0
0,0.5362156,0.40043364912908075,1,0
0,0.42808804,0.13634815254217367,0,0
1,0.49859786,0.2879345206222363,0,0
0,0.3853005,0.0819083862703935,0,0
0,0.4072158,0.10675063134288788,0,0
0,0.37053454,0.06826464222597309,0,0
1,0.4358402,0.1489889156439218,0,0
1,0.9811832,0.9960563861493471,1,1
0,0.4690438,0.21422313840534335,0,0
1,0.96649384,0.9952068716052864,1,1
1,0.95963234,0.9947498912615488,1,1
0,0.36813053,0.06625307418295971,0,0
0,0.38784757,0.08449986622074511,0,0
0,0.4426266,0.16083474444201987,0,0
0,0.36424443,0.06311749962160446,0,0
0,0.36949748,0.06739002313989849,0,0
0,0.36281985,0.06200310866374744,0,0
0,0.376187,0.07321919457212034,0,0
0,0.48651916,0.25605915525673445,0,0
0,0.34668478,0.05060446534993881,0,0
0,0.43224418,0.1430089908772491,0,0
0,0.3946818,0.09182441363157469,0,0
0,0.3737553,0.07104838820110204,0,0
1,0.9683593,0.9953241163567138,1,1
1,0.34918243,0.052229251159268866,0,0
0,0.3703433,0.06810256897849525,0,0
0,0.36453292,0.06334543389968812,0,0
1,0.36430326,0.06316391908648754,0,0
0,0.38924226,0.08595020121245313,0,0
1,0.967675,0.9952814414940828,1,1
0,0.36838332,0.06646197391503081,0,0
1,0.968098,0.9953078665596052,1,1
0,0.39301795,0.08999028187303429,0,0
0,0.4728144,0.22281113980039013,0,0
0,0.43407002,0.14601986084983096,0,0
0,0.38376167,0.08037802802586391,0,0
0,0.37604654,0.07309216017128517,0,0
0,0.3688178,0.06682246416601433,0,0
0,0.36356223,0.06258152685082362,0,0
0,0.45600334,0.18639610787596153,0,0
0,0.36810875,0.06623509926024833,0,0
0,0.41289786,0.11419613754452375,0,0
1,0.9662438,0.9951909355416079,1,1
1,0.4221528,0.1272908482192081,0,0
0,0.37292382,0.07031984551982962,0,0
0,0.3852985,0.08190638339684178,0,0
0,0.4310145,0.14101049505749272,0,0
1,0.50090873,0.29429547443241977,1,0
0,0.37439695,0.07161535187233538,0,0
1,0.96196777,0.9949101017344198,1,1
0,0.38716912,0.08380240775546348,0,0
0,0.38320464,0.07983051502805218,0,0
1,0.9657904,0.9951619032780329,1,1
0,0.37703586,0.07399126332684604,0,0
0,0.43247712,0.14339021025824264,0,0
0,0.36779132,0.06597370999002249,0,0
0,0.3963636,0.09371236804636447,0,0
1,0.9653896,0.9951360958168969,1,1
1,0.9651892,0.9951231407614125,1,1
0,0.38164687,0.07831741468633518,0,0
0,0.3946255,0.09176181050797402,0,0
0,0.36443105,0.06326486297589057,0,0
1,0.36481163,0.06356637348070528,0,0
0,0.36007282,0.05990593388526466,0,0
0,0.52283955,0.3584541122208939,1,0
1,0.5305878,0.3825527220110505,1,0
0,0.37252146,0.06996978336494128,0,0
0,0.43769634,0.15215548731704617,0,0
0,0.53888315,0.409005886796255,1,0
1,0.8097209,0.9624783296333448,1,1
0,0.37786624,0.07475376752456553,0,0
0,0.37379298,0.0710815590953431,0,0
0,0.3697982,0.06764257629030128,0,0
0,0.4149515,0.11699654296939284,0,0
0,0.44415388,0.1636033497934834,0,0
1,0.4837963,0.24920198687394773,0,0
0,0.42969257,0.13888813543289238,0,0
0,0.36166847,0.06111588402200465,0,0
0,0.39922187,0.09700098665446408,0,0
0,0.36684787,0.06520245576026806,0,0
0,0.4593713,0.19330524697800686,0,0
0,0.38294885,0.07958023715282436,0,0
1,0.46109667,0.19691945058686033,0,0
0,0.370035,0.06784203763486425,0,0
0,0.48381722,0.24925420379936414,0,0
0,0.4597717,0.19413944785652476,0,0
0,0.46808967,0.2120885911823793,0,0
1,0.97420734,0.9956734834720492,1,1
0,0.40281114,0.1012762774245917,0,0
1,0.9683235,0.9953218957008262,1,1
1,0.7629977,0.9322235813702893,1,1
0,0.39957032,0.09740886896204498,0,0
0,0.37727213,0.07420749109471478,0,0
0,0.38356692,0.08018621061026325,0,0
0,0.37617317,0.07320667887786504,0,0
1,0.8885216,0.9865562465771098,1,1
1,0.9501335,0.994044926296961,1,1
0,0.41105562,0.11173388572834456,0,0
1,0.96491677,0.9951054718771749,1,1
0,0.36696452,0.06529735556756597,0,0
0,0.4513707,0.1772058566649013,0,0
0,0.5057616,0.307916010574058,1,0
1,0.47101355,0.21867913546029952,0,0
0,0.38593778,0.08254991507578109,0,0
0,0.42824483,0.13659461779914955,0,0
0,0.4017819,0.10003348822507253,0,0
0,0.48446164,0.25086616622070285,0,0
1,0.520099,0.350091721120326,1,0
0,0.41064852,0.11119607171783252,0,0
0,0.43019095,0.13968512074125838,0,0
0,0.382894,0.07952667665436747,0,0
1,0.58372855,0.5572751221682222,1,1
0,0.36523205,0.06390100848886436,0,0
0,0.44658306,0.16808570207264478,0,0
0,0.42704546,0.13471879484478289,0,0
1,0.39913934,0.0969046119848696,0,0
0,0.3617396,0.06117035542413468,0,0
0,0.39350244,0.0905209243403415,0,0
0,0.370301,0.06806677768668291,0,0
0,0.45719498,0.18881868285628073,0,0
0,0.37115535,0.0687932343133865,0,0
0,0.3685388,0.06659076498836759,0,0
1,0.6346442,0.712850331316058,1,1
0,0.35726044,0.05782780036277908,0,0
0,0.41840926,0.12184619701569718,0,0
0,0.3928162,0.08977013107354781,0,0
0,0.433811,0.145589564772315,0,0
0,0.40062612,0.09865411527887437,0,0
0,0.5129685,0.3287709934882151,1,0
0,0.37071547,0.06841830559157887,0,0
1,0.51065844,0.3220073177651768,1,0
0,0.42154792,0.12639725476577726,0,0
0,0.3721644,0.0696604830069036,0,0
0,0.40557003,0.1046753264246079,0,0
0,0.37688679,0.07385513750529614,0,0
0,0.40175655,0.10000307229025203,0,0
0,0.39823613,0.09585535724914415,0,0
0,0.36521056,0.06388386577226292,0,0
0,0.40921873,0.10932510075293587,0,0
0,0.3554149,0.05650106086617746,0,0
0,0.39576563,0.09303715273458568,0,0
0,0.41289324,0.11418990479701535,0,0
0,0.38398397,0.08059747866880825,0,0
0,0.40968722,0.10993508831310689,0,0
0,0.41666052,0.11937223257926997,0,0
0,0.3931302,0.09011298993284163,0,0
0,0.38627076,0.08288692549392453,0,0
0,0.3569872,0.05762955138889142,0,0
1,0.36045045,0.06019023863190281,0,0
1,0.39097777,0.08778642589692626,0,0
0,0.36857346,0.06661950732097047,0,0
0,0.44143412,0.15869947895397823,0,0
0,0.40360147,0.10223985251742676,0,0
0,0.41041842,0.11089308762047946,0,0
1,0.95416754,0.9943551364282132,1,1
1,0.9579499,0.99463137533788,1,1
0,0.37218976,0.06968241054686639,0,0
0,0.35986486,0.05974990279197123,0,0
1,0.36315018,0.06225986360479684,0,0
0,0.39224398,0.08914841292276965,0,0
1,0.70982116,0.8712485608018238,1,1
0,0.37187278,0.06940881324932319,0,0
1,0.9652186,0.995125042622773,1,1
1,0.96713644,0.9952475860445901,1,1
1,0.45101973,0.17652433498315898,0,0
0,0.47789112,0.2347572059796412,0,0
0,0.39320302,0.09019264994813982,0,0
1,0.36723796,0.0655203186464819,0,0
0,0.36478668,0.06354657025200444,0,0
0,0.39919674,0.09697163709919561,0,0
0,0.43273982,0.1438211699308562,0,0
0,0.65700984,0.7698740488618084,1,1
0,0.3486977,0.05191010966056179,0,0
0,0.40594748,0.10514811130996601,0,0
0,0.43424213,0.14630636686443413,0,0
1,0.4328828,0.1440561446524278,0,0
0,0.34853676,0.051804562468274966,0,0
0,0.357351,0.057893656891616775,0,0
0,0.37837824,0.07522751202776616,0,0
0,0.38431823,0.08092849276293977,0,0
1,0.44682953,0.16854591393713841,0,0
0,0.3860652,0.08267874422126652,0,0
1,0.566081,0.49867798754160103,1,0
0,0.42405072,0.1301298135476993,0,0
0,0.35572726,0.056723582650789243,0,0
0,0.377678,0.07458029207250605,0,0
0,0.36986136,0.06769572110282404,0,0
0,0.40135384,0.09952063362433826,0,0
0,0.41832918,0.12173195023355675,0,0
0,0.3904078,0.08717950303078585,0,0
0,0.36078224,0.06044107635655244,0,0
0,0.36895332,0.06693526724596771,0,0
0,0.36594677,0.06447365963491808,0,0
0,0.3627314,0.06193452455350371,0,0
1,0.39615598,0.09347744426160855,0,0
0,0.36244604,0.06171374957904448,0,0
1,0.80711734,0.9612038221149615,1,1
0,0.35745323,0.05796807112642776,0,0
0,0.41185465,0.11279608740790592,0,0
1,0.97080773,0.995473681137087,1,1
0,0.37205163,0.06956305874457958,0,0
0,0.44584867,0.1667203606984479,0,0
0,0.38548976,0.08209844337672144,0,0
0,0.3617613,0.061186977432927274,0,0
0,0.41352162,0.11504048500592981,0,0
0,0.36223757,0.06155292777622643,0,0
0,0.3656071,0.06420092442262322,0,0
0,0.40348992,0.10210335885129886,0,0
0,0.37874046,0.0755643269985193,0,0
0,0.36717582,0.06546958866495854,0,0
0,0.37172672,0.06928307624471283,0,0
0,0.372269,0.06975096559777713,0,0
0,0.35033584,0.05299610620623518,0,0
0,0.44219822,0.16006502554825264,0,0
1,0.8165405,0.9656287422153558,1,1
0,0.42775425,0.13582470658587298,0,0
0,0.366189,0.06466882485219826,0,0
1,0.70491654,0.8637299279238172,1,1
0,0.3590608,0.059150192189009,0,0
1,0.5615482,0.4835682485964447,1,0
0,0.34019718,0.046604929798564156,0,0
0,0.35556412,0.05660726176332825,0,0
0,0.3480377,0.05147853763517426,0,0
0,0.36416894,0.06305798163510679,0,0
1,0.35986245,0.05974809383337229,0,0
0,0.46609065,0.20766694366821964,0,0
1,0.96654886,0.9952103708594345,1,1
0,0.44372544,0.16282284347975087,0,0
0,0.37503844,0.07218635519440302,0,0
0,0.374697,0.0718819095116979,0,0
0,0.36051854,0.06024164239376129,0,0
0,0.42334697,0.1290708975197512,0,0
0,0.40262374,0.10104898614049077,0,0
0,0.40828368,0.10811652085927612,0,0
1,0.40625113,0.10552983394144982,0,0
0,0.35829034,0.05858085072351131,0,0
0,0.40195477,0.1002412876621524,0,0
0,0.48863158,0.26146351511303106,0,0
0,0.3698538,0.0676893487057343,0,0
0,0.36457655,0.06337997334738761,0,0
0,0.40231788,0.10067898370613815,0,0
1,0.5148351,0.3342889278823245,1,0
0,0.3938006,0.090848862367818,0,0
0,0.35697713,0.05762225468102467,0,0
0,0.3704044,0.06815430672470772,0,0
1,0.7426831,0.9129648143660128,1,1
0,0.41378227,0.11539491786381886,0,0
0,0.48570246,0.25398946683411217,0,0
0,0.4003106,0.0982805081304062,0,0
0,0.3762496,0.07327589051893495,0,0
0,0.40155748,0.09976432486672214,0,0
0,0.37065265,0.06836491361763854,0,0
0,0.36091977,0.06054534346562363,0,0
0,0.3600663,0.05990103115720781,0,0
0,0.36399963,0.06292468529592454,0,0
0,0.38575897,0.0823694525267875,0,0
0,0.42689297,0.1344818499674684,0,0
0,0.49729815,0.2843931262544227,0,0
0,0.40005213,0.09797538449873622,0,0
0,0.5018844,0.297005577886938,1,0
0,0.35915825,0.05922257613911159,0,0
0,0.35899237,0.05909941802578189,0,0
0,0.39892682,0.09665681192166559,0,0
0,0.3904405,0.08721421296254073,0,0
0,0.4374111,0.15166530751890459,0,0
0,0.3681927,0.06630439279598133,0,0
0,0.4180066,0.12127266587444294,0,0
1,0.96738493,0.9952632378245507,1,1
1,0.9735213,0.995633882924917,1,1
0,0.36854112,0.06659269231672608,0,0
0,0.3837335,0.08035026420657529,0,0
0,0.3937414,0.09078367495987838,0,0
0,0.36475042,0.06351778656973132,0,0
0,0.46091998,0.19654698339773083,0,0
0,0.3788357,0.07565312509523257,0,0
0,0.48239157,0.24571268504334168,0,0
0,0.48371652,0.24900293043765248,0,0
0,0.43996406,0.15609890107245702,0,0
1,0.96441424,0.9950727151662877,1,1
1,0.96577483,0.9951609040776506,1,1
0,0.3818391,0.07850269880600101,0,0
0,0.38261327,0.07925298577316059,0,0
0,0.36169866,0.061138995167263205,0,0
0,0.41832757,0.12172965518926102,0,0
1,0.9812748,0.9960611833524879,1,1
1,0.68266034,0.8248774591339239,1,1
0,0.37225452,0.06973843075773442,0,0
1,0.37106898,0.06871947044753621,0,0
0,0.4969522,0.28345494331972293,0,0
0,0.3760678,0.07311136536130003,0,0
1,0.9815978,0.9960780505228111,1,1
0,0.47226414,0.22154268853225317,0,0
0,0.39442182,0.09153561306310351,0,0
1,0.7222655,0.8887500666259858,1,1
0,0.36559132,0.06418826747270069,0,0
0,0.36124304,0.06079107361771266,0,0
0,0.3649972,0.0637138835612082,0,0
0,0.3780088,0.07488541180434823,0,0
0,0.37293044,0.0703256151780346,0,0
0,0.43811202,0.1528721623376958,0,0
1,0.9618077,0.9948992800388353,1,1
1,0.95980483,0.9947618941452552,1,1
1,0.7681002,0.9363994568306083,1,1
0,0.39584172,0.09312282599037286,0,0
0,0.40918857,0.10928593373298036,0,0
1,0.67967665,0.8190537718750434,1,1
0,0.37853906,0.07537687689042852,0,0
0,0.38168883,0.07835782703202458,0,0
0,0.42989817,0.13921646507485877,0,0
0,0.35408196,0.055560677881315974,0,0
0,0.408297,0.10813365676727366,0,0
0,0.35685042,0.057530537019148266,0,0
0,0.3856354,0.08224496277942452,0,0
0,0.385502,0.0821107565978576,0,0
0,0.3715671,0.06914590715458638,0,0
0,0.4012813,0.09943395572900147,0,0
1,0.9614432,0.9948745444205515,1,1
0,0.4758008,0.22978534524082916,0,0
0,0.3807546,0.0774625814982513,0,0
0,0.4576863,0.18982453098388496,0,0
0,0.36087465,0.060511118993650886,0,0
1,0.9663354,0.995196780444104,1,1
0,0.42819408,0.13651479530161292,0,0
0,0.374228,0.07146566267451625,0,0
0,0.3891651,0.08586937859504352,0,0
0,0.4011394,0.09926460448675244,0,0
0,0.34517002,0.04964250011293938,0,0
0,0.4158168,0.11819423662575539,0,0
0,0.40904891,0.10910473384125347,0,0
0,0.38879332,0.08548090240865205,0,0
0,0.37126908,0.06889047622462346,0,0
0,0.45227715,0.17897569495704868,0,0
1,0.4969419,0.28342700759918243,0,0
0,0.3829574,0.07958859439653951,0,0
0,0.35762605,0.058094085283051565,0,0
0,0.513667,0.3308304100957726,1,0
0,0.6627463,0.783149968224459,1,1
0,0.3642386,0.06311289233344033,0,0
0,0.3951328,0.09232732170263162,0,0
0,0.3667932,0.06515800808850303,0,0
0,0.35892725,0.05905113647156877,0,0
1,0.96669364,0.9952195674783865,1,1
1,0.43813595,0.1529135061199775,0,0
0,0.4154238,0.11764896230442203,0,0
0,0.4503642,0.17525686168967541,0,0
0,0.50138956,0.2956292709566923,1,0
0,0.3979605,0.0955372115731247,0,0
0,0.41919908,0.12297797184195296,0,0
0,0.3663053,0.06476271285401053,0,0
1,0.49055302,0.2664428285767084,0,0
0,0.39816257,0.09577036165144068,0,0
0,0.3909879,0.08779725010636377,0,0
0,0.37348488,0.07081068045442969,0,0
1,0.39019263,0.08695136821252987,0,0
1,0.9598178,0.9947627971953317,1,1
0,0.4121586,0.1132024614705924,0,0
1,0.534522,0.3950223046604303,1,0
0,0.42641455,0.13374079244053588,0,0
0,0.37959138,0.07636102144408582,0,0
0,0.43931907,0.15496891719408404,0,0
1,0.72803354,0.8961328646053731,1,1
0,0.37551436,0.07261268173921326,0,0
0,0.43666813,0.15039460255557302,0,0
1,0.79849494,0.9566798767534143,1,1
0,0.3625573,0.06179973541766864,0,0
1,0.45625547,0.18690666844296377,0,0
0,0.40688974,0.10633660640289563,0,0
0,0.37552238,0.07261988310602342,0,0
0,0.35966662,0.05960151558884135,0,0
0,0.37461847,0.07181205766651791,0,0
0,0.4299181,0.13924833797014105,0,0
1,0.96303666,0.9949817959298952,1,1
0,0.38203114,0.07868821093214426,0,0
0,0.4444012,0.16405529030359742,0,0
0,0.41088483,0.11150797159489251,0,0
0,0.41041017,0.11088223114643372,0,0
0,0.36380714,0.06277345365796777,0,0
0,0.5056945,0.3077252652366212,1,0
0,0.37048098,0.06821921965558626,0,0
0,0.50680465,0.31088876215943095,1,0
0,0.46735287,0.21045089099686898,0,0
0,0.3685923,0.0666351313730184,0,0
0,0.41841692,0.12185712906652277,0,0
0,0.35968137,0.05961254573416183,0,0
0,0.40590397,0.1050935135105836,0,0
1,0.96352804,0.9950144165595036,1,1
0,0.3633772,0.062436905716852314,0,0
0,0.34799618,0.051451505161393414,0,0
0,0.45408362,0.1825439075025252,0,0
0,0.36313453,0.06224767989707037,0,0
0,0.47713566,0.23295175679646313,0,0
0,0.35942838,0.05942364882682215,0,0
0,0.37872824,0.07555294243188836,0,0
1,0.9635673,0.9950170150271506,1,1
0,0.41417748,0.11593413288229891,0,0
0,0.35803494,0.058393249502052255,0,0
0,0.37059328,0.06831449520429372,0,0
0,0.37380484,0.07109200668841956,0,0
0,0.3586035,0.05881164702724292,0,0
1,0.96448207,0.9950771493062727,1,1
0,0.39441288,0.09152569636080983,0,0
0,0.38511214,0.08171965473695923,0,0
0,0.3700237,0.06783251036416445,0,0
0,0.36616594,0.06465021631036316,0,0
1,0.9666392,0.9952161127638016,1,1
0,0.36359212,0.06260492198368514,0,0
0,0.40863156,0.10856479277997408,0,0
0,0.37311462,0.07048640572679368,0,0
0,0.4085037,0.10839985682700823,0,0
0,0.45304078,0.18047734208784225,0,0
0,0.4372449,0.15138027930036912,0,0
0,0.41789007,0.12110712420742194,0,0
1,0.38372418,0.08034107028922662,0,0
0,0.35133,0.05366561084989236,0,0
0,0.4462738,0.16750965827038716,0,0
0,0.42583406,0.13284626591244403,0,0
1,0.43275443,0.14384515730386288,0,0
0,0.3808228,0.07752763308677792,0,0
0,0.39594665,0.09324109940925247,0,0
0,0.3635032,0.06253534368341197,0,0
0,0.37030172,0.06806738289124331,0,0
0,0.362185,0.0615124335849156,0,0
0,0.39583388,0.09311399699951883,0,0
0,0.35234553,0.05435771707488929,0,0
1,0.40714833,0.10666484166107894,0,0
0,0.39248037,0.08940478796691993,0,0
0,0.388564,0.08524207234304967,0,0
0,0.36756748,0.0657899571036881,0,0
0,0.36614537,0.06463363150276485,0,0
1,0.3955017,0.09274051222015976,0,0
0,0.39564878,0.0929057100455389,0,0
1,0.96051633,0.9948111150999712,1,1
1,0.805663,0.9604738893727578,1,1
0,0.37373194,0.071027821032864,0,0
1,0.37085125,0.0685338331603798,0,0
0,0.4507348,0.17597251972441952,0,0
1,0.44842085,0.17154151724046665,0,0
0,0.34339464,0.048537086988882594,0,0
0,0.42368966,0.12958562414510943,0,0
0,0.42425212,0.1304342173755215,0,0
0,0.38821742,0.08488229066053198,0,0
0,0.36759776,0.06581478518632623,0,0
0,0.40613678,0.10538594057568605,0,0
0,0.38233873,0.07898617096506298,0,0
0,0.4214372,0.12623427263460738,0,0
0,0.36026403,0.060049734985885554,0,0
1,0.4000185,0.09793576259407728,0,0
0,0.3871877,0.08382142500170164,0,0
1,0.96816874,0.9953122718514973,1,1
0,0.4547158,0.18380557268674305,0,0
1,0.57272375,0.5208176683163506,1,1
0,0.39669245,0.09408559973003378,0,0
1,0.9591661,0.9947173123864391,1,1
0,0.39219263,0.08909281053101484,0,0
0,0.43622148,0.14963492643411835,0,0
0,0.43938145,0.15507790561343682,0,0
0,0.42392117,0.12993432898506418,0,0
0,0.38056368,0.07728079368226352,0,0
0,0.41287005,0.11415862490199226,0,0
0,0.37508842,0.07223101758561719,0,0
1,0.43423647,0.14629693328648743,0,0
0,0.49482056,0.27771555319937574,0,0
0,0.41291624,0.11422095083845149,0,0
0,0.4064415,0.1057697781239569,0,0
0,0.4430832,0.16165846586425267,0,0
0,0.3652452,0.0639114959522422,0,0
0,0.5464084,0.4334723278490514,1,0
1,0.9690039,0.9953639642612301,1,1
0,0.45752612,0.18949614004425486,0,0
0,0.41329268,0.11472995255406304,0,0
0,0.40267184,0.10110728389927537,0,0
0,0.37635508,0.07337148262615109,0,0
1,0.9685856,0.9953381450992257,1,1
0,0.37972903,0.07649062859307366,0,0
1,0.66173893,0.7808592852997492,1,1
0,0.42662665,0.1340689087873921,0,0
1,0.56664115,0.5005459745583037,1,1
0,0.3740954,0.07134838972982743,0,0
1,0.9606734,0.9948219180989013,1,1
0,0.5012264,0.29517634268503584,1,0
0,0.41512522,0.11723614145812218,0,0
1,0.5156157,0.3366100161563062,1,0
0,0.3690407,0.06700809872650147,0,0
0,0.3913307,0.08816413799815205,0,0
0,0.3689487,0.06693141905991906,0,0
0,0.35974857,0.05966281837161351,0,0
0,0.35971528,0.0596379111774408,0,0
1,0.5506279,0.4473422455142685,1,0
1,0.41926438,0.12307194243998697,0,0
1,0.37572235,0.07279972884087155,0,0
0,0.35943088,0.05942551524184338,0,0
1,0.5668008,0.501078264874558,1,1
1,0.96274203,0.9949621352598123,1,1
0,0.41554883,0.11782218609798567,0,0
0,0.37619102,0.07322283636186258,0,0
0,0.3632978,0.06237491781339495,0,0
0,0.36946705,0.0673645187861084,0,0
0,0.40736103,0.10693548991181481,0,0
1,0.96859586,0.9953387795933433,1,1
0,0.37726796,0.07420366770708955,0,0
0,0.3977429,0.09528667889759898,0,0
1,0.96618325,0.9951870680122442,1,1
1,0.5420085,0.41911983277141834,1,0
1,0.6089361,0.6379206155012285,1,1
0,0.37489283,0.07205637486255544,0,0
1,0.9674617,0.995268063013612,1,1
0,0.43868205,0.15385943949769718,0,0
0,0.4023911,0.10076745396191296,0,0
0,0.366514,0.06493153382792506,0,0
1,0.96316504,0.994990339516543,1,1
1,0.40416965,0.10293759574643789,0,0
0,0.5191009,0.3470686668495189,1,0
1,0.59461516,0.5927452012142895,1,1
1,0.9677411,0.99528558050264,1,1
0,0.37008256,0.06788217136611598,0,0
0,0.36124,0.06078875855032343,0,0
0,0.48650336,0.2560190222743437,0,0
0,0.36912802,0.06708095400112855,0,0
0,0.37260732,0.07004434817559485,0,0
0,0.6102836,0.6420619925156484,1,1
0,0.360511,0.06023594883917882,0,0
0,0.44179344,0.15934046014744818,0,0
0,0.4335097,0.1450903374143319,0,0
1,0.43144986,0.1417153574213711,0,0
0,0.43463066,0.1469548638305539,0,0
0,0.36842304,0.06649485940726234,0,0
0,0.37807706,0.07494850252433305,0,0
0,0.37231475,0.06979056977803941,0,0
0,0.35974395,0.05965936155402155,0,0
0,0.43622333,0.14963806262872564,0,0
1,0.9611871,0.9948570983142841,1,1
0,0.39378247,0.09082890122571598,0,0
0,0.36143696,0.060938931830338064,0,0
0,0.3674378,0.06568372978030126,0,0
0,0.36376718,0.06274209789782577,0,0
0,0.38084137,0.07754534692005366,0,0
0,0.36810458,0.06623165724758943,0,0
0,0.37874654,0.07556999210145862,0,0
0,0.4881214,0.26015154325433393,0,0
0,0.40442136,0.10324804876428183,0,0
0,0.40302566,0.10153701908788931,0,0
0,0.3550287,0.05622706335693548,0,0
0,0.36724314,0.0655245538797843,0,0
1,0.95330095,0.9942898815959333,1,1
0,0.38940567,0.08612159541399508,0,0
1,0.95564336,0.9944645635309622,1,1
1,0.9620836,0.9949179186049754,1,1
0,0.43723017,0.15135505327587254,0,0
1,0.5192051,0.34738367062632786,1,0
0,0.36645958,0.06488747510861134,0,0
0,0.49479628,0.27765056956895307,0,0
0,0.3551032,0.056279824433562255,0,0
0,0.40983078,0.11012259994333147,0,0
1,0.96624005,0.9951906958143033,1,1
0,0.35164487,0.053879305480864136,0,0
0,0.38688144,0.08350824781075787,0,0
0,0.40252295,0.10092692488828817,0,0
0,0.367562,0.0657854616105446,0,0
0,0.37065032,0.06836293875419475,0,0
0,0.39906013,0.09681218107128987,0,0
1,0.5195565,0.3484471620635011,1,0
0,0.42970738,0.13891176638767122,0,0
0,0.37289852,0.07029778451175832,0,0
0,0.38059396,0.07730959936450012,0,0
1,0.7945207,0.9544289012075476,1,1
0,0.37069374,0.0683998369205207,0,0
0,0.50202453,0.29739599871238864,1,0
1,0.47064874,0.2178488491719004,0,0
0,0.39145264,0.08829499723486338,0,0
0,0.38178337,0.07844893953643022,0,0
1,0.96255445,0.9949495782302866,1,1
1,0.96755755,0.9952740801420036,1,1
0,0.3930099,0.08998149254913079,0,0
0,0.37722138,0.07416099461788113,0,0
1,0.3848405,0.08144815497453492,0,0
0,0.3876515,0.08429776377632683,0,0
0,0.3490573,0.052146683957719944,0,0
0,0.38735637,0.08399437774765361,0,0
0,0.4776931,0.23428305943879216,0,0
0,0.43745932,0.15174808238170567,0,0
0,0.35789245,0.0582888362459298,0,0
0,0.3784714,0.07531400861999284,0,0
0,0.4329647,0.1441909446554308,0,0
0,0.3655435,0.0641499764474804,0,0
0,0.36567768,0.06425750311884403,0,0
0,0.45546892,0.18531746883533598,0,0
0,0.36449665,0.06331673516300984,0,0
0,0.41656643,0.11924036683694397,0,0
0,0.36627376,0.06473724325015853,0,0
0,0.40638807,0.10570238146539569,0,0
0,0.39846343,0.09611845030197115,0,0
0,0.4046193,0.10349277310856694,0,0
0,0.3574582,0.05797169650082307,0,0
0,0.51698285,0.3406942972472792,1,0
0,0.43167436,0.14207998648901823,0,0
0,0.5158992,0.33745491525167887,1,0
1,0.44646284,0.1678615807189492,0,0
0,0.4281225,0.136402276250931,0,0
0,0.3581587,0.05848409009479926,0,0
0,0.39175093,0.08861581745751015,0,0
0,0.50274247,0.2994008946716007,1,0
0,0.43628642,0.14974518100210732,0,0
0,0.44736886,0.1695564857959176,0,0
0,0.51158524,0.3247121698341089,1,0
0,0.43696538,0.15090193181012732,0,0
0,0.44697848,0.1688245311112474,0,0
1,0.44535023,0.16579874080282828,0,0
0,0.3567682,0.05747109742458412,0,0
0,0.364133,0.06302966261054892,0,0
0,0.38449186,0.08110092240802562,0,0
0,0.37304068,0.07042181456741896,0,0
0,0.36728668,0.0655601252790576,0,0
1,0.3870709,0.08370186166435017,0,0
1,0.61834043,0.6663658757106258,1,1
0,0.4090493,0.10910523616493165,0,0
0,0.36948773,0.06738185377739861,0,0
1,0.9714129,0.9955099081566366,1,1
0,0.35802278,0.058384332262388754,0,0
0,0.37876424,0.07558648976937518,0,0
1,0.6187897,0.6676967801018058,1,1
1,0.805702,0.9604936246205,1,1
0,0.35325095,0.05498187973628471,0,0
0,0.41785935,0.12106350617876653,0,0
0,0.3626232,0.06185073936788736,0,0
0,0.36264113,0.06186460392323237,0,0
0,0.3674932,0.0657290967401675,0,0
0,0.52663004,0.37016265163225176,1,0
0,0.36215988,0.06149309056115187,0,0
0,0.47321668,0.22374170638408108,0,0
0,0.3639174,0.06286004426996848,0,0
0,0.37047437,0.06821361013048143,0,0
0,0.41780347,0.12098421615944424,0,0
0,0.44637865,0.16770477117103635,0,0
0,0.34343144,0.04855976463461668,0,0
0,0.3934874,0.09050439838616355,0,0
1,0.40311122,0.10164118472290126,0,0
0,0.3851811,0.08178871074132468,0,0
0,0.38326988,0.07989446060152164,0,0
0,0.35918865,0.05924517159715689,0,0
0,0.37815577,0.07502132413064813,0,0
1,0.96574235,0.9951588169625809,1,1
1,0.37607124,0.07311449034793938,0,0
0,0.3928011,0.08975369618372894,0,0
0,0.48558933,0.2537036454178551,0,0
0,0.38146156,0.07813917395576431,0,0
0,0.3605247,0.06024630113122208,0,0
0,0.37403944,0.07129894013053624,0,0
0,0.41960907,0.12356902431051028,0,0
0,0.36482596,0.0635777564333649,0,0
1,0.6540549,0.7628166676711945,1,1
0,0.37516645,0.07230079192735346,0,0
0,0.37646028,0.07346694601481928,0,0
0,0.37118763,0.0688208191304398,0,0
0,0.37620193,0.07323271049774348,0,0
0,0.40477926,0.1036908947773357,0,0
1,0.41312614,0.11450452528370768,0,0
1,0.96946925,0.9953925189451356,1,1
0,0.45206887,0.17856780141654788,0,0
0,0.41002986,0.11038309643663811,0,0
1,0.3660528,0.06455902486234211,0,0
0,0.44794875,0.17064843187956744,0,0
1,0.95954156,0.9947435636257441,1,1
0,0.41874588,0.12232745204381235,0,0
0,0.40519843,0.10421169314337105,0,0
0,0.40648583,0.10582570135910908,0,0
0,0.37318677,0.07054948760336814,0,0
0,0.47463512,0.227044996041274,0,0
0,0.42657545,0.13398964127986798,0,0
1,0.4368375,0.1506834970775523,0,0
0,0.41580117,0.11817248643325796,0,0
0,0.3986871,0.0963779646985109,0,0
1,0.3892009,0.08590686248276837,0,0
0,0.36229044,0.06159367664680734,0,0
0,0.3708152,0.06850313329148397,0,0
0,0.39381427,0.09086393433234051,0,0
1,0.9599018,0.9947686301473401,1,1
0,0.3794744,0.0762510459926165,0,0
0,0.35416114,0.0556161284756657,0,0
0,0.37990278,0.07665450391264766,0,0
0,0.38593218,0.08254425512634914,0,0
0,0.39971647,0.09758040289645922,0,0
0,0.4569762,0.1883721095221361,0,0
0,0.3809681,0.07766634356418611,0,0
0,0.43357,0.14519011838498555,0,0
1,0.5854298,0.5628663147154241,1,1
0,0.40864208,0.1085783742420773,0,0
0,0.38035804,0.07708542459126981,0,0
0,0.37429404,0.07152414145089049,0,0
0,0.3958025,0.09307865498956468,0,0
0,0.42644238,0.13378381407100762,0,0
1,0.61968106,0.6703296489239077,1,1
1,0.97106445,0.995489084385555,1,1
0,0.41402915,0.11573150335510429,0,0
0,0.45211545,0.1786589583607346,0,0
1,0.9615294,0.9948804033894637,1,1
1,0.96164507,0.9948882575485473,1,1
1,0.5026053,0.2990172943245445,1,0
0,0.35569584,0.05670116801146589,0,0
0,0.35404155,0.05553239872704727,0,0
0,0.37998265,0.07672994392685689,0,0
0,0.4549478,0.1842703072044813,0,0
0,0.3656021,0.06419691215669293,0,0
0,0.36208883,0.061438419343951785,0,0
0,0.488556,0.2612688908357679,0,0
0,0.40440366,0.10322618781000968,0,0
0,0.3642652,0.06313388624370078,0,0
0,0.35607317,0.05697097154721302,0,0
0,0.4547617,0.1838974923088108,0,0
0,0.3626934,0.06190508380184735,0,0
1,0.96555084,0.9951464943372937,1,1
0,0.36967617,0.0675399827544539,0,0
0,0.36856538,0.06661280880918014,0,0
0,0.4073007,0.10685867473646418,0,0
1,0.96185625,0.9949025632217624,1,1
0,0.36162624,0.061083569499027976,0,0
0,0.5024897,0.2986940954679998,1,0
0,0.38156682,0.07824037413780506,0,0
0,0.39090267,0.08770623699342453,0,0
0,0.37245542,0.06991247975247344,0,0
1,0.970293,0.995442638042932,1,1
1,0.5376069,0.4048973572256335,1,0
0,0.43040398,0.14002694736683566,0,0
0,0.39075816,0.08755212324198748,0,0
1,0.3614685,0.06096300447000322,0,0
0,0.4133931,0.1148660894387951,0,0
0,0.36371052,0.06269767305145466,0,0
0,0.34890765,0.05204811525637616,0,0
0,0.3539343,0.055457407861895715,0,0
0,0.3850854,0.08169290012513135,0,0
1,0.4165587,0.11922955417515696,0,0
1,0.4924158,0.2713273292094999,0,0
1,0.96383727,0.9950348366677453,1,1
0,0.3898876,0.08662889213562332,0,0
1,0.5169287,0.34053197997594714,1,0
0,0.41714907,0.1200589852275632,0,0
0,0.3618055,0.06122085098837272,0,0
0,0.37660533,0.07359875403519911,0,0
0,0.3418529,0.04759613964258261,0,0
0,0.39369318,0.09073059771563946,0,0
0,0.4048539,0.10378348107703175,0,0
0,0.41773224,0.12088321274158706,0,0
0,0.36409625,0.06300072184205542,0,0
0,0.41891268,0.12256653347276435,0,0
1,0.39669767,0.09409152939025488,0,0
0,0.40420762,0.10298437169599761,0,0
0,0.41051954,0.11102614514019982,0,0
0,0.47510028,0.22813572620250172,0,0
0,0.3636542,0.06265353436454728,0,0
0,0.36136204,0.06088176652045655,0,0
0,0.42891237,0.13764815738344904,0,0
0,0.44307393,0.16164171138887662,0,0
0,0.3935607,0.0905849266779374,0,0
0,0.5645749,0.493655939398267,1,0
1,0.9637821,0.9950311980178254,1,1
1,0.9630964,0.9949857720464115,1,1
1,0.62841755,0.6955532364850215,1,1
1,0.47559923,0.22930980071795054,0,0
0,0.4026851,0.10112336256983052,0,0
1,0.9626706,0.9949573587155651,1,1
1,0.96652246,0.9952086916864882,1,1
0,0.476076,0.230435660063452,0,0
0,0.50288665,0.2998044705132389,1,0
0,0.38092726,0.0776273394187339,0,0
0,0.3751471,0.07228348913523708,0,0
0,0.43304518,0.14432344397587127,0,0
1,0.81550896,0.9651691359531495,1,1
0,0.39269212,0.08963499736723121,0,0
1,0.6051391,0.6261423765601298,1,1
0,0.41188076,0.11283094114284326,0,0
0,0.37749344,0.07441055439961132,0,0
0,0.43315935,0.14451161947174937,0,0
1,0.4466294,0.16817215864852578,0,0
0,0.47562233,0.22936425218021364,0,0
0,0.3879106,0.08456493096070643,0,0
0,0.38480482,0.08141256220731136,0,0
0,0.37390694,0.07118199864716594,0,0
1,0.8920377,0.9871643018152148,1,1
0,0.35242358,0.05441125903581316,0,0
0,0.36995003,0.06777039986088339,0,0
0,0.3742194,0.07145803940928486,0,0
1,0.36362836,0.06263329632076575,0,0
0,0.4869481,0.25715060718435834,0,0
0,0.37313262,0.07050213874385579,0,0
0,0.5332177,0.3908723458787475,1,0
0,0.48231614,0.24552625557319763,0,0
0,0.4022665,0.10061694808320314,0,0
1,0.6980953,0.8526620169306723,1,1
1,0.46035096,0.19535115458944602,0,0
1,0.51729894,0.341641981465625,1,0
0,0.37368274,0.07098452728567618,0,0
0,0.3535168,0.05516641491025573,0,0
1,0.46394408,0.20299507993365487,0,0
0,0.5864506,0.5662136278586913,1,1
0,0.44304365,0.16158698628015625,0,0
0,0.43178293,0.1422566037506616,0,0
0,0.42754164,0.13549217392594914,0,0
0,0.3846617,0.08126991731133876,0,0
0,0.36709037,0.06539989154305037,0,0
1,0.76603407,0.9347382374707072,1,1
1,0.9542839,0.994363840867457,1,1
1,0.44774526,0.1702646227325525,0,0
0,0.433664,0.14534579760431282,0,0
0,0.36862394,0.0666613933767095,0,0
0,0.41398504,0.11567130724186792,0,0
1,0.96568584,0.9951551843967091,1,1
0,0.36579573,0.06435224722658625,0,0
0,0.40832347,0.10816770565126976,0,0
0,0.37094676,0.06861521135772218,0,0
0,0.39097705,0.08778566188065678,0,0
1,0.9584836,0.9946692556067495,1,1
0,0.3694202,0.0673252680823689,0,0
1,0.9705547,0.9954584483900326,1,1
0,0.3651887,0.06386641836537874,0,0
0,0.463988,0.20308989748779896,0,0
1,0.37763387,0.07453966848401045,0,0
0,0.43318838,0.14455949403128557,0,0
0,0.44288975,0.1613090674040351,0,0
1,0.9630073,0.9949798384657963,1,1
0,0.40238968,0.10076572494434267,0,0
0,0.3820629,0.07871893793620036,0,0
0,0.38326848,0.07989308713544106,0,0
1,0.5221126,0.3562273244974874,1,0
0,0.36880985,0.06681584585410268,0,0
0,0.3605238,0.060245603424435606,0,0
0,0.39012304,0.08687770343520382,0,0
1,0.9607016,0.9948238549389609,1,1
0,0.48968136,0.2641765112424987,0,0
1,0.3779116,0.07479562624800304,0,0
1,0.9776178,0.9958650985947848,1,1
0,0.37048972,0.06822662387248479,0,0
0,0.36122176,0.06077486987750228,0,0
0,0.41942102,0.12329762061515155,0,0
0,0.36081135,0.06046313577674402,0,0
0,0.39923427,0.09701547286779916,0,0
0,0.35826775,0.05856423499768668,0,0
0,0.3798639,0.07661779375753376,0,0
0,0.38464612,0.08125439519942261,0,0
0,0.5561624,0.4656565148586832,1,0
0,0.56542933,0.4965049473132055,1,0
1,0.44000858,0.15617715386949724,0,0
0,0.36220056,0.0615244139658521,0,0
0,0.38605437,0.08266777035504168,0,0
0,0.3627044,0.06191360295741257,0,0
0,0.48182428,0.24431293815753,0,0
1,0.79335874,0.9537500195465771,1,1
0,0.34896532,0.05208608092887081,0,0
1,0.461516,0.19780547706903173,0,0
0,0.37011886,0.06791281454886748,0,0
0,0.39554313,0.0927870154070839,0,0
0,0.35549667,0.05655923921754415,0,0
0,0.3511108,0.053517295936669436,0,0
0,0.36720577,0.06549403668444685,0,0
1,0.78227335,0.9467720117124749,1,1
0,0.36381385,0.06277871612371091,0,0
0,0.39285517,0.08981262750855279,0,0
0,0.37057325,0.06829749435694876,0,0
0,0.38587302,0.08248451603639505,0,0
0,0.43754292,0.1518916705771914,0,0
0,0.38676915,0.0833936788255861,0,0
0,0.44046322,0.15697801148040327,0,0
0,0.37974504,0.07650570966673856,0,0
0,0.38084072,0.0775447213282927,0,0
0,0.3827516,0.07938774777841888,0,0
0,0.40585917,0.10503733383200846,0,0
0,0.40078777,0.09884601368479076,0,0
0,0.37137607,0.0689820752361948,0,0
0,0.35902745,0.05912544131406915,0,0
0,0.4306698,0.14045449523694653,0,0
0,0.45335692,0.18110189791813416,0,0
0,0.38375747,0.08037388493212895,0,0
0,0.47168922,0.22022295088616986,0,0
0,0.39868203,0.09637207936858742,0,0
0,0.37168157,0.06924425102465089,0,0
0,0.3625658,0.061806304697517765,0,0
1,0.96510714,0.9951178247538429,1,1
0,0.35035688,0.053010193386991485,0,0
1,0.57794553,0.5381684854660166,1,1
1,0.96970034,0.9954066342378547,1,1
1,0.9670283,0.9952407596390468,1,1
1,0.7841305,0.9480066849494577,1,1
0,0.43156755,0.14190640820161432,0,0
1,0.9672034,0.9952518072093,1,1
1,0.3753212,0.07243937851583847,0,0
0,0.43145692,0.14172681731110737,0,0
0,0.41609374,0.11857976828348318,0,0
1,0.53519464,0.3971684940707835,1,0
1,0.4408854,0.15772468839431386,0,0
1,0.94798976,0.9938732408085709,1,1
0,0.35817832,0.05849849500734871,0,0
1,0.36322674,0.062319514656222395,0,0
0,0.34470946,0.04935346576615639,0,0
1,0.9631746,0.9949909735599123,1,1
1,0.8087733,0.962019179034114,1,1
0,0.38476324,0.08137109980170962,0,0
0,0.36978877,0.06763462921462918,0,0
0,0.41189146,0.11284522752350004,0,0
0,0.40523365,0.10425556532784122,0,0
0,0.4302468,0.1397746701893957,0,0
0,0.4946118,0.2771573185910166,0,0
0,0.3579875,0.05835846201383641,0,0
0,0.38827434,0.08494128814296864,0,0
0,0.39969945,0.09756041639693723,0,0
1,0.9581769,0.9946475220816071,1,1
0,0.3593657,0.059376939687854534,0,0
1,0.4951456,0.2785860379882574,0,0
1,0.95486236,0.9944069200699251,1,1
0,0.4412557,0.1583819727221644,0,0
1,0.44169593,0.15916630503510554,0,0
1,0.96017134,0.9947873066228735,1,1
1,0.39097413,0.08778254220992457,0,0
1,0.52188927,0.3555444257157897,1,0
0,0.37268728,0.07011385450377473,0,0
0,0.37275645,0.0701740342286763,0,0
1,0.9660108,0.9951760384875648,1,1
0,0.40988323,0.11019118143722778,0,0
1,0.37910438,0.07590411557206019,0,0
1,0.68364185,0.8267606557579935,1,1
0,0.39338937,0.09039683342754257,0,0
0,0.40034,0.09831525001109187,0,0
0,0.38905156,0.0857505644014133,0,0
0,0.3712211,0.06884943359503111,0,0
0,0.39220813,0.08910958799044359,0,0
0,0.37023705,0.06801268247160096,0,0
0,0.5016385,0.2963211063594718,1,0
1,0.95752746,0.9946012037800618,1,1
1,0.39398187,0.09104878974198481,0,0
0,0.39567813,0.09293871426558108,0,0
0,0.39885035,0.09656778273968725,0,0
1,0.6997326,0.8553846206229234,1,1
1,0.4943004,0.27632591555690794,0,0
0,0.3793518,0.07613593090114545,0,0
1,0.96408314,0.9950510133719451,1,1
1,0.596224,0.5979151748403306,1,1
0,0.37110898,0.06875361975828151,0,0
1,0.96395487,0.9950425805880984,1,1
1,0.37317878,0.07054250199500484,0,0
0,0.39549667,0.09273485966243816,0,0
1,0.96575457,0.9951596021292962,1,1
1,0.9644586,0.9950756145614958,1,1
0,0.46520033,0.20571966777001344,0,0
0,0.42641774,0.1337457204493347,0,0
1,0.964039,0.9950481152342502,1,1
0,0.455891,0.18616899535665024,0,0
1,0.4318106,0.1423016236256752,0,0
1,0.44946596,0.17353176094481373,0,0
0,0.40136713,0.09953652354645984,0,0
1,0.9669634,0.9952366568510441,1,1
0,0.37598947,0.07304060120922076,0,0
0,0.50759053,0.31313901586959936,1,0
0,0.39293966,0.08990479785335502,0,0
0,0.4085544,0.10846522815780588,0,0
0,0.3687045,0.06672827873608363,0,0
0,0.36648455,0.06490769137231589,0,0
0,0.41601467,0.11846958255900362,0,0
0,0.43888837,0.15421806717493963,0,0
0,0.5281544,0.37491547718202084,1,0
0,0.36995605,0.06777547325446116,0,0
1,0.44010976,0.15635509618708282,0,0
0,0.4033991,0.10199236505910189,0,0
0,0.43989697,0.15598105844647042,0,0
0,0.38369462,0.08031193808268565,0,0
0,0.46638772,0.2083197061068454,0,0
1,0.8936723,0.9874376606701017,1,1
1,0.96897584,0.9953622359206342,1,1
0,0.3598193,0.05971576455897582,0,0
0,0.40636215,0.10566969288579921,0,0
0,0.36393613,0.06287475232856925,0,0
0,0.35949245,0.05947143745302443,0,0
0,0.36328384,0.062364038064495864,0,0
0,0.4136725,0.11524554818532251,0,0
0,0.36639187,0.06483269390337255,0,0
0,0.42752743,0.13546996432905706,0,0
1,0.7384965,0.9084238295019537,1,1
0,0.40622586,0.10549801773544068,0,0
0,0.3600715,0.05990494883211795,0,0
0,0.5580985,0.47208767515065936,1,0
0,0.3650119,0.06372557575189455,0,0
0,0.43132204,0.14150810092367527,0,0
0,0.36165854,0.06110828855875616,0,0
1,0.96545005,0.9951399964155657,1,1
0,0.36596528,0.06448855138747839,0,0
0,0.38913605,0.08583895919403704,0,0
0,0.37912002,0.07591875584853774,0,0
1,0.5814029,0.549608479969016,1,1
0,0.39256746,0.08949939919054832,0,0
0,0.36235365,0.06164242920813231,0,0
1,0.96198076,0.9949109793642048,1,1
0,0.3790983,0.07589842747804003,0,0
0,0.44953787,0.17366937653317574,0,0
0,0.4012543,0.0994017090494016,0,0
0,0.39344493,0.09045778039182718,0,0
0,0.3687057,0.06672926899825123,0,0
0,0.36357102,0.06258840692517093,0,0
0,0.38377827,0.08039439662106584,0,0
0,0.368341,0.06642695872520094,0,0
0,0.5712893,0.5160407330344399,1,1
0,0.37700182,0.07396016429892413,0,0
1,0.96020675,0.99478975499007,1,1
1,0.39444938,0.09156619564445877,0,0
1,0.669634,0.7983465247174535,1,1
0,0.42365247,0.12952967585358266,0,0
0,0.41818228,0.12152261721111605,0,0
0,0.3761021,0.07314237821851254,0,0
0,0.42748657,0.13540614629116732,0,0
0,0.38815862,0.0848213862265784,0,0
0,0.44707945,0.16901360629661552,0,0
1,0.96088207,0.9948362369279349,1,1
0,0.36648315,0.06490655736945602,0,0
0,0.40480235,0.10371953143539586,0,0
1,0.9694677,0.9953924241393378,1,1
0,0.5128372,0.3283845842179214,1,0
0,0.3859067,0.08251851885386281,0,0
1,0.79233474,0.9531437556528765,1,1
0,0.3700276,0.06783580329104286,0,0
1,0.37764004,0.0745453452369091,0,0
0,0.36050412,0.06023075081613535,0,0
0,0.3508667,0.053352620551868665,0,0
0,0.3733987,0.07073507447282701,0,0
0,0.3785628,0.07539896145359783,0,0
0,0.36966336,0.06752921818435154,0,0
0,0.40918934,0.10928693984619882,0,0
0,0.37285817,0.0702626144689541,0,0
0,0.44288272,0.1612963754612305,0,0
1,0.5074291,0.3126761245838071,1,0
0,0.4161503,0.11865865138475543,0,0
0,0.47313958,0.22356314177127967,0,0
0,0.4288949,0.1376205080268733,0,0
0,0.37207758,0.0695854726570613,0,0
1,0.76985866,0.9377821633523139,1,1
1,0.9585513,0.9946740424591407,1,1
0,0.3440967,0.04897138869091659,0,0
0,0.4041958,0.10296979349936802,0,0
0,0.3674182,0.0656676789520374,0,0
0,0.3778252,0.07471591521069416,0,0
1,0.4679607,0.21180122481351574,0,0
0,0.4323512,0.1431840341777047,0,0
0,0.36861905,0.06665733722330996,0,0
0,0.41959816,0.12355326802614039,0,0
0,0.42528358,0.1320026712207509,0,0
0,0.39275467,0.08970310934424817,0,0
1,0.96348697,0.9950116983587646,1,1
0,0.43622154,0.1496350276008409,0,0
0,0.361329,0.06085656514960259,0,0
0,0.40291414,0.10140139396969367,0,0
0,0.3800783,0.07682036445237152,0,0
0,0.5021915,0.2978615353158617,1,0
0,0.36269504,0.06190635352524541,0,0
0,0.4939766,0.27546304925785753,0,0
0,0.4488748,0.17240375966677932,0,0
0,0.38275146,0.07938760251072306,0,0
0,0.4453807,0.16585494012859245,0,0
0,0.39024693,0.08700888807068594,0,0
0,0.36558524,0.06418339636050403,0,0
0,0.39852396,0.09618861828569886,0,0
0,0.4375144,0.15184266913256522,0,0
0,0.35856506,0.05878326780328204,0,0
0,0.4505034,0.17552541754058992,0,0
0,0.4388595,0.15416782958887043,0,0
0,0.434879,0.14737061582406516,0,0
0,0.5253491,0.36618795621907074,1,0
0,0.46085066,0.19640100658340337,0,0
0,0.36692724,0.06526700955283761,0,0
0,0.3919906,0.08887435115301037,0,0
1,0.47751984,0.2338686911440491,0,0
0,0.3764947,0.07349820602512325,0,0
0,0.4374091,0.15166188068207134,0,0
1,0.96026903,0.9947940595265164,1,1
0,0.38815278,0.08481533807835395,0,0
1,0.37957212,0.07634291102806284,0,0
1,0.45239633,0.17920941300632803,0,0
0,0.37281084,0.07022138702040055,0,0
0,0.3543303,0.05573475898004479,0,0
0,0.38518134,0.08178894957509249,0,0
0,0.36643642,0.06486873567003992,0,0
0,0.38479295,0.0814007308271316,0,0
1,0.5408944,0.4155061500337047,1,0
0,0.36867544,0.06670414531512686,0,0
0,0.45929107,0.1931384245077585,0,0
0,0.40719742,0.10672724536043994,0,0
0,0.3693968,0.0673056756437038,0,0
0,0.34391725,0.04886003489950737,0,0
1,0.9698355,0.9954148715566703,1,1
0,0.36970708,0.0675659494401314,0,0
0,0.38572505,0.08233526533505194,0,0
0,0.49279004,0.2723154518139802,0,0
0,0.38665536,0.0832777353075492,0,0
0,0.36115533,0.06072431023844385,0,0
0,0.35630324,0.05713607482674727,0,0
0,0.44279376,0.16113591350824008,0,0
0,0.37143975,0.06903665441772111,0,0
1,0.43483296,0.14729345892051005,0,0
0,0.45711216,0.1886495331265668,0,0
1,0.95506924,0.9944222477536309,1,1
0,0.42714512,0.13487383056684732,0,0
1,0.9668669,0.9952305507901716,1,1
0,0.45783308,0.19012581112808008,0,0
1,0.74930614,0.9197332788094855,1,1
1,0.96431786,0.9950664077990076,1,1
0,0.373842,0.07112474991258087,0,0
1,0.50874704,0.316466524256691,1,0
0,0.40961337,0.10983873611893573,0,0
0,0.404584,0.10344907423675404,0,0
0,0.37103033,0.06868648116221422,0,0
0,0.42765066,0.13566259613877174,0,0
0,0.50096065,0.2944393164162352,1,0
1,0.37910765,0.07590718284395,0,0
0,0.3974895,0.0949956806297188,0,0
0,0.35998148,0.059837352233877546,0,0
0,0.4313609,0.1415710870609169,0,0
0,0.47539592,0.2288308791673697,0,0
1,0.9653417,0.9951330008203212,1,1
1,0.9648738,0.9951026790912827,1,1
0,0.39788726,0.09545281152777813,0,0
0,0.49046355,0.2662096456316412,0,0
1,0.9652065,0.9951242595927885,1,1
0,0.44322586,0.16191653235729894,0,0
0,0.35815564,0.05848183552362931,0,0
1,0.9489067,0.9939472710794057,1,1
0,0.38376582,0.08038211254308444,0,0
0,0.44308686,0.16166509261914394,0,0
1,0.80912364,0.9621895671627356,1,1
1,0.6896125,0.8378725070544163,1,1
0,0.36184993,0.06125492494492107,0,0
0,0.40963596,0.10986820160823896,0,0
1,0.70755917,0.8678258989545168,1,1
0,0.3545197,0.05586786335555659,0,0
0,0.48323736,0.2478096397025358,0,0
0,0.5187485,0.3460042698531396,1,0
1,0.9682985,0.9953203406171817,1,1
1,0.62789994,0.6940892207083231,1,1
0,0.4975329,0.2850308264821057,0,0
0,0.5161636,0.3382439034278759,1,0
1,0.44271734,0.16099818586073644,0,0
0,0.38709253,0.083723999231749,0,0
0,0.37730315,0.07423592639643972,0,0
0,0.38184148,0.07850499941936699,0,0
1,0.9684479,0.9953296153610679,1,1
1,0.96215457,0.9949227042037724,1,1
0,0.47640225,0.23120828369888102,0,0
0,0.40093258,0.0990182048074636,0,0
0,0.39107642,0.08789185405749683,0,0
1,0.4073044,0.10686337940731637,0,0
0,0.38003165,0.07677625499060402,0,0
0,0.34286574,0.048212316282309806,0,0
0,0.44513452,0.16540116302208627,0,0
1,0.97977245,0.9959817758004246,1,1
0,0.4559154,0.18621826828614516,0,0
0,0.4053081,0.10434833705551051,0,0
0,0.44039515,0.1568578935803778,0,0
1,0.96165955,0.994889239991158,1,1
0,0.40884516,0.10884083129757777,0,0
0,0.36715546,0.06545297858619553,0,0
0,0.41690207,0.11971135026806079,0,0
0,0.5180443,0.34388171807957607,1,0
0,0.39942953,0.09724388555036802,0,0
0,0.42559117,0.13247348337853815,0,0
0,0.39065644,0.08744379612552147,0,0
1,0.5468175,0.4348127829706322,1,0
0,0.35349405,0.055150607337099304,0,0
1,0.5639808,0.4916752808594952,1,0
0,0.34938627,0.052364014323372864,0,0
1,0.9649322,0.9951064747239926,1,1
0,0.3609727,0.06058551361570448,0,0
0,0.39745164,0.09495228573832314,0,0
1,0.6152937,0.6572704010262433,1,1
0,0.36714506,0.06544449266504936,0,0
0,0.36714813,0.06544699699953335,0,0
0,0.34979674,0.05263637024613186,0,0
0,0.34817255,0.05156644222244823,0,0
0,0.35094455,0.053405087736764084,0,0
0,0.42909035,0.13793020174748788,0,0
1,0.96809196,0.9953074915299512,1,1
0,0.37059787,0.06831839178410062,0,0
0,0.60522234,0.6264023410489844,1,1
0,0.38802543,0.08468357949535382,0,0
0,0.4568535,0.18812201621642127,0,0
0,0.408207,0.10801793036159754,0,0
0,0.3554771,0.056545304362946504,0,0
0,0.36617175,0.06465490403912894,0,0
0,0.43829757,0.15319295816816814,0,0
0,0.42226166,0.12745225456388812,0,0
0,0.36518756,0.06386551521452496,0,0
0,0.39274135,0.08968860040737825,0,0
1,0.96228147,0.9949312476454621,1,1
0,0.36532146,0.0639723834356253,0,0
0,0.35966903,0.05960332039089509,0,0
0,0.36940825,0.06731525905456079,0,0
0,0.3798743,0.07662760968307977,0,0
0,0.4040286,0.10276398448277187,0,0
0,0.4315168,0.14182399150543615,0,0
1,0.96698487,0.9952380135339268,1,1
0,0.39077607,0.087571211275557,0,0
1,0.9655444,0.9951460795896294,1,1
0,0.46118167,0.19709880647128547,0,0
0,0.45255488,0.17952070544124157,0,0
1,0.96568584,0.9951551843967091,1,1
0,0.36534673,0.06399257221479021,0,0
0,0.352369,0.054373821458679396,0,0
1,0.55016077,0.44580231429331846,1,0
0,0.45869607,0.19190461670401948,0,0
0,0.36643144,0.06486470867484827,0,0
0,0.44278085,0.16111264783166718,0,0
0,0.4396549,0.1555564123606297,0,0
0,0.3803602,0.07708746088630379,0,0
1,0.746834,0.9172649293753667,1,1
0,0.3992349,0.09701620419418745,0,0
0,0.4948998,0.2779276323582161,0,0
0,0.4009353,0.09902143217132246,0,0
0,0.4469584,0.1687869370881836,0,0
0,0.37386268,0.07114297871657807,0,0
0,0.36612302,0.0646156090301395,0,0
0,0.36699855,0.0653250689829269,0,0
0,0.37110442,0.06874972563783513,0,0
0,0.34422994,0.0490542321108423,0,0
0,0.4359977,0.1492554931945923,0,0
0,0.43642706,0.14998418569710084,0,0
0,0.40382737,0.10251676302057369,0,0
0,0.43471444,0.14709500228369632,0,0
0,0.48319092,0.2476942107525235,0,0
0,0.37306982,0.07044726960239651,0,0
0,0.36349487,0.0625288418962168,0,0
0,0.40442252,0.10324948422276654,0,0
0,0.48786327,0.25948940684103083,0,0
0,0.39682806,0.09423987977279673,0,0
0,0.40066236,0.09869710787719202,0,0
0,0.3731532,0.07052014192069572,0,0
0,0.5533333,0.4562799256084756,1,0
1,0.4759445,0.23012470882841288,0,0
1,0.9651207,0.9951187015004432,1,1
0,0.372538,0.06998414192705406,0,0
1,0.5538159,0.45787746210874297,1,0
0,0.4149161,0.11694776289108551,0,0
0,0.4051841,0.10419384458165278,0,0
0,0.3674995,0.06573424781593118,0,0
0,0.45397854,0.18233483833853048,0,0
0,0.39868945,0.09638069975521593,0,0
0,0.45562914,0.1856403369819349,0,0
1,0.47771803,0.2343426836907631,0,0
0,0.43855307,0.1536355857248789,0,0
0,0.4226343,0.12800606221367675,0,0
0,0.37136164,0.06896971938074634,0,0
0,0.36789134,0.06605596694264927,0,0
0,0.35888413,0.059019182721501605,0,0
0,0.36222342,0.06154202127812142,0,0
0,0.5010391,0.2946567259629228,1,0
0,0.3669991,0.06532550588439345,0,0
1,0.4456544,0.16636064914262558,0,0
0,0.37321427,0.07057355113938132,0,0
1,0.9623483,0.9949357403449305,1,1
0,0.3548003,0.056065629775640696,0,0
1,0.5794069,0.5430096438375542,1,1
0,0.36553645,0.06414432053807596,0,0
0,0.47608477,0.2304563865080596,0,0
0,0.4035844,0.10221894680436062,0,0
0,0.6174957,0.663856164271508,1,1
1,0.4452745,0.16565907847192057,0,0
0,0.4305945,0.14033326189830306,0,0
1,0.78706425,0.949902069151108,1,1
0,0.36647582,0.06490062225101892,0,0
0,0.40002745,0.09794629894019843,0,0
0,0.3624879,0.06174609919285826,0,0
1,0.39433703,0.09144160852492414,0,0
0,0.35218403,0.05424709048536518,0,0
0,0.3579069,0.05829942027448878,0,0
0,0.34555182,0.049883318221256814,0,0
0,0.47315866,0.22360730756500863,0,0
1,0.36159843,0.06106230126322711,0,0
0,0.3398027,0.04637169418622717,0,0
1,0.9212906,0.9912750625673761,1,1
0,0.3683656,0.06644729997111169,0,0
1,0.96071965,0.9948250952844169,1,1
0,0.45892137,0.19237110526915915,0,0
1,0.3661444,0.06463283841556064,0,0
1,0.5337897,0.39269033925984975,1,0
1,0.6668183,0.7922323304796645,1,1
0,0.36320364,0.0623015138790186,0,0
1,0.51538926,0.33593587661032837,1,0
0,0.35854852,0.058771062087686614,0,0
0,0.41960967,0.1235698853593909,0,0
0,0.41150275,0.11232719459729348,0,0
0,0.36545795,0.06408149245101356,0,0
0,0.37749407,0.07441112936664779,0,0
0,0.37618855,0.07322059731582356,0,0
1,0.40026075,0.09822158471178882,0,0
0,0.34515283,0.04963167977617601,0,0
0,0.3717356,0.06929071552372759,0,0
0,0.41021043,0.11061984277368633,0,0
0,0.42633364,0.13361580134351153,0,0
1,0.54169714,0.4181089969839083,1,0
1,0.96362996,0.9950211563810248,1,1
0,0.36998206,0.06779740340674666,0,0
0,0.36633307,0.06478515694217658,0,0
0,0.3955862,0.09283538083928905,0,0
0,0.35927492,0.059309346831163866,0,0
0,0.37883142,0.07564912211940614,0,0
0,0.39171958,0.08858204808946106,0,0
0,0.43504652,0.14765160921984818,0,0
0,0.3921962,0.0890966819994549,0,0
0,0.4196542,0.12363422028442554,0,0
1,0.38365883,0.08027668104518011,0,0
0,0.36901423,0.06698603286289133,0,0
0,0.3493138,0.05231606093718573,0,0
0,0.4426096,0.16080416440398376,0,0
0,0.37142998,0.0690282746702061,0,0
0,0.3772841,0.07421847068642297,0,0
0,0.37924808,0.07603868047697446,0,0
1,0.41770494,0.12084452109069128,0,0
1,0.49447802,0.2767999502013214,0,0
0,0.49001455,0.2650413467825888,0,0
0,0.37872294,0.07554800035428137,0,0
0,0.40106872,0.09918032703458739,0,0
0,0.3645596,0.06336654711863948,0,0
0,0.35801408,0.05837795110057663,0,0
1,0.9593142,0.994727684224967,1,1
0,0.36148506,0.06097565868402161,0,0
0,0.38438255,0.08099232315378627,0,0
0,0.38471848,0.08132647864309092,0,0
0,0.44122767,0.15833216893543894,0,0
0,0.4257147,0.13266296557584092,0,0
0,0.3563003,0.05713395472735543,0,0
0,0.36551815,0.06412966983611704,0,0
0,0.44277108,0.1610950257540395,0,0
1,0.9527033,0.9942444413440137,1,1
1,0.96409667,0.995051902056951,1,1
1,0.96739936,0.9952641447940784,1,1
1,0.96661615,0.9952146476389181,1,1
0,0.36899614,0.06697095343406304,0,0
1,0.6211014,0.6745027716740761,1,1
0,0.49233133,0.27110464822800384,0,0
1,0.9660758,0.9951801970483993,1,1
0,0.39607486,0.09338579020339959,0,0
0,0.4331466,0.14449058635854647,0,0
0,0.3614034,0.06091332175315583,0,0
0,0.3657068,0.0642808601391005,0,0
0,0.40903705,0.10908935599080327,0,0
0,0.40203822,0.1003417245269513,0,0
0,0.3644999,0.06331930505673881,0,0
0,0.3567608,0.057465757365336656,0,0
0,0.36156315,0.061035321315811374,0,0
1,0.96509737,0.9951171912358905,1,1
0,0.3675081,0.06574130368985363,0,0
0,0.36243686,0.06170666010736301,0,0
1,0.50440747,0.3040801442119518,1,0
1,0.7763009,0.9426113923650575,1,1
0,0.44096798,0.1578710823617998,0,0
1,0.4347205,0.14710512684367885,0,0
0,0.383649,0.08026699590727937,0,0
1,0.9643261,0.9950669464035123,1,1
0,0.34113848,0.04716601459274285,0,0
1,0.7733408,0.9404377843323453,1,1
0,0.42581022,0.1328096344799974,0,0
0,0.4574939,0.18943014787983786,0,0
0,0.3598722,0.05975539698065353,0,0
0,0.42423722,0.1304116749182081,0,0
0,0.36737895,0.06563556385529845,0,0
0,0.35846424,0.058708904811812415,0,0
0,0.403809,0.10249423469854121,0,0
1,0.5399511,0.4124536158596916,1,0
1,0.42234227,0.12757188650288068,0,0
1,0.9613202,0.9948661739137739,1,1
0,0.433761,0.14550660735033885,0,0
0,0.3621063,0.061451853610694544,0,0
0,0.39689133,0.09431194334869737,0,0
0,0.40123227,0.09937541318369662,0,0
0,0.38044998,0.07717271838523247,0,0
1,0.63812095,0.7222487505315335,1,1
0,0.44077998,0.15753798640123828,0,0
0,0.4137734,0.11538282576286563,0,0
0,0.36553705,0.06414479781206357,0,0
0,0.4100637,0.11042745010226585,0,0
1,0.40129447,0.09944969093004513,0,0
0,0.3897293,0.08646195299346866,0,0
0,0.4507718,0.17604412529256475,0,0
1,0.9672115,0.995252318156639,1,1
0,0.43959424,0.1554501765030128,0,0
0,0.39928964,0.09708019688499943,0,0
1,0.4952273,0.2788051596440035,0,0
0,0.36943844,0.06734054636767105,0,0
0,0.37960798,0.07637663993575385,0,0
1,0.9660786,0.995180376282236,1,1
1,0.96382,0.9950336974189851,1,1
0,0.3496344,0.05252849829696618,0,0
0,0.36495325,0.06367891379269376,0,0
0,0.40584746,0.10502264850790635,0,0
0,0.4046397,0.10351800419310393,0,0
0,0.4315234,0.14183473293167195,0,0
0,0.44094625,0.1578325580570257,0,0
0,0.36505502,0.06375990494730033,0,0
0,0.3677426,0.06593366995698864,0,0
1,0.9616225,0.9948867248864586,1,1
0,0.35141525,0.053723380042876454,0,0
1,0.4134564,0.11495196423662922,0,0
0,0.40973288,0.10999469419505248,0,0
0,0.3919132,0.08879078863674726,0,0
1,0.97132194,0.995504481708821,1,1
1,0.9513086,0.9941369988284656,1,1
0,0.43455595,0.14682997411670456,0,0
0,0.37683034,0.0738036538421872,0,0
0,0.3657267,0.06429683448485661,0,0
0,0.355988,0.05690996288582377,0,0
1,0.36919945,0.06714061074669027,0,0
0,0.33934927,0.046104957990367866,0,0
0,0.36194202,0.061325597436857095,0,0
0,0.55233073,0.45296425345778046,1,0
0,0.4077472,0.10742842656399403,0,0
1,0.57615715,0.5322343815098332,1,1
1,0.64866245,0.7495578176354899,1,1
0,0.38464925,0.08125751127657155,0,0
0,0.3689998,0.06697400881333505,0,0
0,0.3764575,0.07346442950760734,0,0
0,0.37574124,0.0728167429222132,0,0
0,0.37890932,0.07572181753417495,0,0
0,0.64690787,0.7451387625924403,1,1
0,0.41168496,0.1125697671307115,0,0
0,0.44765964,0.17010333354253074,0,0
1,0.5422412,0.41987569463320834,1,0
1,0.9694569,0.9953917640913188,1,1
0,0.39057016,0.08735200511083054,0,0
0,0.39450282,0.09162550242560688,0,0
1,0.969536,0.9953966010443615,1,1
0,0.3870932,0.08372467015016599,0,0
0,0.429775,0.1390196938094623,0,0
1,0.50933063,0.3181528152171621,1,0
1,0.95958835,0.9947468260262995,1,1
0,0.38758248,0.084226722322029,0,0
0,0.36738974,0.06564438978395896,0,0
0,0.51582974,0.33724785779324107,1,0
0,0.35943815,0.059430937044549915,0,0
1,0.9687241,0.9953467072037343,1,1
0,0.45151082,0.17747855535500734,0,0
0,0.45843336,0.1913617784188723,0,0
0,0.40614742,0.10539932131494242,0,0
0,0.41088137,0.1115034030401265,0,0
0,0.4160095,0.11846235900169633,0,0
0,0.3678165,0.06599441231920455,0,0
0,0.3770935,0.07404395759966005,0,0
0,0.44034374,0.1567672236599423,0,0
0,0.34481257,0.049418038802447696,0,0
0,0.35908428,0.05916762758553192,0,0
0,0.36384705,0.06280477724086336,0,0
0,0.54801804,0.4387522793707177,1,0
0,0.3774142,0.07433778562230572,0,0
0,0.6254262,0.6870384038403643,1,1
1,0.95770705,0.9946140516092228,1,1
0,0.4119218,0.11288574735078637,0,0
0,0.39809504,0.09569238208692728,0,0
0,0.36006537,0.0599003371940919,0,0
1,0.96763414,0.9952788831312139,1,1
1,0.95487475,0.9944078397614013,1,1
0,0.35425982,0.05568530069410771,0,0
0,0.37626517,0.07328998307273964,0,0
0,0.38418454,0.08079595042083368,0,0
1,0.4531927,0.18077728170027657,0,0
0,0.3624537,0.061719665727062605,0,0
0,0.40708444,0.10658365511220677,0,0
0,0.49746346,0.28484210655984993,0,0
0,0.3639386,0.06287669646821721,0,0
0,0.5599358,0.4781993769502781,1,0
0,0.3600159,0.05986318758045479,0,0
0,0.44758025,0.16995388609627957,0,0
0,0.42606816,0.13320639537529985,0,0
0,0.44943687,0.17347612325067258,0,0
0,0.35346302,0.055129047134200734,0,0
0,0.43087026,0.1407776034548814,0,0
1,0.9674223,0.9952655873439537,1,1
0,0.3936829,0.09071928387018868,0,0
0,0.36461905,0.06341363315939962,0,0
0,0.345474,0.04983414762984649,0,0
0,0.39686438,0.09428125174202319,0,0
1,0.9628562,0.9949697612064377,1,1
0,0.366421,0.06485626961930481,0,0
0,0.50995,0.31994767201727786,1,0
0,0.4991927,0.2895640886242128,0,0
1,0.96944505,0.9953910382945439,1,1
0,0.50889313,0.31688820645138266,1,0
0,0.51745534,0.3421113778150828,1,0
0,0.4328951,0.14407638983381973,0,0
1,0.46699703,0.2096632902060681,0,0
0,0.5024636,0.29862115358574365,1,0
0,0.44493183,0.16502828625399457,0,0
0,0.43315858,0.1445103416866762,0,0
0,0.43526694,0.148022009438716,0,0
0,0.40369716,0.10235707489288917,0,0
0,0.3690501,0.0670159277653088,0,0
0,0.3673613,0.0656211326698408,0,0
0,0.5009059,0.29428754862556106,1,0
1,0.5139085,0.3315439965596425,1,0
0,0.44073242,0.15745379973473952,0,0
1,0.38362765,0.08024598576017256,0,0
0,0.4484329,0.17156434238022616,0,0
0,0.36951122,0.06740154175308746,0,0
0,0.40762213,0.10726854957905825,0,0
0,0.3678954,0.06605930236763924,0,0
1,0.5110757,0.32322355210897374,1,0
0,0.3661261,0.06461808383922919,0,0
0,0.38962632,0.08635352978899406,0,0
0,0.34551972,0.04986303049090282,0,0
0,0.3626717,0.06188827957286059,0,0
1,0.9752025,0.9957302918519956,1,1
0,0.47160888,0.2200389618921605,0,0
0,0.3610164,0.06061869086750457,0,0
0,0.43361455,0.14526389326905914,0,0
1,0.52119064,0.3534120520134271,1,0
0,0.3610045,0.060609659359487554,0,0
0,0.42138985,0.12616461594649808,0,0
0,0.37927148,0.07606060775140944,0,0
0,0.5003549,0.29276349336554613,1,0
0,0.36447453,0.06329924360822728,0,0
0,0.36180034,0.06121689855124637,0,0
0,0.3498609,0.052679065749482654,0,0
0,0.3632315,0.06232323155032586,0,0
0,0.3919309,0.08880989525403916,0,0
0,0.3707636,0.06845923686895067,0,0
1,0.73439217,0.9037664571328605,1,1
1,0.9626178,0.9949538232479362,1,1
1,0.969429,0.9953900570115082,1,1
1,0.6632135,0.7842064008758786,1,1
0,0.36703518,0.0653549058871511,0,0
1,0.7672124,0.9356905211826324,1,1
0,0.5041214,0.30327333256701444,1,0
0,0.36313912,0.062251253553941316,0,0
1,0.40852407,0.10842610112091494,0,0
0,0.46320677,0.20140856133957483,0,0
1,0.966936,0.9952349227520056,1,1
0,0.35302153,0.05482309255938241,0,0
0,0.42317623,0.12881510242130595,0,0
0,0.37036216,0.06811854069872213,0,0
0,0.39823663,0.09585594294693515,0,0
0,0.368684,0.06671124836235007,0,0
0,0.3902092,0.08696891727603662,0,0
1,0.67782384,0.8153620600523102,1,1
0,0.37041998,0.06816751199100635,0,0
0,0.45783237,0.1901243420740441,0,0
1,0.51192164,0.32569689417508324,1,0
0,0.4497973,0.1741665469973208,0,0
0,0.37531093,0.07243016384508498,0,0
0,0.36056414,0.06027608450532045,0,0
1,0.45149815,0.1774538933969618,0,0
1,0.6291873,0.6977230717899474,1,1
0,0.39274958,0.08969755869571204,0,0
0,0.53999346,0.4125906117459596,1,0
0,0.39472482,0.09187226178480198,0,0
0,0.39260346,0.08953853930379958,0,0
0,0.52772075,0.3735609460937502,1,0
0,0.4895235,0.2637673907548661,0,0
0,0.44787005,0.1704998970285922,0,0
1,0.46537352,0.20609738327626195,0,0
0,0.36093965,0.06056042696761581,0,0
0,0.44207385,0.15984212315167165,0,0
0,0.403804,0.10248809137184339,0,0
1,0.45303807,0.1804719916515265,0,0
0,0.4422585,0.16017317539047,0,0
0,0.35743362,0.05795378878777474,0,0
0,0.4392681,0.15487991910084015,0,0
0,0.36805415,0.06619007120501844,0,0
0,0.385911,0.08252285287252663,0,0
0,0.4249166,0.13144280156792632,0,0
0,0.36048454,0.060215969123412386,0,0
0,0.6050018,0.6257136576443116,1,1
1,0.9630862,0.9949850937094967,1,1
0,0.35433856,0.055740554472180535,0,0
1,0.974243,0.9956755311107004,1,1
0,0.38898522,0.08568121594083328,0,0
0,0.47722328,0.23316065788065254,0,0
0,0.40100667,0.09910640579784576,0,0
1,0.9649437,0.9951072218861606,1,1
0,0.4020784,0.10039010957952513,0,0
0,0.48195103,0.2446252156537045,0,0
0,0.36492702,0.0636580589936479,0,0
0,0.35730335,0.05785899705551805,0,0
0,0.4329431,0.14415538336519174,0,0
0,0.4969173,0.28336040457625616,0,0
0,0.3715871,0.06916307792174045,0,0
0,0.36494938,0.06367583256930825,0,0
0,0.3979215,0.09549225629578832,0,0
0,0.38144472,0.07812299648405842,0,0
0,0.36278117,0.06197310594710431,0,0
0,0.3722384,0.06972447981666753,0,0
0,0.3715441,0.0691261566979051,0,0
0,0.35903287,0.05912946626450387,0,0
0,0.35583356,0.05679950120127563,0,0
0,0.3702636,0.06803513748080078,0,0
1,0.76029223,0.9299075860691887,1,1
0,0.37613666,0.07317364583336453,0,0
1,0.9694931,0.9953939772511696,1,1
1,0.631453,0.7040586710104477,1,1
0,0.3430947,0.04835266143789882,0,0
0,0.44373247,0.162835632215693,0,0
0,0.3736551,0.07096022948913962,0,0
0,0.41147178,0.11228601775779734,0,0
0,0.36002535,0.05987028014704735,0,0
0,0.39439094,0.09150137147694323,0,0
0,0.37099722,0.06865823446463139,0,0
0,0.35507277,0.056258271187984356,0,0
1,0.9578163,0.9946218528808702,1,1
0,0.40608963,0.10532666356834222,0,0
0,0.4365659,0.15022045965903216,0,0
1,0.9562435,0.9945084578850276,1,1
0,0.42263827,0.12801196386247007,0,0
0,0.42097136,0.1255504879753718,0,0
0,0.4556189,0.1856196642653977,0,0
0,0.36398923,0.06291650509790896,0,0
0,0.48562667,0.25379796710227903,0,0
0,0.37701014,0.07396776093700609,0,0
1,0.9674782,0.9952691000896301,1,1
0,0.3800649,0.0768077070294522,0,0
1,0.66692257,0.7924611236170652,1,1
0,0.39186776,0.08874175244110061,0,0
1,0.63834435,0.7228461347223888,1,1
0,0.35648343,0.05726569095421922,0,0
1,0.79384136,0.9540331595143968,1,1
0,0.35753277,0.058026037470679546,0,0
0,0.37508097,0.07222435789118481,0,0
0,0.51499635,0.3347676999977956,1,0
0,0.35980007,0.05970136901721266,0,0
0,0.43549633,0.14840829899839902,0,0
0,0.354438,0.05581041694610917,0,0
0,0.45399898,0.18237549915196333,0,0
0,0.5047455,0.3050351130045578,1,0
0,0.49246296,0.27145176307623375,0,0
0,0.4966243,0.2825673868805163,0,0
0,0.6208731,0.6738338743224255,1,1
0,0.38772318,0.08437159281095473,0,0
0,0.4282517,0.13660544818642995,0,0
0,0.38450256,0.0811115585272314,0,0
0,0.44375762,0.16288137482443596,0,0
0,0.37627685,0.07330056762762532,0,0
0,0.4080356,0.10779785302933355,0,0
0,0.47857597,0.23640228948465888,0,0
1,0.96738464,0.9952632190836883,1,1
1,0.9646851,0.9950903968425692,1,1
1,0.95853233,0.994672702908636,1,1
0,0.38007528,0.07681751707028275,0,0
0,0.37154824,0.0691297124179002,0,0
0,0.4371026,0.15113658939289012,0,0
0,0.3997114,0.09757445206828612,0,0
0,0.35608804,0.05698162981370695,0,0
0,0.35940588,0.05940687577571998,0,0
0,0.34794155,0.05141595452981584,0,0
1,0.96287096,0.99497074795602,1,1
0,0.4206863,0.12513362927982083,0,0
0,0.3688801,0.06687429145941308,0,0
0,0.3506109,0.053180556352983584,0,0
0,0.41932908,0.123165116129344,0,0
0,0.37546903,0.0725719756115057,0,0
0,0.39219072,0.08909074580990489,0,0
0,0.3805476,0.07726551592033562,0,0
0,0.3971372,0.09459245201448759,0,0
0,0.40437177,0.10318681898413448,0,0
0,0.3639848,0.0629130129946353,0,0
0,0.38318136,0.07980771159087723,0,0
1,0.9664745,0.9952056388679971,1,1
0,0.44838524,0.17147401637998674,0,0
1,0.43830535,0.15320641827704512,0,0
0,0.43281588,0.14394613656346367,0,0
0,0.35696846,0.05761597329898593,0,0
0,0.3695689,0.0674499348757146,0,0
0,0.36777368,0.06595920970531326,0,0
0,0.36891407,0.06690257661822258,0,0
0,0.3581335,0.058465574381275295,0,0
0,0.46104455,0.1968095208514688,0,0
0,0.3618236,0.061234720674901856,0,0
0,0.39106274,0.08787722743125768,0,0
0,0.3543547,0.055751896028535725,0,0
1,0.9591537,0.9947164433206718,1,1
0,0.45560232,0.18558625514437543,0,0
1,0.4257272,0.13268213227659767,0,0
0,0.44692847,0.16873094886734358,0,0
1,0.95798695,0.9946340153658277,1,1
0,0.36358967,0.06260300901446256,0,0
0,0.49053243,0.2663891430324248,0,0
0,0.35442737,0.05580293896289866,0,0
0,0.36277446,0.06196790654709422,0,0
0,0.4443195,0.16390585769721433,0,0
1,0.41788343,0.12109768870378305,0,0
0,0.36231905,0.06161573840520441,0,0
0,0.42457795,0.13092795922866352,0,0
0,0.41496938,0.11702118608035286,0,0
0,0.40029287,0.09825954849492073,0,0
0,0.44241357,0.16045160007577788,0,0
0,0.43803886,0.15274581942167098,0,0
0,0.37268272,0.0701098891414975,0,0
1,0.97466177,0.9956995170070184,1,1
0,0.55796593,0.47164702200962305,1,0
0,0.35825744,0.05855665197993885,0,0
0,0.396605,0.0939862346028056,0,0
0,0.3477643,0.05130077367306527,0,0
0,0.40795222,0.10769092272576404,0,0
0,0.36466515,0.06345016794495877,0,0
0,0.38782442,0.08447597441966695,0,0
0,0.3795749,0.07634551801232582,0,0
0,0.36508113,0.06378069588870625,0,0
0,0.4068789,0.10632285640648939,0,0
1,0.46362913,0.2023162416835695,0,0
0,0.37920398,0.07599735566126731,0,0
0,0.45921835,0.19298731303495534,0,0
0,0.37776145,0.07465715124146324,0,0
0,0.37828153,0.0751378192426856,0,0
1,0.9685362,0.9953350857792879,1,1
1,0.4623772,0.1996346105188711,0,0
0,0.57144654,0.5165645167421844,1,1
1,0.95200443,0.9941908499442196,1,1
1,0.78587395,0.949141077184678,1,1
0,0.42885995,0.13756517615329453,0,0
1,0.97128445,0.99550224308858,1,1
0,0.38232192,0.07896986207157386,0,0
0,0.4769464,0.23250100374587535,0,0
0,0.37030154,0.06806723158963557,0,0
1,0.51779425,0.34312958293276363,1,0
0,0.37643072,0.07344010736262603,0,0
0,0.3670167,0.06533985232552388,0,0
1,0.9658256,0.9951641650764615,1,1
0,0.4080523,0.10781926558453929,0,0
0,0.38990694,0.0866493081150211,0,0
0,0.36694166,0.06527874858110747,0,0
0,0.37437338,0.07159444826502591,0,0
0,0.43525892,0.14800852416456983,0,0
1,0.97245026,0.9955713373212357,1,1
0,0.36556613,0.06416809280242161,0,0
0,0.35723788,0.057811406766891615,0,0
1,0.6075485,0.6336346346838564,1,1
1,0.60937184,0.6392621354634809,1,1
1,0.4055681,0.10467290482146092,0,0
0,0.36463425,0.06342567542661913,0,0
0,0.47747242,0.23375538810944765,0,0
0,0.37073392,0.06843399112190612,0,0
1,0.66879135,0.796530976551541,1,1
1,0.39024433,0.08700614073079069,0,0
1,0.9674531,0.9952675237944595,1,1
0,0.52472806,0.36426749235382283,1,0
0,0.4452993,0.16570479774438399,0,0
0,0.42426744,0.13045739447407448,0,0
1,0.43088284,0.14079789648751803,0,0
1,0.50960124,0.3189363576737253,1,0
0,0.40774584,0.10742667314318897,0,0
0,0.37533042,0.07244763257319224,0,0
0,0.48796406,0.2597478315732372,0,0
1,0.9636404,0.9950218456172707,1,1
0,0.35852787,0.05875582477322527,0,0
1,0.60471225,0.6248086615997412,1,1
1,0.75125754,0.9216340009527589,1,1
0,0.37817794,0.07504185054750204,0,0
0,0.37547478,0.0725771396549479,0,0
0,0.3633457,0.062412313018099165,0,0
1,0.8002542,0.9576420732151047,1,1
0,0.5466984,0.43442244191905827,1,0
0,0.36522183,0.06389285268148436,0,0
1,0.44185266,0.15944629534130925,0,0
0,0.39578143,0.09305493258858673,0,0
1,0.95832074,0.994657726036074,1,1
0,0.3578006,0.058221620675052994,0,0
0,0.41249472,0.11365331416389615,0,0
1,0.96829164,0.9953199147307518,1,1
0,0.3594479,0.059438203875676554,0,0
0,0.41637385,0.11897084620517993,0,0
0,0.35795495,0.058334611485792616,0,0
0,0.34588736,0.050095875689574736,0,0
0,0.40304822,0.10156447536992594,0,0
1,0.3930487,0.09002388375221734,0,0
0,0.36346292,0.06250386598760016,0,0
0,0.42622876,0.13345394333979432,0,0
1,0.5018586,0.29693370365797117,1,0
0,0.36233038,0.061624473224095734,0,0
1,0.9678481,0.9952922758687198,1,1
1,0.37469682,0.07188175038508261,0,0
0,0.40631098,0.10560520606438167,0,0
0,0.4805259,0.24112965245840418,0,0
0,0.4966811,0.2827210135995052,0,0
0,0.4379961,0.15267200893049707,0,0
0,0.41705593,0.11992780679579265,0,0
0,0.37637147,0.07338634900964587,0,0
0,0.35863853,0.05883750749807555,0,0
0,0.3485731,0.05182837102549454,0,0
0,0.36649343,0.06491488186206018,0,0
0,0.41339108,0.11486334107396919,0,0
0,0.42897195,0.1377425117309947,0,0
0,0.40274528,0.10119634127012563,0,0
0,0.4053162,0.10435844310283292,0,0
0,0.363448,0.0624921966709284,0,0
0,0.41022176,0.11063470551056995,0,0
1,0.7175503,0.8823776669329678,1,1
0,0.36377886,0.06275126227555201,0,0
0,0.35669369,0.057417287503384956,0,0
1,0.5405828,0.4144970388313093,1,0
1,0.9678054,0.9952896040770465,1,1
0,0.40820143,0.10801076810126087,0,0
1,0.963424,0.995007529429859,1,1
0,0.39471123,0.09185713894899622,0,0
0,0.3647845,0.06354484336136755,0,0
0,0.45843372,0.19136251659589731,0,0
1,0.96717125,0.9952497816664733,1,1
1,0.4089604,0.10899002538577764,0,0
0,0.44978446,0.17414190480103423,0,0
1,0.5127781,0.3282108371436089,1,0
0,0.36241055,0.0616863396378677,0,0
1,0.41613483,0.11863707662753523,0,0
1,0.49574217,0.28018816645330613,0,0
0,0.3630803,0.062205460275672676,0,0
0,0.40554735,0.1046469781409506,0,0
1,0.9658969,0.9951687390334469,1,1
0,0.3826185,0.0792580624075537,0,0
1,0.96688074,0.9952314262564295,1,1
0,0.4003988,0.09838480186286162,0,0
0,0.3652651,0.06392738477883766,0,0
0,0.3685769,0.0666223747718045,0,0
0,0.39229092,0.08919926663787082,0,0
0,0.45209712,0.17862308612099756,0,0
0,0.3806681,0.07738018080882536,0,0
1,0.38346976,0.08009067833869747,0,0
0,0.3667051,0.06508646664372693,0,0
0,0.4095368,0.10973892373037435,0,0
0,0.3500496,0.052804803492774596,0,0
0,0.36636794,0.06481334270901733,0,0
0,0.37552243,0.07261993665024925,0,0
0,0.4341402,0.14613663956698125,0,0
0,0.41319773,0.11460137782786127,0,0
0,0.39998582,0.097897243290217,0,0
0,0.3697565,0.06760748532756748,0,0
0,0.36530256,0.06395729334315622,0,0
0,0.3657539,0.06431864974051729,0,0
1,0.48163357,0.24384359863731608,0,0
0,0.51319164,0.3294282279311696,1,0
0,0.4494823,0.17356300632131091,0,0
0,0.367849,0.0660211260156388,0,0
0,0.5138116,0.33125755298812004,1,0
1,0.88531727,0.9859774041259552,1,1
0,0.39812768,0.09573005708874076,0,0
0,0.40376154,0.10243599591288907,0,0
0,0.44324225,0.16194620405765586,0,0
0,0.4102604,0.11068544754776108,0,0
0,0.3648167,0.06357039634461781,0,0
0,0.42386997,0.12985713943485724,0,0
1,0.438039,0.15274607665221257,0,0
1,0.39127523,0.08810468252174347,0,0
0,0.49906737,0.2892202495975426,0,0
1,0.9683166,0.9953214662529516,1,1
1,0.96629256,0.9951940471119711,1,1
0,0.47841984,0.23602654262693115,0,0
0,0.37485614,0.07202366111624726,0,0
0,0.4450562,0.16525699828439042,0,0
1,0.4582103,0.190901763973546,0,0
0,0.3635594,0.06257931138391,0,0
0,0.39639014,0.09374245459304073,0,0
0,0.36695495,0.06528956768881189,0,0
0,0.50379986,0.30236776617484334,1,0
1,0.5167639,0.34003865112847187,1,0
0,0.3862605,0.0828765307986816,0,0
0,0.42974907,0.1389783030159529,0,0
0,0.39191425,0.0887919143446602,0,0
0,0.42551515,0.13235698242603483,0,0
0,0.3655061,0.06412003166079369,0,0
0,0.37362462,0.0709334243323807,0,0
0,0.3872212,0.08385574532880556,0,0
1,0.6094804,0.6395959399707817,1,1
0,0.3900433,0.08679335020787544,0,0
0,0.35375178,0.05533002367918068,0,0
0,0.36404264,0.0629585182519706,0,0
0,0.3699853,0.06780014199774058,0,0
0,0.38756052,0.08420412683912072,0,0
0,0.36522657,0.06389663324127381,0,0
1,0.96491873,0.9951055996643917,1,1
0,0.41977528,0.12380932752017287,0,0
1,0.46166193,0.1981145583546067,0,0
1,0.963499,0.9950124954295809,1,1
0,0.36093286,0.06055527059250666,0,0
0,0.3701501,0.06793919103287621,0,0
1,0.65962195,0.7759889338449157,1,1
0,0.40162304,0.0998428982328693,0,0
0,0.37365967,0.07096423927570032,0,0
0,0.37011895,0.06791289004051795,0,0
0,0.35989714,0.05977409416611274,0,0
1,0.7291427,0.8975019387548222,1,1
0,0.43003827,0.13944056244755665,0,0
0,0.41142562,0.11222465347728089,0,0
0,0.4438156,0.16298682818089438,0,0
0,0.39762625,0.09515263109701402,0,0
0,0.36519435,0.0638709342981578,0,0
1,0.62951094,0.6986328087796403,1,1
0,0.37390822,0.07118312881154737,0,0
0,0.36666584,0.06505461600062223,0,0
1,0.9712315,0.9954990807941945,1,1
0,0.45493093,0.18423648854535737,0,0
0,0.52801037,0.3744654240931037,1,0
0,0.43437922,0.14653491260742504,0,0
1,0.41811997,0.12143390686517495,0,0
0,0.38061857,0.07733302540691521,0,0
0,0.37103778,0.06869283878819506,0,0
1,0.4081595,0.10795689217881087,0,0
0,0.39940715,0.09721768022029705,0,0
0,0.48466137,0.2513671956155103,0,0
1,0.41217196,0.11322034105644481,0,0
0,0.35305783,0.054848187531073976,0,0
0,0.3886772,0.08535990636000779,0,0
0,0.4223758,0.12762166922740334,0,0
0,0.36251134,0.06176420346615968,0,0
0,0.39607552,0.09338653065507475,0,0
0,0.36762375,0.06583610127327863,0,0
0,0.39336988,0.09037545844068699,0,0
0,0.5959071,0.5968984527890667,1,1
0,0.38671425,0.08333772338796432,0,0
0,0.47754684,0.23393322896428564,0,0
0,0.3748086,0.07198129446777518,0,0
0,0.363997,0.06292262257365909,0,0
1,0.94735813,0.9938217236142323,1,1
0,0.36148977,0.06097925511382743,0,0
0,0.37019274,0.06797522235277205,0,0
0,0.51627773,0.3385847844039419,1,0
0,0.4171715,0.12009061250243007,0,0
0,0.36497054,0.06369266248238924,0,0
0,0.38688123,0.08350803483771108,0,0
1,0.9707441,0.995469853523577,1,1
0,0.3677265,0.06592045068813991,0,0
1,0.56646824,0.49996935848442403,1,0
1,0.37070668,0.06841083143019375,0,0
0,0.4172368,0.12018267913659562,0,0
1,0.9617915,0.9948981824867151,1,1
0,0.37877074,0.07559254529858524,0,0
0,0.36826164,0.06636133910966657,0,0
0,0.4442075,0.16370123324833782,0,0
0,0.51936275,0.34786057513526225,1,0
0,0.45017347,0.17488942375839228,0,0
0,0.41403,0.11573264246286723,0,0
0,0.5503263,0.44634786342915683,1,0
0,0.51354563,0.33047214907604644,1,0
0,0.39737627,0.09486592466086265,0,0
0,0.36084566,0.06048913356092449,0,0
1,0.61787087,0.6649719176038463,1,1
0,0.39680696,0.09421585823788585,0,0
1,0.96405923,0.9950494431041742,1,1
1,0.9557527,0.9944725844954896,1,1
0,0.37286422,0.07026788634116421,0,0
1,0.97065365,0.9954644111961996,1,1
1,0.9692341,0.995378111761739,1,1
0,0.40516108,0.10416520347286845,0,0
0,0.36203346,0.06139584215203321,0,0
0,0.36107963,0.06066674425349521,0,0
0,0.42471892,0.13114206080120394,0,0
0,0.44534767,0.16579401239711763,0,0
0,0.37861174,0.07544447937661726,0,0
1,0.35884023,0.05898667146599263,0,0
0,0.3510291,0.05346212964660512,0,0
1,0.41859648,0.1221136575874532,0,0
0,0.41276035,0.11401072956890465,0,0
0,0.43175226,0.14220669797454616,0,0
0,0.3543415,0.055742625922801846,0,0
1,0.9678055,0.9952896115318415,1,1
0,0.35622513,0.057079970645708425,0,0
0,0.36416775,0.06305704217372902,0,0
1,0.40414494,0.10290716843686444,0,0
0,0.42849392,0.13698694116898857,0,0
0,0.3650827,0.06378195399078863,0,0
0,0.41625074,0.11879882442429658,0,0
1,0.9608527,0.9948342229800368,1,1
0,0.3923226,0.08923360364872804,0,0
0,0.3649079,0.06364284848597646,0,0
1,0.45403525,0.18244765090313092,0,0
0,0.36847168,0.06653514189282964,0,0
0,0.3822384,0.0788888548474913,0,0
0,0.37270266,0.07012722941146528,0,0
1,0.5627539,0.48758569158824555,1,0
0,0.4385775,0.1536779774681307,0,0
0,0.5598763,0.47800139036010636,1,0
0,0.4262187,0.1334384056106302,0,0
0,0.361297,0.060832191143758776,0,0
0,0.38896328,0.08565829789378314,0,0
0,0.3767177,0.07370100270279609,0,0
0,0.3955526,0.0927976572076159,0,0
0,0.35497034,0.05618577336716489,0,0
0,0.3677198,0.06591494338651059,0,0
0,0.3703697,0.06812492531156368,0,0
1,0.5593259,0.47616965603655437,1,0
0,0.38802356,0.08468163827128346,0,0
0,0.3624404,0.06170939913122291,0,0
0,0.35939476,0.059398590858998235,0,0
0,0.36026612,0.060051305668735185,0,0
1,0.68896323,0.8366925906437248,1,1
0,0.40459996,0.10346883811784856,0,0
0,0.43449238,0.14672378493357177,0,0
1,0.9655654,0.99514743122996,1,1
0,0.4389768,0.15437197386169782,0,0
0,0.43481255,0.14725926089046373,0,0
1,0.96466386,0.9950890138528465,1,1
1,0.5880923,0.5715843884411439,1,1
1,0.3766854,0.07367161656466256,0,0
1,0.43407443,0.14602719753082347,0,0
0,0.40718466,0.10671102564343236,0,0
0,0.35360488,0.05522769659740727,0,0
0,0.45021948,0.17497801256053824,0,0
0,0.39608878,0.0934015091036721,0,0
0,0.36465627,0.06344312869080493,0,0
0,0.36271498,0.061921799926442644,0,0
0,0.35020134,0.05290613946766606,0,0
0,0.35146844,0.05375946501442855,0,0
0,0.4013882,0.0995617169033963,0,0
0,0.43906158,0.15451966995965247,0,0
0,0.44812936,0.17098964621932988,0,0
0,0.52173924,0.3550860268096157,1,0
0,0.41027167,0.11070023973194695,0,0
0,0.4000699,0.09799632524561629,0,0
0,0.3611407,0.06071317834339642,0,0
0,0.36400735,0.06293075662863053,0,0
0,0.41072536,0.1112973976348965,0,0
1,0.6572364,0.7704090170240113,1,1
0,0.46936196,0.2149384079804427,0,0
1,0.45729756,0.18902834877112834,0,0
0,0.3906078,0.08739204000512991,0,0
0,0.42667252,0.1341399509916548,0,0
1,0.41230613,0.11340015172613101,0,0
0,0.43517038,0.14785965208823,0,0
1,0.6858177,0.8308782951847763,1,1
0,0.386699,0.08332217614816809,0,0
0,0.48811433,0.2601334099526998,0,0
0,0.46576405,0.2069510280846431,0,0
0,0.412627,0.11383119785086386,0,0
1,0.96099335,0.9948438567079013,1,1
0,0.4006923,0.09873265300312517,0,0
0,0.36650765,0.06492639301437535,0,0
0,0.36714977,0.06544833430201996,0,0
0,0.55075765,0.44777019573749444,1,0
1,0.9678227,0.9952906848997393,1,1
0,0.4183138,0.12171002133379819,0,0
0,0.36445323,0.0632823928013277,0,0
1,0.4426778,0.16092694218605474,0,0
0,0.35698074,0.05762486671640844,0,0
0,0.37600574,0.0730552981558273,0,0
0,0.36909357,0.06705220095910487,0,0
0,0.368652,0.06668467122408192,0,0
0,0.408942,0.10896620866268089,0,0
0,0.35032243,0.052987128969298254,0,0
0,0.40648612,0.10582607752827466,0,0
0,0.4414833,0.15878707348616067,0,0
0,0.36890706,0.06689674499710208,0,0
1,0.49574575,0.28019778753154273,0,0
0,0.4039454,0.1026616927012983,0,0
0,0.3908141,0.08761175008984547,0,0
0,0.36238086,0.06166342620370492,0,0
0,0.35607594,0.05697295781557031,0,0
0,0.4139801,0.11566455721333585,0,0
0,0.37022573,0.06800310779006416,0,0
1,0.96182865,0.9949006960181388,1,1
0,0.3709537,0.06862113095273066,0,0
1,0.4178786,0.1210908346098343,0,0
0,0.40687248,0.10631473557855889,0,0
0,0.44655696,0.16803701289459647,0,0
0,0.4048087,0.1037274031226253,0,0
0,0.43596914,0.14920714211792857,0,0
0,0.3583791,0.05864617273187083,0,0
1,0.48437092,0.25063882176510693,0,0
0,0.41031155,0.11075261327465598,0,0
0,0.3624507,0.06171734064071733,0,0
0,0.36797553,0.06612528273355307,0,0
1,0.3832562,0.07988104831309646,0,0
0,0.4809531,0.24217387893055667,0,0
1,0.48772916,0.25914581276374643,0,0
0,0.35561273,0.05664189656199178,0,0
0,0.41014042,0.11052800639475387,0,0
0,0.38103813,0.07773329028401925,0,0
0,0.4314506,0.14171656623399914,0,0
1,0.49353665,0.2742933744218655,0,0
0,0.41310942,0.11448191512055954,0,0
0,0.36524352,0.0639101641219742,0,0
1,0.964645,0.9950877859304665,1,1
0,0.38174078,0.07840788096029766,0,0
1,0.4365158,0.15013517503686488,0,0
1,0.39223033,0.08913362989468886,0,0
1,0.9637201,0.9950271082498003,1,1
0,0.45295396,0.1803061307187488,0,0
0,0.42212033,0.1272427649828402,0,0
0,0.39490476,0.09207271779279395,0,0
0,0.35693008,0.057588178887207936,0,0
0,0.4975675,0.28512489052201445,0,0
1,0.37011114,0.06790629739634259,0,0
0,0.43710163,0.15113495737596755,0,0
0,0.3621207,0.06146292862814076,0,0
0,0.37381876,0.07110426735577108,0,0
0,0.4065619,0.10592177562232777,0,0
1,0.4397029,0.1556405555698673,0,0
0,0.39866725,0.09635490988791572,0,0
0,0.37470952,0.07189304918237646,0,0
0,0.36841497,0.0664881725358842,0,0
1,0.9640007,0.9950455956164347,1,1
0,0.3947061,0.09185143530264227,0,0
0,0.3999162,0.09781526359152624,0,0
0,0.35190827,0.05405868485157596,0,0
0,0.3609604,0.060576170022060234,0,0
1,0.961616,0.9948862840098162,1,1
0,0.47702247,0.23268208368065615,0,0
0,0.37045202,0.06819466219370722,0,0
0,0.4425572,0.16070982511190401,0,0
0,0.44060063,0.15722073678521073,0,0
0,0.3666127,0.0650115186083487,0,0
0,0.4076703,0.10733008332349274,0,0
1,0.35930207,0.05932955499407758,0,0
0,0.42720503,0.13496709135339344,0,0
0,0.36474752,0.06351549291264755,0,0
0,0.45754096,0.1895265475409986,0,0
0,0.3884728,0.0851472672495494,0,0
0,0.37277916,0.07019380204999699,0,0
1,0.9603383,0.9947988418524312,1,1
0,0.514967,0.33468059299407243,1,0
0,0.44703022,0.16892139154650998,0,0
1,0.66827536,0.7954132048031558,1,1
1,0.9606208,0.9948183045601164,1,1
0,0.3652731,0.06393376037240797,0,0
0,0.45414174,0.1826596099190075,0,0
0,0.371377,0.06898286669346639,0,0
0,0.37914836,0.07594528226343507,0,0
0,0.36432463,0.06318078753277578,0,0
1,0.9593392,0.9947294310412786,1,1
1,0.9653616,0.9951342867906208,1,1
1,0.9595801,0.9947462526546992,1,1
1,0.9715479,0.9955179504648882,1,1
0,0.3820054,0.07866331454249537,0,0
0,0.36959782,0.06747419354861584,0,0
1,0.52132195,0.3538123966712175,1,0
0,0.39251757,0.08944518582764556,0,0
1,0.9676494,0.995279839410829,1,1
0,0.35747445,0.0579835292928123,0,0
0,0.38519397,0.08180160867393697,0,0
1,0.9710423,0.9954877560525561,1,1
0,0.35206005,0.05416230987869849,0,0
0,0.37127987,0.0688997075624525,0,0
0,0.49830055,0.28712211367862134,0,0
0,0.41425797,0.11604422818525849,0,0
0,0.40660384,0.10597475657555254,0,0
1,0.6753204,0.8102817846551555,1,1
0,0.34825826,0.05162238638875326,0,0
0,0.36574638,0.06431262115185019,0,0
0,0.36421722,0.06309604079339794,0,0
0,0.37444168,0.07165503400096357,0,0
0,0.39474458,0.09189425358436551,0,0
0,0.4118665,0.11281188182870663,0,0
1,0.96850556,0.9953331879236269,1,1
1,0.41210538,0.11313120706682547,0,0
0,0.41233993,0.11344548313379699,0,0
0,0.36742166,0.06567050831654521,0,0
0,0.39339846,0.09040680344144374,0,0
0,0.43854317,0.15361842496078834,0,0
0,0.36891305,0.06690173286511746,0,0
0,0.50667745,0.3105253926238935,1,0
1,0.9606983,0.9948236297620344,1,1
0,0.45816314,0.1908046453716699,0,0
1,0.9599697,0.9947733406345662,1,1
1,0.36100662,0.06061126637786436,0,0
0,0.33698228,0.044736131190716136,0,0
1,0.6525903,0.759263908784464,1,1
0,0.35576037,0.05674721848250745,0,0
0,0.4613752,0.1975076593387497,0,0
0,0.5318612,0.386572755778574,1,0
0,0.38995844,0.08670368807579461,0,0
0,0.3733289,0.07067390188360413,0,0
1,0.6773623,0.8144334733389524,1,1
0,0.4114175,0.11221388110824393,0,0
0,0.35304,0.054835865331072764,0,0
0,0.36318874,0.06228990305049729,0,0
0,0.37485692,0.07202435192294677,0,0
1,0.9632863,0.9949983938513846,1,1
0,0.40498585,0.10394728439566477,0,0
0,0.40592194,0.10511606011610307,0,0
1,0.9659693,0.9951733812452366,1,1
0,0.3592818,0.05931447035428249,0,0
0,0.36949152,0.06738502647878125,0,0
0,0.37221244,0.06970202448344252,0,0
1,0.4119481,0.11292090400692896,0,0
1,0.9751882,0.9957294805334498,1,1
1,0.5320072,0.38703477004572995,1,0
0,0.38607585,0.08268950833904364,0,0
0,0.37411734,0.07136777797259415,0,0
0,0.36508545,0.06378413792101435,0,0
0,0.37461093,0.07180535412525879,0,0
0,0.39671874,0.09411548862718193,0,0
0,0.36427948,0.06314514993839819,0,0
1,0.9637121,0.9950265810553961,1,1
0,0.41581562,0.11819257934623857,0,0
1,0.39966097,0.09751524146558901,0,0
0,0.46460655,0.20442850205385985,0,0
0,0.38540334,0.08201160954338664,0,0
0,0.47841758,0.23602109486125974,0,0
0,0.35270095,0.054601930642236916,0,0
0,0.35393405,0.05545724127545059,0,0
1,0.98201436,0.9960996982825281,1,1
0,0.37035584,0.06811319117354968,0,0
1,0.96126556,0.9948624488730725,1,1
0,0.4075175,0.10713496535068502,0,0
1,0.9675955,0.9952764616866011,1,1
0,0.42510948,0.1317368065435349,0,0
0,0.46233958,0.19955446352831177,0,0
0,0.36326844,0.062352021256006224,0,0
0,0.3672844,0.06555825008912711,0,0
0,0.37890902,0.07572153931172285,0,0
0,0.36629397,0.06475356390801247,0,0
0,0.439077,0.15454652203359823,0,0
0,0.4278837,0.13602752748843414,0,0
0,0.3759584,0.07301256074896076,0,0
0,0.3621446,0.061481322321654375,0,0
0,0.3478063,0.05132804095073751,0,0
0,0.3721803,0.06967424172764869,0,0
0,0.36950994,0.06740046727158584,0,0
1,0.47311378,0.22350338982137136,0,0
0,0.42317498,0.12881322875220325,0,0
1,0.95889443,0.9946982355251631,1,1
1,0.5496591,0.4441495747505082,1,0
0,0.4664275,0.20840724435507516,0,0
0,0.39472833,0.09187617551466618,0,0
1,0.869509,0.982742473799679,1,1
0,0.4954327,0.27935638712657246,0,0
0,0.35246733,0.05444129207148049,0,0
0,0.3738164,0.07110219314421136,0,0
0,0.41327634,0.11470782844108451,0,0
0,0.36310387,0.062223806286810526,0,0
0,0.37293774,0.07033198310155381,0,0
0,0.3697434,0.06759648528198497,0,0
1,0.42249072,0.12779242813790878,0,0
1,0.37385565,0.07113677938853824,0,0
0,0.3781851,0.07504847307306359,0,0
0,0.3535335,0.055178040237966075,0,0
0,0.41578558,0.11815082254506006,0,0
0,0.43705618,0.15105719836254303,0,0
0,0.35052964,0.05312599765442857,0,0
0,0.44707078,0.16899735974791977,0,0
0,0.38003218,0.0767767621878485,0,0
1,0.5373067,0.4039329603543501,1,0
0,0.3975338,0.09504651279714812,0,0
0,0.39909187,0.09684920657636907,0,0
0,0.3553477,0.056453292423314254,0,0
0,0.43534207,0.1481484393626428,0,0
0,0.4794491,0.23851110709268672,0,0
0,0.41790995,0.12113534987844142,0,0
0,0.4733235,0.22398925543901413,0,0
0,0.35555112,0.05659800653866534,0,0
1,0.50582665,0.3081008894678815,1,0
0,0.3902036,0.08696298306148109,0,0
1,0.95091736,0.9941065020214418,1,1
0,0.49252385,0.27161240878003473,0,0
0,0.40297288,0.10147281088706109,0,0
0,0.41638896,0.11899197337466719,0,0
1,0.9490123,0.9939557361441111,1,1
1,0.96490633,0.9951047941622041,1,1
0,0.4369306,0.15084249953630174,0,0
0,0.4145503,0.11644481637818976,0,0
0,0.44823506,0.17118961471665078,0,0
0,0.4883071,0.26062858235377406,0,0
0,0.40196663,0.10025555859665626,0,0
0,0.3956177,0.09287077389755456,0,0
0,0.3594266,0.059422315706857874,0,0
1,0.3842674,0.08087806432366224,0,0
1,0.36801296,0.06615612235636495,0,0
0,0.42879876,0.13746837858417763,0,0
0,0.39287132,0.08983024220049418,0,0
1,0.9592025,0.9947198644449075,1,1
0,0.37889457,0.07570804664931935,0,0
0,0.3619703,0.06134731764703182,0,0
1,0.9529998,0.9942670272242475,1,1
0,0.35970578,0.05963079980962863,0,0
0,0.50383025,0.3024533055700041,1,0
0,0.4431027,0.16169370332139857,0,0
0,0.39821252,0.09582807416895638,0,0
0,0.38475633,0.08136420612865192,0,0
0,0.37953535,0.0763083271603197,0,0
0,0.43928263,0.15490526108919977,0,0
0,0.34515753,0.04963464248841939,0,0
0,0.3889506,0.08564503536715258,0,0
1,0.42676443,0.13428240811684106,0,0
1,0.6409106,0.729651432380902,1,1
1,0.6502188,0.7534346373692463,1,1
0,0.7763045,0.942613972839866,1,1
1,0.44128057,0.1584262239854899,0,0
0,0.37030965,0.06807409090913774,0,0
0,0.3788027,0.07562232942840551,0,0
0,0.43061322,0.14036338214726343,0,0
0,0.43999547,0.15615410420985917,0,0
0,0.356029,0.056939328178272165,0,0
1,0.49842665,0.28746650278857594,0,0
1,0.51525116,0.33552504840784964,1,0
0,0.35220388,0.05426067514601435,0,0
0,0.38244855,0.07909280399055668,0,0
0,0.36192402,0.06131177714760005,0,0
0,0.36006212,0.05989789718999729,0,0
0,0.36831382,0.06640447913352208,0,0
1,0.72356,0.8904458961475955,1,1
0,0.37067187,0.06838124624526797,0,0
0,0.4022095,0.10054815130828322,0,0
0,0.4368101,0.15063674891817022,0,0
1,0.9644514,0.9950751431356952,1,1
0,0.35688692,0.05755694678547052,0,0
0,0.46986634,0.21607583099918581,0,0
0,0.38114896,0.07783934501957794,0,0
1,0.9597193,0.9947559458892054,1,1
0,0.36857384,0.06661982866751674,0,0
0,0.37290618,0.07030446190369215,0,0
1,0.659214,0.7750416376428132,1,1
0,0.39166382,0.08852201739560943,0,0
1,0.6571187,0.7701311565259639,1,1
0,0.3673154,0.06558360590394735,0,0
0,0.4068039,0.10622785804990131,0,0
0,0.43579316,0.14890939686195145,0,0
0,0.35825244,0.05855297038434246,0,0
0,0.4171776,0.12009918208630166,0,0
1,0.46258932,0.20008711228350512,0,0
1,0.97565246,0.9957557330148588,1,1
0,0.44442847,0.16410518003090005,0,0
0,0.38063574,0.07734936509142921,0,0
0,0.66698456,0.7925970816591864,1,1
0,0.3628843,0.06205313562497036,0,0
0,0.5020403,0.29744002472177505,1,0
0,0.3689901,0.06696591109921465,0,0
0,0.37812608,0.07499385329421401,0,0
0,0.435805,0.14892939924065132,0,0
0,0.41932556,0.12316005031761154,0,0
0,0.42261958,0.12798414383624643,0,0
1,0.96551627,0.9951442665747999,1,1
0,0.43593952,0.14915698774483163,0,0
0,0.39004746,0.08679776146848303,0,0
0,0.3831795,0.07980587239238765,0,0
0,0.37886304,0.07567862083053407,0,0
1,0.83752745,0.9738013969635038,1,1
0,0.5124845,0.32734788475218546,1,0
0,0.3642335,0.06310887296578108,0,0
0,0.38128233,0.07796713421603892,0,0
0,0.39306128,0.09003762731194165,0,0
1,0.965376,0.9951352183303058,1,1
0,0.4402611,0.1566215579072362,0,0
0,0.43284312,0.14399091538488254,0,0
0,0.4345287,0.14678446379016097,0,0
0,0.35894477,0.059064125765569034,0,0
0,0.37418047,0.07142359899568182,0,0
0,0.366452,0.0648813486633078,0,0
0,0.3715617,0.06914127607358081,0,0
1,0.38179824,0.0784632816288819,0,0
0,0.3925683,0.08950030623703895,0,0
1,0.9627401,0.9949620077311879,1,1
0,0.36370182,0.06269085184649478,0,0
0,0.35652894,0.057298470939162585,0,0
0,0.505563,0.3073517573542526,1,0
0,0.4313441,0.1415438417178134,0,0
0,0.42986,0.1391554519784535,0,0
1,0.38135654,0.07803832240155899,0,0
0,0.46638274,0.20830875753618697,0,0
0,0.49292305,0.2726671635461436,0,0
0,0.4667554,0.20912969629337522,0,0
0,0.39878953,0.09649702110513891,0,0
0,0.34907702,0.05215969302563245,0,0
0,0.35382572,0.055381597271267624,0,0
0,0.43786183,0.15244048026290535,0,0
0,0.3519651,0.05409746382973865,0,0
0,0.41075107,0.1113313350957329,0,0
0,0.35779044,0.058214188249765805,0,0
0,0.3586778,0.05886652792850118,0,0
0,0.37482756,0.07199818524643468,0,0
0,0.40066195,0.09869661280169505,0,0
1,0.95961547,0.9947487160497274,1,1
0,0.4873766,0.25824395423507907,0,0
1,0.9680656,0.9953058499600779,1,1
1,0.3957298,0.09299684066471155,0,0
0,0.35130545,0.053648977734834846,0,0
0,0.36223474,0.06155074633212905,0,0
0,0.36774752,0.06593770966942765,0,0
1,0.41259184,0.11378388814223357,0,0
0,0.34383178,0.04880707792617553,0,0
0,0.35362926,0.055244666110263005,0,0
0,0.36866277,0.06669362815531253,0,0
0,0.3551776,0.056332568666747226,0,0
0,0.42694333,0.13456006718775992,0,0
0,0.4277749,0.13585704558699047,0,0
0,0.3970856,0.09453353432850135,0,0
1,0.402898,0.10138179925806311,0,0
1,0.96109676,0.9948509277289974,1,1
0,0.37507796,0.07222166753522301,0,0
0,0.36824575,0.06634821256414102,0,0
1,0.9671957,0.9952513225101479,1,1
1,0.96772075,0.9952843082076879,1,1
0,0.37668055,0.07366719465411217,0,0
0,0.45715094,0.18872870676900055,0,0
0,0.3573344,0.0578815811790544,0,0
0,0.36955795,0.06744073370255439,0,0
0,0.3776488,0.0745534085546733,0,0
1,0.962308,0.9949330315732888,1,1
0,0.3770077,0.07396552815884745,0,0
1,0.96408594,0.9950511973858415,1,1
1,0.9641083,0.9950526653379858,1,1
1,0.49519306,0.2787133266512338,0,0
0,0.3688934,0.06688538089575138,0,0
0,0.36052147,0.06024384793758499,0,0
0,0.45980144,0.19420152419616463,0,0
1,0.510971,0.3229182254849853,1,0
0,0.39342952,0.09044087240294055,0,0
0,0.34379074,0.04878167128394414,0,0
1,0.813596,0.9643010703258623,1,1
1,0.9649836,0.9951098109116332,1,1
0,0.36204115,0.0614017527286608,0,0
0,0.37400416,0.07126778050268802,0,0
0,0.37215,0.06964804048623496,0,0
0,0.38811636,0.08477763854978504,0,0
0,0.36104304,0.06063893144868105,0,0
0,0.4982209,0.28690466756465527,0,0
1,0.47843695,0.23606769040043366,0,0
1,0.6553641,0.7659617717042104,1,1
0,0.4469799,0.16882720868490123,0,0
0,0.34556594,0.04989224956140913,0,0
0,0.45486188,0.1840980972390552,0,0
0,0.36974815,0.06760046916141402,0,0
0,0.3859498,0.08256204902971107,0,0
0,0.40945026,0.10962619147295806,0,0
0,0.37994716,0.07669640975885722,0,0
0,0.3602357,0.06002839994746665,0,0
0,0.3578728,0.058274457949308245,0,0
0,0.39896038,0.0966959024207231,0,0
1,0.48834404,0.26072358305227233,0,0
0,0.36143896,0.06094045601550095,0,0
0,0.3731403,0.07050886012771292,0,0
0,0.42122337,0.12592000451472987,0,0
0,0.3694193,0.06732451922951165,0,0
0,0.4645708,0.20435092918652392,0,0
1,0.3685136,0.06656988891790082,0,0
1,0.7183978,0.8835459137688021,1,1
0,0.39921167,0.09698907876173397,0,0
0,0.36097577,0.060587844068232144,0,0
0,0.35385558,0.05540243909369943,0,0
0,0.38836572,0.0850360707899179,0,0
0,0.438458,0.1534707625400567,0,0
0,0.40411225,0.10286691679396506,0,0
0,0.43248245,0.14339895074786332,0,0
1,0.9709425,0.9954817737338281,1,1
0,0.38489076,0.08149834195733628,0,0
1,0.96530074,0.9951303546623519,1,1
0,0.3760669,0.07311055719512383,0,0
1,0.41602424,0.11848290977731536,0,0
0,0.36837125,0.0664519854412618,0,0
0,0.45058113,0.17567550352259956,0,0
0,0.3555576,0.056602612745603055,0,0
0,0.48018998,0.24031065199101823,0,0
0,0.51830006,0.3446518761363052,1,0
0,0.4377868,0.1523111964016548,0,0
0,0.42533445,0.13208044124814655,0,0
0,0.46386382,0.20282193334638782,0,0
0,0.3636536,0.06265306744357428,0,0
0,0.36341342,0.06246518569793159,0,0
1,0.973489,0.9956320092844333,1,1
1,0.3988063,0.09651653573352383,0,0
1,0.6761802,0.8120385455145884,1,1
0,0.44785103,0.1704640301052405,0,0
0,0.37374547,0.07103973043200439,0,0
0,0.4151322,0.11724576880358711,0,0
1,0.39763597,0.09516378959373928,0,0
0,0.4510467,0.1765766376275583,0,0
0,0.3602971,0.06007464605891477,0,0
1,0.9667395,0.9952224753827621,1,1
1,0.40535098,0.10440181231876397,0,0
0,0.354055,0.055541802753075915,0,0
0,0.40645573,0.10578771434536176,0,0
0,0.4395717,0.15541072509623324,0,0
0,0.5082749,0.3151058203395599,1,0
1,0.39104575,0.08785906670886735,0,0
0,0.41038302,0.11084653284132157,0,0
1,0.9606624,0.994821164461068,1,1
0,0.45221558,0.17885504281133288,0,0
0,0.43882322,0.1541047534579427,0,0
0,0.4234378,0.1292071644436365,0,0
1,0.96181047,0.9948994656310437,1,1
0,0.39469814,0.0918425820171258,0,0
0,0.40502575,0.10399687369999819,0,0
0,0.41408983,0.11581435817274532,0,0
0,0.38950107,0.08622179918281671,0,0
0,0.37313175,0.070501383276489,0,0
0,0.43532363,0.14811738781674297,0,0
0,0.35889825,0.05902964816326323,0,0
0,0.3731542,0.0705210018024275,0,0
0,0.4016772,0.0999078341711992,0,0
0,0.57004803,0.5119047151370436,1,1
0,0.4080892,0.10786661589727295,0,0
1,0.589581,0.5764399174257007,1,1
0,0.39153093,0.088379099251085,0,0
0,0.42605975,0.133193452189062,0,0
1,0.9558182,0.99447738541212,1,1
0,0.3604557,0.06019419649915147,0,0
0,0.45467845,0.18373085831625596,0,0
0,0.5643714,0.4929774781781074,1,0
0,0.3902258,0.08698650111568398,0,0
0,0.44495723,0.16507496166958038,0,0
0,0.3668581,0.06521076709088727,0,0
1,0.90525293,0.9892163579569148,1,1
0,0.4017594,0.10000647131017588,0,0
0,0.3425042,0.047991506738001795,0,0
0,0.34726596,0.05097821048012054,0,0
0,0.37617055,0.07320430543400643,0,0
0,0.36297652,0.062124760750376706,0,0
0,0.35862535,0.05882777830867978,0,0
0,0.5400428,0.41275016832189304,1,0
0,0.38355,0.08016955824419746,0,0
0,0.38034108,0.07706933393823277,0,0
0,0.4260444,0.13316981755682428,0,0
0,0.36750448,0.06573832499976529,0,0
1,0.9682699,0.9953185627487141,1,1
1,0.55343413,0.4566136836489383,1,0
0,0.4411649,0.1582206334153016,0,0
1,0.9693094,0.9953827291248587,1,1
0,0.36767602,0.06587899733522325,0,0
0,0.37557316,0.07266551598008454,0,0
0,0.38395113,0.08056502243501434,0,0
1,0.96145034,0.9948750308957507,1,1
0,0.3557153,0.056715053898724624,0,0
0,0.37790805,0.07479235268065156,0,0
0,0.38420764,0.08081883423909954,0,0
0,0.37016603,0.06795265978880861,0,0
0,0.39769638,0.09523319707691012,0,0
0,0.3688013,0.06680873246714404,0,0
0,0.3865004,0.08312005948794714,0,0
1,0.96009463,0.9947819979003367,1,1
0,0.39206174,0.08895121918040898,0,0
1,0.9634163,0.9950070159698506,1,1
0,0.41314673,0.11453238022243363,0,0
0,0.41098538,0.11164092516282989,0,0
0,0.36584884,0.06439491372495257,0,0
0,0.4553553,0.1850887333438904,0,0
0,0.3918458,0.08871806305493288,0,0
0,0.4463734,0.16769500566912732,0,0
0,0.4218801,0.12688732536960348,0,0
0,0.37288854,0.0702890813985276,0,0
0,0.36305413,0.062185102349390044,0,0
1,0.95790577,0.9946282327858377,1,1
0,0.39030936,0.08707506898248604,0,0
0,0.40022573,0.09818021978020953,0,0
0,0.37314826,0.07051581660197173,0,0
0,0.37011623,0.06791060016173381,0,0
1,0.39217642,0.0890752617775765,0,0
1,0.96763927,0.9952792044029025,1,1
0,0.34704876,0.05083822809219342,0,0
0,0.46344447,0.20191902859986718,0,0
1,0.4020687,0.10037844214791725,0,0
0,0.45834985,0.19118947359097146,0,0
0,0.36558926,0.0641866198520994,0,0
0,0.36449072,0.06331204358953008,0,0
0,0.38910207,0.08580340427734262,0,0
0,0.387996,0.08465314082070949,0,0
0,0.35949114,0.059470459092480464,0,0
0,0.36386397,0.06281806902039512,0,0
0,0.39952388,0.09735442898903082,0,0
0,0.41352886,0.11505031980985314,0,0
0,0.4185345,0.12202504419991597,0,0
0,0.38376233,0.0803786744835983,0,0
0,0.37821126,0.07507270505522454,0,0
0,0.36259422,0.06182829924398424,0,0
1,0.45177102,0.17798579392576522,0,0
1,0.37558782,0.0726786965851647,0,0
0,0.38529545,0.08190333433170655,0,0
0,0.39429185,0.09139155229400268,0,0
1,0.9608244,0.9948322818245909,1,1
0,0.47443882,0.22658578487315975,0,0
0,0.35894227,0.05906226998820297,0,0
0,0.3656029,0.06419755696939461,0,0
1,0.96259606,0.9949523660457987,1,1
1,0.9679083,0.9952960369218227,1,1
0,0.43483225,0.14729226063030132,0,0
1,0.8069371,0.961114065386441,1,1
0,0.35831413,0.05859834804550002,0,0
1,0.96563554,0.995151948057854,1,1
0,0.45947492,0.19352087778824034,0,0
0,0.3859331,0.08254518839156723,0,0
0,0.3658224,0.06437367295631323,0,0
1,0.9449657,0.9936226600554512,1,1
0,0.4016203,0.09983961133554434,0,0
0,0.3741972,0.071438417570817,0,0
0,0.38010067,0.0768415396054787,0,0
1,0.64618605,0.7433059960702012,1,1
1,0.9705358,0.9954573088225297,1,1
0,0.4109048,0.11153436214034859,0,0
1,0.74119633,0.9113760068400673,1,1
1,0.96855617,0.9953363222950538,1,1
0,0.35611165,0.056998550187508885,0,0
0,0.42174965,0.12669468278746557,0,0
1,0.95386845,0.9943326985586626,1,1
0,0.36025795,0.06004515778664283,0,0
0,0.43545005,0.14833029156890778,0,0
0,0.3672757,0.06555116378275927,0,0
0,0.44461876,0.16445365709110418,0,0
0,0.38571373,0.08232385245369588,0,0
0,0.3722678,0.06974993384499838,0,0
0,0.3527735,0.054651899523866614,0,0
0,0.3684866,0.06654751256943973,0,0
0,0.3746403,0.07183145614477762,0,0
0,0.41076604,0.11135108040139764,0,0
0,0.35601518,0.05692942433780378,0,0
0,0.36715338,0.06545127645694089,0,0
0,0.4720689,0.22109388741125713,0,0
0,0.3418522,0.04759570715721413,0,0
0,0.42742312,0.13530709472592353,0,0
0,0.4422439,0.16014697450104562,0,0
0,0.35980597,0.05970578776801757,0,0
0,0.40931204,0.1094463565517845,0,0
0,0.39413893,0.09122231656662476,0,0
1,0.66442496,0.7869284707022661,1,1
0,0.4035902,0.10222606088880135,0,0
0,0.46428815,0.20373861465273704,0,0
0,0.42076582,0.12524978575561968,0,0
0,0.43872574,0.15393532475463845,0,0
0,0.36169672,0.06113751197584231,0,0
0,0.3768612,0.07383181082314229,0,0
1,0.636586,0.7181228530021697,1,1
0,0.39265966,0.08959967798767854,0,0
0,0.38192597,0.07858656723633477,0,0
1,0.6288035,0.6966422737338487,1,1
0,0.43009692,0.13953446702599467,0,0
0,0.38729906,0.08393558026884246,0,0
1,0.3714879,0.06907792819194046,0,0
1,0.5336827,0.3923500427837205,1,0
0,0.39388207,0.0909386706499222,0,0
1,0.80129284,0.9582004896335314,1,1
0,0.44648185,0.16789701089572182,0,0
0,0.35393298,0.05545649164227641,0,0
1,0.59516174,0.5945039640526352,1,1
0,0.43143433,0.1416901677252033,0,0
0,0.36429706,0.06315902637620277,0,0
0,0.48682,0.25682436235002637,0,0
0,0.4309241,0.14086446710552006,0,0
0,0.37485665,0.07202411279685918,0,0
0,0.3548283,0.05608538787843592,0,0
0,0.3609597,0.06057564971628079,0,0
1,0.9518817,0.9941813878065029,1,1
0,0.40005544,0.09797928423488139,0,0
0,0.37911654,0.07591549293392824,0,0
0,0.42253464,0.12785775418053288,0,0
1,0.40057227,0.09859025823559613,0,0
0,0.40341336,0.10200977020261255,0,0
0,0.36144227,0.060942981236536554,0,0
0,0.4976967,0.2854762764154237,0,0
0,0.37253827,0.06998437479105163,0,0
0,0.4032992,0.10187038452114335,0,0
0,0.37598622,0.07303766752955987,0,0
0,0.39052987,0.08730916745170289,0,0
0,0.3659062,0.0644410336742466,0,0
1,0.50826466,0.31507630848262447,1,0
1,0.9642374,0.9950611357547953,1,1
0,0.36935616,0.06727164480325862,0,0
1,0.7838748,0.9478383093767176,1,1
1,0.4423395,0.16031857311346684,0,0
1,0.46636474,0.20826916265307088,0,0
0,0.46846563,0.21292781483241674,0,0
0,0.37094337,0.06861231524752817,0,0
0,0.4995048,0.2904212220046436,0,0
0,0.4366436,0.15035280327104764,0,0
0,0.41224295,0.11331544754986833,0,0
0,0.40696454,0.10643146359140318,0,0
1,0.42406225,0.13014722905405338,0,0
1,0.96543247,0.9951388619471901,1,1
0,0.41161433,0.11247568330222,0,0
0,0.5076395,0.31327959797479943,1,0
0,0.38707092,0.08370189215320896,0,0
0,0.45217067,0.17876707578969447,0,0
1,0.48520565,0.2527358742480644,0,0
0,0.3854959,0.08210461475669906,0,0
0,0.40797353,0.10771823878543718,0,0
0,0.36873794,0.06675606076696844,0,0
1,0.96425647,0.9950623859312133,1,1
0,0.37368727,0.0709885121236096,0,0
0,0.40568423,0.10481817670066734,0,0
0,0.38968733,0.08641775292049433,0,0
0,0.3984584,0.09611261366909205,0,0
0,0.43133783,0.14153369829396584,0,0
1,0.9626366,0.9949550804968669,1,1
0,0.4355786,0.14854706809860307,0,0
0,0.42382076,0.1297829969504968,0,0
0,0.3440857,0.048964557399529714,0,0
0,0.39089376,0.08769672691136451,0,0
0,0.4470532,0.16896442382836635,0,0
0,0.36973795,0.06759190033181006,0,0
0,0.35895577,0.059072278577770206,0,0
0,0.36784577,0.06601847870552571,0,0
0,0.3726571,0.07008760403527291,0,0
0,0.4039082,0.10261599832246121,0,0
0,0.364456,0.06328458434793546,0,0
0,0.40194318,0.1002273411815726,0,0
0,0.3647684,0.06353204680912436,0,0
0,0.3641451,0.06303919488772865,0,0
0,0.3884365,0.08510955771849991,0,0
0,0.37268576,0.07011253269330875,0,0
1,0.39323416,0.09022674410764299,0,0
0,0.3740028,0.07126659647433002,0,0
0,0.42271772,0.12813031205106695,0,0
0,0.42300504,0.12855907139249437,0,0
0,0.4285476,0.13707160390366616,0,0
1,0.42437196,0.1306156242598583,0,0
0,0.40075356,0.09880537031362366,0,0
0,0.37267566,0.07010374712694815,0,0
0,0.3901459,0.08690189458572234,0,0
0,0.41514117,0.11725815370481742,0,0
0,0.36974415,0.06759711166369356,0,0
0,0.3756974,0.07277727264369056,0,0
0,0.36397484,0.06290518571535772,0,0
0,0.3894235,0.08614030712795738,0,0
0,0.36062735,0.06032386120852139,0,0
0,0.3512003,0.05357781713442729,0,0
1,0.77886605,0.9444345316917924,1,1
0,0.34964246,0.0525338404329527,0,0
0,0.49615654,0.28130427020314297,0,0
0,0.43485466,0.14732981088948277,0,0
0,0.36275306,0.06195131740818136,0,0
0,0.37081343,0.06850163668154122,0,0
0,0.4200208,0.1241650226595386,0,0
0,0.3670576,0.06537316872948869,0,0
0,0.35780188,0.05822255796490871,0,0
1,0.79539317,0.9549324230671864,1,1
0,0.49805316,0.2864471568319761,0,0
0,0.38541052,0.0820188225467256,0,0
0,0.36924493,0.06717861561432394,0,0
0,0.39401007,0.09107991707068304,0,0
0,0.43544173,0.1483162809445173,0,0
0,0.36916706,0.06711355129687799,0,0
0,0.37310544,0.07047838417921944,0,0
0,0.36095825,0.06057454125269214,0,0
0,0.37489536,0.07205863423788542,0,0
0,0.37877247,0.07559415647770998,0,0
0,0.36914387,0.06709419021450704,0,0
1,0.9684155,0.9953276043674575,1,1
0,0.4847455,0.2515784368300173,0,0
0,0.3527538,0.05463832524303693,0,0
0,0.38951552,0.08623699077994716,0,0
0,0.40272936,0.1011770347808576,0,0
1,0.3968396,0.09425301250743351,0,0
0,0.39964327,0.09749446236615235,0,0
0,0.37595147,0.07300629202206013,0,0
1,0.95783526,0.9946232051485131,1,1
1,0.967991,0.995301196980332,1,1
0,0.37806678,0.07493899446630409,0,0
0,0.3702392,0.06801449676260793,0,0
0,0.4516657,0.17778034499422277,0,0
0,0.3774141,0.07433770355836543,0,0
0,0.49146777,0.26883446239869296,0,0
0,0.46929428,0.2147861106514484,0,0
0,0.40992835,0.11025020704722242,0,0
0,0.36491308,0.06364697062536025,0,0
0,0.35822746,0.05853460947659244,0,0
0,0.40049872,0.09850310178307785,0,0
1,0.36425602,0.06312664460729267,0,0
0,0.43055022,0.14026201163844132,0,0
1,0.819917,0.9670926424313726,1,1
0,0.43826532,0.15313716835421076,0,0
0,0.35608846,0.05698192887024494,0,0
0,0.38642448,0.08304292774855124,0,0
1,0.35453284,0.055877111112826394,0,0
0,0.44021198,0.15653504065547744,0,0
0,0.3735286,0.0708490609844505,0,0
0,0.3687339,0.06675271744097083,0,0
0,0.36555982,0.06416303215519506,0,0
0,0.46710667,0.20990573780439453,0,0
0,0.41232488,0.11342529391536367,0,0
1,0.9592563,0.9947236297268272,1,1
0,0.43427554,0.14636203523457428,0,0
0,0.3842835,0.08089405288790397,0,0
0,0.36575362,0.06431843442471752,0,0
1,0.39958242,0.0974230599617226,0,0
0,0.41380203,0.11542182471265632,0,0
0,0.35802442,0.058385534266772836,0,0
0,0.40432772,0.10313246034682746,0,0
0,0.47166058,0.22015735461267455,0,0
0,0.520116,0.3501432787201469,1,0
1,0.9665326,0.9952093361336307,1,1
1,0.4100193,0.11036927814914636,0,0
0,0.37667644,0.0736634511416757,0,0
0,0.39152816,0.0883761206704662,0,0
1,0.39271957,0.08966487782313481,0,0
1,0.96649265,0.9952067957536396,1,1
0,0.4170462,0.11991408744182112,0,0
0,0.36878338,0.06679383876727454,0,0
0,0.37806177,0.0749343648567677,0,0
0,0.37636438,0.07337991557966272,0,0
1,0.36500463,0.06371978869767533,0,0
0,0.37694716,0.07391024584253371,0,0
0,0.4953849,0.27922803839689136,0,0
1,0.67691606,0.8135321624816009,1,1
0,0.44653773,0.16800117018107433,0,0
0,0.47714847,0.23298230221811472,0,0
0,0.4099226,0.11024268110626714,0,0
1,0.96915853,0.9953734714959445,1,1
0,0.49073118,0.2669075620969761,0,0
0,0.43487903,0.14737066577463306,0,0
1,0.96646804,0.9952052291500716,1,1
0,0.42194837,0.1269882577165957,0,0
0,0.5004932,0.2931457208335304,1,0
0,0.3588575,0.05899947090674606,0,0
0,0.3681033,0.06623060009134697,0,0
1,0.9679285,0.9952972986246413,1,1
0,0.4451627,0.16545308261651046,0,0
0,0.4478218,0.17040889218980107,0,0
1,0.810829,0.9630084915358669,1,1
1,0.9725398,0.9955765993970281,1,1
1,0.96850204,0.9953329700272187,1,1
0,0.35509446,0.056273638427749885,0,0
0,0.37348977,0.07081497016659027,0,0
0,0.43393448,0.145794555574054,0,0
0,0.4688414,0.2137690574042573,0,0
0,0.5162341,0.33845446440661014,1,0
1,0.5179298,0.34353719831885327,1,0
0,0.45871517,0.19194413601348867,0,0
1,0.9636328,0.9950213454381303,1,1
1,0.3853293,0.08193729838380576,0,0
1,0.421039,0.12564954915481935,0,0
1,0.38776562,0.08441533463120143,0,0
0,0.39964664,0.0974984149882564,0,0
1,0.77859235,0.9442426282967383,1,1
0,0.39313194,0.09011488043047317,0,0
0,0.3859044,0.08251620144276996,0,0
0,0.43634525,0.14984512061014305,0,0
0,0.3740618,0.07131868457704382,0,0
0,0.37944433,0.07622279808459174,0,0
0,0.3716976,0.06925803615605358,0,0
0,0.492984,0.2728284169043621,0,0
0,0.44412303,0.1635470568588747,0,0
1,0.7223167,0.8888175748113317,1,1
0,0.40973237,0.10999403261670317,0,0
0,0.3758865,0.07294766443192441,0,0
0,0.36166173,0.061110729046810565,0,0
0,0.39746472,0.09496728401268692,0,0
0,0.36084515,0.06048874950366572,0,0
0,0.4974916,0.284918557416612,0,0
0,0.39108,0.08789567837480627,0,0
0,0.3676048,0.06582055358576881,0,0
1,0.45208588,0.17860109893308454,0,0
0,0.35780022,0.058221337311139265,0,0
0,0.5150155,0.3348245380768402,1,0
0,0.38309723,0.07972533596799146,0,0
0,0.4967018,0.28277704432496426,0,0
0,0.44811448,0.17096152907926138,0,0
1,0.9640777,0.9950506570703679,1,1
0,0.404874,0.10380840499735852,0,0
0,0.48582792,0.2543067088355567,0,0
1,0.39937207,0.0971766227591871,0,0
0,0.36737832,0.06563505188777158,0,0
0,0.3535718,0.055204677356164376,0,0
0,0.3802382,0.07697178139518218,0,0
0,0.36963642,0.06750659274276699,0,0
0,0.37047273,0.06821222044934684,0,0
0,0.36424977,0.06312170757208481,0,0
0,0.38761026,0.0842553041403727,0,0
0,0.36060113,0.060304034419737224,0,0
1,0.9660614,0.9951792778940872,1,1
0,0.3682119,0.06632024358481126,0,0
0,0.38632113,0.08293800968220864,0,0
1,0.96693647,0.9952349529156175,1,1
0,0.44219565,0.16006042928714084,0,0
0,0.38771012,0.08435814265368259,0,0
0,0.3568996,0.05756611201687649,0,0
0,0.40383953,0.10253168679125035,0,0
0,0.3912962,0.08812716974714141,0,0
0,0.41153303,0.11236747267268576,0,0
0,0.34292242,0.04824702400538076,0,0
0,0.35414708,0.05560627420976194,0,0
0,0.41867486,0.12222578170331903,0,0
0,0.3607551,0.06042051391737328,0,0
1,0.4889341,0.2622434865594531,0,0
1,0.6759574,0.8115845134526065,1,1
0,0.3652985,0.06395405678373173,0,0
1,0.9704348,0.9954512107198651,1,1
0,0.3635235,0.06255123959735871,0,0
0,0.36313188,0.062245614689198425,0,0
0,0.40464717,0.10352726433283146,0,0
0,0.3749453,0.07210319715153528,0,0
0,0.40168512,0.09991734362803216,0,0
0,0.41554564,0.11781776501058454,0,0
0,0.36693296,0.06527166612244763,0,0
0,0.38936377,0.08607761548607792,0,0
0,0.37789208,0.07477760950548064,0,0
0,0.4039352,0.10264916889190441,0,0
0,0.38212788,0.07878180969302619,0,0
0,0.35748547,0.05799156385611849,0,0
0,0.40019995,0.09814977807106237,0,0
0,0.36683106,0.06518879145806997,0,0
0,0.39343792,0.09045009458947846,0,0
0,0.37738934,0.07431497505465352,0,0
0,0.34518212,0.049650115069458996,0,0
1,0.9646824,0.9950902220478525,1,1
1,0.96421015,0.9950593498004798,1,1
1,0.96565676,0.9951533134109082,1,1
0,0.360019,0.05986551439255602,0,0
1,0.5848838,0.5610736001818288,1,1
0,0.44279903,0.16114542473954918,0,0
1,0.98252285,0.9961259609947871,1,1
1,0.95809036,0.9946413726086543,1,1
0,0.3699552,0.0677747699907619,0,0
0,0.6469051,0.7451318171192445,1,1
0,0.46514028,0.20558881242603538,0,0
0,0.45695356,0.18832592298083636,0,0
1,0.97171855,0.9955280955688902,1,1
0,0.36569026,0.06426759085168589,0,0
1,0.96378386,0.9950313159422278,1,1
1,0.7673668,0.9358143677678707,1,1
0,0.37116534,0.06880176591902122,0,0
0,0.40726933,0.10681873032351477,0,0
0,0.35946193,0.05944867224217176,0,0
0,0.38236737,0.0790139667937436,0,0
0,0.46396044,0.20303039143506044,0,0
0,0.34249064,0.04798324349977891,0,0
1,0.73657537,0.9062696135127195,1,1
0,0.44277537,0.16110276208414667,0,0
0,0.3790689,0.07587094053871521,0,0
0,0.36515138,0.06383666818380113,0,0
1,0.9745653,0.9956940051215593,1,1
0,0.41010463,0.11048107796303322,0,0
1,0.96629655,0.9951943018828565,1,1
1,0.87231547,0.9833660246345287,1,1
0,0.39404574,0.09111931706481355,0,0
0,0.44605517,0.1671033774280995,0,0
0,0.38228446,0.07893352513552683,0,0
0,0.38395444,0.08056829107993915,0,0
0,0.3688958,0.06688736576243563,0,0
0,0.3877534,0.08440273831739184,0,0
0,0.41117105,0.11188678459858092,0,0
0,0.4094746,0.10965789685542432,0,0
0,0.37628278,0.07330594144800548,0,0
1,0.9640889,0.9950513931378322,1,1
0,0.36556882,0.06417024130280868,0,0
0,0.46239728,0.19967742475091377,0,0
1,0.9722598,0.9955601232878373,1,1
1,0.96941996,0.9953895024399255,1,1
1,0.448096,0.17092659906835805,0,0
0,0.41266763,0.11388586591099946,0,0
1,0.4946797,0.27733877848544536,0,0
0,0.37375847,0.07105116938824398,0,0
0,0.3491716,0.05222210841932452,0,0
0,0.3946752,0.0918170543657228,0,0
0,0.3927324,0.08967886405224161,0,0
0,0.4020759,0.10038709388174959,0,0
0,0.3707598,0.06845599195245053,0,0
1,0.39736316,0.0948509065870284,0,0
0,0.38172844,0.07839598942711634,0,0
1,0.96580374,0.9951627606655965,1,1
0,0.41073295,0.11130742456365993,0,0
0,0.37812522,0.07499305357904727,0,0
1,0.49211535,0.2705357389831925,0,0
0,0.37716424,0.0741086874298675,0,0
0,0.3881651,0.08482808284713608,0,0
0,0.42947957,0.13854868838098422,0,0
0,0.4869521,0.25716078296926403,0,0
0,0.3790896,0.07589028637720681,0,0
1,0.95646244,0.9945243834879498,1,1
0,0.37607777,0.07312039044260546,0,0
0,0.3360209,0.04419129269759717,0,0
0,0.4802871,0.24054724868513713,0,0
0,0.3827814,0.07941677713695318,0,0
0,0.40297484,0.10147520309300831,0,0
0,0.4569799,0.18837964604629,0,0
1,0.53534204,0.39763934311807375,1,0
0,0.3945067,0.09162980375790285,0,0
1,0.9679597,0.9952992444848873,1,1
1,0.96724063,0.9952541548608276,1,1
0,0.42311236,0.12871953032047218,0,0
0,0.43328598,0.1447205652204083,0,0
0,0.36875728,0.06677213566753017,0,0
0,0.38004965,0.07679327595395337,0,0
0,0.3782304,0.07509042820722035,0,0
0,0.39517957,0.09237960488920771,0,0
0,0.40391973,0.10263016604646893,0,0
0,0.3573933,0.057924431376468515,0,0
0,0.3843879,0.08099764935656437,0,0
0,0.3718092,0.06935406439674105,0,0
1,0.96837795,0.9953252743824178,1,1
0,0.5031841,0.3006379629384667,1,0
0,0.40393442,0.1026482168447787,0,0
1,0.36994442,0.06776567840504445,0,0
0,0.45488194,0.1841382863305401,0,0
0,0.44987965,0.17432458541960183,0,0
0,0.41246957,0.11361952005062831,0,0
0,0.423492,0.1292885448319445,0,0
1,0.96110445,0.9948514530851662,1,1
0,0.3581221,0.0584572156600086,0,0
0,0.68217933,0.8239486875704782,1,1
1,0.9612405,0.9948607377848556,1,1
1,0.74865276,0.9190875126783327,1,1
0,0.38062093,0.07733526625289902,0,0
0,0.34894493,0.05207265751546804,0,0
0,0.4338171,0.14559965285460633,0,0
0,0.37919828,0.07599202402816044,0,0
1,0.9696287,0.9954022626337359,1,1
0,0.36791173,0.06607274375423447,0,0
0,0.3907698,0.0875645411523901,0,0
0,0.3785434,0.07538092204967597,0,0
1,0.9643802,0.9950704888063541,1,1
0,0.4340616,0.1460058327768618,0,0
0,0.4151429,0.11726054029454842,0,0
0,0.3803758,0.0771022820740574,0,0
0,0.37195846,0.0694826706993064,0,0
0,0.36980867,0.067651376744054,0,0
0,0.36436644,0.0632138072597581,0,0
1,0.65466726,0.7642913868171608,1,1
0,0.38258734,0.07922775205876095,0,0
0,0.35939643,0.05939983463802426,0,0
1,0.9603126,0.9947970685393859,1,1
0,0.381819,0.07848331858700495,0,0
0,0.3565919,0.05734385960503204,0,0
1,0.96614176,0.9951844168160465,1,1
0,0.37902984,0.07583440765402606,0,0
0,0.34767097,0.05124021159354691,0,0
0,0.34504,0.04956073729855275,0,0
0,0.40731946,0.10688254144234438,0,0
0,0.3799096,0.07666094743452088,0,0
0,0.38912106,0.0858232697213956,0,0
0,0.39367017,0.0907052826955649,0,0
0,0.40468714,0.10357675024345292,0,0
0,0.42456147,0.1309029472962389,0,0
1,0.95830256,0.9946564373387661,1,1
0,0.445217,0.16555311679190296,0,0
0,0.36176667,0.061191087921280814,0,0
0,0.35958427,0.05953998242960071,0,0
1,0.5304326,0.3820638157664494,1,0
0,0.38822085,0.08488584181291094,0,0
0,0.39420727,0.09129791169432569,0,0
1,0.9660741,0.9951800902676415,1,1
0,0.36923915,0.06717378295754851,0,0
0,0.35934037,0.05935807034078448,0,0
0,0.36674294,0.0651171943680566,0,0
0,0.3540018,0.055504591598799426,0,0
0,0.37933353,0.07611879201748908,0,0
0,0.40808952,0.10786703670087615,0,0
0,0.37031758,0.06808079953981158,0,0
1,0.9611726,0.9948561056563573,1,1
0,0.36189207,0.061287255590466314,0,0
0,0.4323761,0.14322476181651136,0,0
0,0.5378708,0.40574592900802037,1,0
1,0.9641134,0.9950530019272642,1,1
0,0.3652407,0.06390790482619797,0,0
0,0.5920685,0.5845198549874709,1,1
0,0.3707191,0.06842139682184227,0,0
1,0.9670628,0.995242935814799,1,1
0,0.40355533,0.10218338296251349,0,0
1,0.38527605,0.08188387655721677,0,0
0,0.43035302,0.1399451092789942,0,0
0,0.3579073,0.05829970399490784,0,0
0,0.37471372,0.07189678928602555,0,0
0,0.37643564,0.07344457082698007,0,0
1,0.39978978,0.09766655111798218,0,0
0,0.37264535,0.0700773965349061,0,0
0,0.4705449,0.2176129515670011,0,0
0,0.3895481,0.08627123557576626,0,0
1,0.5835611,0.5567240482362268,1,1
1,0.9649557,0.9951079998981073,1,1
0,0.39441133,0.0915239775639913,0,0
0,0.36687487,0.0652244114405853,0,0
0,0.44290227,0.16133165675494657,0,0
1,0.95842063,0.9946648020189014,1,1
0,0.3612326,0.060783130102987276,0,0
0,0.3854312,0.08203959682921871,0,0
0,0.43338057,0.14487681127048554,0,0
0,0.38004628,0.07679009130537205,0,0
1,0.44349688,0.16240770395526563,0,0
0,0.41077125,0.1113579644450936,0,0
0,0.35962114,0.05956752357388377,0,0
1,0.95796335,0.9946323347257177,1,1
0,0.37099212,0.06865388781873129,0,0
1,0.68817514,0.8352511260086366,1,1
0,0.517847,0.34328819207940947,1,0
0,0.4217707,0.12672573866959236,0,0
0,0.36398935,0.06291659884814013,0,0
1,0.96296436,0.9949769783296855,1,1
0,0.42031288,0.12458934606182323,0,0
0,0.37060258,0.06832238978782443,0,0
0,0.37407887,0.07133377273551716,0,0
0,0.40136957,0.09953944525753784,0,0
1,0.44239286,0.16041438636074742,0,0
0,0.3802659,0.07699802353552536,0,0
0,0.3558474,0.05680938380094356,0,0
0,0.40853262,0.10843713076912982,0,0
0,0.39817756,0.09578767902912914,0,0
0,0.3401621,0.046584144404211256,0,0
1,0.5857763,0.5640033312266154,1,1
0,0.38303515,0.07966460347182547,0,0
0,0.35741705,0.05794172300296286,0,0
1,0.96786726,0.9952934715376561,1,1
0,0.42902452,0.1378258190289807,0,0
1,0.5310265,0.383935859959104,1,0
0,0.38934508,0.086058009375316,0,0
0,0.3972806,0.09475640985326154,0,0
0,0.38232243,0.07897035360669331,0,0
0,0.43971714,0.15566552885220264,0,0
0,0.43846723,0.15348677348736542,0,0
0,0.36459553,0.06339500726329438,0,0
1,0.45486844,0.18411123408479096,0,0
0,0.40757266,0.10720537273137509,0,0
0,0.50716186,0.3119104741500141,1,0
0,0.41584218,0.11822950001595976,0,0
0,0.47546133,0.22898489689288098,0,0
0,0.3693122,0.06723486255865231,0,0
1,0.64205325,0.7326473851554713,1,1
0,0.5197781,0.34911839389068466,1,0
0,0.3703016,0.0680672820234702,0,0
0,0.4399592,0.15609036538509513,0,0
0,0.3817623,0.07842862328331328,0,0
1,0.5509067,0.44826193269607617,1,0
0,0.38158375,0.07825665987677997,0,0
0,0.36344206,0.06248756211740107,0,0
1,0.4623276,0.19952893841907732,0,0
0,0.3646105,0.06340685736987427,0,0
1,0.7942965,0.9542986667815233,1,1
1,0.9605423,0.9948129041638045,1,1
0,0.37653995,0.07353930923385703,0,0
1,0.62042725,0.6725254747717749,1,1
1,0.68874246,0.8362898063988776,1,1
0,0.35999864,0.05985023504949038,0,0
0,0.40800753,0.10776184248648438,0,0
1,0.4856126,0.2537624337912594,0,0
0,0.46724227,0.21020586932600085,0,0
0,0.41894224,0.12260894965586894,0,0
0,0.35974604,0.05966092267422184,0,0
0,0.36734536,0.06560809351130281,0,0
0,0.37234685,0.06981836962169448,0,0
0,0.34020993,0.046612490310557135,0,0
1,0.5457607,0.43135182389718313,1,0
1,0.5562376,0.46590598316399273,1,0
0,0.42028257,0.12454525841219315,0,0
0,0.45234254,0.17910389183760497,0,0
0,0.35279012,0.054663361072311754,0,0
0,0.37703764,0.07399289758388802,0,0
0,0.36526287,0.0639256006703049,0,0
1,0.7307069,0.8994054023577731,1,1
0,0.38015106,0.07688923853513473,0,0
0,0.4349348,0.1474641478141624,0,0
0,0.39455095,0.09167895109123761,0,0
1,0.95271444,0.9942452920696505,1,1
0,0.36258015,0.06181741633250088,0,0
0,0.42249015,0.1277915862650089,0,0
0,0.35359588,0.05522143280996592,0,0
0,0.44154128,0.15889043234907474,0,0
0,0.35573837,0.05673151696111085,0,0
0,0.4833421,0.2480701911326016,0,0
0,0.5314543,0.38528660633733497,1,0
0,0.3796524,0.07641846256410297,0,0
0,0.41197658,0.11295893809936053,0,0
0,0.36876938,0.06678219359593614,0,0
0,0.36680862,0.06517055231347774,0,0
0,0.47174302,0.22034619511250986,0,0
0,0.38565674,0.0822664494894572,0,0
0,0.363571,0.06258838360169268,0,0
0,0.43559417,0.14857331609033214,0,0
0,0.36521113,0.063884317467099,0,0
0,0.3468599,0.050716807549728495,0,0
0,0.5097912,0.31948700308389844,1,0
0,0.3836871,0.0803045390982761,0,0
0,0.52678674,0.3706500998470595,1,0
0,0.3782511,0.07510961881895353,0,0
0,0.36198005,0.06135480351556542,0,0
0,0.40220648,0.10054452023016534,0,0
0,0.38398936,0.08060281064255138,0,0
0,0.36596668,0.06448967859089114,0,0
0,0.37107515,0.06872473686473936,0,0
0,0.34955665,0.05247690386344391,0,0
1,0.36580428,0.06435911710030535,0,0
0,0.3923984,0.0893157959816241,0,0
1,0.8119673,0.9635456078939685,1,1
0,0.46473664,0.20471085789362325,0,0
0,0.36390308,0.06284878119206846,0,0
0,0.36667284,0.06506029823369032,0,0
0,0.4010952,0.09921190585127944,0,0
0,0.39055553,0.08733644574578964,0,0
1,0.96207035,0.9949170260829291,1,1
0,0.44713837,0.16912401527463522,0,0
0,0.40587738,0.10506016881311135,0,0
1,0.9673708,0.9952623494265156,1,1
0,0.4660805,0.20764463973326253,0,0
0,0.49968496,0.2909166870459276,0,0
0,0.36368138,0.06267482941122972,0,0
1,0.96673167,0.9952219801424648,1,1
0,0.37185735,0.06939551379012907,0,0
0,0.45499343,0.18436180896385918,0,0
0,0.3669402,0.06527756003642192,0,0
1,0.96870583,0.9953455802458141,1,1
0,0.44822252,0.17116587038387618,0,0
0,0.38924253,0.0859504822918953,0,0
0,0.39986104,0.09775034797685817,0,0
0,0.3532393,0.05497380412118199,0,0
0,0.4147638,0.11673814399157856,0,0
0,0.409163,0.10925273655518934,0,0
0,0.38803437,0.08469282397351754,0,0
1,0.48166,0.24390861984190362,0,0
0,0.40438676,0.10320532435641794,0,0
0,0.35597637,0.056901642462789156,0,0
1,0.9619424,0.9949083862984506,1,1
0,0.3646924,0.06347176268220484,0,0
0,0.3659122,0.06444585108869255,0,0
0,0.43530637,0.14808834769973928,0,0
0,0.35992762,0.059796953721380455,0,0
0,0.47816896,0.23542365921177585,0,0
0,0.40125912,0.09940747432886085,0,0
0,0.36321774,0.06231249958252183,0,0
0,0.35178354,0.05397367443858582,0,0
0,0.39647833,0.09384243378797814,0,0
0,0.42185426,0.1268491466851997,0,0
1,0.64209974,0.7327688387984872,1,1
0,0.37105855,0.06871056672769325,0,0
0,0.3600195,0.05986589474489414,0,0
0,0.3724718,0.0699266981688212,0,0
0,0.39884424,0.09656067328007445,0,0
0,0.4279299,0.13609995857141727,0,0
0,0.51723874,0.34146138940229637,1,0
1,0.7874569,0.9501507418881545,1,1
0,0.36644053,0.06487206354223295,0,0
0,0.362923,0.062083174521674896,0,0
0,0.35651746,0.05729020451428846,0,0
1,0.52535474,0.3662054866143614,1,0
1,0.751713,0.9220716471931567,1,1
0,0.39092132,0.08772615075261801,0,0
0,0.3646839,0.06346502835844141,0,0
1,0.5451933,0.42949642138671784,1,0
0,0.41681206,0.11958489461026725,0,0
0,0.3635063,0.06253776745010546,0,0
0,0.5034554,0.3013994460677377,1,0
0,0.39538324,0.09260764194655409,0,0
1,0.49788132,0.2859788809974248,0,0
0,0.38507417,0.08168165781517367,0,0
0,0.3585331,0.05875969421645134,0,0
1,0.9793083,0.995956922209645,1,1
0,0.4430914,0.16167328208255746,0,0
0,0.44910863,0.17284923775488223,0,0
0,0.35614794,0.057024580884052246,0,0
0,0.37894315,0.07575340188148261,0,0
0,0.38342565,0.08004734216233414,0,0
0,0.418024,0.12129740801486837,0,0
0,0.34825724,0.051621724683121026,0,0
0,0.3895303,0.08625252943584556,0,0
1,0.9662361,0.9951904446586576,1,1
1,0.9652516,0.9951271789250555,1,1
0,0.43604589,0.14933713386918604,0,0
1,0.9715285,0.9955167938246499,1,1
0,0.44479567,0.16477816176369708,0,0
0,0.43993673,0.15605088623504382,0,0
1,0.63565636,0.7156059321110361,1,1
0,0.6116784,0.646326407958816,1,1
0,0.40638924,0.10570384702431608,0,0
0,0.39688498,0.09430471100270368,0,0
1,0.96422887,0.9950605769803889,1,1
0,0.53700554,0.402966053353824,1,0
1,0.4392315,0.1548159807600688,0,0
0,0.37893224,0.07574321565203504,0,0
0,0.42659524,0.13402027315078183,0,0
0,0.462201,0.1992593602000513,0,0
1,0.9733508,0.9956239871504284,1,1
0,0.4656685,0.20674193577644753,0,0
0,0.40381607,0.10250290173193222,0,0
0,0.37774792,0.0746446841318913,0,0
1,0.39122963,0.08805582901067739,0,0
0,0.40435776,0.10316953033576551,0,0
0,0.35672155,0.057437406873123445,0,0
0,0.39478144,0.09193529769114411,0,0
0,0.4478443,0.17045132633207402,0,0
0,0.3802905,0.07702136304654858,0,0
0,0.36108077,0.06066760510063489,0,0
0,0.3621091,0.06145400885094566,0,0
0,0.4796906,0.23909671430875845,0,0
0,0.39358664,0.09061342163504653,0,0
0,0.3565534,0.0573161025635788,0,0
1,0.54659414,0.43408081370552515,1,0
1,0.67290026,0.8052694931004879,1,1
1,0.4589441,0.19241823401942487,0,0
0,0.49277815,0.27228402199902996,0,0
0,0.35591397,0.056856987733621966,0,0
0,0.41201466,0.11300985356851374,0,0
0,0.36420664,0.06308769883665187,0,0
0,0.38011846,0.0768583764008187,0,0
0,0.37491193,0.07207341482232008,0,0
0,0.41068262,0.1112410256204189,0,0
1,0.41872695,0.12230035275206756,0,0
1,0.38633388,0.08295095152333849,0,0
1,0.5192452,0.3475049863315174,1,0
0,0.3942062,0.091296724418827,0,0
0,0.34377006,0.04876887123976807,0,0
0,0.38798362,0.08464035830647829,0,0
0,0.36632115,0.064775523399677,0,0
0,0.43994403,0.15606371344810732,0,0
0,0.43799216,0.1526652208628049,0,0
0,0.35674047,0.05745107460477554,0,0
0,0.40217608,0.10050785646340164,0,0
0,0.3395511,0.046223498033280394,0,0
0,0.40908992,0.10915791413284712,0,0
0,0.3621407,0.061478317514029684,0,0
0,0.6572261,0.7703846872759913,1,1
1,0.9650182,0.9951120582716058,1,1
0,0.3633723,0.06243306614737774,0,0
0,0.4150737,0.11716502731676046,0,0
0,0.35676086,0.05746580042846693,0,0
0,0.37945765,0.07623531108703781,0,0
1,0.97465116,0.9956989109755567,1,1
1,0.95876753,0.9946893014351795,1,1
0,0.36584693,0.06439338091442087,0,0
0,0.40086913,0.0989427253943531,0,0
0,0.36615026,0.06463757304022505,0,0
0,0.4286942,0.13730306416372096,0,0
0,0.39889035,0.09661433523823776,0,0
0,0.36167705,0.06112245378306536,0,0
0,0.35840163,0.058662766352017136,0,0
0,0.53235215,0.38812687277874375,1,0
1,0.96772647,0.9952846664249878,1,1
0,0.391954,0.08883482950046687,0,0
0,0.3517945,0.05398114460950025,0,0
0,0.4059768,0.10518492284999965,0,0
1,0.48559383,0.25371501097083743,0,0
1,0.60034984,0.6110718161637242,1,1
0,0.45358372,0.18155097981217327,0,0
0,0.46007127,0.19476537802826113,0,0
0,0.3830779,0.07970640901927252,0,0
0,0.37342712,0.07076000678821567,0,0
0,0.46098703,0.19668826851781565,0,0
0,0.39328164,0.09027873964847592,0,0
0,0.37780464,0.07469695444738486,0,0
0,0.37261787,0.07005351531953906,0,0
1,0.63625264,0.717221856027413,1,1
1,0.372493,0.06994508266648393,0,0
0,0.42934087,0.13832802093907587,0,0
0,0.37449872,0.07170566409651447,0,0
0,0.3862296,0.0828452028020493,0,0
0,0.38873827,0.08542352171832804,0,0
0,0.39028937,0.08705386718144865,0,0
0,0.3799825,0.07672980311719836,0,0
0,0.35637927,0.057190730356254084,0,0
0,0.36665145,0.06504293864795696,0,0
0,0.38218755,0.07883958833034806,0,0
0,0.48945364,0.2635864787795494,0,0
0,0.38117063,0.07786009235528356,0,0
1,0.97771513,0.9958704414260373,1,1
0,0.3993742,0.09717909902384392,0,0
1,0.968362,0.9953242828636044,1,1
0,0.4017221,0.09996171981142385,0,0
0,0.3860817,0.0826954185929395,0,0
0,0.45597035,0.1863293800900345,0,0
1,0.42685717,0.13442628817522848,0,0
0,0.49710587,0.28387143110877844,0,0
0,0.43989488,0.15597739502308192,0,0
0,0.37383124,0.07111526948792567,0,0
0,0.35255763,0.05450333064650605,0,0
0,0.4315043,0.14180372012327888,0,0
0,0.4889117,0.26218565380084374,0,0
0,0.3519257,0.05407057807973535,0,0
0,0.37774286,0.07464001632349124,0,0
0,0.38450235,0.08111135112556392,0,0
1,0.433936,0.14579708048526913,0,0
0,0.35309005,0.054870468896471944,0,0
0,0.36478788,0.06354751651200138,0,0
0,0.35366976,0.0552728695896778,0,0
0,0.354146,0.05560552268065786,0,0
0,0.35386842,0.055411406260178014,0,0
0,0.4347536,0.14716054782775898,0,0
0,0.38056597,0.07728297644561753,0,0
0,0.4169626,0.11979645875543672,0,0
0,0.3698041,0.06764754051828256,0,0
0,0.35000294,0.052773695240646644,0,0
0,0.4401686,0.15645863547166156,0,0
0,0.41383097,0.11546124111933953,0,0
1,0.6468268,0.7449333655852368,1,1
0,0.5074302,0.3126792001777061,1,0
0,0.40559316,0.10470424046181907,0,0
0,0.36984852,0.06768490842721736,0,0
0,0.34684503,0.05070725809189843,0,0
0,0.3713113,0.0689266175810416,0,0
0,0.37735283,0.07428148199593383,0,0
1,0.96807265,0.9953062882631563,1,1
0,0.40890962,0.10892426065391114,0,0
1,0.3549012,0.05613688649128983,0,0
0,0.34812456,0.051535149417795766,0,0
0,0.42144907,0.12625172483605315,0,0
0,0.4742856,0.22622783778601402,0,0
0,0.3925341,0.08946315650976973,0,0
0,0.40089685,0.09897569037181886,0,0
0,0.36750904,0.06574206059011327,0,0
0,0.36327827,0.06235969130975455,0,0
1,0.42140433,0.12618591714342695,0,0
1,0.36603114,0.06454157378335462,0,0
1,0.65326107,0.760895573221159,1,1
0,0.3717128,0.06927110619090251,0,0
0,0.36808756,0.06621762047413318,0,0
0,0.40877858,0.10875472228567482,0,0
0,0.36222166,0.06154066670233673,0,0
0,0.36220422,0.061527237246572594,0,0
1,0.967975,0.9953002003787668,1,1
0,0.47906607,0.23758442383346393,0,0
0,0.46434423,0.20386001335633575,0,0
1,0.95600975,0.9944914017981266,1,1
0,0.36898577,0.06696230964722104,0,0
1,0.496136,0.281248899024266,0,0
1,0.52430916,0.3629745017372426,1,0
0,0.43756703,0.15193310407548755,0,0
0,0.5055806,0.30740169053662914,1,0
0,0.4163132,0.11888607847620074,0,0
1,0.9760224,0.9957765383317702,1,1
0,0.37890604,0.07571875713881998,0,0
0,0.49299005,0.2728444272119775,0,0
1,0.43712768,0.15117953704339984,0,0
1,0.3710168,0.06867493710697072,0,0
0,0.36432272,0.06317928167087254,0,0
0,0.38093486,0.0776345979553764,0,0
0,0.38385573,0.08047081382170265,0,0
0,0.37327108,0.07062326647539958,0,0
0,0.43295544,0.14417568919484527,0,0
0,0.3743338,0.07155936612279314,0,0
0,0.4019882,0.10028152341810695,0,0
1,0.3737454,0.0710396779636471,0,0
0,0.35297218,0.05478899063655608,0,0
0,0.40764,0.10729139264273954,0,0
0,0.37314197,0.07051031911095136,0,0
0,0.36109614,0.06067929562970217,0,0
1,0.9703316,0.9954449746898284,1,1
0,0.50212115,0.29766536378402736,1,0
0,0.36224082,0.06155543078529221,0,0
0,0.3575281,0.05802262618052955,0,0
0,0.36502746,0.06373795789798314,0,0
0,0.44097114,0.15787668461158447,0,0
0,0.3958208,0.09309926130785899,0,0
0,0.3950168,0.0921977115328142,0,0
0,0.3971651,0.09462432414754414,0,0
0,0.39490402,0.09207188700625293,0,0
0,0.36141792,0.0609243969898637,0,0
1,0.79516596,0.9548018096496403,1,1
0,0.43913436,0.1546465366934693,0,0
0,0.4271249,0.13484233834602682,0,0
0,0.6522568,0.7584498914271564,1,1
1,0.96571857,0.995157288396619,1,1
0,0.39424294,0.09133739651373593,0,0
0,0.39572212,0.09298819003451889,0,0
0,0.43446133,0.14667193317370342,0,0
1,0.45049703,0.1755131066847291,0,0
0,0.3934768,0.09049278275750655,0,0
0,0.35354543,0.055186330650376376,0,0
0,0.4009489,0.0990376413375241,0,0
1,0.52659804,0.37006311787839186,1,0
0,0.37630996,0.0733305738493395,0,0
0,0.39529815,0.09251231483658451,0,0
0,0.43094313,0.14089521198468608,0,0
0,0.36995128,0.06777145469589482,0,0
1,0.9615338,0.9948807030467657,1,1
1,0.96382517,0.9950340392209204,1,1
1,0.3722844,0.06976430227293715,0,0
0,0.3627832,0.06197467740150246,0,0
0,0.35803095,0.0583903206599139,0,0
0,0.38777533,0.08442535145471136,0,0
0,0.40359798,0.10223558350381755,0,0
1,0.9701638,0.9954348153081602,1,1
1,0.66676986,0.7921259156204893,1,1
0,0.37410232,0.07135450071628156,0,0
0,0.4340756,0.14602913089628264,0,0
0,0.3789328,0.0757437444144212,0,0
1,0.4623184,0.19950932003860353,0,0
0,0.37466276,0.0718514426919982,0,0
0,0.3865865,0.08320762699039483,0,0
1,0.9792044,0.9959513381798191,1,1
0,0.36225533,0.06156661511600558,0,0
1,0.77912766,0.9446173703983469,1,1
0,0.3730064,0.07039189365299661,0,0
0,0.36005872,0.059895345358670055,0,0
0,0.442661,0.16089666999902455,0,0
0,0.3951672,0.09236577341683874,0,0
0,0.38907355,0.08577356716443911,0,0
1,0.9618867,0.9949046232119391,1,1
0,0.35222092,0.05427234501185367,0,0
0,0.42082992,0.12534350090403187,0,0
1,0.66498506,0.788178491004016,1,1
1,0.96337855,0.9950045150636813,1,1
1,0.76955056,0.9375419461950483,1,1
0,0.3705307,0.06826138057365247,0,0
0,0.37494218,0.07210040457607081,0,0
0,0.49795997,0.28619314591407363,0,0
0,0.35666877,0.0573993040241895,0,0
1,0.7636061,0.9327345249668796,1,1
0,0.3749537,0.07211067110611569,0,0
0,0.43511137,0.1477605061802943,0,0
0,0.39032787,0.08709469507946467,0,0
1,0.4147016,0.11665262633566884,0,0
0,0.4458058,0.16664090472040627,0,0
0,0.44582427,0.16667513499168293,0,0
1,0.96225566,0.9949295112237381,1,1
0,0.3666603,0.06505011890096488,0,0
1,0.6523631,0.7587096494101782,1,1
1,0.4011329,0.09925685626160272,0,0
0,0.39220348,0.08910455445334951,0,0
0,0.46774969,0.21133174790148745,0,0
0,0.434082,0.1460397895739914,0,0
0,0.4321627,0.14287584161042477,0,0
0,0.3765926,0.0735871813215084,0,0
1,0.9548307,0.9944045715215648,1,1
0,0.40036866,0.09834915679301,0,0
0,0.5053114,0.30663778422850474,1,0
1,0.50387657,0.30258365369820667,1,0
0,0.40063798,0.09866818503309749,0,0
0,0.3731238,0.07049442811810637,0,0
1,0.96740985,0.9952648042997209,1,1
0,0.43291143,0.1441032563423491,0,0
0,0.4126631,0.11387976826619343,0,0
0,0.36022472,0.06002014602204274,0,0
0,0.36286473,0.06203793621121601,0,0
0,0.34734786,0.05103108661612384,0,0
1,0.96461153,0.9950856013389486,1,1
0,0.38567245,0.08228226769302945,0,0
0,0.38959864,0.0863243973516656,0,0
0,0.38648608,0.08310551849102381,0,0
0,0.52892834,0.3773380150085246,1,0
0,0.45177612,0.1779957397196606,0,0
1,0.59534985,0.5951087119028929,1,1
0,0.3891628,0.0858669758871669,0,0
0,0.3847475,0.0813554115254951,0,0
0,0.42805278,0.13629278342354945,0,0
1,0.9593106,0.9947274298671761,1,1
0,0.36088103,0.06051595543599042,0,0
1,0.9586836,0.9946833847093252,1,1
1,0.3923726,0.0892878306464645,0,0
0,0.38602203,0.08263506765463878,0,0
0,0.38639274,0.08301069526459062,0,0
0,0.37266138,0.07009133503833864,0,0
0,0.37327668,0.07062817194464607,0,0
0,0.35550183,0.05656290905405858,0,0
0,0.4633763,0.20177256090853932,0,0
0,0.36614546,0.06463370360205085,0,0
0,0.52097785,0.352763723089253,1,0
0,0.36402366,0.06294358089157358,0,0
1,0.9645868,0.995083987541447,1,1
0,0.36500221,0.06371786769369676,0,0
0,0.50694066,0.31127759065370736,1,0
0,0.36487395,0.06361587120129361,0,0
0,0.39620408,0.09353182829661126,0,0
1,0.582014,0.5516255257842712,1,1
1,0.5141889,0.332373376778879,1,0
0,0.4157849,0.11814986991000546,0,0
0,0.35144997,0.053746928708378314,0,0
1,0.7999842,0.9574957371971924,1,1
0,0.35554007,0.05659013222684084,0,0
0,0.4019766,0.10026753610069059,0,0
0,0.35213056,0.05421051351818787,0,0
0,0.41991836,0.12401651555140758,0,0
0,0.5269938,0.37129462546703035,1,0
0,0.46314284,0.201271445236656,0,0
0,0.43322375,0.14461785589638712,0,0
0,0.36696395,0.06529689457872268,0,0
0,0.43863937,0.15378534375182573,0,0
0,0.38136956,0.07805082220666186,0,0
0,0.36653864,0.06495149729079125,0,0
0,0.35747853,0.05798650413094163,0,0
1,0.51138234,0.324119012414045,1,0
1,0.37844276,0.07528740797637223,0,0
0,0.4319885,0.14259152920790566,0,0
0,0.3785398,0.07537756954053583,0,0
0,0.37355748,0.07087442307888259,0,0
0,0.35257766,0.05451709872012834,0,0
1,0.96110016,0.9948511598696943,1,1
0,0.40190196,0.10017777163986154,0,0
0,0.38832402,0.08499281006211591,0,0
1,0.96881247,0.995352165052034,1,1
0,0.36769134,0.06589157270995423,0,0
0,0.39449203,0.09161352582615073,0,0
0,0.37545672,0.07256092623146942,0,0
0,0.38817114,0.08483434786192139,0,0
0,0.40846646,0.10835183999362183,0,0
0,0.39236054,0.08927473976495089,0,0
0,0.40565693,0.10478401417197224,0,0
0,0.44304037,0.16158106221501706,0,0
0,0.36165705,0.06110714817501546,0,0
0,0.40020573,0.09815660472837653,0,0
0,0.37828055,0.07513690761752871,0,0
0,0.4093396,0.10948220205410382,0,0
1,0.38789585,0.08454969896826413,0,0
0,0.37161604,0.06918793262279095,0,0
0,0.45346466,0.18131511860672084,0,0
0,0.36952317,0.06741156268290971,0,0
0,0.35712397,0.05772870410761279,0,0
0,0.3647904,0.06354952735810529,0,0
0,0.39574924,0.09301870516617619,0,0
0,0.44390383,0.1631474722323753,0,0
0,0.36108038,0.0606673105990118,0,0
0,0.40838346,0.10824492567588756,0,0
0,0.35899594,0.05910207071576108,0,0
1,0.9761489,0.9957836277694302,1,1
0,0.4080523,0.10781926558453929,0,0
0,0.39419347,0.09128264307151679,0,0
0,0.39827698,0.09590260232955818,0,0
1,0.96993726,0.995421061637957,1,1
0,0.35608563,0.05697989958697094,0,0
1,0.7121964,0.8747609874582923,1,1
0,0.373763,0.07105515768111256,0,0
0,0.38090125,0.07760249431108078,0,0
0,0.42424384,0.13042168336046311,0,0
0,0.38247755,0.07912098169179066,0,0
0,0.38879642,0.08548413441224188,0,0
0,0.36190873,0.06130004134054536,0,0
0,0.41419882,0.1159633088731508,0,0
0,0.3697673,0.0676165822912128,0,0
1,0.42987683,0.13918235975300966,0,0
0,0.35829833,0.05858672647061755,0,0
1,0.5010836,0.29478017554265384,1,0
0,0.5023162,0.2982095070585723,1,0
1,0.9672511,0.9952548157510152,1,1
1,0.93709457,0.9929216728290856,1,1
0,0.35286823,0.05471722779347711,0,0
1,0.55592555,0.46487043666026157,1,0
1,0.52232975,0.35689183017293974,1,0
0,0.44111988,0.1581406489083842,0,0
0,0.3574558,0.05796993805912419,0,0
0,0.41115034,0.11185933382825235,0,0
1,0.9687594,0.9953488903719836,1,1
0,0.36296597,0.06211656185253098,0,0
0,0.40517774,0.10418594161173636,0,0
0,0.4162311,0.11877140246828127,0,0
0,0.40170056,0.09993586435319113,0,0
0,0.44701,0.16888355714498632,0,0
0,0.36720115,0.06549026554074613,0,0
0,0.3831146,0.0797423416422166,0,0
1,0.9573591,0.9945891299216332,1,1
1,0.9605218,0.994811492659944,1,1
1,0.96628654,0.9951936630289644,1,1
0,0.35895348,0.05907057722635925,0,0
0,0.37012178,0.06791528064969024,0,0
0,0.3672604,0.06553864881671953,0,0
0,0.36865076,0.06668365683544042,0,0
0,0.36607856,0.06457977023411028,0,0
0,0.44033152,0.1567456794048722,0,0
1,0.38104105,0.07773608325213945,0,0
0,0.45082062,0.17613859665322154,0,0
0,0.4020094,0.10030702783527401,0,0
1,0.42201626,0.12708868535254325,0,0
0,0.412546,0.1137222508758394,0,0
0,0.53086334,0.38342128490202504,1,0
1,0.965569,0.9951476654250047,1,1
0,0.3991699,0.09694027700255771,0,0
1,0.39889,0.09661391888269548,0,0
0,0.4373825,0.15161621264467662,0,0
0,0.42760432,0.13559012832064252,0,0
0,0.48797634,0.25977932465048253,0,0
0,0.37198108,0.06950218119636146,0,0
0,0.40662044,0.10599573700966376,0,0
0,0.3863525,0.08296985353949532,0,0
0,0.42516553,0.1318223597086045,0,0
0,0.3569492,0.05760203136012097,0,0
0,0.38574108,0.08235142603535496,0,0
0,0.34910357,0.052177207050808416,0,0
0,0.42526436,0.1319732954670012,0,0
0,0.3705539,0.06828107910564658,0,0
0,0.50593656,0.3084135103153432,1,0
0,0.44273078,0.16102240484887329,0,0
0,0.36028835,0.06006804704929668,0,0
0,0.3904528,0.08722728384154212,0,0
0,0.5246055,0.3638890317553886,1,0
1,0.96857965,0.9953377761677793,1,1
0,0.37459534,0.07179149843748582,0,0
1,0.9694566,0.9953917458566122,1,1
0,0.3919878,0.08887132531919364,0,0
1,0.9682576,0.9953177995406794,1,1
1,0.62298334,0.6799898201595626,1,1
0,0.3760277,0.07307514066233145,0,0
1,0.9654998,0.9951432061098417,1,1
0,0.38653803,0.08315833153954875,0,0
0,0.4868112,0.2568019040881452,0,0
1,0.95729166,0.9945842885797548,1,1
0,0.3538736,0.05541502680266216,0,0
0,0.40550935,0.10459949785466807,0,0
0,0.38841075,0.08508281728430722,0,0
0,0.35995442,0.05981704917917829,0,0
0,0.439537,0.15534994626569562,0,0
0,0.3940786,0.09115563656628983,0,0
0,0.3649847,0.06370392424569357,0,0
1,0.96511257,0.9951181762437634,1,1
0,0.44290227,0.16133165675494657,0,0
0,0.3862295,0.08284508198203422,0,0
0,0.36053392,0.06025325610578885,0,0
0,0.3724774,0.06993155889529963,0,0
0,0.42689517,0.13448527405941954,0,0
0,0.41371787,0.11530725481701516,0,0
0,0.35902128,0.05912086379791639,0,0
0,0.37820566,0.07506751582554871,0,0
0,0.36835244,0.06643642593093332,0,0
0,0.4392066,0.15477255244765464,0,0
0,0.42726934,0.13506727968113055,0,0
0,0.3693637,0.06727795576901212,0,0
0,0.39841595,0.09606344657021335,0,0
0,0.3529717,0.054788661246868015,0,0
0,0.43023658,0.13975827627488527,0,0
1,0.73485595,0.9043031581912915,1,1
1,0.96535236,0.995133690050049,1,1
1,0.79274416,0.9533870567442866,1,1
0,0.40582487,0.10499432926078575,0,0
1,0.51358724,0.3305949492422238,1,0
1,0.45574751,0.18587916350211228,0,0
0,0.37020278,0.06798371029288552,0,0
0,0.3529512,0.054774499254918195,0,0
0,0.37041336,0.06816190640668565,0,0
0,0.36976668,0.06761605598965124,0,0
0,0.44764838,0.17008212180276538,0,0
0,0.43991444,0.15601172928510396,0,0
1,0.41682926,0.11960904625400204,0,0
1,0.7909273,0.9522981384911732,1,1
0,0.3755056,0.07260481185320983,0,0
1,0.50385195,0.30251436559828654,1,0
0,0.413751,0.1153523569326273,0,0
0,0.45017096,0.17488460517425047,0,0
0,0.48429212,0.2504414630520378,0,0
1,0.4298911,0.13920517524720438,0,0
0,0.40947065,0.10965273496624564,0,0
0,0.35563338,0.056656618664106075,0,0
0,0.35406598,0.05554949807102007,0,0
0,0.46557462,0.20653664790453025,0,0
0,0.50658816,0.3102704582865124,1,0
0,0.3925669,0.08949878369943604,0,0
0,0.37387848,0.07115690275455652,0,0
0,0.47066212,0.21787926385850226,0,0
0,0.41731128,0.12028776243188381,0,0
0,0.38427532,0.0808859252538421,0,0
1,0.8616173,0.9808634472560759,1,1
0,0.3618091,0.06122361555148323,0,0
0,0.44074872,0.15748264906396212,0,0
0,0.39276767,0.08971726327625613,0,0
0,0.36738887,0.06564368269376983,0,0
0,0.38157904,0.078252129377417,0,0
0,0.35267013,0.05458071613664513,0,0
1,0.96704495,0.995241810200492,1,1
0,0.44693163,0.16873685927536353,0,0
0,0.3719818,0.06950279821174812,0,0
0,0.37274975,0.07016819825786909,0,0
0,0.42105615,0.12567470711108344,0,0
0,0.37565765,0.07274149543476577,0,0
1,0.53444093,0.39476393011576755,1,0
0,0.379911,0.07666226996550303,0,0
1,0.45917252,0.19289210949303967,0,0
0,0.36479932,0.06355660127627157,0,0
0,0.3624978,0.06175374568565327,0,0
0,0.4118905,0.11284395402157978,0,0
1,0.9645382,0.9950808167416527,1,1
0,0.37111074,0.06875512146714806,0,0
0,0.38517898,0.08178659111947449,0,0
1,0.53645086,0.40118729872848347,1,0
0,0.43921372,0.1547849818102391,0,0
1,0.50924003,0.31789071336024816,1,0
1,0.573034,0.5218503545261094,1,1
0,0.47345862,0.2243027006226601,0,0
1,0.95836115,0.9946605896395653,1,1
0,0.40720198,0.10673304405698932,0,0
0,0.36969602,0.06755665846290904,0,0
0,0.43210214,0.14277694756870016,0,0
1,0.38928142,0.0859912476268163,0,0
0,0.3698718,0.06770450287645359,0,0
0,0.3680358,0.0661749371576926,0,0
0,0.39237717,0.08929277654116569,0,0
1,0.96816033,0.9953117487762425,1,1
0,0.418626,0.12215589623596373,0,0
1,0.39265814,0.08959802421965973,0,0
1,0.9650725,0.9951155800321487,1,1
0,0.36930993,0.06723296784355261,0,0
0,0.37185597,0.06939433287109023,0,0
1,0.9636708,0.9950238537071808,1,1
0,0.3818598,0.07852268744430739,0,0
0,0.49326044,0.2735606003096238,0,0
0,0.39331934,0.09032004848981569,0,0
0,0.37073573,0.06843553704917443,0,0
0,0.4169565,0.11978790783149305,0,0
0,0.38247594,0.0791194176323423,0,0
0,0.42703065,0.13469576560083316,0,0
1,0.48220912,0.2452619119482071,0,0
0,0.3724131,0.06987578274874541,0,0
0,0.41320863,0.11461614180261277,0,0
1,0.9619011,0.9949055984955729,1,1
0,0.36501637,0.06372913361030083,0,0
0,0.39385822,0.09091238344266857,0,0
0,0.37438402,0.07160388193917427,0,0
1,0.97063184,0.9954630971752626,1,1
0,0.39201865,0.08890464680512268,0,0
0,0.3739266,0.0711993471808852,0,0
0,0.39880413,0.09651400521871117,0,0
0,0.49149248,0.2688992448596965,0,0
1,0.64374727,0.7370501195274572,1,1
0,0.37227106,0.06975274540450106,0,0
0,0.38734218,0.08397982013038396,0,0
0,0.46875578,0.2135771650027313,0,0
0,0.36991313,0.06773931418066048,0,0
1,0.40947232,0.10965490836729934,0,0
0,0.4425939,0.16077589546293766,0,0
1,0.9645506,0.995081626169805,1,1
0,0.38914317,0.08584641494369243,0,0
0,0.36680165,0.06516488533906219,0,0
1,0.45000368,0.17456285753600775,0,0
0,0.5240108,0.3620547182885924,1,0
0,0.379108,0.07590751746231118,0,0
1,0.44782254,0.17041029715946715,0,0
0,0.36587757,0.0644180057939807,0,0
0,0.35099795,0.053441111754689845,0,0
0,0.36046308,0.06019977390735109,0,0
0,0.36058697,0.06029333499428101,0,0
0,0.3613117,0.060843388877374484,0,0
0,0.3707885,0.06848043373499188,0,0
0,0.38551468,0.08212349101587176,0,0
0,0.43549752,0.14841030865198446,0,0
0,0.37515834,0.0722935397530321,0,0
0,0.41971102,0.12371638169417186,0,0
0,0.45248428,0.17938203454552612,0,0
0,0.37169567,0.06925637053130229,0,0
0,0.41645607,0.11908585556729503,0,0
0,0.36549172,0.06410851056364049,0,0
1,0.96579415,0.9951621444335697,1,1
0,0.41623667,0.11877918325581571,0,0
0,0.4364561,0.15003360597489382,0,0
0,0.3616167,0.06107627414702368,0,0
1,0.45791098,0.1902858675941603,0,0
0,0.50776017,0.3136258977106649,1,0
0,0.38207906,0.07873456506718284,0,0
1,0.3843499,0.08095992896727291,0,0
0,0.43617907,0.14956296059634067,0,0
0,0.36789778,0.06606126445544695,0,0
1,0.39097387,0.08778225571457471,0,0
1,0.4184044,0.12183926389592237,0,0
0,0.48427838,0.25040706276831176,0,0
0,0.40703553,0.1065215523668539,0,0
0,0.50946087,0.3185297884748725,1,0
0,0.37265193,0.07008312189247726,0,0
0,0.4394519,0.15520108102041935,0,0
0,0.4647077,0.20464802242879265,0,0
0,0.3446932,0.049343301875116125,0,0
0,0.42917553,0.13806535043838197,0,0
0,0.50398743,0.3028958131056586,1,0
0,0.41981864,0.1238720869017152,0,0
1,0.753293,0.9235726249287518,1,1
0,0.35370567,0.05529788842813837,0,0
0,0.36559033,0.06418747947532454,0,0
0,0.39012894,0.08688394776405818,0,0
1,0.96374565,0.9950287956848097,1,1
0,0.3431405,0.04838078428679729,0,0
0,0.35849732,0.058733294410322594,0,0
0,0.4471888,0.16921855354870616,0,0
0,0.3889944,0.08569080829457516,0,0
1,0.46143827,0.19764101767554626,0,0
0,0.37366483,0.07096877346946437,0,0
1,0.61343145,0.6516531335128984,1,1
0,0.42578754,0.13277479676881596,0,0
0,0.39539298,0.0926185659510527,0,0
0,0.3672535,0.06553302511010631,0,0
0,0.41143572,0.1122380805988781,0,0
0,0.4119753,0.11295722532922224,0,0
0,0.36021045,0.060009404052983356,0,0
0,0.41786513,0.12107171261012419,0,0
1,0.9594835,0.9947395129537652,1,1
0,0.44536045,0.16581760051907343,0,0
1,0.970414,0.9954499541110502,1,1
0,0.36613744,0.06462723899702517,0,0
0,0.36436197,0.06321027622858419,0,0
0,0.41686904,0.1196649418654117,0,0
0,0.385518,0.08212684720893726,0,0
1,0.36510664,0.06380101825390917,0,0
1,0.96180356,0.994898997603019,1,1
0,0.3615704,0.06104085767623239,0,0
0,0.3825227,0.07916487376931043,0,0
0,0.3626705,0.06188735638706702,0,0
0,0.4693184,0.2148403546502114,0,0
1,0.45604488,0.186480161661087,0,0
0,0.35973763,0.059654633823369524,0,0
0,0.36867037,0.06669993826641922,0,0
1,0.6274796,0.6928974484366822,1,1
1,0.9610708,0.9948491517118411,1,1
0,0.36740234,0.06565470435273855,0,0
1,0.44151446,0.15884262342157346,0,0
0,0.44644096,0.16782082673904825,0,0
0,0.36579385,0.0643507392969306,0,0
0,0.35671607,0.057433447030152664,0,0
0,0.42404157,0.13011599955569234,0,0
1,0.45277542,0.17995440839660454,0,0
0,0.36520037,0.06387573577405385,0,0
0,0.36905724,0.06702189331711127,0,0
0,0.37864345,0.07547398802068264,0,0
0,0.3690755,0.06703713256793846,0,0
0,0.36409763,0.06300180132369256,0,0
0,0.41186792,0.11281379161240367,0,0
0,0.49825624,0.28700113543664413,0,0
0,0.4392117,0.15478144533956859,0,0
0,0.37647063,0.07347633626377897,0,0
0,0.36295968,0.062111675419450285,0,0
1,0.97342885,0.9956285191385363,1,1
0,0.44144946,0.1587268148559333,0,0
1,0.95881116,0.9946923748722285,1,1
0,0.39366174,0.09069600430046075,0,0
1,0.39578,0.09305332221209502,0,0
0,0.3718567,0.06939494900044238,0,0
0,0.35358533,0.05521409134116613,0,0
0,0.41046348,0.1109523639084952,0,0
0,0.4693581,0.21492968783180103,0,0
0,0.37711644,0.07406494683026642,0,0
0,0.37005565,0.06785946142019275,0,0
1,0.37117693,0.06881167399810281,0,0
0,0.40088767,0.09896477185580692,0,0
0,0.4383622,0.15330484574041237,0,0
0,0.4068081,0.10623317990581142,0,0
0,0.38674614,0.08337022320488223,0,0
1,0.96632874,0.9951963547694959,1,1
0,0.3625597,0.061801602409804646,0,0
0,0.3959236,0.09321512213388469,0,0
0,0.4544477,0.18326967775342617,0,0
0,0.41010296,0.11047889021888903,0,0
1,0.38220847,0.07885985754601593,0,0
1,0.4603241,0.1952948597026975,0,0
0,0.38435397,0.08096395171212976,0,0
0,0.37861797,0.07545027488105079,0,0
0,0.5214927,0.3543333513196186,1,0
0,0.49703962,0.2836918178649267,0,0
0,0.4087969,0.10877842134986,0,0
0,0.4098355,0.11012875516263003,0,0
1,0.40827522,0.10810563485547234,0,0
0,0.36551085,0.06412382474203226,0,0
0,0.36435336,0.06320347362708,0,0
0,0.4278913,0.1360394413373583,0,0
0,0.35270113,0.05460205376648657,0,0
1,0.6619681,0.78138194415142,1,1
0,0.38213816,0.07879176378883666,0,0
0,0.361544,0.06102069664698447,0,0
0,0.4022472,0.10059363952877548,0,0
0,0.36846796,0.0665320557295905,0,0
0,0.38124976,0.07793590452607765,0,0
0,0.3656263,0.06421630693912321,0,0
0,0.5199882,0.3497555068234511,1,0
0,0.44627064,0.16750378218616513,0,0
0,0.38348812,0.0801087218699444,0,0
1,0.3943277,0.09143127167678775,0,0
0,0.39113748,0.08795717491496646,0,0
0,0.4077256,0.1074007940556093,0,0
1,0.49380133,0.2749966948043907,0,0
0,0.3747485,0.07192775150345347,0,0
0,0.37537953,0.0724916688575045,0,0
1,0.36596382,0.06448737623749451,0,0
0,0.38066986,0.07738185528129388,0,0
1,0.92834777,0.9920526820387747,1,1
0,0.38653374,0.0831539671710332,0,0
0,0.3875189,0.08416134234110885,0,0
1,0.60019255,0.6105730450500092,1,1
0,0.35142472,0.05372980695312287,0,0
1,0.8296943,0.970999573000421,1,1
0,0.3525285,0.054483319515191864,0,0
0,0.3590208,0.059120509994070945,0,0
0,0.4019974,0.1002925710376211,0,0
0,0.37603182,0.07307885663595501,0,0
1,0.5171838,0.34129657223352894,1,0
0,0.3768348,0.07380773001321476,0,0
1,0.6409898,0.729859656687739,1,1
1,0.63200474,0.7055898649288918,1,1
0,0.42437226,0.13061607567567743,0,0
0,0.51953995,0.3483969837581529,1,0
0,0.41372415,0.1153158116832433,0,0
0,0.4145141,0.11639513211706289,0,0
1,0.37158576,0.06916192625651037,0,0
0,0.37117183,0.06880731835585424,0,0
0,0.37964815,0.07641445049602377,0,0
0,0.40366346,0.10231577246192447,0,0
1,0.39436555,0.09147322004036355,0,0
0,0.35860097,0.058809776683148685,0,0
0,0.3806386,0.07735208867967487,0,0
1,0.9875029,0.9963740413745904,1,1
1,0.41468704,0.11663259676161643,0,0
0,0.3899493,0.08669402456535512,0,0
0,0.40049118,0.09849417106659704,0,0
1,0.7731235,0.9402752027755898,1,1
0,0.43919486,0.15475206398133776,0,0
0,0.4428505,0.16123825021800764,0,0
0,0.39420724,0.09129787871426324,0,0
0,0.43867388,0.1538452597003694,0,0
0,0.5123135,0.3268458213320941,1,0
0,0.3644018,0.06324173242355213,0,0
1,0.66438377,0.7868363395816933,1,1
0,0.35977387,0.059681756139192264,0,0
0,0.340224,0.04662082942403672,0,0
0,0.354103,0.05557540675863146,0,0
0,0.4342139,0.1462593529303489,0,0
1,0.36464605,0.06343502736328654,0,0
1,0.5481368,0.4391423152138135,1,0
1,0.39685592,0.09427161153590288,0,0
0,0.4395128,0.15530759515457435,0,0
0,0.43004045,0.1394440447507167,0,0
0,0.40572998,0.10487544709022392,0,0
1,0.9476991,0.9938495894316521,1,1
0,0.37636024,0.07337615848052807,0,0
1,0.65923905,0.7750998527563077,1,1
0,0.5207864,0.35218087151305094,1,0
0,0.5280295,0.3745252075685481,1,0
0,0.35833365,0.05861271354459695,0,0
0,0.49079987,0.2670868918955537,0,0
0,0.39726567,0.09473932757054004,0,0
1,0.43359312,0.14522840835475864,0,0
0,0.38533312,0.08194112612324748,0,0
1,0.42107224,0.12569829661218826,0,0
0,0.35790262,0.05829627761186766,0,0
0,0.44200063,0.15971099915653816,0,0
1,0.9660355,0.9951776183980203,1,1
0,0.46715954,0.21002271867453734,0,0
0,0.3619731,0.06134946946064797,0,0
0,0.027185671,0.0007508578440435954,0,0
0,0.37308708,0.07046234361499402,0,0
0,0.4399751,0.1561183303436329,0,0
0,0.36586347,0.06440667438598305,0,0
0,0.38351274,0.08013292242934038,0,0
1,0.558018,0.4718201871218319,1,0
1,0.9684484,0.9953296449280751,1,1
0,0.38182887,0.0784928356252891,0,0
1,0.96106935,0.9948490539317347,1,1
1,0.96800035,0.9953017807126501,1,1
0,0.44198135,0.15967648486607214,0,0
0,0.3906432,0.08742971267261364,0,0
0,0.44855422,0.1717944796169414,0,0
0,0.38965192,0.08638047502294756,0,0
0,0.36083934,0.060484344304164474,0,0
1,0.9649496,0.9951076051014607,1,1
0,0.4002124,0.09816448758069322,0,0
1,0.41797417,0.12122658252991185,0,0
0,0.44212046,0.15992563534899312,0,0
1,0.6049243,0.6254715667066444,1,1
0,0.3634573,0.06249946355141499,0,0
0,0.37168464,0.06924688998891461,0,0
1,0.9642824,0.995064084884831,1,1
0,0.36505315,0.06375840995183019,0,0
0,0.36201027,0.06137802200451555,0,0
1,0.42057252,0.12496756594557994,0,0
0,0.41318357,0.11458221940034072,0,0
1,0.4396797,0.15559991566755701,0,0
0,0.3927414,0.08968866531960998,0,0
1,0.94708025,0.9937989232170229,1,1
0,0.38861623,0.08529642700486968,0,0
0,0.5219904,0.3558536349524665,1,0
0,0.4023243,0.1006867225489001,0,0
0,0.42348853,0.1292833090463468,0,0
0,0.36540753,0.06404116387839041,0,0
0,0.47617233,0.23066358168684864,0,0
0,0.4424369,0.16049353410824407,0,0
0,0.45062274,0.17575588244292578,0,0
1,0.59752625,0.6020840527999499,1,1
0,0.40744302,0.1070399742367522,0,0
0,0.36137137,0.060888881026614515,0,0
1,0.48221725,0.24528200149803037,0,0
1,0.9649984,0.9951107741917824,1,1
0,0.40996233,0.11029466997368333,0,0
0,0.34897444,0.05209208719880584,0,0
0,0.39304018,0.09001457047127868,0,0
1,0.5653037,0.4960859744260877,1,0
0,0.35872373,0.05890047550833484,0,0
1,0.78805935,0.9505299714624109,1,1
0,0.47041333,0.2173142819988907,0,0
1,0.96793735,0.9952978493509227,1,1
1,0.96549124,0.995142652732289,1,1
0,0.40064508,0.09867659945847186,0,0
0,0.3817167,0.07838467389659882,0,0
0,0.5363213,0.4007721319323205,1,0
1,0.9517515,0.9941713298780269,1,1
0,0.3809521,0.07765105293971772,0,0
0,0.35838896,0.05865343738626402,0,0
1,0.7704848,0.9382677028109694,1,1
0,0.40807605,0.10784974668691712,0,0
1,0.95146894,0.9941494513923127,1,1
1,0.3695308,0.06741796080732343,0,0
0,0.39945495,0.0972736577046257,0,0
0,0.37192756,0.06945602225724902,0,0
0,0.37342888,0.07076154899041384,0,0
1,0.5215244,0.3544301251522512,1,0
1,0.5455541,0.43067602015082984,1,0
1,0.9680466,0.9953046648520635,1,1
1,0.5794647,0.5432008153227215,1,1
0,0.3697138,0.06757160975375957,0,0
0,0.36637965,0.06482281279615518,0,0
0,0.3778206,0.07471168300466514,0,0
0,0.3584227,0.058678288443370245,0,0
0,0.4476391,0.17006467139276765,0,0
0,0.37746674,0.07438602627833557,0,0
0,0.4058697,0.10505052601172982,0,0
0,0.44253013,0.16066114445813606,0,0
1,0.427416,0.13529597908541827,0,0
0,0.36168462,0.06112824849526155,0,0
0,0.3534927,0.05514967517568812,0,0
0,0.78107065,0.9459577249905871,1,1
1,0.9866427,0.9963323528530237,1,1
0,0.36293226,0.062090373839052436,0,0
0,0.4262345,0.13346281616158273,0,0
0,0.4501422,0.17482925632543675,0,0
0,0.43837458,0.15332626108505926,0,0
0,0.40971732,0.10997438143853706,0,0
0,0.3762997,0.07332128178526406,0,0
0,0.49500826,0.2782180367290764,0,0
0,0.37141722,0.06901734153777869,0,0
1,0.96129125,0.9948642000176074,1,1
0,0.46745756,0.21068303251388115,0,0
0,0.51048934,0.3215150802089482,1,0
0,0.43921217,0.1547822774443765,0,0
1,0.96732336,0.9952593643946641,1,1
0,0.3638738,0.06282579256237829,0,0
0,0.39061666,0.08740145679567828,0,0
0,0.36198097,0.06135551322936245,0,0
0,0.36352763,0.06255445653130424,0,0
0,0.3332032,0.042630688872689594,0,0
0,0.41502193,0.11709362180888573,0,0
1,0.86798525,0.9823943663231105,1,1
0,0.45597625,0.18634131378853647,0,0
1,0.408084,0.10785995974132467,0,0
1,0.40060705,0.09863149429502877,0,0
0,0.35601768,0.05693121715444084,0,0
0,0.3962131,0.09354204110184701,0,0
0,0.346862,0.05071814728917485,0,0
1,0.48933733,0.26328541864756555,0,0
0,0.3606609,0.060349239382474835,0,0
0,0.35467005,0.05597374289683488,0,0
0,0.43052194,0.14021652512732957,0,0
0,0.37830874,0.075163044902152,0,0
0,0.38367262,0.0802902713852168,0,0
1,0.7546434,0.9248344227333083,1,1
0,0.37721515,0.07415529020285697,0,0
0,0.36201194,0.06137930452718504,0,0
1,0.9741227,0.9956686173177063,1,1
0,0.40496403,0.10392018392006001,0,0
0,0.39558893,0.09283846092708933,0,0
0,0.42124966,0.12595860036679757,0,0
0,0.47682443,0.23221078564946349,0,0
1,0.9699024,0.995418941194307,1,1
0,0.37340596,0.07074145051887314,0,0
1,0.97252065,0.9955754753354951,1,1
0,0.47754684,0.23393322896428564,0,0
0,0.36018205,0.05998803759627217,0,0
0,0.42271775,0.12813035646024162,0,0
0,0.5157718,0.33707515031847096,1,0
1,0.9663426,0.9951972402825227,1,1
1,0.37445745,0.07166902407654513,0,0
0,0.40079817,0.09885837250289643,0,0
0,0.3627628,0.06195887211442248,0,0
1,0.96733975,0.9952603958672378,1,1
0,0.36705548,0.06537144424228085,0,0
0,0.3869192,0.08354680406420102,0,0
1,0.45005566,0.17466277685964837,0,0
1,0.44330877,0.1620666622366257,0,0
0,0.37467998,0.0718667674182246,0,0
1,0.9687682,0.995349431404386,1,1
0,0.39851204,0.09617479527091882,0,0
0,0.4407855,0.15754774724720388,0,0
0,0.39177185,0.08863835823441459,0,0
1,0.9583592,0.9946604502959874,1,1
0,0.36557528,0.06417542185150715,0,0
0,0.44127774,0.15842118890470067,0,0
0,0.37604123,0.07308736633265388,0,0
0,0.36743715,0.06568319306753724,0,0
1,0.5553529,0.46297084958054613,1,0
0,0.36214787,0.06148384554856442,0,0
0,0.3678044,0.06598446464787283,0,0
0,0.38244346,0.0790878528449532,0,0
0,0.4022084,0.10054682109783032,0,0
0,0.5527333,0.4542951629583117,1,0
1,0.96386766,0.9950368395434591,1,1
0,0.39831394,0.09594535103624315,0,0
1,0.39054564,0.0873259263734488,0,0
0,0.37284827,0.07025399327873383,0,0
1,0.96237886,0.9949377950044549,1,1
0,0.45201007,0.1784527845221744,0,0
0,0.3841647,0.08077628982267994,0,0
1,0.965243,0.9951266198745874,1,1
0,0.3882643,0.0849308759374867,0,0
1,0.9638955,0.9950386728441615,1,1
0,0.44766185,0.17010748635150305,0,0
0,0.36986524,0.06769898278113813,0,0
0,0.39977753,0.0976521533438237,0,0
0,0.36895746,0.06693871837457854,0,0
0,0.39837766,0.0960190980837442,0,0
0,0.47056627,0.21766148373327954,0,0
0,0.39940017,0.09720951633189243,0,0
1,0.9844372,0.9962232659882257,1,1
0,0.4020123,0.10031050778758943,0,0
0,0.35911033,0.05918697146308917,0,0
1,0.96262777,0.9949544898282525,1,1
0,0.56880236,0.5077523614324742,1,1
0,0.41084734,0.11145843514359986,0,0
0,0.38081798,0.07752302752868812,0,0
0,0.36740297,0.06565521646278738,0,0
0,0.430536,0.14023914701207313,0,0
0,0.40528318,0.10431728123440459,0,0
1,0.5164356,0.3390565977858712,1,0
0,0.4099826,0.11032119919826085,0,0
0,0.36225548,0.061566729954710006,0,0
0,0.42416927,0.13030892329089508,0,0
1,0.4297715,0.13901412685984965,0,0
0,0.36403885,0.06295553989582374,0,0
0,0.53868854,0.408378562288752,1,0
0,0.36472386,0.06349672093128227,0,0
1,0.96376723,0.9950302191377989,1,1
0,0.46159786,0.19797881321555183,0,0
0,0.35359874,0.05522342387517256,0,0
1,0.40170625,0.09994269419373723,0,0
0,0.34808016,0.05150620499701863,0,0
1,0.68114275,0.8219340085303399,1,1
1,0.3805639,0.07728102046024223,0,0
0,0.4414601,0.15874576645119468,0,0
1,0.96771574,0.9952839947453329,1,1
0,0.38221836,0.07886944521639729,0,0
1,0.964577,0.9950833496544239,1,1
0,0.3937167,0.09075647676247028,0,0
0,0.42037237,0.12467591295050084,0,0
0,0.37025273,0.06802593790876295,0,0
0,0.4662696,0.20806000498400987,0,0
0,0.49180657,0.2697236780190099,0,0
0,0.35977545,0.05968293854221067,0,0
0,0.40131584,0.0994752208427974,0,0
0,0.48701233,0.25731428699396725,0,0
0,0.38826254,0.08492905314821517,0,0
1,0.96688473,0.9952316790552835,1,1
0,0.38600034,0.08261313179697875,0,0
1,0.9419296,0.9933608348095575,1,1
0,0.37663853,0.0736289539673571,0,0
0,0.35296583,0.054784605789217726,0,0
1,0.4976778,0.28542486949043655,0,0
1,0.9611358,0.9948535946831775,1,1
0,0.40482754,0.10375076259960007,0,0
1,0.6412081,0.7304334744140871,1,1
0,0.38843367,0.08510661713578627,0,0
1,0.5179812,0.3436917724745355,1,0
0,0.38429388,0.0809043391069857,0,0
0,0.39090443,0.08770811367491341,0,0
1,0.96406597,0.9950498856487435,1,1
0,0.3713109,0.06892626041756067,0,0
0,0.47096997,0.21857985076571687,0,0
0,0.34903806,0.052134011908549494,0,0
0,0.46538958,0.20613244433286296,0,0
0,0.3883024,0.08497036811814619,0,0
1,0.6574426,0.7708952319002639,1,1
0,0.3773386,0.07426841663382162,0,0
0,0.36769387,0.06589365251024644,0,0
1,0.96694684,0.9952356089271616,1,1
0,0.3761767,0.07320988853398654,0,0
1,0.96192396,0.9949071416434357,1,1
0,0.3829401,0.07957170602021746,0,0
0,0.36299098,0.06213599534425939,0,0
0,0.40833664,0.10818465691798569,0,0
1,0.42874014,0.13737568957207624,0,0
0,0.4404379,0.1569333529619455,0,0
0,0.38119698,0.0778853270234703,0,0
0,0.44018462,0.15648686406787032,0,0
0,0.39806393,0.09565647415809513,0,0
0,0.41277277,0.11402747541924967,0,0
1,0.9540945,0.9943496670324585,1,1
0,0.4994508,0.290272802575046,0,0
0,0.46364272,0.20234549795326343,0,0
0,0.4103534,0.1108075935882721,0,0
0,0.37293258,0.07032748651250499,0,0
1,0.4185159,0.12199847098215245,0,0
1,0.95136976,0.9941417514989487,1,1
1,0.9583555,0.9946601884891808,1,1
0,0.3811232,0.07781466599447169,0,0
0,0.39575866,0.09302930373150366,0,0
0,0.41614997,0.11865819408108223,0,0
0,0.37942332,0.07620306664193166,0,0
0,0.3760551,0.07309989017277112,0,0
0,0.36462677,0.06341974847575736,0,0
1,0.39500737,0.09218719807868127,0,0
0,0.44935337,0.17331647122034297,0,0
1,0.47532144,0.22865561921934607,0,0
0,0.37775365,0.07464995633232065,0,0
1,0.9526482,0.9942402359228656,1,1
0,0.46080524,0.19630540670291932,0,0
0,0.38593435,0.0825464528307289,0,0
1,0.9661705,0.9951862530002812,1,1
0,0.3773177,0.07424925974779271,0,0
0,0.36759847,0.06581537178175387,0,0
0,0.36943713,0.06733944782154407,0,0
0,0.37753958,0.07445294863502996,0,0
1,0.3768287,0.07380215929805356,0,0
0,0.3640586,0.0629710897700128,0,0
0,0.37118614,0.06881954536766595,0,0
0,0.4376446,0.15206648148360094,0,0
1,0.9665209,0.9952085931163779,1,1
0,0.39955714,0.0973934217436934,0,0
0,0.4166379,0.11934051815982841,0,0
0,0.394335,0.09143936273053616,0,0
0,0.39506343,0.09224979562696291,0,0
1,0.9613357,0.994867229597702,1,1
0,0.48048782,0.2410366999509506,0,0
0,0.36606964,0.06457259028873574,0,0
0,0.43372753,0.14545111007983075,0,0
1,0.9564088,0.9945204854700641,1,1
1,0.6767712,0.8132389063370151,1,1
0,0.36582813,0.06437827017927057,0,0
0,0.4606093,0.195893362893067,0,0
0,0.47590375,0.23002844622013136,0,0
0,0.48171598,0.24404632468607532,0,0
0,0.37161183,0.06918432293068821,0,0
0,0.38216633,0.07881903524566548,0,0
1,0.5601713,0.4789832562298039,1,0
0,0.36917898,0.06712350759896527,0,0
0,0.36403966,0.06295617307864931,0,0
0,0.3789143,0.07572646398783497,0,0
0,0.39683613,0.09424907590844372,0,0
1,0.9657964,0.995162289886681,1,1
0,0.3779935,0.07487125753937376,0,0
0,0.37522593,0.07235403061470995,0,0
0,0.4106597,0.11121080573002598,0,0
0,0.3663562,0.06480384981751619,0,0
0,0.3690338,0.06700235797092578,0,0
1,0.9566314,0.9945366442282033,1,1
1,0.9707111,0.9954678703566554,1,1
0,0.39679945,0.09420730952398045,0,0
1,0.9648716,0.9951025357294055,1,1
0,0.40460324,0.10347289455127191,0,0
0,0.35302213,0.054823504540527715,0,0
1,0.9632169,0.9949937861642358,1,1
0,0.36844328,0.06651161634104966,0,0
0,0.38554347,0.08215244228795658,0,0
1,0.62452257,0.6844409649488774,1,1
0,0.36618957,0.06466928171372106,0,0
0,0.3602431,0.06003398540733245,0,0
0,0.36883712,0.06683852911699785,0,0
0,0.44062933,0.1572714681000479,0,0
0,0.3942453,0.09134000298609156,0,0
1,0.8763872,0.9842314889115783,1,1
0,0.35482284,0.05608153674402324,0,0
0,0.47459656,0.2269547332800112,0,0
1,0.94869095,0.9939299314481143,1,1
0,0.38984442,0.08658332579198588,0,0
0,0.35539263,0.05648523270005477,0,0
0,0.4281425,0.13643370064572283,0,0
0,0.43651497,0.1501337548096701,0,0
0,0.40840203,0.10826883418491355,0,0
0,0.42621496,0.13343265979668592,0,0
0,0.42125654,0.12596871047729033,0,0
1,0.39892313,0.09665250796920258,0,0
1,0.42281172,0.1282704438857956,0,0
0,0.48742655,0.2583715994060721,0,0
1,0.96814126,0.9953105614395623,1,1
0,0.42553943,0.13239419300658262,0,0
0,0.5003044,0.2926240802761123,1,0
0,0.50122374,0.29516889929936635,1,0
0,0.44782606,0.17041692874053935,0,0
1,0.42985094,0.13914097597161784,0,0
0,0.50127125,0.2953007460723729,1,0
1,0.41529605,0.11747216763816387,0,0
1,0.43105066,0.14106891275666097,0,0
0,0.3950749,0.09226261269751848,0,0
1,0.34484008,0.04943527802802705,0,0
0,0.44239527,0.1604187231392887,0,0
0,0.3737702,0.07106150788979904,0,0
0,0.35684487,0.057526528041580025,0,0
0,0.35635138,0.057170670724542405,0,0
1,0.96359634,0.995018934424891,1,1
0,0.41479465,0.11678057469856001,0,0
0,0.36413845,0.06303395901240032,0,0
1,0.6763571,0.8123984511460177,1,1
0,0.46821618,0.21237072329297663,0,0
0,0.3850852,0.08169269136913192,0,0
0,0.35993394,0.0598016920138261,0,0
1,0.9695024,0.9953945458659862,1,1
0,0.33470097,0.04345357485939237,0,0
0,0.43726286,0.15141107607264723,0,0
0,0.4402955,0.1566821641594553,0,0
0,0.37440372,0.0716213517984345,0,0
0,0.3883928,0.08506419014386288,0,0
1,0.71148974,0.8737246526859409,1,1
0,0.5003103,0.29264037330349196,1,0
0,0.38989788,0.08663974446387981,0,0
0,0.36636445,0.06481052361883764,0,0
0,0.4024864,0.10088270911660907,0,0
0,0.43554875,0.14849669474940624,0,0
0,0.42064822,0.12507802181696573,0,0
0,0.3708191,0.06850645638118412,0,0
0,0.5393496,0.41051074743659555,1,0
0,0.36902478,0.06699482858104726,0,0
1,0.43627644,0.1497282260845745,0,0
1,0.4390006,0.15441344170566285,0,0
0,0.4412467,0.15836597054465243,0,0
0,0.37079445,0.06848548029638322,0,0
0,0.35623506,0.05708709585252305,0,0
1,0.69116384,0.840663872230923,1,1
0,0.36158797,0.06105430182227829,0,0
0,0.3833278,0.07995128838900592,0,0
1,0.4340348,0.1459612775116396,0,0
0,0.36827293,0.06637067446229206,0,0
0,0.37102124,0.0686787255965733,0,0
0,0.42089456,0.12543806110079217,0,0
0,0.4068088,0.10623404803225285,0,0
0,0.38369328,0.08031061678983896,0,0
0,0.37728885,0.07422281377313378,0,0
0,0.4947501,0.2775270866109483,0,0
1,0.57106006,0.5152770340584509,1,1
0,0.39699242,0.09442718459005493,0,0
1,0.9513917,0.9941434552271238,1,1
1,0.79581344,0.9551730694918721,1,1
0,0.36820832,0.0663172897548467,0,0
0,0.36029106,0.06007008952737941,0,0
0,0.35477316,0.05604646709614997,0,0
0,0.45097667,0.1764408493638192,0,0
0,0.41283965,0.11411762657921413,0,0
0,0.34657598,0.05053478123572341,0,0
0,0.513238,0.32956488454512567,1,0
0,0.3877421,0.08439109592550921,0,0
0,0.39352503,0.09054573473421092,0,0
0,0.43630832,0.1497823861397607,0,0
0,0.36380392,0.06277092782060804,0,0
1,0.9480502,0.9938781479212285,1,1
0,0.47492242,0.22771823050552034,0,0
1,0.38658285,0.08320392739393585,0,0
0,0.39321005,0.09020034866705241,0,0
0,0.33810356,0.04537967050701515,0,0
0,0.3719767,0.06949840208771221,0,0
0,0.36803263,0.06617233324652347,0,0
1,0.40466982,0.10355530747104066,0,0
0,0.41458064,0.116486459013215,0,0
0,0.35885268,0.0589958956285518,0,0
0,0.3730931,0.07046760329831227,0,0
0,0.3563176,0.05714639798268096,0,0
0,0.44343138,0.16228887889373603,0,0
1,0.96201754,0.994913462482082,1,1
0,0.4362503,0.1496838471190798,0,0
0,0.3732917,0.07064132433051394,0,0
1,0.6601354,0.7771771822471051,1,1
0,0.35636505,0.05718050683333655,0,0
0,0.39947608,0.09729841003358929,0,0
0,0.36183164,0.061240891001494824,0,0
0,0.37344226,0.0707732864279219,0,0
1,0.48272446,0.24653658915675974,0,0
1,0.5650319,0.4951796769511362,1,0
0,0.3549108,0.05614366926077622,0,0
1,0.9692606,0.995379735491397,1,1
0,0.45954087,0.19365821512627732,0,0
0,0.38318774,0.07981395931609069,0,0
0,0.3709004,0.06857569176771885,0,0
0,0.3747579,0.07193611102226674,0,0
0,0.48995084,0.2648758206115595,0,0
0,0.45216984,0.17876544168626254,0,0
0,0.38395405,0.08056790825941339,0,0
1,0.44295394,0.1614249455519232,0,0
0,0.41329983,0.11473964311606652,0,0
0,0.37960884,0.0763774531870249,0,0
0,0.37248492,0.06993807482731468,0,0
0,0.40200582,0.10030272288805919,0,0
0,0.40354663,0.10217273418171119,0,0
1,0.7099014,0.871368556547279,1,1
0,0.67152673,0.8023804377374678,1,1
0,0.37943685,0.07621577259394342,0,0
0,0.38219547,0.07884726812779858,0,0
0,0.36789048,0.06605525573256425,0,0
1,0.5376108,0.404910001155974,1,0
0,0.40990937,0.11022536925133022,0,0
0,0.40011787,0.09805291331639952,0,0
0,0.4304757,0.1401422107362449,0,0
0,0.3992195,0.09699823588498263,0,0
0,0.35466442,0.055969772947966116,0,0
0,0.39184776,0.08872018425977778,0,0
0,0.44563317,0.16632139938594387,0,0
0,0.36615255,0.06463942371731966,0,0
0,0.48431897,0.2505087056632215,0,0
0,0.5442996,0.42657788845565614,1,0
0,0.36667854,0.06506491689946987,0,0
0,0.5170947,0.3410294068132109,1,0
1,0.54516065,0.4293896673503941,1,0
0,0.36017457,0.05998241130949837,0,0
0,0.37775183,0.07464828127320604,0,0
0,0.41463983,0.1165677361819144,0,0
0,0.39534208,0.09256151999604573,0,0
1,0.775066,0.9417138118995119,1,1
0,0.3562381,0.057089278515469175,0,0
1,0.9550351,0.9944197203088856,1,1
0,0.5471692,0.4359661073312795,1,0
0,0.49833852,0.28722578704579615,0,0
0,0.4532314,0.18085371123900276,0,0
0,0.41979215,0.12383373788984368,0,0
0,0.47529906,0.22860296852202877,0,0
0,0.38608462,0.0826983738640181,0,0
1,0.356942,0.05759680934411962,0,0
0,0.43180534,0.14229308446044234,0,0
0,0.36365503,0.06265418805936468,0,0
1,0.9634746,0.9950108774801303,1,1
0,0.39967418,0.09753074090749117,0,0
1,0.368099,0.06622705996134125,0,0
0,0.35656905,0.05732738002480973,0,0
1,0.74139154,0.9115860914267421,1,1
0,0.3550237,0.05622354057490288,0,0
0,0.42192334,0.1269512426942833,0,0
0,0.35920697,0.05925879923258723,0,0
0,0.39325714,0.09025190618826183,0,0
0,0.3797471,0.07650764765603166,0,0
0,0.3983448,0.09598107995055011,0,0
0,0.45678908,0.18799078449315892,0,0
0,0.428766,0.1374165850058707,0,0
0,0.3935415,0.09056383905596001,0,0
1,0.96584755,0.9951655729066331,1,1
1,0.9657097,0.9951567174555961,1,1
0,0.42850497,0.13700437781181612,0,0
0,0.415997,0.11844496590802225,0,0
1,0.9673679,0.9952621657285987,1,1
1,0.7888,0.9509924656073246,1,1
0,0.37900254,0.07580889159110087,0,0
0,0.3604618,0.06019880682207542,0,0
0,0.4191147,0.12285664340760277,0,0
1,0.40762725,0.10727509748643436,0,0
0,0.35263172,0.0545542806897252,0,0
0,0.3794593,0.07623685084841748,0,0
0,0.36640325,0.06484190146470417,0,0
0,0.36579263,0.06434975796355984,0,0
1,0.5259994,0.36820367511634317,1,0
1,0.63813925,0.7222977122673148,1,1
0,0.37878686,0.07560757493547197,0,0
1,0.9694542,0.9953915999763749,1,1
0,0.34732616,0.05101707362238333,0,0
0,0.3998229,0.09770548012384371,0,0
0,0.48232067,0.2455374489600199,0,0
0,0.36673775,0.06511298363013061,0,0
0,0.35913828,0.05920773841900435,0,0
0,0.3889623,0.08565727044845306,0,0
1,0.68146044,0.8225533805494948,1,1
1,0.96025914,0.9947933759801159,1,1
0,0.3758712,0.07293387442889263,0,0
0,0.44702193,0.16890587750907848,0,0
1,0.95128995,0.9941355481768311,1,1
0,0.36781186,0.06599058989638834,0,0
0,0.4216686,0.1265750948809772,0,0
1,0.9546839,0.9943936651428558,1,1
0,0.46784094,0.21153469649195022,0,0
0,0.36647186,0.06489741363716668,0,0
0,0.3679429,0.06609840717909823,0,0
0,0.36720407,0.06549264985328815,0,0
0,0.3647035,0.06348057738255897,0,0
0,0.36271435,0.061921315007112177,0,0
0,0.43926093,0.15486737945149504,0,0
1,0.9657299,0.9951580163450624,1,1
0,0.42032588,0.12460825106072967,0,0
0,0.37034535,0.06810430980311467,0,0
0,0.49513957,0.2785698997280774,0,0
0,0.34908938,0.05216784982083915,0,0
1,0.5077049,0.31346726525759283,1,0
1,0.96806604,0.9953058759622445,1,1
1,0.7755807,0.9420895016920057,1,1
0,0.4237789,0.12971993011229616,0,0
0,0.44682726,0.168541680092489,0,0
0,0.4660208,0.20751366433153623,0,0
0,0.49764195,0.28532734135095705,0,0
1,0.6125082,0.6488523124364436,1,1
0,0.40190962,0.1001869813958276,0,0
0,0.39012703,0.08688192935071833,0,0
0,0.37854183,0.07537945357840377,0,0
0,0.3723697,0.06983817389746194,0,0
1,0.4470372,0.16893445100477705,0,0
1,0.613158,0.6508246367651754,1,1
0,0.37100396,0.06866397954561185,0,0
0,0.3585787,0.05879334205748283,0,0
0,0.37177712,0.06932643564857807,0,0
0,0.36623842,0.06470870334113557,0,0
0,0.3507338,0.0532631450521982,0,0
0,0.45391795,0.18221437907642282,0,0
1,0.37558994,0.07268059884627298,0,0
0,0.4155038,0.11775976704887813,0,0
0,0.4517809,0.1780050461199488,0,0
0,0.3879954,0.08465252475574922,0,0
0,0.3648247,0.06357676242000752,0,0
0,0.50298226,0.3000722466090611,1,0
1,0.96546894,0.9951412151946953,1,1
0,0.37438288,0.07160287774003482,0,0
1,0.7941245,0.9541984912995014,1,1
0,0.3651842,0.0638628295994012,0,0
0,0.36273673,0.061938658850808334,0,0
0,0.37176493,0.06931594606319169,0,0
0,0.42788994,0.13603729210746404,0,0
1,0.799638,0.9573073776139832,1,1
1,0.43386948,0.14568661242007905,0,0
0,0.48323768,0.24781045479766659,0,0
0,0.43183628,0.14234345230144757,0,0
0,0.35506433,0.05625229844989799,0,0
0,0.3949403,0.09211233751334437,0,0
0,0.38865125,0.08533287741191788,0,0
0,0.3549541,0.0561742855688839,0,0
0,0.42629716,0.13355948408422494,0,0
0,0.48326653,0.24788219020893804,0,0
0,0.36483404,0.06358417053451217,0,0
0,0.42722395,0.13499656564911494,0,0
0,0.3512388,0.053603846575722605,0,0
1,0.96787316,0.9952938402343804,1,1
0,0.40701035,0.10648958623775794,0,0
0,0.36858118,0.06662590980427131,0,0
1,0.96578705,0.9951616889075133,1,1
1,0.40494686,0.1038988633470487,0,0
0,0.37828198,0.07513823362111624,0,0
0,0.37796062,0.07484089199762824,0,0
0,0.36806604,0.06619987565622515,0,0
0,0.40205687,0.10036419156606617,0,0
0,0.3793039,0.07609100826898375,0,0
0,0.38615477,0.08276938956235909,0,0
1,0.5471234,0.43581577014287876,1,0
0,0.3583615,0.05863322574229398,0,0
1,0.395837,0.09311752179171692,0,0
1,0.6300817,0.7002333611130078,1,1
0,0.3761599,0.07319467753074393,0,0
0,0.39911872,0.09688054037240967,0,0
1,0.96315354,0.9949895745954718,1,1
0,0.4360744,0.1493854691599316,0,0
1,0.9637397,0.9950284023942465,1,1
0,0.4429383,0.16139669607714774,0,0
0,0.3700461,0.0678514152894823,0,0
0,0.36958423,0.06746278846355722,0,0
0,0.4283365,0.13673889470575842,0,0
0,0.38306683,0.07969559129754838,0,0
0,0.39263797,0.08957607386709665,0,0
1,0.6913325,0.840965026696118,1,1
1,0.38302377,0.07965347036590266,0,0
0,0.3711563,0.06879404923040315,0,0
0,0.36946318,0.0673612720576862,0,0
1,0.96831137,0.9953211404387345,1,1
0,0.35232022,0.05434037106308876,0,0
0,0.3800399,0.0767840605327646,0,0
0,0.51495504,0.3346450098372032,1,0
1,0.404818,0.10373893443502094,0,0
0,0.36423835,0.06311270428752476,0,0
0,0.4274369,0.1353285840474394,0,0
0,0.4967415,0.28288444862716844,0,0
0,0.37596425,0.07301783439679622,0,0
0,0.5328107,0.38958040918205744,1,0
0,0.44357127,0.16254272408508813,0,0
0,0.3923646,0.08927913552221566,0,0
0,0.41202912,0.11302918119057648,0,0
0,0.36192304,0.0613110221494471,0,0
0,0.3482414,0.05161137198065576,0,0
0,0.36707166,0.06538463400173922,0,0
0,0.3786534,0.07548325325815194,0,0
1,0.9516356,0.9941623667852457,1,1
0,0.3701337,0.06792534722839132,0,0
0,0.44724587,0.16932560241564476,0,0
0,0.43538156,0.1482149248019229,0,0
0,0.41077697,0.1113655176527195,0,0
0,0.5268206,0.3707554485414181,1,0
0,0.4433549,0.16215024824739166,0,0
1,0.9598885,0.9947677074067225,1,1
0,0.3731208,0.07049182335309821,0,0
1,0.95842016,0.9946647682654791,1,1
0,0.37235993,0.06982970415808197,0,0
1,0.95529145,0.9944386638099999,1,1
0,0.46626303,0.2080455295634324,0,0
0,0.36242214,0.061695290920147104,0,0
0,0.40198565,0.10027843888629547,0,0
0,0.36434487,0.06319676584782113,0,0
0,0.369124,0.06707759557311872,0,0
0,0.4573523,0.18914032080351917,0,0
1,0.4394649,0.15522380737139632,0,0
0,0.36399654,0.06292224754002416,0,0
0,0.38496277,0.0815702652209359,0,0
0,0.4920866,0.27046004054484707,0,0
0,0.41832197,0.12172166532580639,0,0
1,0.7999846,0.9574959313388844,1,1
0,0.40392599,0.10263785468377072,0,0
0,0.3697045,0.06756379563099799,0,0
0,0.4060224,0.1052421828943256,0,0
0,0.47131893,0.21937592247387383,0,0
0,0.35863957,0.05883827797345076,0,0
0,0.48155078,0.24364003437893866,0,0
0,0.34631312,0.05036681465094717,0,0
0,0.43329796,0.14474034667233734,0,0
1,0.9669863,0.995238103965778,1,1
0,0.4125449,0.11372076841331112,0,0
1,0.42817834,0.1364900550230058,0,0
0,0.36360073,0.06261166446868474,0,0
0,0.39578348,0.09305724754860925,0,0
1,0.8000933,0.9575549111437224,1,1
1,0.97990227,0.9959887000012602,1,1
0,0.37761134,0.07451893937168075,0,0
1,0.4393119,0.15495637166030501,0,0
0,0.36676982,0.0651390265070821,0,0
0,0.49556974,0.2797245096200123,0,0
1,0.561928,0.4848335117945919,1,0
0,0.38606915,0.08268272408264192,0,0
0,0.35904127,0.05913570323333779,0,0
0,0.36575416,0.06431886505698838,0,0
0,0.38545328,0.08206178330480413,0,0
1,0.40769118,0.10735678552573505,0,0
0,0.37011468,0.06790929169171163,0,0
0,0.37020293,0.06798383623411196,0,0
0,0.43961367,0.15548420729442822,0,0
0,0.37954932,0.07632146957861613,0,0
0,0.38471553,0.08132353835164159,0,0
0,0.37677258,0.07375100833947429,0,0
1,0.9643021,0.9950653772621219,1,1
0,0.4523332,0.1790855986498649,0,0
1,0.9693533,0.9953854213790064,1,1
0,0.36942145,0.06732631648935247,0,0
0,0.36489716,0.06363432071169854,0,0
0,0.35031927,0.052985014540184595,0,0
0,0.4659189,0.207290238142061,0,0
1,0.51300675,0.3288836448272125,1,0
0,0.4739426,0.22542796390068778,0,0
0,0.36210573,0.061451417985608624,0,0
0,0.36257312,0.06181197554779709,0,0
0,0.3640978,0.06300194212691715,0,0
0,0.49168834,0.2694131649420024,0,0
1,0.96416825,0.9950566012244003,1,1
0,0.39211562,0.08900948172431099,0,0
0,0.3608267,0.06047476685496759,0,0
0,0.3697668,0.06761615623727478,0,0
1,0.4758218,0.22983487985451698,0,0
0,0.36724898,0.06552932490723855,0,0
0,0.3669019,0.06524639824306913,0,0
1,0.96864957,0.9953421019054729,1,1
0,0.37780225,0.07469475638418867,0,0
0,0.37336454,0.0707051350638103,0,0
0,0.4416359,0.15905918483740303,0,0
0,0.43990594,0.15599681196630305,0,0
0,0.38566324,0.08227299254721207,0,0
0,0.34699968,0.05080664419598111,0,0
0,0.36236,0.06164732714300168,0,0
0,0.423278,0.12896752729249097,0,0
0,0.4908137,0.2671230005143247,0,0
0,0.36346954,0.06250903747276453,0,0
1,0.44189328,0.15951892684988453,0,0
0,0.41358396,0.11512517731944494,0,0
0,0.45634174,0.18708162869883377,0,0
0,0.3926111,0.08954683587899685,0,0
1,0.9572321,0.9945800086919666,1,1
0,0.36569345,0.0642701488761507,0,0
0,0.37971756,0.07647981795590866,0,0
0,0.4363121,0.14978881555414736,0,0
0,0.36519855,0.06387428578796689,0,0
0,0.35368228,0.05528158863856985,0,0
0,0.44066748,0.15733891974085698,0,0
0,0.37131783,0.06893220486143493,0,0
1,0.3612925,0.0608287617975493,0,0
0,0.43692306,0.1508296174437362,0,0
0,0.38241252,0.07905780460174089,0,0
0,0.36444148,0.06327310896946829,0,0
0,0.44271332,0.1609909368469675,0,0
0,0.368235,0.06633932334710024,0,0
0,0.3823759,0.07902224074398298,0,0
0,0.36652967,0.06494423060521315,0,0
0,0.35375506,0.05533230933731603,0,0
0,0.48518714,0.2526892539238911,0,0
0,0.43908578,0.1545618455252455,0,0
0,0.42814094,0.13643126515432732,0,0
0,0.4005171,0.09852488446000715,0,0
0,0.38030815,0.07703809462684084,0,0
1,0.9711043,0.9954914722630428,1,1
1,0.42516062,0.13181485315985786,0,0
0,0.43628493,0.1497426503169783,0,0
0,0.38353854,0.08015830209514056,0,0
0,0.3875441,0.08418723747575806,0,0
0,0.5276805,0.37343536803751476,1,0
1,0.95983154,0.9947637497866992,1,1
0,0.37099442,0.0686558450487876,0,0
1,0.4862974,0.2554960810813267,0,0
