Model,Dataset,AUC-ROC,AUC-PR,Brier Score
Logistic Regression,Validation,0.8418032083187326,0.7708682563029376,0.13376164253545883
Logistic Regression,Test,0.8511610685417621,0.7800292059879791,0.13123470743883361
MLP,Validation,0.8815217637041233,0.8294514719136492,0.11009558299749195
MLP,Test,0.8917019336874442,0.8411794035870989,0.10745629599812974
